id,first_name,last_name,position,equipo
1,Alex,Abrines,G,Oklahoma City Thunder
2,Jaylen,Adams,G,Atlanta Hawks
3,Steven,Adams,C,Houston Rockets
4,Bam,Adebayo,C-F,Miami Heat
5,DeVaughn,Akoon-Purcell,G-F,Denver Nuggets
6,LaMarcus,Aldridge,F,Brooklyn Nets
7,Rawle,Alkins,G,Chicago Bulls
8,Grayson,Allen,G,Charlotte Hornets
9,Jarrett,Allen,C,Cleveland Cavaliers
10,Al-Farouq,Aminu,F,Portland Trail Blazers
11,Justin,Anderson,G-F,Indiana Pacers
12,Kyle,Anderson,F,Toronto Raptors
13,Ryan,Anderson,F,New Orleans Pelicans
14,Ike,Anigbogu,C,Indiana Pacers
15,Giannis,Antetokounmpo,F,Miami Heat
16,Kostas,Antetokounmpo,F,Chicago Bulls
17,Carmelo,Anthony,F,Los Angeles Lakers
18,OG,Anunoby,F,New York Knicks
19,Ryan,Arcidiacono,G,New York Knicks
20,Trevor,Ariza,F,Los Angeles Lakers
21,D.J.,Augustin,G,Los Angeles Lakers
22,Deandre,Ayton,C,Washington Wizards
23,Dwayne,Bacon,G-F,Los Angeles Lakers
24,Marvin,Bagley III,F,Denver Nuggets
25,Ron,Baker,G,New York Knicks
26,Wade,Baldwin IV,G,Memphis Grizzlies
27,Lonzo,Ball,G,Cleveland Cavaliers
28,Mo,Bamba,C,Utah Jazz
29,J.J.,Barea,G,Dallas Mavericks
30,Harrison,Barnes,F,San Antonio Spurs
31,Will,Barton,G,Toronto Raptors
32,Keita,Bates-Diop,F,Minnesota Timberwolves
33,Nicolas,Batum,F-G,LA Clippers
34,Jerryd,Bayless,G,Milwaukee Bucks
35,Aron,Baynes,C-F,Detroit Pistons
36,Kent,Bazemore,G,Sacramento Kings
37,Bradley,Beal,G,LA Clippers
38,Malik,Beasley,G,Detroit Pistons
39,Michael,Beasley,F,Miami Heat
40,Marco,Belinelli,G-F,San Antonio Spurs
41,Jordan,Bell,F,Chicago Bulls
42,DeAndre',Bembry,F,Milwaukee Bucks
43,Dragan,Bender,F,Phoenix Suns
44,Davis,Bertans,F,Charlotte Hornets
45,Patrick,Beverley,G,Milwaukee Bucks
46,Khem,Birch,C,San Antonio Spurs
47,Jabari,Bird,G,Boston Celtics
48,Bismack,Biyombo,C,San Antonio Spurs
49,Nemanja,Bjelica,F,Golden State Warriors
50,Antonio,Blakeney,G,Chicago Bulls
51,Eric,Bledsoe,G,Portland Trail Blazers
52,Trevon,Bluiett,G-F,Utah Jazz
53,Bogdan,Bogdanovic,G,Houston Rockets
54,Bojan,Bogdanovic,F,New York Knicks
55,Jonah,Bolden,F,Philadelphia 76ers
56,Isaac,Bonga,G,Toronto Raptors
57,Devin,Booker,G,Phoenix Suns
58,Chris,Boucher,F,Boston Celtics
59,Avery,Bradley,G,Los Angeles Lakers
60,Tony,Bradley,C,Atlanta Hawks
61,Mikal,Bridges,F,New York Knicks
62,Miles,Bridges,F,Phoenix Suns
63,Isaiah,Briscoe,G,Orlando Magic
64,Ryan,Broekhoff,G-F,Dallas Mavericks
65,Malcolm,Brogdon,G,New York Knicks
66,Dillon,Brooks,G-F,Phoenix Suns
67,MarShon,Brooks,G,Brooklyn Nets
68,Troy,Brown Jr.,F,Detroit Pistons
69,Bruce,Brown,G,Denver Nuggets
70,Jaylen,Brown,G,Philadelphia 76ers
71,Lorenzo,Brown,G,Toronto Raptors
72,Sterling,Brown,G,Los Angeles Lakers
73,Jalen,Brunson,G,New York Knicks
74,Thomas,Bryant,C,Cleveland Cavaliers
75,Reggie,Bullock,G-F,Houston Rockets
76,Trey,Burke,G,Dallas Mavericks
77,Alec,Burks,G,Miami Heat
78,Deonte,Burton,G,Oklahoma City Thunder
79,Jimmy,Butler,G-F,Golden State Warriors
80,Jose,Calderon,G,Toronto Raptors
81,Kentavious,Caldwell-Pope,G,Philadelphia 76ers
82,Isaiah,Canaan,G,Philadelphia 76ers
83,Clint,Capela,C,Houston Rockets
84,DeMarre,Carroll,F,Atlanta Hawks
85,Wendell,Carter Jr.,F,Orlando Magic
86,Michael,Carter-Williams,G,Orlando Magic
87,Jevon,Carter,G,Orlando Magic
88,Vince,Carter,F-G,Toronto Raptors
89,Alex,Caruso,G,Oklahoma City Thunder
90,Omri,Casspi,F,Sacramento Kings
91,Willie,Cauley-Stein,C,Philadelphia 76ers
92,Troy,Caupain,G,Orlando Magic
93,Tyler,Cavanaugh,F,Atlanta Hawks
94,Tyson,Chandler,C,New York Knicks
95,Wilson,Chandler,F,Denver Nuggets
96,Joe,Chealey,G,Charlotte Hornets
97,Marquese,Chriss,F,Dallas Mavericks
98,Gary,Clark,F,New Orleans Pelicans
99,Ian,Clark,G,Golden State Warriors
100,Jordan,Clarkson,G,New York Knicks
101,John,Collins,F-C,Detroit Pistons
102,Zach,Collins,F-C,Chicago Bulls
103,Darren,Collison,G,Los Angeles Lakers
104,Mike,Conley,G,Boston Celtics
105,Pat,Connaughton,G,Charlotte Hornets
106,Quinn,Cook,G,Sacramento Kings
107,DeMarcus,Cousins,C,Denver Nuggets
108,Robert,Covington,F,Philadelphia 76ers
109,Allen,Crabbe,G-F,Portland Trail Blazers
110,Torrey,Craig,F,Boston Celtics
111,Jamal,Crawford,G,LA Clippers
112,Jae,Crowder,F,Sacramento Kings
113,Dante,Cunningham,F,New Orleans Pelicans
114,Seth,Curry,G,Golden State Warriors
115,Stephen,Curry,G,Golden State Warriors
116,Troy,Daniels,G,Phoenix Suns
117,Anthony,Davis,F-C,Washington Wizards
118,Ed,Davis,C,Cleveland Cavaliers
119,Tyler,Davis,C,Oklahoma City Thunder
120,Dewayne,Dedmon,C,Philadelphia 76ers
121,Sam,Dekker,F,Toronto Raptors
122,Angel,Delgado,C,LA Clippers
123,Matthew,Dellavedova,G,Sacramento Kings
124,Luol,Deng,F,Chicago Bulls
125,DeMar,DeRozan,G,Sacramento Kings
126,Marcus,Derrickson,F,Golden State Warriors
127,Cheick,Diallo,F,Miami Heat
128,Hamidou,Diallo,G,Washington Wizards
129,Gorgui,Dieng,C,San Antonio Spurs
130,Spencer,Dinwiddie,G,Charlotte Hornets
131,Donte,DiVincenzo,G,Minnesota Timberwolves
132,Luka,Doncic,F-G,Los Angeles Lakers
133,Tyler,Dorsey,G,Dallas Mavericks
134,Damyean,Dotson,G,New York Knicks
135,PJ,Dozier,G-F,Minnesota Timberwolves
136,Goran,Dragic,G,Milwaukee Bucks
137,Andre,Drummond,C,New York Knicks
138,Jared,Dudley,F,Phoenix Suns
139,Kris,Dunn,G,LA Clippers
140,Kevin,Durant,F,Houston Rockets
141,Trevon,Duval,G,Milwaukee Bucks
142,Vincent,Edwards,F,Houston Rockets
143,Henry,Ellenson,F,Detroit Pistons
144,Wayne,Ellington,G,Los Angeles Lakers
145,Joel,Embiid,F-C,Philadelphia 76ers
146,James,Ennis III,F,Denver Nuggets
147,Drew,Eubanks,F,Sacramento Kings
148,Jacob,Evans,G,Golden State Warriors
149,Keenan,Evans,G,Detroit Pistons
150,Tyreke,Evans,G,Sacramento Kings
151,Dante,Exum,G,Dallas Mavericks
152,Kenneth,Faried,F-C,Denver Nuggets
153,Derrick,Favors,F-C,Houston Rockets
154,Cristiano,Felicio,F-C,Chicago Bulls
155,Raymond,Felton,G,Charlotte Hornets
156,Terrance,Ferguson,G,Oklahoma City Thunder
157,Yogi,Ferrell,G,Sacramento Kings
158,Dorian,Finney-Smith,F,Charlotte Hornets
159,Bryn,Forbes,G,Minnesota Timberwolves
160,Evan,Fournier,G-F,Detroit Pistons
161,De'Aaron,Fox,G,San Antonio Spurs
162,Melvin,Frazier Jr.,G-F,Oklahoma City Thunder
163,Tim,Frazier,G,Cleveland Cavaliers
164,Channing,Frye,F-C,Phoenix Suns
165,Markelle,Fultz,G,Toronto Raptors
166,Wenyen,Gabriel,F,Boston Celtics
167,Danilo,Gallinari,F,Milwaukee Bucks
168,Langston,Galloway,G,Indiana Pacers
169,Marc,Gasol,C,Memphis Grizzlies
170,Pau,Gasol,C-F,Los Angeles Lakers
171,Rudy,Gay,F,Golden State Warriors
172,Paul,George,F,Boston Celtics
173,Taj,Gibson,F,Memphis Grizzlies
174,Harry,Giles III,F-C,Sacramento Kings
175,Shai,Gilgeous-Alexander,G,Oklahoma City Thunder
176,Rudy,Gobert,C,Minnesota Timberwolves
177,Aaron,Gordon,F,Denver Nuggets
178,Eric,Gordon,G,Philadelphia 76ers
179,Marcin,Gortat,C,Washington Wizards
180,Devonte',Graham,G,Portland Trail Blazers
181,Treveon,Graham,F,Charlotte Hornets
182,Jerami,Grant,F,Memphis Grizzlies
183,Jerian,Grant,G,Chicago Bulls
184,Danny,Green,G-F,Philadelphia 76ers
185,Draymond,Green,F,Golden State Warriors
186,Gerald,Green,G-F,Boston Celtics
187,JaMychal,Green,F,Golden State Warriors
188,Jeff,Green,F,Houston Rockets
189,Blake,Griffin,F,Boston Celtics
190,Daniel,Hamilton,G-F,Atlanta Hawks
191,Tim,Hardaway Jr.,G,Miami Heat
192,James,Harden,G,Cleveland Cavaliers
193,Maurice,Harkless,F,Sacramento Kings
194,Montrezl,Harrell,F-C,Philadelphia 76ers
195,Devin,Harris,G,Dallas Mavericks
196,Gary,Harris,G,Detroit Pistons
197,Joe,Harris,F-G,Detroit Pistons
198,Andrew,Harrison,G,Memphis Grizzlies
199,Shaquille,Harrison,G,Memphis Grizzlies
200,Tobias,Harris,F,San Antonio Spurs
201,Isaiah,Hartenstein,F-C,Oklahoma City Thunder
202,Josh,Hart,G,New York Knicks
203,Udonis,Haslem,F,Miami Heat
204,Gordon,Hayward,F,Oklahoma City Thunder
205,John,Henson,F,Milwaukee Bucks
206,Juancho,Hernangomez,F,Toronto Raptors
207,Willy,Hernangomez,C,New Orleans Pelicans
208,Mario,Hezonja,F,Cleveland Cavaliers
209,Isaiah,Hicks,F,New York Knicks
210,Buddy,Hield,G,Atlanta Hawks
211,George,Hill,G,Indiana Pacers
212,Solomon,Hill,F,Atlanta Hawks
213,Aaron,Holiday,G,Houston Rockets
214,Jrue,Holiday,G,Portland Trail Blazers
215,Justin,Holiday,F-G,Denver Nuggets
216,Rondae,Hollis-Jefferson,F,Brooklyn Nets
217,Richaun,Holmes,F-C,Washington Wizards
218,Rodney,Hood,G,LA Clippers
219,Al,Horford,C-F,Golden State Warriors
220,Dwight,Howard,C,Los Angeles Lakers
221,Kevin,Huerter,G,Detroit Pistons
222,Chandler,Hutchison,F,Phoenix Suns
223,Serge,Ibaka,F-C,Milwaukee Bucks
224,Andre,Iguodala,G-F,Golden State Warriors
225,Ersan,Ilyasova,F,Milwaukee Bucks
226,Joe,Ingles,F,Minnesota Timberwolves
227,Brandon,Ingram,F,Toronto Raptors
228,Kyrie,Irving,G,Dallas Mavericks
229,Jonathan,Isaac,F,Orlando Magic
230,Wes,Iwundu,F,Portland Trail Blazers
231,Jaren,Jackson Jr.,F-C,Utah Jazz
232,Demetrius,Jackson,G,Houston Rockets
233,Frank,Jackson,G,Phoenix Suns
234,Josh,Jackson,F,Toronto Raptors
235,Justin,Jackson,F,Minnesota Timberwolves
236,Reggie,Jackson,G,Philadelphia 76ers
237,LeBron,James,F,Philadelphia 76ers
238,Amile,Jefferson,F,Orlando Magic
239,Jonas,Jerebko,F,Detroit Pistons
240,Alize,Johnson,F,Minnesota Timberwolves
241,Amir,Johnson,C-F,Toronto Raptors
242,James,Johnson,F,Indiana Pacers
243,Stanley,Johnson,F,Utah Jazz
244,Tyler,Johnson,G,San Antonio Spurs
245,Wesley,Johnson,F-G,LA Clippers
246,Nikola,Jokic,C,Denver Nuggets
247,Derrick,Jones Jr.,F-G,LA Clippers
248,Damian,Jones,C,Cleveland Cavaliers
249,Tyus,Jones,G,Denver Nuggets
250,DeAndre,Jordan,C,New Orleans Pelicans
251,Cory,Joseph,G,Orlando Magic
252,Frank,Kaminsky,F-C,Phoenix Suns
253,Enes,Kanter,C,Boston Celtics
254,Luke,Kennard,G,Phoenix Suns
255,Michael,Kidd-Gilchrist,F,Charlotte Hornets
256,George,King,F,Dallas Mavericks
257,Maxi,Kleber,F,Los Angeles Lakers
258,Brandon,Knight,G,Dallas Mavericks
259,Kevin,Knox,F,Golden State Warriors
260,Furkan,Korkmaz,G-F,Philadelphia 76ers
261,Luke,Kornet,F-C,San Antonio Spurs
262,Kyle,Korver,G-F,Philadelphia 76ers
263,Kosta,Koufos,C,Sacramento Kings
264,Rodions,Kurucs,F,Brooklyn Nets
265,Kyle,Kuzma,F,Milwaukee Bucks
266,Skal,Labissiere,F,Washington Wizards
267,Jeremy,Lamb,G,Sacramento Kings
268,Zach,LaVine,G,Sacramento Kings
269,Jake,Layman,F,Boston Celtics
270,TJ,Leaf,F,Indiana Pacers
271,Courtney,Lee,G,Memphis Grizzlies
272,Damion,Lee,G,Phoenix Suns
273,Alex,Len,C,New York Knicks
274,Kawhi,Leonard,F,LA Clippers
275,Meyers,Leonard,F-C,Milwaukee Bucks
276,Jon,Leuer,F,Memphis Grizzlies
277,Caris,LeVert,G,Milwaukee Bucks
278,Damian,Lillard,G,Portland Trail Blazers
279,Jeremy,Lin,G,Houston Rockets
280,Shaun,Livingston,G,Golden State Warriors
281,Zach,Lofton,G,Detroit Pistons
282,Kevon,Looney,F,Los Angeles Lakers
283,Brook,Lopez,C,LA Clippers
284,Robin,Lopez,C,Milwaukee Bucks
285,Kevin,Love,F-C,Utah Jazz
286,Kyle,Lowry,G,Philadelphia 76ers
287,Jordan,Loyd,G,Toronto Raptors
288,Timothe,Luwawu-Cabarrot,G-F,Phoenix Suns
289,Tyler,Lydon,F,Denver Nuggets
290,Trey,Lyles,F,Minnesota Timberwolves
291,Shelvin,Mack,G,Atlanta Hawks
292,Daryl,Macon,G,Dallas Mavericks
293,J.P.,Macura,G,Charlotte Hornets
294,Ian,Mahinmi,C,Indiana Pacers
295,Thon,Maker,F,Milwaukee Bucks
296,Boban,Marjanovic,C,Houston Rockets
297,Lauri,Markkanen,F,Utah Jazz
298,Jarell,Martin,F,Memphis Grizzlies
299,Frank,Mason,G,Sacramento Kings
300,Yante,Maten,F,Miami Heat
301,Wesley,Matthews,G-F,Atlanta Hawks
302,Luc,Mbah a Moute,F,Milwaukee Bucks
303,CJ,McCollum,G,Atlanta Hawks
304,T.J.,McConnell,G,Indiana Pacers
305,Doug,McDermott,F,Sacramento Kings
306,JaVale,McGee,C,Sacramento Kings
307,Rodney,McGruder,F-G,Golden State Warriors
308,Alfonzo,McKinnie,F,Chicago Bulls
309,Ben,McLemore,G,Portland Trail Blazers
310,Jordan,McRae,G,Washington Wizards
311,Jodie,Meeks,G,Philadelphia 76ers
312,Salah,Mejri,C,Dallas Mavericks
313,De'Anthony,Melton,G,Golden State Warriors
314,Chimezie,Metu,F,Detroit Pistons
315,Khris,Middleton,F,Washington Wizards
316,CJ,Miles,F-G,Boston Celtics
317,Darius,Miller,F,New Orleans Pelicans
318,Paul,Millsap,F,Philadelphia 76ers
319,Patty,Mills,G,LA Clippers
320,Shake,Milton,G,Los Angeles Lakers
321,Nikola,Mirotic,F,Chicago Bulls
322,Donovan,Mitchell,G,Cleveland Cavaliers
323,Naz,Mitrou-Long,G,Utah Jazz
324,Malik,Monk,G,Sacramento Kings
325,Greg,Monroe,C,Minnesota Timberwolves
326,E'Twaun,Moore,G,Orlando Magic
327,Jaylen,Morris,G,San Antonio Spurs
328,Marcus,Morris,F,Cleveland Cavaliers
329,Markieff,Morris,F,Los Angeles Lakers
330,Monte,Morris,G,Indiana Pacers
331,Johnathan,Motley,F,LA Clippers
332,Timofey,Mozgov,C,Denver Nuggets
333,Emmanuel,Mudiay,G,Sacramento Kings
334,Dejounte,Murray,G,New Orleans Pelicans
335,Jamal,Murray,G,Denver Nuggets
336,Dzanan,Musa,G-F,Brooklyn Nets
337,Mike,Muscala,F-C,Oklahoma City Thunder
338,Svi,Mykhailiuk,G,Utah Jazz
339,Abdel,Nader,F,Phoenix Suns
340,Larry,Nance Jr.,F,Indiana Pacers
341,Shabazz,Napier,G,Portland Trail Blazers
342,Nene,Hilario,C-F,Denver Nuggets
343,Raul,Neto,G,Cleveland Cavaliers
344,Georges,Niang,F,Atlanta Hawks
345,Nerlens,Noel,F-C,Brooklyn Nets
346,Dirk,Nowitzki,F,Dallas Mavericks
347,Frank,Ntilikina,G,Charlotte Hornets
348,James,Nunnally,F,Philadelphia 76ers
349,Jusuf,Nurkic,C,Utah Jazz
350,David,Nwaba,G,Oklahoma City Thunder
351,Royce,O'Neale,F,Charlotte Hornets
352,Kyle,O'Quinn,C,New York Knicks
353,Semi,Ojeleye,F,LA Clippers
354,Jahlil,Okafor,C,Indiana Pacers
355,Elie,Okobo,G,Phoenix Suns
356,Josh,Okogie,G,Utah Jazz
357,Victor,Oladipo,G,Miami Heat
358,Kelly,Olynyk,F,San Antonio Spurs
359,Cedi,Osman,F,San Antonio Spurs
360,Kelly,Oubre Jr.,F,Indiana Pacers
361,Zaza,Pachulia,C,Atlanta Hawks
362,Jabari,Parker,F,Boston Celtics
363,Tony,Parker,G,San Antonio Spurs
364,Chandler,Parsons,F,Houston Rockets
365,Patrick,Patterson,F,Toronto Raptors
366,Justin,Patton,C,Houston Rockets
367,Chris,Paul,G,LA Clippers
368,Cameron,Payne,G,Philadelphia 76ers
369,Elfrid,Payton,G,New Orleans Pelicans
370,Theo,Pinson,G-F,Dallas Mavericks
371,Mason,Plumlee,F-C,San Antonio Spurs
372,Miles,Plumlee,C,Phoenix Suns
373,Jakob,Poeltl,C,Toronto Raptors
374,Quincy,Pondexter,F,Memphis Grizzlies
375,Michael,Porter Jr.,F,Brooklyn Nets
376,Otto,Porter Jr.,F,Toronto Raptors
377,Bobby,Portis,F,Miami Heat
378,Kristaps,Porzingis,F-C,Golden State Warriors
379,Dwight,Powell,F-C,Dallas Mavericks
380,Norman,Powell,F-G,Chicago Bulls
381,Alex,Poythress,F,Indiana Pacers
382,Billy,Preston,F,Cleveland Cavaliers
383,Taurean,Prince,F,Detroit Pistons
384,Zhou,Qi,F-C,Houston Rockets
385,Ivan,Rabb,F,Memphis Grizzlies
386,Chasson,Randle,G,Denver Nuggets
387,Julius,Randle,F,Brooklyn Nets
388,Zach,Randolph,F,Memphis Grizzlies
389,JJ,Redick,G,Philadelphia 76ers
390,Davon,Reed,G,Denver Nuggets
391,Josh,Richardson,G-F,Miami Heat
392,Malachi,Richardson,G,Sacramento Kings
393,Austin,Rivers,G,Minnesota Timberwolves
394,Andre,Roberson,G-F,Oklahoma City Thunder
395,Glenn,Robinson III,G-F,Indiana Pacers
396,Devin,Robinson,F,Washington Wizards
397,Duncan,Robinson,F,Detroit Pistons
398,Jerome,Robinson,G,Golden State Warriors
399,Mitchell,Robinson,C,Boston Celtics
400,Rajon,Rondo,G,Cleveland Cavaliers
401,Derrick,Rose,G,Memphis Grizzlies
402,Terrence,Ross,G-F,Phoenix Suns
403,Terry,Rozier,G,Miami Heat
404,Ricky,Rubio,G,Cleveland Cavaliers
405,D'Angelo,Russell,G,Memphis Grizzlies
406,Domantas,Sabonis,F,Sacramento Kings
407,Dario,Saric,F,Sacramento Kings
408,Tomas,Satoransky,G-F,Washington Wizards
409,Dennis,Schroder,G,Cleveland Cavaliers
410,Mike,Scott,F,Atlanta Hawks
411,Thabo,Sefolosha,F,Oklahoma City Thunder
412,Wayne,Selden,G-F,New York Knicks
413,Collin,Sexton,G,Los Angeles Lakers
414,Landry,Shamet,G,New York Knicks
415,Iman,Shumpert,G,New York Knicks
416,Pascal,Siakam,F,Indiana Pacers
417,Ben,Simmons,G-F,LA Clippers
418,Jonathon,Simmons,F,San Antonio Spurs
419,Anfernee,Simons,G,Philadelphia 76ers
420,Marcus,Smart,G,Houston Rockets
421,Dennis,Smith Jr.,G,Dallas Mavericks
422,Ish,Smith,G,Charlotte Hornets
423,Jason,Smith,F-C,New Orleans Pelicans
424,JR,Smith,G-F,Denver Nuggets
425,Zhaire,Smith,G,Philadelphia 76ers
426,Tony,Snell,G,New Orleans Pelicans
427,Ray,Spalding,F,Phoenix Suns
428,Omari,Spellman,F,Golden State Warriors
429,Nik,Stauskas,G,Boston Celtics
430,DJ,Stephens,G-F,Milwaukee Bucks
431,Lance,Stephenson,G,Indiana Pacers
432,Edmond,Sumner,G,Charlotte Hornets
433,Caleb,Swanigan,F,Portland Trail Blazers
434,Jayson,Tatum,F,Boston Celtics
435,Jeff,Teague,G,Atlanta Hawks
436,Garrett,Temple,G-F,Toronto Raptors
437,Milos,Teodosic,G,LA Clippers
438,Jared,Terrell,G,Minnesota Timberwolves
439,Daniel,Theis,F,New Orleans Pelicans
440,Isaiah,Thomas,G,Phoenix Suns
441,Khyri,Thomas,G,Detroit Pistons
442,Lance,Thomas,F,New York Knicks
443,Klay,Thompson,G,Dallas Mavericks
444,Tristan,Thompson,C-F,Cleveland Cavaliers
445,Sindarius,Thornwell,G,LA Clippers
446,Anthony,Tolliver,F,Detroit Pistons
447,Karl-Anthony,Towns,C,New York Knicks
448,Gary,Trent Jr.,G,Portland Trail Blazers
449,Allonzo,Trier,G,New York Knicks
450,PJ,Tucker,F,New York Knicks
451,Evan,Turner,G-F,Philadelphia 76ers
452,Myles,Turner,C-F,Milwaukee Bucks
453,Ekpe,Udoh,C-F,Milwaukee Bucks
454,Tyler,Ulis,G,Phoenix Suns
455,Jonas,Valanciunas,C,Denver Nuggets
456,Denzel,Valentine,G,Utah Jazz
457,Jarred,Vanderbilt,F,Los Angeles Lakers
458,Fred,VanVleet,G,Houston Rockets
459,Noah,Vonleh,F,Boston Celtics
460,Nikola,Vucevic,C,Orlando Magic
461,Dwyane,Wade,G,Miami Heat
462,Moritz,Wagner,C,Brooklyn Nets
463,Dion,Waiters,G,Cleveland Cavaliers
464,Lonnie,Walker IV,G,Philadelphia 76ers
465,Kemba,Walker,G,Dallas Mavericks
466,Tyrone,Wallace,G,LA Clippers
467,John,Wall,G,LA Clippers
468,Brad,Wanamaker,G,Washington Wizards
469,T.J.,Warren,F,New York Knicks
470,Yuta,Watanabe,G,Memphis Grizzlies
471,Thomas,Welsh,C,Denver Nuggets
472,Russell,Westbrook,G,Sacramento Kings
473,Derrick,White,G,Boston Celtics
474,Hassan,Whiteside,C,Utah Jazz
475,Andrew,Wiggins,F-G,Miami Heat
476,Robert,Williams III,C-F,Portland Trail Blazers
477,Alan,Williams,F-C,Phoenix Suns
478,C.J.,Williams,G,LA Clippers
479,Johnathan,Williams,F,Los Angeles Lakers
480,Kenrich,Williams,G-F,Oklahoma City Thunder
481,Lou,Williams,G,Atlanta Hawks
482,Marvin,Williams,F,Atlanta Hawks
483,Troy,Williams,F,Memphis Grizzlies
484,D.J.,Wilson,F,Orlando Magic
485,Justise,Winslow,F,Portland Trail Blazers
486,Christian,Wood,F,Los Angeles Lakers
487,Delon,Wright,G,Indiana Pacers
488,Guerschon,Yabusele,F,Chicago Bulls
489,Thaddeus,Young,F,Phoenix Suns
490,Trae,Young,G,Washington Wizards
491,Cody,Zeller,C,New Orleans Pelicans
492,Ante,Zizic,C,Cleveland Cavaliers
493,Ivica,Zubac,C,Indiana Pacers
494,Michael,Smith,,Boston Celtics
495,John,Morton,,Cleveland Cavaliers
496,Howard,Wright,,Orlando Magic
497,Michael,Ansley,,Orlando Magic
498,John,Salley,,Detroit Pistons
499,Dan,Schayes,,Denver Nuggets
500,Mark,Eaton,,Utah Jazz
501,Kevin,Johnson,,Phoenix Suns
502,Danny,Ainge,,Boston Celtics
503,Kenny,Smith,,Houston Rockets
504,Randy,Breuer,,Milwaukee Bucks
505,Herb,Williams,,Indiana Pacers
506,Joe,Wolf,,Denver Nuggets
507,Steve,Johnson,,Sacramento Kings
508,Glen,Rice,,Miami Heat
509,Greg,Foster,,Utah Jazz
510,Larry,Nance,,Phoenix Suns
511,Duane,Ferrell,,Atlanta Hawks
512,Nick,Anderson,,Orlando Magic
513,Joe,Dumars,,Detroit Pistons
514,Jay,Humphries,,Milwaukee Bucks
515,Darrell,Griffith,,Utah Jazz
516,Dan,Majerle,,Phoenix Suns
517,Tom,Chambers,,Oklahoma City Thunder
518,Alaa,Abdelnaby,,Portland Trail Blazers
519,Adrian,Caldwell,,Houston Rockets
520,Vernon,Maxwell,,Houston Rockets
521,Doug,West,,Minnesota Timberwolves
522,Tony,Campbell,,Minnesota Timberwolves
523,Roy,Tarpley,,Dallas Mavericks
524,Anthony,Cook,,Denver Nuggets
525,Todd,Lichti,,Denver Nuggets
526,Tom,Tolbert,,Golden State Warriors
527,Billy,Thompson,,Miami Heat
528,Byron,Irvin,,Portland Trail Blazers
529,Mark,Price,,Cleveland Cavaliers
530,Dominique,Wilkins,,Atlanta Hawks
531,Dennis,Scott,,Orlando Magic
532,Terry,Catledge,,Washington Wizards
533,Bill,Laimbeer,,Detroit Pistons
534,William,Bedford,,Detroit Pistons
535,Ricky,Pierce,,Milwaukee Bucks
536,Blue,Edwards,,Utah Jazz
537,Walter,Palmer,,Utah Jazz
538,Mark,West,,Phoenix Suns
539,Clifford,Robinson,G,Portland Trail Blazers
540,Hakeem,Olajuwon,,Houston Rockets
541,Richard,Coffey,,Minnesota Timberwolves
542,James,Donaldson,,Dallas Mavericks
543,Jerome,Lane,,Denver Nuggets
544,Sarunas,Marciulionis,,Cleveland Cavaliers
545,Grant,Long,,Miami Heat
546,Willie,Burton,,Miami Heat
547,Mark,Alarie,,Washington Wizards
548,Winston,Bennett,,Cleveland Cavaliers
549,Doc,Rivers,,Atlanta Hawks
550,Tim,McCormick,,Oklahoma City Thunder
551,Scott,Skiles,,Orlando Magic
552,Dennis,Rodman,,Detroit Pistons
553,Greg,Anderson,,San Antonio Spurs
554,Jeff,Malone,,Washington Wizards
555,Cedric,Ceballos,,Phoenix Suns
556,Tim,Perry,,Phoenix Suns
557,Buck,Williams,,Brooklyn Nets
558,Dave,Jamerson,,Houston Rockets
559,Scott,Brooks,,Houston Rockets
560,Rolando,Blackman,,Dallas Mavericks
561,Avery,Johnson,,San Antonio Spurs
562,Rod,Higgins,,Golden State Warriors
563,Jon,Sundvold,,San Antonio Spurs
564,A.J.,English,,Washington Wizards
565,John,Battle,,Atlanta Hawks
566,Sam,Vincent,,Orlando Magic
567,Isiah,Thomas,,Detroit Pistons
568,Brad,Lohaus,,Milwaukee Bucks
569,Mike,Brown,,Utah Jazz
570,Kenny,Battle,,Phoenix Suns
571,Danny,Young,,Oklahoma City Thunder
572,Larry,Smith,,Golden State Warriors
573,Pooh,Richardson,,LA Clippers
574,Derek,Harper,,Dallas Mavericks
575,Michael,Adams,,Denver Nuggets
576,Tim,Hardaway,,Golden State Warriors
577,Bimbo,Coles,,Miami Heat
578,Darrell,Walker,,Washington Wizards
579,Kevin,Willis,C,Atlanta Hawks
580,Otis,Smith,,Orlando Magic
581,James,Edwards,,Indiana Pacers
582,Frank,Brickowski,,Milwaukee Bucks
583,Karl,Malone,,Utah Jazz
584,Ian,Lockhart,,Phoenix Suns
585,Kevin,Duckworth,,Portland Trail Blazers
586,Otis,Thorpe,,Houston Rockets
587,Gerald,Glass,,Minnesota Timberwolves
588,Alex,English,,Denver Nuggets
589,T.R.,Dunn,,Denver Nuggets
590,Alton,Lister,,Milwaukee Bucks
591,Sherman,Douglas,,Boston Celtics
592,Charles,Jones,,Washington Wizards
593,Moses,Malone,,Houston Rockets
594,Mark,Acres,,Orlando Magic
595,Lance,Blanks,,Detroit Pistons
596,Jeff,Grayer,,Milwaukee Bucks
597,Chris,Munk,,Utah Jazz
598,Jeff,Hornacek,,Utah Jazz
599,Jerome,Kersey,,Portland Trail Blazers
600,Dave,Feitl,,Houston Rockets
601,Tod,Murphy,,Minnesota Timberwolves
602,Lafayette,Lever,,Denver Nuggets
603,Corey,Gaines,,Brooklyn Nets
604,Mitch,Richmond,,Sacramento Kings
605,Kevin,Edwards,,Miami Heat
606,Haywoode,Workman,,Indiana Pacers
607,Tom,Hammonds,,Denver Nuggets
608,Rumeal,Robinson,,Atlanta Hawks
609,Greg,Kite,,Orlando Magic
610,Vinnie,Johnson,,Detroit Pistons
611,Jack,Sikma,,Oklahoma City Thunder
612,Delaney,Rudd,,Utah Jazz
613,Ed,Nealy,,Sacramento Kings
614,Wayne,Cooper,,Denver Nuggets
615,Sleepy,Floyd,,Houston Rockets
616,Felton,Spencer,,Minnesota Timberwolves
617,Tyrone,Corbin,,Atlanta Hawks
618,Marcus,Liberty,,Denver Nuggets
619,Walter,Davis,,Phoenix Suns
620,Tyrone,Hill,,Cleveland Cavaliers
621,Alec,Kessler,,Miami Heat
622,Terry,Davis,,Dallas Mavericks
623,Larry,Robinson,,Atlanta Hawks
624,Sidney,Moncrief,,Milwaukee Bucks
625,Jeff,Turner,,Orlando Magic
626,Scott,Hastings,,Atlanta Hawks
627,Alvin,Robertson,,San Antonio Spurs
628,Steve,Henson,,Milwaukee Bucks
629,Andy,Toolson,,Utah Jazz
630,Thurl,Bailey,,Utah Jazz
631,Kurt,Rambis,,Los Angeles Lakers
632,Clyde,Drexler,,Portland Trail Blazers
633,David,Wood,,Golden State Warriors
634,Sam,Mitchell,,Minnesota Timberwolves
635,Rodney,McCray,,Houston Rockets
636,Blair,Rasmussen,,Denver Nuggets
637,Kevin,Pritchard,,Golden State Warriors
638,Milt,Wagner,,Los Angeles Lakers
639,Bernard,King,,Washington Wizards
640,Roy,Hinson,,Cleveland Cavaliers
641,Matt,Bullard,,Houston Rockets
642,Alan,Ogg,,Miami Heat
643,Kevin,Lynch,,Charlotte Hornets
644,Larry,Krystkowiak,,Milwaukee Bucks
645,Pete,Chilcutt,,Memphis Grizzlies
646,Randy,Brown,,Chicago Bulls
647,Elliot,Perry,,Phoenix Suns
648,Jimmy,Oliver,,Boston Celtics
649,Terrell,Brandon,,Cleveland Cavaliers
650,Greg,Sutton,,Charlotte Hornets
651,Tom,Copa,,San Antonio Spurs
652,Donald,Hodge,,Dallas Mavericks
653,Joao,Vianna,,Dallas Mavericks
654,Mike,Iuzzolino,,Dallas Mavericks
655,Greg,Anthony,,New York Knicks
656,Albert,King,,Brooklyn Nets
657,Tellis,Frank,,Golden State Warriors
658,David,Benoit,,Utah Jazz
659,Demetrius,Calip,,Los Angeles Lakers
660,Dikembe,Mutombo,G,Denver Nuggets
661,Mark,Macon,,Denver Nuggets
662,Chris,Gatling,,Golden State Warriors
663,Victor,Alexander,,Golden State Warriors
664,Mark,Randall,,Minnesota Timberwolves
665,Mitchell,Wiggins,,Houston Rockets
666,Tharon,Mayes,,Philadelphia 76ers
667,Charles,Thomas,,Detroit Pistons
668,Robert,Pack,G,Denver Nuggets
669,John,Bagley,,Cleveland Cavaliers
670,Rick,Fox,,Los Angeles Lakers
671,Larry,Johnson,,Charlotte Hornets
672,Alexander,Volkov,,Atlanta Hawks
673,Stacey,Augmon,F,Atlanta Hawks
674,Carl,Thomas,,Cleveland Cavaliers
675,Steven,Smith,C,Atlanta Hawks
676,Stanley,Roberts,,LA Clippers
677,Doug,Lee,,Brooklyn Nets
678,Rafael,Addison,,Brooklyn Nets
679,Sean,Green,,Indiana Pacers
680,Corey,Crowder,,Utah Jazz
681,Eric,Murdock,,Milwaukee Bucks
682,Kevin,Brooks,,Denver Nuggets
683,Carlton,McKinney,,LA Clippers
684,Billy,Owens,,Golden State Warriors
685,Doug,Smith,,Dallas Mavericks
686,Marty,Conlon,,Milwaukee Bucks
687,Rich,King,,Oklahoma City Thunder
688,Brad,Sellers,,Chicago Bulls
689,Rodney,Monroe,,Atlanta Hawks
690,Lanard,Copeland,,Philadelphia 76ers
691,LeRon,Ellis,,Charlotte Hornets
692,Larry,Stewart,,Washington Wizards
693,John,Turner,,Houston Rockets
694,Charles,Shackleford,,Brooklyn Nets
695,Keith,Owens,,Los Angeles Lakers
696,Paul,Graham,,Atlanta Hawks
697,Kenny,Anderson,G,Brooklyn Nets
698,Carl,Herrera,F,Houston Rockets
699,Myron,Brown,,Minnesota Timberwolves
700,Dale,Davis,G,Indiana Pacers
701,Labradford,Smith,,Washington Wizards
702,Bison,Dele,,Denver Nuggets
703,Chuck,Nevitt,,Detroit Pistons
704,Patrick,Eddie,,New York Knicks
705,David,Rivers,,LA Clippers
706,Luc,Longley,,Chicago Bulls
707,Bob,McCann,,Minnesota Timberwolves
708,Donald,Royal,,Orlando Magic
709,Anthony,Bowie,,Orlando Magic
710,Chris,Corchiani,,Orlando Magic
711,Stephen,Thompson,,Sacramento Kings
712,Jeff,Ruland,,Washington Wizards
713,Ronnie,Grandison,,Boston Celtics
714,Lamont,Strothers,,Dallas Mavericks
715,Tracy,Moore,,Dallas Mavericks
716,Jaren,Jackson,,San Antonio Spurs
717,Ennis,Whatley,,Chicago Bulls
718,Brian,Howard,,Dallas Mavericks
719,Steve,Burtt,,Golden State Warriors
720,Cedric,Hunter,,Charlotte Hornets
721,Stephen,Bardo,,Dallas Mavericks
722,Cliff,T. Robinson,,Cleveland Cavaliers
723,Derek,Strong,,Orlando Magic
724,Bobby,Phills,,Cleveland Cavaliers
725,Anthony,Avent,,Milwaukee Bucks
726,Lee,Mayberry,,Milwaukee Bucks
727,Todd,Day,,Milwaukee Bucks
728,Tony,Bennett,,Charlotte Hornets
729,Brent,Price,,Washington Wizards
730,Don,MacLean,,Washington Wizards
731,Tom,Gugliotta,C,Phoenix Suns
732,Walt,Williams,,Sacramento Kings
733,Lloyd,Daniels,,San Antonio Spurs
734,Vinny,Del Negro,,San Antonio Spurs
735,Shaquille,O'Neal,C,Los Angeles Lakers
736,Adam,Keefe,,Utah Jazz
737,Clar.,Weatherspoon,C,Philadelphia 76ers
738,Robert,Horry,G,Los Angeles Lakers
739,Chris,Smith,,Minnesota Timberwolves
740,Christian,Laettner,G,Minnesota Timberwolves
741,Gundars,Vetra,,Minnesota Timberwolves
742,Corey,Williams,G,Chicago Bulls
743,Elmore,Spencer,,LA Clippers
744,Anthony,Peeler,G,Minnesota Timberwolves
745,Duane,Cooper,,Los Angeles Lakers
746,John,Crotty,,Utah Jazz
747,Stephen,Howard,,Utah Jazz
748,Byron,Houston,,Golden State Warriors
749,Keith,Jennings,,Golden State Warriors
750,Latrell,Sprewell,,Golden State Warriors
751,Bryant,Stith,,Denver Nuggets
752,LaPhonso,Ellis,,Denver Nuggets
753,Matt,Othick,,San Antonio Spurs
754,Sam,Mack,,Houston Rockets
755,Anthony,Pullard,,Milwaukee Bucks
756,Malik,Sealy,,LA Clippers
757,Hubert,Davis,,New York Knicks
758,Sean,Rooks,F,LA Clippers
759,Walter,Bond,,Utah Jazz
760,Harold,Miner,,Miami Heat
761,Oliver,Miller,,Phoenix Suns
762,Lorenzo,Williams,,Dallas Mavericks
763,Dave,Johnson,,Portland Trail Blazers
764,Reggie,Smith,,Portland Trail Blazers
765,Tracy,Murray,F,Washington Wizards
766,Robert,Werdann,,Denver Nuggets
767,Alex,Stivrins,,Phoenix Suns
768,Frank,Johnson,,Washington Wizards
769,Randy,Woods,,LA Clippers
770,Litterial,Green,,Orlando Magic
771,Alonzo,Mourning,G,Miami Heat
772,Alex,Blackwell,,Los Angeles Lakers
773,Isaiah,Morris,,Detroit Pistons
774,Doug,Overton,G,Washington Wizards
775,Eric,Anderson,,New York Knicks
776,Tim,Kempton,,Charlotte Hornets
777,Stan,Kimbrough,,Detroit Pistons
778,Jay,Guidinger,,Cleveland Cavaliers
779,Gary,Plummer,,Golden State Warriors
780,Matt,Geiger,,Charlotte Hornets
781,Marcus,Webb,,Boston Celtics
782,Jojo,English,,Chicago Bulls
783,Marlon,Maxey,,Minnesota Timberwolves
784,Jon,Barry,F,Milwaukee Bucks
785,Richard,Dumas,,Phoenix Suns
786,Radisav,Curcic,,Dallas Mavericks
787,Andre,Spencer,,Sacramento Kings
788,Dexter,Cambridge,,Dallas Mavericks
789,Joe,Courtney,,Phoenix Suns
790,Duane,Washington,,Brooklyn Nets
791,Melvin,Newbern,,Detroit Pistons
792,Ricky,Blanton,,Chicago Bulls
793,Jim,Jackson,F,Dallas Mavericks
794,Barry,Stevens,,Golden State Warriors
795,Doug,Christie,G,Sacramento Kings
796,Pat,Durham,,Minnesota Timberwolves
797,Thomas,Jordan,,Philadelphia 76ers
798,Gary,Alexander,,Cleveland Cavaliers
799,Anfernee,Hardaway,G,Orlando Magic
800,Keith,Tower,,LA Clippers
801,Chris,Whitney,C,Washington Wizards
802,Josh,Grant,,Golden State Warriors
803,Bobby,Hurley,,Sacramento Kings
804,Mike,Peplowski,,Sacramento Kings
805,Darnell,Mee,,Denver Nuggets
806,Rodney,Rogers,G,LA Clippers
807,Acie,Earl,,Boston Celtics
808,Dino,Radja,,Boston Celtics
809,Chris,Mills,,Cleveland Cavaliers
810,Vin,Baker,F,Oklahoma City Thunder
811,Antonio,Harvey,,Los Angeles Lakers
812,Nick,Van Exel,G,Los Angeles Lakers
813,Terry,Dehere,,LA Clippers
814,James,Robinson,,Portland Trail Blazers
815,Corie,Blount,,Chicago Bulls
816,Toni,Kukoc,F,Chicago Bulls
817,Michael,Curry,F,Detroit Pistons
818,Shawn,Bradley,F,Dallas Mavericks
819,Warren,Kidd,,Philadelphia 76ers
820,Calbert,Cheaney,F,Washington Wizards
821,Mitchell,Butler,F,Washington Wizards
822,Tito,Horford,,Milwaukee Bucks
823,Bryon,Russell,G,Utah Jazz
824,Luther,Wright,,Utah Jazz
825,Darren,Morningstar,,Dallas Mavericks
826,Jamal,Mashburn,,Dallas Mavericks
827,Lucious,Harris,G,Brooklyn Nets
828,Popeye,Jones,,Dallas Mavericks
829,Eric,Riley,,Houston Rockets
830,Sam,Cassell,G,Milwaukee Bucks
831,P.J.,Brown,G,New Orleans Pelicans
832,Rex,Walters,,Brooklyn Nets
833,Antonio,Davis,C,Indiana Pacers
834,Allan,Houston,G,New York Knicks
835,Lindsey,Hunter,G,Detroit Pistons
836,Brian,Davis,,Minnesota Timberwolves
837,Isaiah,Rider,,Minnesota Timberwolves
838,Matt,Wenstrom,,Boston Celtics
839,Scott,Haskin,,Indiana Pacers
840,Gerald,Madkins,,Cleveland Cavaliers
841,Greg,Graham,,Philadelphia 76ers
842,Ervin,Johnson,C,Milwaukee Bucks
843,George,Lynch,G,New Orleans Pelicans
844,Bob,Martin,,LA Clippers
845,Ricky,Grace,,Atlanta Hawks
846,Sedric,Toney,,Atlanta Hawks
847,Chris,Webber,F,Sacramento Kings
848,Gheorghe,Muresan,,Washington Wizards
849,Richard,Petruska,,Houston Rockets
850,Kevin,Thompson,,Portland Trail Blazers
851,Adonis,Jordan,,Denver Nuggets
852,Scott,Burrell,,Charlotte Hornets
853,Dell,Demps,,San Antonio Spurs
854,Evers,Burns,,Sacramento Kings
855,Aaron,Williams,C,Brooklyn Nets
856,Stanley,Jackson,,Minnesota Timberwolves
857,David,Wesley,G,Charlotte Hornets
858,Chris,King,,Memphis Grizzlies
859,Doug,Edwards,,Atlanta Hawks
860,Harold,Ellis,,LA Clippers
861,Malcolm,Mackey,,Phoenix Suns
862,Ben,Coleman,,Philadelphia 76ers
863,Roy,Marble,,Atlanta Hawks
864,Reggie,Jordan,,Minnesota Timberwolves
865,Chad,Gallagher,,Utah Jazz
866,Bo,Outlaw,G,Orlando Magic
867,Bill,Edwards,,Philadelphia 76ers
868,Andrew,Gaze,,San Antonio Spurs
869,Alphonso,Ford,,Oklahoma City Thunder
870,Andres,Guibert,,Minnesota Timberwolves
871,Skeeter,Henry,,Phoenix Suns
872,Chris,Jent,,New York Knicks
873,Geert,Hammink,,Orlando Magic
874,Jalen,Rose,G,Indiana Pacers
875,Reggie,Slater,,Toronto Raptors
876,Askia,Jones,,Minnesota Timberwolves
877,Donyell,Marshall,G,Golden State Warriors
878,Howard,Eisley,G,Utah Jazz
879,Grant,Hill,F,Detroit Pistons
880,Anthony,Miller,F,Los Angeles Lakers
881,Eddie,Jones,G,Miami Heat
882,Dickey,Simpkins,,Chicago Bulls
883,Eric,Piatkowski,G,LA Clippers
884,Lamond,Murray,F,LA Clippers
885,Matt,Fish,,LA Clippers
886,Aaron,McKie,G,Philadelphia 76ers
887,Eric,Montross,,Detroit Pistons
888,Fred,Vinson,G,Oklahoma City Thunder
889,Tom,Hovasse,,Atlanta Hawks
890,Jamie,Watson,,Utah Jazz
891,Khalid,Reeves,,Dallas Mavericks
892,Brian,Grant,G,Miami Heat
893,Henry,Turner,,Sacramento Kings
894,Michael,Smith,,Sacramento Kings
895,Antonio,Lang,,Cleveland Cavaliers
896,Wesley,Person,G,Cleveland Cavaliers
897,B.J.,Tyler,,Philadelphia 76ers
898,Derrick,Alston,,Philadelphia 76ers
899,Sharone,Wright,,Philadelphia 76ers
900,Eric,Mobley,,Memphis Grizzlies
901,Darrin,Hancock,,Charlotte Hornets
902,Bill,Curley,,Detroit Pistons
903,Anthony,Tucker,,Washington Wizards
904,Tim,Breaux,,Houston Rockets
905,Zan,Tabak,,Toronto Raptors
906,Brooks,Thompson,,Orlando Magic
907,Glenn,Robinson,G,Milwaukee Bucks
908,Jason,Kidd,G,Brooklyn Nets
909,Tony,Dumas,,Dallas Mavericks
910,Monty,Williams,G,Orlando Magic
911,Carlos,Rogers,,Toronto Raptors
912,Sergei,Bazarevich,,Atlanta Hawks
913,Julius,Nwosu,,San Antonio Spurs
914,Trevor,Ruffin,,Philadelphia 76ers
915,Yinka,Dare,,Brooklyn Nets
916,Greg,Minor,,Boston Celtics
917,Clifford,Rozier,,Golden State Warriors
918,Charlie,Ward,G,New York Knicks
919,Dontonio,Wingfield,,Portland Trail Blazers
920,Aaron,Swinson,,Phoenix Suns
921,Jim,McIlvaine,,Oklahoma City Thunder
922,Juwan,Howard,C,Washington Wizards
923,James,Blackwell,,Boston Celtics
924,Ivano,Newbill,,Atlanta Hawks
925,Dwayne,Morton,,Golden State Warriors
926,Chris,Childs,,New York Knicks
927,Ryan,Lorthridge,,Golden State Warriors
928,Elmer,Bennett,,Philadelphia 76ers
929,Darrick,Martin,G,LA Clippers
930,Jerome,Harmon,,Philadelphia 76ers
931,Mark,Strickland,,Miami Heat
932,Eldridge,Recasner,,Atlanta Hawks
933,Darrell,Armstrong,C,Orlando Magic
934,Derrick,Phelps,,Sacramento Kings
935,Cherokee,Parks,,Minnesota Timberwolves
936,Loren,Meyer,,Dallas Mavericks
937,Charles,Claxton,,Boston Celtics
938,Eric,Williams,F,Boston Celtics
939,Junior,Burrough,,Boston Celtics
940,Brent,Barry,G,Oklahoma City Thunder
941,Chris,Carr,G,Minnesota Timberwolves
942,Michael,Finley,F,Dallas Mavericks
943,Greg,Ostertag,F,Utah Jazz
944,Eric,Snow,G,Philadelphia 76ers
945,Sherell,Ford,,Oklahoma City Thunder
946,Jerry,Stackhouse,F,Detroit Pistons
947,Jeff,Webster,,Washington Wizards
948,Rasheed,Wallace,F,Portland Trail Blazers
949,Arvydas,Sabonis,,Portland Trail Blazers
950,Gary,Trent,,Minnesota Timberwolves
951,Randolph,Childress,,Portland Trail Blazers
952,Bryant,Reeves,,Memphis Grizzlies
953,Lawrence,Moten,,Memphis Grizzlies
954,Jason,Caffey,,Chicago Bulls
955,George,Zidek,,Charlotte Hornets
956,Alvin,Heggs,,Houston Rockets
957,Joe,Smith,F,Minnesota Timberwolves
958,Alan,Henderson,G,Atlanta Hawks
959,Travis,Best,G,Indiana Pacers
960,Damon,Stoudamire,G,Portland Trail Blazers
961,Jimmy,King,,Toronto Raptors
962,Ed,O'Bannon,,Brooklyn Nets
963,Lou,Roe,,Detroit Pistons
964,Theo,Ratliff,F,Philadelphia 76ers
965,Antonio,McDyess,F,Detroit Pistons
966,Bob,Sura,,Cleveland Cavaliers
967,Donny,Marshall,,Cleveland Cavaliers
968,John,Amaechi,G,Orlando Magic
969,Tyus,Edney,,Sacramento Kings
970,Jerome,Allen,,Indiana Pacers
971,Kevin,Garnett,G,Minnesota Timberwolves
972,Mark,Davis,,Philadelphia 76ers
973,Marques,Bragg,,Minnesota Timberwolves
974,Shawn,Respert,,Milwaukee Bucks
975,Fred,Hoiberg,G,Chicago Bulls
976,Frankie,King,,Philadelphia 76ers
977,Don,Reid,,Detroit Pistons
978,Kurt,Thomas,F,New York Knicks
979,Sasha,Danilovic,,Miami Heat
980,Terrence,Rencher,,Miami Heat
981,Cory,Alexander,,San Antonio Spurs
982,Howard,Nathan,,Atlanta Hawks
983,Todd,Mundt,,Atlanta Hawks
984,David,Vaughn,,Orlando Magic
985,Log,Vander Velden,,LA Clippers
986,Ashraf,Amaya,,Memphis Grizzlies
987,Stefano,Rusconi,,Phoenix Suns
988,Larry,Sykes,,Boston Celtics
989,Vincenzo,Esposito,,Toronto Raptors
990,Corliss,Williamson,F,Sacramento Kings
991,Rastko,Cvetkovic,,Denver Nuggets
992,Corey,Beck,,Charlotte Hornets
993,Voshon,Lenard,G,Miami Heat
994,Anthony,Goldwire,G,Denver Nuggets
995,Andrew,DeClercq,G,Orlando Magic
996,Richard,Manning,,Memphis Grizzlies
997,Clint,McDaniel,,Sacramento Kings
998,Martin,Lewis,,Toronto Raptors
999,Dwayne,Whitfield,,Toronto Raptors
1000,Mario,Bennett,,Los Angeles Lakers
1001,Melvin,Booker,,Golden State Warriors
1002,Darryl,Johnson,,Cleveland Cavaliers
1003,John,Coker,,Phoenix Suns
1004,Donnie,Boyce,,Atlanta Hawks
1005,Thomas,Hamilton,,Houston Rockets
1006,Robert,Churchwell,,Golden State Warriors
1007,Cuonzo,Martin,,Memphis Grizzlies
1008,Cedric,Lewis,,Washington Wizards
1009,Antoine,Walker,F,Boston Celtics
1010,Brett,Szabo,,Boston Celtics
1011,Brent,Scott,,Indiana Pacers
1012,Erick,Dampier,G,Golden State Warriors
1013,Jerome,Williams,G,Detroit Pistons
1014,John,Wallace,F,Toronto Raptors
1015,Walter,McCarty,F,Boston Celtics
1016,Marcus,Camby,F,Denver Nuggets
1017,Donald,Whiteside,,Toronto Raptors
1018,Shareef,Abdur-Rahim,F,Memphis Grizzlies
1019,Roy,Rogers,,Memphis Grizzlies
1020,Ben,Wallace,F,Detroit Pistons
1021,Reggie,Geary,,San Antonio Spurs
1022,Vitaly,Potapenko,C,Boston Celtics
1023,Ed,O'Bannon,F,Brooklyn Nets
1024,Kerry,Kittles,G,Brooklyn Nets
1025,Erick,Strickland,G,Dallas Mavericks
1026,Darvin,Ham,F,Milwaukee Bucks
1027,Stephon,Marbury,G,New York Knicks
1028,Shane,Heal,,Minnesota Timberwolves
1029,Dean,Garrett,,Minnesota Timberwolves
1030,Priest,Lauderdale,,Denver Nuggets
1031,Ike,Austin,,Miami Heat
1032,Loy,Vaught,F,LA Clippers
1033,Lorenzen,Wright,F,Memphis Grizzlies
1034,Todd,Fuller,C,Golden State Warriors
1035,Ray,Owes,,Golden State Warriors
1036,Ray,Allen,G,Milwaukee Bucks
1037,Allen,Iverson,G,Philadelphia 76ers
1038,Mark,Bradtke,,Philadelphia 76ers
1039,Steve,Nash,G,Phoenix Suns
1040,Ben,Davis,,Phoenix Suns
1041,Derek,Fisher,G,Los Angeles Lakers
1042,Travis,Knight,F,Los Angeles Lakers
1043,Kobe,Bryant,G,Los Angeles Lakers
1044,Matt,Maloney,G,Houston Rockets
1045,Othella,Harrington,G,New York Knicks
1046,Randy,Livingston,,Phoenix Suns
1047,Emanual,Davis,,Oklahoma City Thunder
1048,Shandon,Anderson,G,New York Knicks
1049,Malik,Rose,G,San Antonio Spurs
1050,Tony,Delk,F,Phoenix Suns
1051,Jeff,McInnis,F,LA Clippers
1052,Dontae',Jones,,Boston Celtics
1053,Nate,Driggers,,Boston Celtics
1054,Samaki,Walker,F,Los Angeles Lakers
1055,Amal,McCaskill,F,Philadelphia 76ers
1056,James,Scott,,Miami Heat
1057,Mark,Hendrickson,,Sacramento Kings
1058,Aleksandar,Djordjevic,,Portland Trail Blazers
1059,Jermaine,O'Neal,G,Indiana Pacers
1060,Chris,Robinson,,Memphis Grizzlies
1061,Kevin,Salvadori,,Sacramento Kings
1062,Evric,Gray,,Brooklyn Nets
1063,Moochie,Norris,C,Houston Rockets
1064,Devin,Gray,,Houston Rockets
1065,Martin,Muursepp,,Dallas Mavericks
1066,Gaylon,Nickerson,,San Antonio Spurs
1067,Marcus,Brown,G,Portland Trail Blazers
1068,Robert,Werdann,,Denver Nuggets
1069,Ruben,Nembhard,,Utah Jazz
1070,Jamie,Feick,,Brooklyn Nets
1071,Jason,Sasser,G,Memphis Grizzlies
1072,Tony,Farmer,,Golden State Warriors
1073,Shawnelle,Scott,,Cleveland Cavaliers
1074,Brian,Evans,,Orlando Magic
1075,Steve,Hamer,,Boston Celtics
1076,Dexter,Boney,,Phoenix Suns
1077,Michael,Hawkins,,Boston Celtics
1078,Joe,Stephens,,Memphis Grizzlies
1079,Horacio,Llamas,,Phoenix Suns
1080,Jimmy,Carruth,,Milwaukee Bucks
1081,Bruce,Bowen,F,San Antonio Spurs
1082,Stevin,Smith,,Dallas Mavericks
1083,Matt,Steigenga,,Chicago Bulls
1084,Kevin,Ollie,G,Philadelphia 76ers
1085,Bubba,Wells,,Dallas Mavericks
1086,Antonio,Daniels,G,San Antonio Spurs
1087,Tracy,McGrady,G,Houston Rockets
1088,Chris,Garner,,Toronto Raptors
1089,Tim,Duncan,F,San Antonio Spurs
1090,Tony,Battie,F,Boston Celtics
1091,Bobby,Jackson,G,Sacramento Kings
1092,Danny,Fortson,F,Denver Nuggets
1093,Eric,Washington,,Denver Nuggets
1094,Etdrick,Bohannon,,LA Clippers
1095,Mark,Pope,F,Milwaukee Bucks
1096,Ron,Mercer,G,Boston Celtics
1097,Chauncey,Billups,G,Detroit Pistons
1098,John,Thomas,F,Toronto Raptors
1099,Kelvin,Cato,F,Houston Rockets
1100,Alvin,Williams,G,Toronto Raptors
1101,Maurice,Taylor,G,Houston Rockets
1102,Keith,Closs,,LA Clippers
1103,Adonal,Foyle,G,Golden State Warriors
1104,DeJuan,Wheat,,Memphis Grizzlies
1105,Ed,Gray,,Atlanta Hawks
1106,Chris,Crawford,G,Atlanta Hawks
1107,Zydrunas,Ilgauskas,C,Cleveland Cavaliers
1108,Derek,Anderson,G,Portland Trail Blazers
1109,Brevin,Knight,F,Cleveland Cavaliers
1110,Cedric,Henderson,,Cleveland Cavaliers
1111,Rodrick,Rhodes,,Houston Rockets
1112,Jacque,Vaughn,G,Utah Jazz
1113,Troy,Hudson,G,Minnesota Timberwolves
1114,Jerald,Honeycutt,,Milwaukee Bucks
1115,Jeff,Nordgaard,,Milwaukee Bucks
1116,Tim,Thomas,G,Milwaukee Bucks
1117,God,Shammgod,,Washington Wizards
1118,Scot,Pollard,G,Sacramento Kings
1119,Keith,Van Horn,F,Brooklyn Nets
1120,Michael,Stewart,C,Toronto Raptors
1121,Anthony,Johnson,F,Indiana Pacers
1122,Derek,Grimm,,Sacramento Kings
1123,Lawrence,Funderburke,,Sacramento Kings
1124,Chris,Anstey,,Dallas Mavericks
1125,Rick,Brunson,F,Portland Trail Blazers
1126,Travis,Williams,,Charlotte Hornets
1127,Tariq,Abdul-Wahad,F,Sacramento Kings
1128,Charles,Smith,G,San Antonio Spurs
1129,Keith,Booth,,Chicago Bulls
1130,Ed,Stokes,,Toronto Raptors
1131,Charles,O'Bannon,,Detroit Pistons
1132,Austin,Croshere,C,Indiana Pacers
1133,Rusty,LaRue,,Chicago Bulls
1134,Kiwane,Garris,,Denver Nuggets
1135,Marko,Milic,,Phoenix Suns
1136,Johnny,Taylor,,Denver Nuggets
1137,James,Cotton,,Oklahoma City Thunder
1138,James,Collins,,LA Clippers
1139,Anthony,Parker,F,Toronto Raptors
1140,Jason,Lawson,,Orlando Magic
1141,Kebu,Stewart,,Philadelphia 76ers
1142,Kelly,McCarty,,Denver Nuggets
1143,Drew,Barry,,Atlanta Hawks
1144,Michael,McDonald,,Charlotte Hornets
1145,Brandon,Williams,G,Golden State Warriors
1146,William,Cunningham,,Brooklyn Nets
1147,Shea,Seals,,Los Angeles Lakers
1148,Reggie,Hanson,,Boston Celtics
1149,Rashard,Lewis,G,Oklahoma City Thunder
1150,Jelani,McCoy,F,Oklahoma City Thunder
1151,Vladimir,Stepania,F,Miami Heat
1152,Larry,Hughes,G,Washington Wizards
1153,Casey,Shaw,,Philadelphia 76ers
1154,Nazr,Mohammed,F,Charlotte Hornets
1155,Ricky,Davis,F,Cleveland Cavaliers
1156,Brad,Miller,G,Sacramento Kings
1157,Mikki,Moore,F,Detroit Pistons
1158,Michael,Doleac,C,Orlando Magic
1159,Matt,Harpring,F,Utah Jazz
1160,Miles,Simon,,Orlando Magic
1161,Jason,Williams,G,Memphis Grizzlies
1162,Peja,Stojakovic,F,Sacramento Kings
1163,Jerome,James,F,Oklahoma City Thunder
1164,Peter,Aluma,,Sacramento Kings
1165,Gerard,King,,Washington Wizards
1166,Mark,Baker,,Toronto Raptors
1167,Sean,Marks,C,New Orleans Pelicans
1168,Paul,Pierce,F,Boston Celtics
1169,Marlon,Garnett,,Boston Celtics
1170,Jahidi,White,C,Washington Wizards
1171,Randell,Jackson,,Washington Wizards
1172,Al,Harrington,G,Indiana Pacers
1173,Shammond,Williams,G,Oklahoma City Thunder
1174,Jeff,Sheppard,,Atlanta Hawks
1175,Roshown,McLeod,,Atlanta Hawks
1176,Pat,Garrity,G,Orlando Magic
1177,Gerald,Brown,,Phoenix Suns
1178,Toby,Bailey,,Phoenix Suns
1179,Michael,Olowokandi,F,LA Clippers
1180,Tyrone,Nesby,,LA Clippers
1181,Michael,Dickerson,G,Memphis Grizzlies
1182,Bryce,Drew,,Houston Rockets
1183,John,Coker,,Washington Wizards
1184,Cuttino,Mobley,G,Houston Rockets
1185,Ruben,Patterson,F,Portland Trail Blazers
1186,Sam,Jacobson,,Golden State Warriors
1187,Tyronn,Lue,G,Atlanta Hawks
1188,Kornel,David,,Chicago Bulls
1189,Cory,Carr,,Chicago Bulls
1190,Corey,Benjamin,,Chicago Bulls
1191,Paul,Grant,,Utah Jazz
1192,Andrae,Patterson,,Minnesota Timberwolves
1193,Raef,LaFrentz,C,Denver Nuggets
1194,Keon,Clark,G,Denver Nuggets
1195,Tyson,Wheeler,,Denver Nuggets
1196,Robert,Traylor,G,Cleveland Cavaliers
1197,Earl,Boykins,G,Denver Nuggets
1198,Antawn,Jamison,F,Washington Wizards
1199,Mike,Bibby,G,Sacramento Kings
1200,Felipe,Lopez,G,Memphis Grizzlies
1201,J.R.,Henderson,,Memphis Grizzlies
1202,Bonzi,Wells,G,Portland Trail Blazers
1203,Damon,Jones,G,Cleveland Cavaliers
1204,Charles,R. Jones,,LA Clippers
1205,Ryan,Stack,,Cleveland Cavaliers
1206,Brian,Skinner,F,LA Clippers
1207,Jonathan,Kerner,,Orlando Magic
1208,Korleone,Young,,Detroit Pistons
1209,Trevor,Winter,,Minnesota Timberwolves
1210,Bruno,Sundov,,Indiana Pacers
1211,Mirsad,Turkcan,,Milwaukee Bucks
1212,Alvin,Sims,,Phoenix Suns
1213,Rasho,Nesterovic,C,Minnesota Timberwolves
1214,Todd,MacCulloch,,Philadelphia 76ers
1215,Jumaine,Jones,F,Cleveland Cavaliers
1216,Lamar,Odom,F,Los Angeles Lakers
1217,Obinna,Ekezie,G,Atlanta Hawks
1218,Milt,Palacio,G,Toronto Raptors
1219,Devean,George,G,Los Angeles Lakers
1220,Quincy,Lewis,,Utah Jazz
1221,Scott,Padgett,G,Utah Jazz
1222,Andre,Miller,G,Denver Nuggets
1223,Trajan,Langdon,F,Cleveland Cavaliers
1224,Anthony,Carter,G,Miami Heat
1225,Rodney,Buford,G,Brooklyn Nets
1226,Shawn,Marion,G,Phoenix Suns
1227,James,Posey,F,Denver Nuggets
1228,Ryan,Bowen,G,Denver Nuggets
1229,Adrian,Griffin,F,Dallas Mavericks
1230,Wayne,Turner,,Boston Celtics
1231,Aleksandar,Radojevic,C,Utah Jazz
1232,Steve,Francis,G,Houston Rockets
1233,Kenny,Thomas,G,Houston Rockets
1234,Vonteego,Cummings,G,Golden State Warriors
1235,Corey,Maggette,G,LA Clippers
1236,Chucky,Atkins,G,Detroit Pistons
1237,Baron,Davis,G,Charlotte Hornets
1238,Jason,Miskiri,,Charlotte Hornets
1239,Eddie,Robinson,,Chicago Bulls
1240,Derek,Hood,G,Charlotte Hornets
1241,Jeff,Foster,F,Indiana Pacers
1242,Jason,Terry,G,Dallas Mavericks
1243,Cal,Bowdler,,Atlanta Hawks
1244,Dion,Glover,G,Atlanta Hawks
1245,Richard,Hamilton,G,Detroit Pistons
1246,Laron,Profit,G,Washington Wizards
1247,Elton,Brand,F,LA Clippers
1248,Michael,Ruffin,F,Washington Wizards
1249,Metta,World Peace,G,Los Angeles Lakers
1250,Dedric,Willoughby,,Chicago Bulls
1251,Wally,Szczerbiak,F,Minnesota Timberwolves
1252,William,Avery,,Minnesota Timberwolves
1253,Rick,Hughes,,Dallas Mavericks
1254,Leon,Smith,,Atlanta Hawks
1255,Lazaro,Borrell,,Oklahoma City Thunder
1256,Jermaine,Jackson,F,Toronto Raptors
1257,Chris,Herren,,Denver Nuggets
1258,John,Celestand,,Los Angeles Lakers
1259,Lari,Ketner,,Cleveland Cavaliers
1260,Tim,Young,,Golden State Warriors
1261,DeMarco,Johnson,,New York Knicks
1262,A.J.,Bramlett,,Cleveland Cavaliers
1263,Harold,Jamison,,LA Clippers
1264,Jonathan,Bender,G,Indiana Pacers
1265,Jamel,Thomas,,Brooklyn Nets
1266,Evan,Eschmeyer,,Brooklyn Nets
1267,Greg,Buckner,G,Dallas Mavericks
1268,Tim,James,,Charlotte Hornets
1269,Rafer,Alston,G,Houston Rockets
1270,Ira,Bowman,,Philadelphia 76ers
1271,Derrick,Dial,F,San Antonio Spurs
1272,Calvin,Booth,G,Oklahoma City Thunder
1273,Maceo,Baston,G,Indiana Pacers
1274,Jamaal,Magloire,G,New Orleans Pelicans
1275,Hanno,Mottola,F,Atlanta Hawks
1276,DerMarr,Johnson,G,Denver Nuggets
1277,Pepe,Sanchez,,Philadelphia 76ers
1278,Lavor,Postell,F,New York Knicks
1279,Chris,Mihm,F,Cleveland Cavaliers
1280,Stephen,Jackson,F,San Antonio Spurs
1281,Kenyon,Martin,F,Denver Nuggets
1282,Soumaila,Samake,,Brooklyn Nets
1283,Desmond,Mason,G,Milwaukee Bucks
1284,Ruben,Wolkowyski,,Oklahoma City Thunder
1285,Stromile,Swift,F,Memphis Grizzlies
1286,Joel,Przybilla,F,Portland Trail Blazers
1287,Michael,Redd,G,Milwaukee Bucks
1288,Eduardo,Najera,F,Denver Nuggets
1289,Courtney,Alexander,F,Washington Wizards
1290,Hedo,Turkoglu,F,Orlando Magic
1291,Khalid,El-Amin,G,Chicago Bulls
1292,Marcus,Fizer,F,Chicago Bulls
1293,A.J.,Guyton,,Chicago Bulls
1294,Dragan,Tarlac,,Chicago Bulls
1295,Darius,Miles,G,LA Clippers
1296,Keyon,Dooling,G,LA Clippers
1297,Quentin,Richardson,G,LA Clippers
1298,DeShawn,Stevenson,G,Washington Wizards
1299,Mike,Miller,G,Memphis Grizzlies
1300,Mark,Madsen,C,Minnesota Timberwolves
1301,Erick,Barkley,,Portland Trail Blazers
1302,Mateen,Cleaves,G,Detroit Pistons
1303,Morris,Peterson,G,Toronto Raptors
1304,Jason,Collier,F,Atlanta Hawks
1305,Daniel,Santiago,G,Milwaukee Bucks
1306,Paul,McPherson,,Phoenix Suns
1307,Ruben,Garces,,Phoenix Suns
1308,Jake,Tsakalidis,F,Phoenix Suns
1309,Marc,Jackson,C,Philadelphia 76ers
1310,Chris,Porter,,Golden State Warriors
1311,Jamal,Robinson,,Miami Heat
1312,Eddie,House,G,Miami Heat
1313,Jerome,Moiso,F,New Orleans Pelicans
1314,Mark,Blount,C,Boston Celtics
1315,Dan,Langhi,,Houston Rockets
1316,Garth,Joseph,,Denver Nuggets
1317,Jake,Voskuhl,G,Phoenix Suns
1318,Mike,Penberthy,,Los Angeles Lakers
1319,Lee,Nailon,G,Charlotte Hornets
1320,Zendon,Hamilton,C,Denver Nuggets
1321,Terrance,Roberson,,Charlotte Hornets
1322,Dalibor,Bagaric,,Chicago Bulls
1323,Ira,Newble,F,Cleveland Cavaliers
1324,Donnell,Harvey,G,Denver Nuggets
1325,Brian,Cardinal,F,Memphis Grizzlies
1326,Slava,Medvedenko,G,Los Angeles Lakers
1327,Olumide,Oyedeji,F,Oklahoma City Thunder
1328,Andy,Panko,,Atlanta Hawks
1329,Jabari,Smith,C,Sacramento Kings
1330,Mamadou,N'diaye,G,Toronto Raptors
1331,Sean,Colson,,Houston Rockets
1332,Art,Long,,Oklahoma City Thunder
1333,Mike,Smith,,Washington Wizards
1334,David,Vanterpool,,Washington Wizards
1335,Steve,Goodrich,,Chicago Bulls
1336,Eddie,Gill,F,Indiana Pacers
1337,Wang,Zhi-zhi,G,Dallas Mavericks
1338,Dan,McClintock,,Denver Nuggets
1339,Raja,Bell,F,Phoenix Suns
1340,Jason,Hart,F,Sacramento Kings
1341,Vladimir,Radmanovic,G,Oklahoma City Thunder
1342,Earl,Watson,F,Oklahoma City Thunder
1343,Gerald,Wallace,G,Charlotte Hornets
1344,Jamaal,Tinsley,G,Indiana Pacers
1345,Primoz,Brezec,G,Charlotte Hornets
1346,Richard,Jefferson,F,Brooklyn Nets
1347,Brandon,Armstrong,C,Brooklyn Nets
1348,Jason,Collins,C,Brooklyn Nets
1349,Carlos,Arroyo,G,Orlando Magic
1350,Michael,Bradley,C,Toronto Raptors
1351,Steven,Hunter,G,Orlando Magic
1352,Andrei,Kirilenko,G,Utah Jazz
1353,Alton,Ford,F,Phoenix Suns
1354,Charlie,Bell,F,Milwaukee Bucks
1355,Speedy,Claxton,G,Golden State Warriors
1356,Damone,Brown,F,Philadelphia 76ers
1357,Loren,Woods,G,Minnesota Timberwolves
1358,Eddie,Griffin,F,Minnesota Timberwolves
1359,Oscar,Torres,,Houston Rockets
1360,Tierre,Brown,F,Los Angeles Lakers
1361,Terence,Morris,C,Houston Rockets
1362,Zeljko,Rebraca,C,Detroit Pistons
1363,Rodney,White,G,Denver Nuggets
1364,Joe,Johnson,F,Boston Celtics
1365,Joseph,Forte,,Oklahoma City Thunder
1366,Kedrick,Brown,G,Boston Celtics
1367,DeSagana,Diop,F,Dallas Mavericks
1368,Kwame,Brown,F,Washington Wizards
1369,Bobby,Simmons,G,LA Clippers
1370,Etan,Thomas,G,Washington Wizards
1371,Ruben,Boumtje-Boumtje,F,Portland Trail Blazers
1372,Jason,Richardson,G,Golden State Warriors
1373,Troy,Murphy,G,Golden State Warriors
1374,Gilbert,Arenas,G,Washington Wizards
1375,Trenton,Hassell,G,Minnesota Timberwolves
1376,Eddy,Curry,F,Chicago Bulls
1377,Tang,Hamilton,,Miami Heat
1378,Shane,Battier,F,Memphis Grizzlies
1379,Will,Solomon,F,Memphis Grizzlies
1380,Antonis,Fotsis,,Memphis Grizzlies
1381,Alvin,Jones,,Philadelphia 76ers
1382,Jeff,Trepagnier,,Denver Nuggets
1383,Joe,Crispin,F,Phoenix Suns
1384,Ernest,Brown,,Miami Heat
1385,Jarron,Collins,F,Utah Jazz
1386,Jamison,Brewer,G,Indiana Pacers
1387,Malik,Allen,F,Miami Heat
1388,Predrag,Drobnjak,F,Oklahoma City Thunder
1389,Chris,Andersen,F,Denver Nuggets
1390,Kenny,Satterfield,,Denver Nuggets
1391,Brendan,Haywood,G,Washington Wizards
1392,Kirk,Haston,,Charlotte Hornets
1393,Samuel,Dalembert,C,Philadelphia 76ers
1394,Mike,James,G,Miami Heat
1395,Maurice,Evans,F,Atlanta Hawks
1396,Jeryl,Sasser,,Orlando Magic
1397,Dean,Oliver,,Golden State Warriors
1398,Norman,Richardson,,Chicago Bulls
1399,Brian,Scalabrine,F,Boston Celtics
1400,Ratko,Varda,,Detroit Pistons
1401,Tremaine,Fowlkes,C,LA Clippers
1402,Mengke,Bateer,C,Denver Nuggets
1403,Ike,Fontaine,,Memphis Grizzlies
1404,Ansu,Sesay,G,Oklahoma City Thunder
1405,Omar,Cook,G,Portland Trail Blazers
1406,John,Salmons,G,Sacramento Kings
1407,Efthimios,Rentzias,,Philadelphia 76ers
1408,Pat,Burke,C,Phoenix Suns
1409,Ryan,Humphrey,G,Memphis Grizzlies
1410,Carlos,Boozer,F,Utah Jazz
1411,Smush,Parker,G,Los Angeles Lakers
1412,Manu,Ginobili,G,San Antonio Spurs
1413,Jannero,Pargo,C,Chicago Bulls
1414,Kareem,Rush,G,Los Angeles Lakers
1415,Frank,Williams,G,New York Knicks
1416,Tayshaun,Prince,F,Detroit Pistons
1417,Mehmet,Okur,C,Utah Jazz
1418,Jared,Jeffries,G,New York Knicks
1419,Juan,Dixon,G,Washington Wizards
1420,Nate,Huffman,,Toronto Raptors
1421,Chris,Jefferies,,Toronto Raptors
1422,Chris,Wilcox,G,LA Clippers
1423,Marko,Jaric,G,Minnesota Timberwolves
1424,Qyntel,Woods,,Portland Trail Blazers
1425,Jay,Williams,G,Chicago Bulls
1426,Lonny,Baxter,G,Chicago Bulls
1427,J.R.,Bremer,G,Boston Celtics
1428,Jiri,Welsch,G,Boston Celtics
1429,Mike,Dunleavy,F,Golden State Warriors
1430,Nikoloz,Tskitishvili,G,Denver Nuggets
1431,Junior,Harrington,G,Denver Nuggets
1432,Igor,Rakocevic,,Minnesota Timberwolves
1433,Amar'e,Stoudemire,F,Phoenix Suns
1434,Casey,Jacobsen,G,Phoenix Suns
1435,Reggie,Evans,F,Oklahoma City Thunder
1436,Dan,Gadzuric,C,Milwaukee Bucks
1437,Marcus,Haislip,C,Milwaukee Bucks
1438,Flip,Murray,G,Oklahoma City Thunder
1439,Caron,Butler,F,Washington Wizards
1440,Rasual,Butler,G,New Orleans Pelicans
1441,Drew,Gooden,F,Cleveland Cavaliers
1442,Gordan,Giricek,F,Utah Jazz
1443,Mike,Batiste,F,Memphis Grizzlies
1444,Juaquin,Hawkins,C,Houston Rockets
1445,Yao,Ming,F,Houston Rockets
1446,Bostjan,Nachbar,G,Brooklyn Nets
1447,Fred,Jones,F,Indiana Pacers
1448,Dan,Dickau,F,Atlanta Hawks
1449,Tamar,Slay,F,Brooklyn Nets
1450,Guy,Rucker,,Golden State Warriors
1451,Devin,Brown,G,New Orleans Pelicans
1452,Robert,Archibald,C,Toronto Raptors
1453,Adam,Harrington,,Dallas Mavericks
1454,Ken,Johnson,,Miami Heat
1455,Cezary,Trybanski,F,Memphis Grizzlies
1456,Dajuan,Wagner,G,Cleveland Cavaliers
1457,Predrag,Savovic,,Denver Nuggets
1458,Tito,Maddox,,Houston Rockets
1459,Melvin,Ely,F,Charlotte Hornets
1460,Sean,Lampley,G,Miami Heat
1461,Vincent,Yarbrough,,Denver Nuggets
1462,Mike,Wilks,G,Oklahoma City Thunder
1463,Paul,Shirley,,Phoenix Suns
1464,Antoine,Rigaudeau,,Dallas Mavericks
1465,Jamal,Sampson,F,Charlotte Hornets
1466,Roger,Mason Jr.,G,Washington Wizards
1467,Chris,Owens,,Memphis Grizzlies
1468,T.J.,Ford,G,Indiana Pacers
1469,Zoran,Planinic,G,Brooklyn Nets
1470,Josh,Howard,F,Dallas Mavericks
1471,Marquis,Daniels,F,Dallas Mavericks
1472,Luke,Walton,F,Los Angeles Lakers
1473,Jerome,Beasley,,Miami Heat
1474,Willie,Green,C,Philadelphia 76ers
1475,Zarko,Cabarkapa,F,Golden State Warriors
1476,Leandro,Barbosa,G,Phoenix Suns
1477,Keith,McLeod,G,Utah Jazz
1478,Ndudi,Ebi,G,Minnesota Timberwolves
1479,Boris,Diaw,F,San Antonio Spurs
1480,Travis,Hansen,,Atlanta Hawks
1481,David,West,G,New Orleans Pelicans
1482,Chris,Bosh,F,Miami Heat
1483,Ben,Handlogten,C,Utah Jazz
1484,Sasha,Pavlovic,G,Cleveland Cavaliers
1485,Raul,Lopez,C,Utah Jazz
1486,Mo,Williams,C,Milwaukee Bucks
1487,Jason,Kapono,G,Toronto Raptors
1488,Darius,Songaila,G,Washington Wizards
1489,Mickael,Pietrus,G,Golden State Warriors
1490,Britton,Johnsen,F,Orlando Magic
1491,Reece,Gaines,F,Orlando Magic
1492,Michael,Sweetney,G,New York Knicks
1493,Marcus,Banks,G,Boston Celtics
1494,Francisco,Elson,G,Denver Nuggets
1495,Darko,Milicic,C,Memphis Grizzlies
1496,Jarvis,Hayes,F,Washington Wizards
1497,Steve,Blake,F,Portland Trail Blazers
1498,Torraye,Braggs,,Houston Rockets
1499,Chris,Kaman,F,LA Clippers
1500,Luke,Ridnour,G,Oklahoma City Thunder
1501,Richie,Frahm,F,Oklahoma City Thunder
1502,Troy,Bell,G,Memphis Grizzlies
1503,Kirk,Penney,G,LA Clippers
1504,Matt,Carroll,G,Charlotte Hornets
1505,Kirk,Hinrich,G,Chicago Bulls
1506,Linton,Johnson,C,New Orleans Pelicans
1507,Keith,Bogans,F,Orlando Magic
1508,Alex,Garcia,G,New Orleans Pelicans
1509,Maciej,Lampe,F,Phoenix Suns
1510,Theron,Smith,G,Charlotte Hornets
1511,Curtis,Borchardt,F,Utah Jazz
1512,Travis,Outlaw,F,Portland Trail Blazers
1513,Kendrick,Perkins,C,Boston Celtics
1514,Dahntay,Jones,G,Memphis Grizzlies
1515,Kaniel,Dickens,F,Brooklyn Nets
1516,Brian,Cook,C,Los Angeles Lakers
1517,James,Jones,F,Miami Heat
1518,Brandon,Hunter,F,Boston Celtics
1519,Slavko,Vranes,,Portland Trail Blazers
1520,Ronald,Dupree,F,Detroit Pistons
1521,Ime,Udoka,F,San Antonio Spurs
1522,Matt,Barnes,F,LA Clippers
1523,Maurice,Carter,,New Orleans Pelicans
1524,Desmond,Penigar,,Orlando Magic
1525,Hiram,Fuller,G,Atlanta Hawks
1526,Josh,Davis,F,Philadelphia 76ers
1527,Desmond,Ferguson,,Portland Trail Blazers
1528,Sasha,Vujacic,F,Los Angeles Lakers
1529,Carlos,Delfino,G,Detroit Pistons
1530,Kevin,Martin,G,Sacramento Kings
1531,Erik,Daniels,G,Sacramento Kings
1532,DJ,Mbenga,G,Los Angeles Lakers
1533,Jameer,Nelson,F,Orlando Magic
1534,Kirk,Snyder,F,New Orleans Pelicans
1535,Kris,Humphries,F,Brooklyn Nets
1536,Nick,Collison,F,Oklahoma City Thunder
1537,Robert,Swift,F,Oklahoma City Thunder
1538,Damien,Wilkins,G,Oklahoma City Thunder
1539,Lionel,Chalmers,G,LA Clippers
1540,Quinton,Ross,F,LA Clippers
1541,Josh,Smith,G,Atlanta Hawks
1542,Josh,Childress,G,Atlanta Hawks
1543,Royal,Ivey,F,Atlanta Hawks
1544,Jackson,Vroman,G,New Orleans Pelicans
1545,Yuta,Tabuse,F,Phoenix Suns
1546,Peter,John Ramos,C,Washington Wizards
1547,Sebastian,Telfair,C,Minnesota Timberwolves
1548,Andris,Biedrins,F,Golden State Warriors
1549,Rafael,Araujo,G,Toronto Raptors
1550,Matt,Bonner,F,San Antonio Spurs
1551,Beno,Udrih,G,Sacramento Kings
1552,Tony,Allen,G,Memphis Grizzlies
1553,Al,Jefferson,F,Utah Jazz
1554,David,Harrison,G,Indiana Pacers
1555,John,Edwards,G,Atlanta Hawks
1556,Luke,Jackson,F,Cleveland Cavaliers
1557,Anderson,Varejao,F,Cleveland Cavaliers
1558,Nenad,Krstic,F,Brooklyn Nets
1559,Emeka,Okafor,F,Charlotte Hornets
1560,Bernard,Robinson,G,Charlotte Hornets
1561,Andres,Nocioni,F,Chicago Bulls
1562,Ben,Gordon,G,Chicago Bulls
1563,Jared,Reiner,C,Milwaukee Bucks
1564,Chris,Duhon,F,Chicago Bulls
1565,Mario,Kasun,G,Orlando Magic
1566,Pape,Sow,G,Toronto Raptors
1567,Geno,Carlisle,,Portland Trail Blazers
1568,Awvee,Storey,G,Milwaukee Bucks
1569,Tim,Pickett,G,New Orleans Pelicans
1570,Matt,Freije,G,New Orleans Pelicans
1571,Andre,Barrett,G,Houston Rockets
1572,Justin,Reed,F,Minnesota Timberwolves
1573,Donta,Smith,G,Atlanta Hawks
1574,Delonte,West,G,Boston Celtics
1575,Horace,Jenkins,G,Detroit Pistons
1576,Corsley,Edwards,,New Orleans Pelicans
1577,Antonio,Burks,G,Memphis Grizzlies
1578,Tony,Bobbitt,F,Los Angeles Lakers
1579,Luis,Flores,F,Golden State Warriors
1580,Ibrahim,Kutluay,C,Oklahoma City Thunder
1581,Ha,Ha,,Portland Trail Blazers
1582,James,Thomas,G,Philadelphia 76ers
1583,Andre,Emmett,F,Memphis Grizzlies
1584,Brandin,Knight,,Houston Rockets
1585,Billy,Thomas,G,Brooklyn Nets
1586,Viktor,Khryapa,F,Portland Trail Blazers
1587,Dorell,Wright,G,Miami Heat
1588,Maurice,Baker,,Portland Trail Blazers
1589,Pavel,Podkolzin,,Dallas Mavericks
1590,Jackie,Butler,C,New York Knicks
1591,Mark,Jones,,Orlando Magic
1592,Fabricio,Oberto,F,San Antonio Spurs
1593,Andrew,Bogut,F,Milwaukee Bucks
1594,Deng,Gai,C,Philadelphia 76ers
1595,Josh,Powell,G,Los Angeles Lakers
1596,Dijon,Thompson,,Phoenix Suns
1597,Francisco,Garcia,G,Sacramento Kings
1598,Ronnie,Price,G,Utah Jazz
1599,Brandon,Bass,F,Boston Celtics
1600,Arvydas,Macijauskas,F,New Orleans Pelicans
1601,Deron,Williams,G,Utah Jazz
1602,Robert,Whaley,F,Utah Jazz
1603,Earl,Barron,G,Miami Heat
1604,Wayne,Simien,F,Miami Heat
1605,Matt,Walsh,F,Miami Heat
1606,Lawrence,Roberts,G,Memphis Grizzlies
1607,Hakim,Warrick,C,Memphis Grizzlies
1608,Andrew,Bynum,G,Los Angeles Lakers
1609,Linas,Kleiza,G,Denver Nuggets
1610,Daniel,Ewing,F,LA Clippers
1611,James,Singleton,G,LA Clippers
1612,Yaroslav,Korolev,G,LA Clippers
1613,Boniface,Ndong,G,LA Clippers
1614,Johan,Petro,C,Oklahoma City Thunder
1615,Sean,May,C,Charlotte Hornets
1616,Sarunas,Jasikevicius,F,Indiana Pacers
1617,Danny,Granger,G,Indiana Pacers
1618,Travis,Diener,F,Indiana Pacers
1619,Jarrett,Jack,F,Portland Trail Blazers
1620,Martell,Webster,F,Portland Trail Blazers
1621,Rashad,McCants,F,Minnesota Timberwolves
1622,Nate,Robinson,G,New York Knicks
1623,Ryan,Gomes,G,Minnesota Timberwolves
1624,Orien,Greene,G,Boston Celtics
1625,Donell,Taylor,G,Washington Wizards
1626,Joey,Graham,F,Toronto Raptors
1627,Charlie,Villanueva,F,Detroit Pistons
1628,Jason,Maxiell,G,Detroit Pistons
1629,Luther,Head,F,Houston Rockets
1630,Salim,Stoudamire,G,Atlanta Hawks
1631,Esteban,Batista,F,Atlanta Hawks
1632,Chris,Taft,G,Golden State Warriors
1633,Aaron,Miles,F,Golden State Warriors
1634,Devin,Green,G,Los Angeles Lakers
1635,Monta,Ellis,F,Golden State Warriors
1636,Kevin,Burleson,C,Charlotte Hornets
1637,Sergei,Monia,G,Portland Trail Blazers
1638,Andre,Owens,G,Indiana Pacers
1639,Eddie,Basden,G,Chicago Bulls
1640,Martynas,Andriuskevicius,C,Cleveland Cavaliers
1641,David,Lee,F,New York Knicks
1642,Von,Wafer,F,Houston Rockets
1643,Andray,Blatche,F,Washington Wizards
1644,Melvin,Sanders,G,San Antonio Spurs
1645,Shavlik,Randolph,F,Philadelphia 76ers
1646,Sharrod,Ford,,Phoenix Suns
1647,Alan,Anderson,G,Brooklyn Nets
1648,Julius,Hodge,G,Denver Nuggets
1649,Rawle,Marshall,F,Indiana Pacers
1650,Alex,Scales,G,San Antonio Spurs
1651,Gerald,Fitch,F,Miami Heat
1652,Ike,Diogu,F,Golden State Warriors
1653,Antoine,Wright,G,Brooklyn Nets
1654,Anthony,Roberson,G,New York Knicks
1655,Stephen,Graham,F,Indiana Pacers
1656,John,Lucas III,F,Toronto Raptors
1657,Randy,Holcomb,G,Chicago Bulls
1658,Sean,Banks,G,New Orleans Pelicans
1659,Alex,Acker,C,LA Clippers
1660,Bracey,Wright,F,Minnesota Timberwolves
1661,Chuck,Hayes,C,Houston Rockets
1662,Ronny,Turiaf,G,Los Angeles Lakers
1663,Dwayne,Jones,G,Cleveland Cavaliers
1664,James,Lang,C,Washington Wizards
1665,Noel,Felix,F,Oklahoma City Thunder
1666,Luke,Schenscher,,Chicago Bulls
1667,Will,Bynum,G,Detroit Pistons
1668,Anthony,Grundy,,Atlanta Hawks
1669,Derrick,Zimmerman,,Brooklyn Nets
1670,Jordan,Farmar,F,Los Angeles Lakers
1671,Tyrus,Thomas,G,Chicago Bulls
1672,Chris,Quinn,G,Miami Heat
1673,Robert,Hite,G,Miami Heat
1674,Cedric,Simmons,G,New Orleans Pelicans
1675,Hilton,Armstrong,G,New Orleans Pelicans
1676,Leon,Powe,F,Boston Celtics
1677,Randy,Foye,F,Minnesota Timberwolves
1678,Craig,Smith,C,Minnesota Timberwolves
1679,Patrick,O'Bryant,F,Golden State Warriors
1680,Damir,Markota,G,Milwaukee Bucks
1681,David,Noel,C,Milwaukee Bucks
1682,Paul,Davis,G,LA Clippers
1683,Renaldo,Balkman,C,New York Knicks
1684,Mardy,Collins,G,New York Knicks
1685,Alexander,Johnson,G,Memphis Grizzlies
1686,Steve,Novak,G,New York Knicks
1687,Vassilis,Spanoulis,G,Houston Rockets
1688,Ronnie,Brewer,G,Utah Jazz
1689,Brandon,Roy,G,Portland Trail Blazers
1690,Mouhamed,Sene,C,Oklahoma City Thunder
1691,Mickael,Gelabale,C,Oklahoma City Thunder
1692,Adam,Morrison,G,Charlotte Hornets
1693,Walter,Herrmann,C,Detroit Pistons
1694,Shelden,Williams,F,Atlanta Hawks
1695,Solomon,Jones,F,Atlanta Hawks
1696,Cedric,Bozeman,F,Atlanta Hawks
1697,Rodney,Carney,G,Philadelphia 76ers
1698,Ivan,McFarlin,G,Philadelphia 76ers
1699,Jorge,Garbajosa,G,Toronto Raptors
1700,Andrea,Bargnani,F,Toronto Raptors
1701,Marcus,Williams,G,Brooklyn Nets
1702,Hassan,Adams,G,Brooklyn Nets
1703,Mile,Ilic,C,Brooklyn Nets
1704,Yakhouba,Diawara,G,Denver Nuggets
1705,Maurice,Ager,C,Dallas Mavericks
1706,Pops,Mensah-Bonsu,F,Toronto Raptors
1707,Sergio,Rodriguez,F,Portland Trail Blazers
1708,Shannon,Brown,G,Los Angeles Lakers
1709,Dee,Brown,G,Utah Jazz
1710,Andreas,Glyniadakis,G,Oklahoma City Thunder
1711,Bobby,Jones,F,Philadelphia 76ers
1712,Roger,Powell,C,Utah Jazz
1713,Tarence,Kinsey,F,Memphis Grizzlies
1714,Allan,Ray,G,Boston Celtics
1715,Quincy,Douby,F,Sacramento Kings
1716,Daniel,Gibson,G,Cleveland Cavaliers
1717,Marcus,Vinicius,G,New Orleans Pelicans
1718,Chris,McCray,F,Milwaukee Bucks
1719,Desmon,Farmer,F,Oklahoma City Thunder
1720,Steven,Smith,,Philadelphia 76ers
1721,Lynn,Greer,F,Milwaukee Bucks
1722,Uros,Slokar,,Toronto Raptors
1723,Josh,Boone,G,Brooklyn Nets
1724,Will,Blalock,G,Detroit Pistons
1725,James,White,G,New York Knicks
1726,Andre,Brown,F,Oklahoma City Thunder
1727,Renaldo,Major,,Golden State Warriors
1728,Shawne,Williams,G,Indiana Pacers
1729,James,Augustine,C,Orlando Magic
1730,Kelenna,Azubuike,G,Golden State Warriors
1731,Justin,Williams,F,Sacramento Kings
1732,Ryan,Hollins,G,LA Clippers
1733,Will,Conroy,F,Houston Rockets
1734,Jeremy,Richardson,G,Atlanta Hawks
1735,Lou,Amundson,G,Phoenix Suns
1736,Randolph,Morris,F,Atlanta Hawks
1737,Mike,Hall,G,Washington Wizards
1738,Kevinn,Pinkney,,Boston Celtics
1739,Luis,Scola,F,Houston Rockets
1740,Coby,Karl,F,Los Angeles Lakers
1741,Taurean,Green,C,Denver Nuggets
1742,Darius,Washington,G,San Antonio Spurs
1743,Aaron,Gray,G,Chicago Bulls
1744,Sean,Williams,G,Brooklyn Nets
1745,Yi,Jianlian,F,Brooklyn Nets
1746,Nick,Young,G,Washington Wizards
1747,Dominic,McGuire,G,Washington Wizards
1748,Oleksiy,Pecherov,F,Washington Wizards
1749,Courtney,Sims,F,Indiana Pacers
1750,Juan,Carlos Navarro,G,Memphis Grizzlies
1751,Nick,Fazekas,G,LA Clippers
1752,Darryl,Watkins,F,Sacramento Kings
1753,Mustafa,Shakur,G,Washington Wizards
1754,Julian,Wright,G,New Orleans Pelicans
1755,DJ,Strawberry,F,Phoenix Suns
1756,Alando,Tucker,G,Phoenix Suns
1757,Arron,Afflalo,G,Denver Nuggets
1758,Daequan,Cook,G,Miami Heat
1759,Jermareo,Davidson,G,Charlotte Hornets
1760,Acie,Law,F,Atlanta Hawks
1761,Mario,West,G,Atlanta Hawks
1762,Javaris,Crittenton,F,Washington Wizards
1763,Glen,Davis,C,Boston Celtics
1764,Corey,Brewer,G,Minnesota Timberwolves
1765,Chris,Richard,G,Minnesota Timberwolves
1766,Stephane,Lasme,C,Miami Heat
1767,Al,Thornton,G,LA Clippers
1768,Brandan,Wright,F,Dallas Mavericks
1769,Jamario,Moon,G,Toronto Raptors
1770,Demetris,Nichols,G,Chicago Bulls
1771,Joakim,Noah,F,Chicago Bulls
1772,Morris,Almond,G,Utah Jazz
1773,Gabe,Pruitt,G,Boston Celtics
1774,Joel,Anthony,C,Miami Heat
1775,Spencer,Hawes,G,Philadelphia 76ers
1776,Brandon,Wallace,,Boston Celtics
1777,Aaron,Brooks,G,Houston Rockets
1778,Cheikh,Samb,C,LA Clippers
1779,Kosta,Perovic,C,Golden State Warriors
1780,Thomas,Gardner,G,Atlanta Hawks
1781,Carl,Landry,C,Sacramento Kings
1782,Josh,McRoberts,G,Indiana Pacers
1783,Kyrylo,Fesenko,G,Utah Jazz
1784,Rodney,Stuckey,G,Detroit Pistons
1785,Marcus,Williams,C,LA Clippers
1786,Keith,Langford,F,San Antonio Spurs
1787,Guillermo,Diaz,C,LA Clippers
1788,C.J.,Watson,G,Golden State Warriors
1789,Adam,Haluska,F,New Orleans Pelicans
1790,JamesOn,Curry,C,LA Clippers
1791,Ramon,Sessions,G,Charlotte Hornets
1792,Mike,Harris,F,Houston Rockets
1793,Lance,Allred,,Cleveland Cavaliers
1794,Blake,Ahearn,F,Miami Heat
1795,Kasib,Powell,C,Miami Heat
1796,JJ,Hickson,G,Cleveland Cavaliers
1797,Joe,Alexander,G,Milwaukee Bucks
1798,Greg,Oden,C,Portland Trail Blazers
1799,Rudy,Fernandez,G,Portland Trail Blazers
1800,Chris,Douglas-Roberts,G,Brooklyn Nets
1801,Mario,Chalmers,G,Miami Heat
1802,Kyle,Weaver,G,Oklahoma City Thunder
1803,Brandon,Rush,G,Indiana Pacers
1804,Roy,Hibbert,F,Indiana Pacers
1805,DeMarcus,Nelson,G,Golden State Warriors
1806,Anthony,Randolph,F,Golden State Warriors
1807,Sean,Singletary,G,Charlotte Hornets
1808,Jason,Thompson,F,Sacramento Kings
1809,Bobby,Brown,F,Sacramento Kings
1810,Mike,Taylor,C,LA Clippers
1811,O.J.,Mayo,G,Memphis Grizzlies
1812,Darrell,Arthur,F,Denver Nuggets
1813,Hamed,Haddadi,G,Memphis Grizzlies
1814,Joey,Dorsey,G,Houston Rockets
1815,Roko,Ukic,G,Toronto Raptors
1816,Alexis,Ajinca,G,New Orleans Pelicans
1817,Sonny,Weems,F,Toronto Raptors
1818,Marreese,Speights,C,Golden State Warriors
1819,Donte,Greene,G,Sacramento Kings
1820,Walter,Sharpe,F,Detroit Pistons
1821,Rob,Kurz,F,Golden State Warriors
1822,Henry,Walker,C,New York Knicks
1823,Anthony,Morrow,C,Oklahoma City Thunder
1824,Othello,Hunter,G,Atlanta Hawks
1825,Steven,Hill,F,Oklahoma City Thunder
1826,Darnell,Jackson,F,Cleveland Cavaliers
1827,Sun,Sun,,Los Angeles Lakers
1828,Jawad,Williams,F,Cleveland Cavaliers
1829,Nathan,Jawai,,Minnesota Timberwolves
1830,Cartier,Martin,C,Washington Wizards
1831,Malik,Hairston,G,San Antonio Spurs
1832,J.R.,Giddens,C,Boston Celtics
1833,Trey,Johnson,F,New Orleans Pelicans
1834,Joe,Crawford,,New York Knicks
1835,Dontell,Jefferson,F,Charlotte Hornets
1836,DJ,White,G,Charlotte Hornets
1837,Chris,Hunter,,Golden State Warriors
1838,Rodrigue,Beaubois,G,Dallas Mavericks
1839,David,Andersen,G,Houston Rockets
1840,Chase,Budinger,G,Houston Rockets
1841,Jermaine,Taylor,F,Houston Rockets
1842,Lester,Hudson,F,Boston Celtics
1843,DeJuan,Blair,G,San Antonio Spurs
1844,AJ,Price,C,Indiana Pacers
1845,Gerald,Henderson,C,Charlotte Hornets
1846,Derrick,Brown,F,Charlotte Hornets
1847,Jon,Brockman,G,Milwaukee Bucks
1848,Eric,Maynor,F,Oklahoma City Thunder
1849,Ty,Lawson,F,Denver Nuggets
1850,Toney,Douglas,F,New York Knicks
1851,Jordan,Hill,F,Los Angeles Lakers
1852,Marcus,Landry,F,New York Knicks
1853,Austin,Daye,F,Detroit Pistons
1854,Hasheem,Thabeet,F,Memphis Grizzlies
1855,Sam,Young,G,Memphis Grizzlies
1856,Trey,Gilder,G,Memphis Grizzlies
1857,Earl,Clark,G,Orlando Magic
1858,Terrence,Williams,G,Brooklyn Nets
1859,Jonny,Flynn,G,Minnesota Timberwolves
1860,Brandon,Jennings,G,Milwaukee Bucks
1861,DaJuan,Summers,G,Detroit Pistons
1862,Taylor,Griffin,G,Phoenix Suns
1863,Tyler,Hansbrough,G,Indiana Pacers
1864,Marcus,Thornton,F,Sacramento Kings
1865,Jeff,Ayres,F,San Antonio Spurs
1866,Byron,Mullens,F,Charlotte Hornets
1867,Sundiata,Gaines,G,Brooklyn Nets
1868,Cedric,Jackson,,Cleveland Cavaliers
1869,Antonio,Anderson,F,Oklahoma City Thunder
1870,Reggie,Williams,G,Golden State Warriors
1871,Othyus,Jeffers,G,Washington Wizards
1872,Alonzo,Gee,C,Cleveland Cavaliers
1873,Oliver,Lafayette,,Boston Celtics
1874,Kenny,Hasbrouck,G,Miami Heat
1875,Derrick,Caracter,G,Los Angeles Lakers
1876,Devin,Ebanks,G,Los Angeles Lakers
1877,Garret,Siler,G,Phoenix Suns
1878,Armon,Johnson,F,Portland Trail Blazers
1879,Luke,Babbitt,G,New Orleans Pelicans
1880,Semih,Erden,G,Boston Celtics
1881,Pooh,Jeter,F,Sacramento Kings
1882,Nikola,Pekovic,G,Minnesota Timberwolves
1883,Lazar,Hayward,G,Minnesota Timberwolves
1884,Damion,James,C,Brooklyn Nets
1885,Landry,Fields,G,New York Knicks
1886,Andy,Rautins,F,New York Knicks
1887,Sherron,Collins,G,Charlotte Hornets
1888,Dominique,Jones,F,Dallas Mavericks
1889,Jeff,Adrien,C,Charlotte Hornets
1890,Jeremy,Evans,C,Utah Jazz
1891,Gary,Forbes,F,Denver Nuggets
1892,Jordan,Crawford,F,Washington Wizards
1893,Xavier,Henry,F,New Orleans Pelicans
1894,Larry,Sanders,G,Milwaukee Bucks
1895,Omer,Asik,G,New Orleans Pelicans
1896,Cole,Aldrich,F,New York Knicks
1897,James,Anderson,G,San Antonio Spurs
1898,Gary,Neal,F,San Antonio Spurs
1899,Manny,Harris,F,Cleveland Cavaliers
1900,Trevor,Booker,G,Washington Wizards
1901,Hamady,Ndiaye,F,Washington Wizards
1902,Samardo,Samuels,G,Cleveland Cavaliers
1903,Luke,Harangody,F,Cleveland Cavaliers
1904,Kevin,Seraphin,G,Washington Wizards
1905,Greivis,Vasquez,G,New Orleans Pelicans
1906,Tiago,Splitter,C,San Antonio Spurs
1907,Willie,Warren,,LA Clippers
1908,Elliot,Williams,C,Philadelphia 76ers
1909,Solomon,Alabi,G,Toronto Raptors
1910,Craig,Brackins,G,Philadelphia 76ers
1911,Ben,Uzoh,G,Brooklyn Nets
1912,Gani,Lawal,G,Phoenix Suns
1913,Christian,Eyenga,F,Cleveland Cavaliers
1914,Zabian,Dowdell,G,Phoenix Suns
1915,Larry,Owens,,Brooklyn Nets
1916,Chris,Johnson,G,Minnesota Timberwolves
1917,Pape,Sy,G,Atlanta Hawks
1918,Marcus,Cousin,C,Utah Jazz
1919,Jerel,McNeal,G,Phoenix Suns
1920,Patrick,Ewing,,New Orleans Pelicans
1921,Dexter,Pittman,G,Miami Heat
1922,Marqus,Blakely,G,Houston Rockets
1923,Justin,Harper,G,Orlando Magic
1924,JaJuan,Johnson,F,Boston Celtics
1925,Greg,Stiemsma,G,Minnesota Timberwolves
1926,Josh,Harrellson,F,New York Knicks
1927,Jerome,Jordan,G,Brooklyn Nets
1928,Travis,Leslie,G,LA Clippers
1929,Trey,Thompkins,C,LA Clippers
1930,Charles,Jenkins,G,Golden State Warriors
1931,Jeremy,Tyler,G,Golden State Warriors
1932,Andrew,Goudelock,G,Los Angeles Lakers
1933,Norris,Cole,G,Miami Heat
1934,Terrel,Harris,F,Miami Heat
1935,Mickell,Gladness,G,Golden State Warriors
1936,Jeremy,Pargo,G,Memphis Grizzlies
1937,Josh,Selby,C,Memphis Grizzlies
1938,Jimmer,Fredette,G,Sacramento Kings
1939,Tyler,Honeycutt,F,Sacramento Kings
1940,Vernon,Macklin,,Detroit Pistons
1941,Derrick,Williams,G,Minnesota Timberwolves
1942,Malcolm,Lee,F,Minnesota Timberwolves
1943,Nolan,Smith,G,Portland Trail Blazers
1944,Darington,Hobson,F,Milwaukee Bucks
1945,Cory,Higgins,G,Charlotte Hornets
1946,Dennis,Horner,F,Brooklyn Nets
1947,Chris,Singleton,G,Washington Wizards
1948,Carldell,Johnson,F,New Orleans Pelicans
1949,Ivan,Johnson,G,Atlanta Hawks
1950,Chris,Wright,G,Golden State Warriors
1951,Daniel,Orton,G,Philadelphia 76ers
1952,Gustavo,Ayon,C,New Orleans Pelicans
1953,Jordan,Hamilton,F,Denver Nuggets
1954,Jan,Vesely,F,Washington Wizards
1955,Julyan,Stone,F,Denver Nuggets
1956,Jordan,Williams,,Brooklyn Nets
1957,Darius,Morris,G,Los Angeles Lakers
1958,Mychel,Thompson,G,Cleveland Cavaliers
1959,Lavoy,Allen,G,Indiana Pacers
1960,Donald,Sloan,F,Indiana Pacers
1961,Malcolm,Thomas,,Philadelphia 76ers
1962,Courtney,Fortson,,Houston Rockets
1963,Ryan,Reid,,Oklahoma City Thunder
1964,Greg,Smith,G,Houston Rockets
1965,Eric,Dawson,G,San Antonio Spurs
1966,DeAndre,Liggins,F,Cleveland Cavaliers
1967,Walker,Russell,,Detroit Pistons
1968,Jeff,Foote,,New Orleans Pelicans
1969,Jerry,Smith,,Brooklyn Nets
1970,Edwin,Ubiles,F,Washington Wizards
1971,Justin,Dentmon,G,Toronto Raptors
1972,Keith,Benson,F,Golden State Warriors
1973,Jerome,Dyson,,New Orleans Pelicans
1974,D.J.,Kennedy,G,Cleveland Cavaliers
1975,Derrick,Byars,G,San Antonio Spurs
1976,Xavier,Silas,F,Philadelphia 76ers
1977,Diamon,Simpson,,Houston Rockets
1978,Jared,Sullinger,F,Boston Celtics
1979,Kris,Joseph,C,Boston Celtics
1980,Jared,Cunningham,C,Cleveland Cavaliers
1981,Bernard,James,F,Dallas Mavericks
1982,Robert,Sacre,G,Los Angeles Lakers
1983,Tyler,Zeller,G,Boston Celtics
1984,Kevin,Murphy,C,Utah Jazz
1985,Victor,Claver,C,Portland Trail Blazers
1986,Joel,Freeland,G,Portland Trail Blazers
1987,Terrence,Jones,F,Houston Rockets
1988,Donatas,Motiejunas,C,Houston Rockets
1989,Royce,White,G,Sacramento Kings
1990,Kim,English,G,Detroit Pistons
1991,Kyle,Singler,F,Detroit Pistons
1992,Nando,De Colo,G,San Antonio Spurs
1993,Brian,Roberts,F,New Orleans Pelicans
1994,Ben,Hansbrough,G,Indiana Pacers
1995,Orlando,Johnson,F,Indiana Pacers
1996,Thomas,Robinson,F,Portland Trail Blazers
1997,Marquis,Teague,G,Chicago Bulls
1998,Festus,Ezeli,C,Golden State Warriors
1999,Kendall,Marshall,C,Los Angeles Lakers
2000,Luke,Zeller,C,Phoenix Suns
2001,Quincy,Miller,F,Denver Nuggets
2002,Maalik,Wayns,G,Philadelphia 76ers
2003,Arnett,Moultrie,C,Philadelphia 76ers
2004,Tony,Wroten,G,Philadelphia 76ers
2005,Perry,Jones III,G,Oklahoma City Thunder
2006,Alexey,Shved,F,Minnesota Timberwolves
2007,John,Jenkins,G,Atlanta Hawks
2008,Pablo,Prigioni,G,New York Knicks
2009,Chris,Copeland,G,Indiana Pacers
2010,Doron,Lamb,F,Orlando Magic
2011,Jeffery,Taylor,F,Charlotte Hornets
2012,Andrew,Nicholson,F,Orlando Magic
2013,Tornike,Shengelia,F,Brooklyn Nets
2014,Tyshawn,Taylor,C,Brooklyn Nets
2015,Mirza,Teletovic,G,Brooklyn Nets
2016,Scott,Machado,F,Houston Rockets
2017,DeQuan,Jones,F,Orlando Magic
2018,Viacheslav,Kravtsov,C,Detroit Pistons
2019,Diante,Garrett,G,Utah Jazz
2020,Quincy,Acy,F,Sacramento Kings
2021,Darius,Johnson-Odom,F,Los Angeles Lakers
2022,Kevin,Jones,F,Cleveland Cavaliers
2023,Jarvis,Varnado,F,Philadelphia 76ers
2024,Chris,Johnson,G,Utah Jazz
2025,Fab,Melo,F,Boston Celtics
2026,Tim,Ohlbrecht,F,Houston Rockets
2027,Henry,Sims,G,Philadelphia 76ers
2028,Chris,Wright,,Dallas Mavericks
2029,Josh,Akognon,,Dallas Mavericks
2030,Ryan,Kelly,G,Los Angeles Lakers
2031,Erik,Murphy,G,Chicago Bulls
2032,Vitor,Faverani,C,Boston Celtics
2033,Phil,Pressey,G,Boston Celtics
2034,Dwight,Buycks,F,Detroit Pistons
2035,Elias,Harris,G,Los Angeles Lakers
2036,Ognjen,Kuzmic,F,Golden State Warriors
2037,Nemanja,Nedovic,F,Golden State Warriors
2038,Glen,Rice,C,Washington Wizards
2039,Peyton,Siva,G,Detroit Pistons
2040,Tony,Mitchell,C,Detroit Pistons
2041,Gigi,Datome,G,Detroit Pistons
2042,Arinze,Onuaku,G,Orlando Magic
2043,Jeff,Withey,F,Utah Jazz
2044,Nate,Wolters,F,Milwaukee Bucks
2045,Miroslav,Raduljica,G,Milwaukee Bucks
2046,Nick,Calathes,F,Memphis Grizzlies
2047,Jamaal,Franklin,G,Memphis Grizzlies
2048,Anthony,Bennett,G,Minnesota Timberwolves
2049,Pero,Antic,C,Atlanta Hawks
2050,Gal,Mekel,G,Dallas Mavericks
2051,Ricky,Ledo,F,Dallas Mavericks
2052,Robbie,Hummel,F,Minnesota Timberwolves
2053,Shabazz,Muhammad,G,Minnesota Timberwolves
2054,Brandon,Davies,G,Philadelphia 76ers
2055,Hollis,Thompson,F,Philadelphia 76ers
2056,Archie,Goodwin,G,Phoenix Suns
2057,Dionte,Christmas,G,Phoenix Suns
2058,Toure',Murry,G,New York Knicks
2059,James,Southerland,,New Orleans Pelicans
2060,Sergey,Karasev,F,Brooklyn Nets
2061,Ray,McCallum,G,Sacramento Kings
2062,Carrick,Felix,G,Cleveland Cavaliers
2063,Chris,Smith,F,New York Knicks
2064,Shane,Larkin,G,Brooklyn Nets
2065,Vander,Blue,C,Boston Celtics
2066,Adonis,Thomas,F,Orlando Magic
2067,Chris,Babb,G,Boston Celtics
2068,Tony,Mitchell,G,Milwaukee Bucks
2069,Justin,Hamilton,C,Brooklyn Nets
2070,Jorge,Gutierrez,G,Brooklyn Nets
2071,Shane,Edwards,F,Cleveland Cavaliers
2072,Casper,Ware,G,Philadelphia 76ers
2073,Scotty,Hopson,F,Oklahoma City Thunder
2074,Willie,Reed,F,Miami Heat
2075,Devyn,Marble,G,Orlando Magic
2076,Tarik,Black,G,Los Angeles Lakers
2077,Kostas,Papanikolaou,G,Houston Rockets
2078,PJ,Hairston,F,Charlotte Hornets
2079,KJ,McDaniels,F,Houston Rockets
2080,JaKarr,Sampson,F,Philadelphia 76ers
2081,Damjan,Rudez,G,Indiana Pacers
2082,Shayne,Whittington,G,Indiana Pacers
2083,Cory,Jefferson,C,Brooklyn Nets
2084,James,Young,G,Boston Celtics
2085,Lucas,Nogueira,C,Toronto Raptors
2086,Jordan,Adams,G,Memphis Grizzlies
2087,Jarnell,Stokes,G,Memphis Grizzlies
2088,Tyler,Ennis,F,Los Angeles Lakers
2089,Cameron,Bairstow,G,Chicago Bulls
2090,Cleanthony,Early,G,New York Knicks
2091,Travis,Wear,F,New York Knicks
2092,Alex,Kirk,G,Cleveland Cavaliers
2093,Zoran,Dragic,F,Miami Heat
2094,Nick,Johnson,F,Houston Rockets
2095,Andre,Dawkins,G,Miami Heat
2096,Russ,Smith,C,Memphis Grizzlies
2097,Patric,Young,G,New Orleans Pelicans
2098,Will,Cherry,F,Cleveland Cavaliers
2099,Bruno,Caboclo,F,Houston Rockets
2100,Kalin,Lucas,C,Memphis Grizzlies
2101,Erick,Green,G,Denver Nuggets
2102,Adreian,Payne,G,Minnesota Timberwolves
2103,Drew,Gordon,G,Philadelphia 76ers
2104,Markel,Brown,G,Brooklyn Nets
2105,CJ,Wilcox,G,LA Clippers
2106,Eric,Moreland,F,Detroit Pistons
2107,Grant,Jerrett,,Oklahoma City Thunder
2108,Ronald,Roberts Jr.,G,Philadelphia 76ers
2109,Damien,Inglis,G,Milwaukee Bucks
2110,Johnny,O'Bryant III,G,Milwaukee Bucks
2111,Mitch,McGary,G,Oklahoma City Thunder
2112,Furkan,Aldemir,F,Philadelphia 76ers
2113,Patrick,Christopher,F,Utah Jazz
2114,Elijah,Millsap,C,Utah Jazz
2115,Larry,Drew II,,Philadelphia 76ers
2116,James,Michael McAdoo,F,Golden State Warriors
2117,David,Stockton,G,Los Angeles Lakers
2118,Joffrey,Lauvergne,G,Denver Nuggets
2119,Jack,Cooley,,Utah Jazz
2120,Bryce,Cotton,G,Utah Jazz
2121,Jerrelle,Benimon,G,Utah Jazz
2122,Jarell,Eddie,G,Washington Wizards
2123,Jabari,Brown,F,Los Angeles Lakers
2124,Sean,Kilpatrick,F,Brooklyn Nets
2125,David,Wear,F,Sacramento Kings
2126,Sim,Bhullar,,Sacramento Kings
2127,Darrun,Hilliard,F,Detroit Pistons
2128,Lamar,Patterson,G,Atlanta Hawks
2129,Sasha,Kaun,G,Cleveland Cavaliers
2130,Tibor,Pleiss,C,Utah Jazz
2131,Rashad,Vaughn,G,Milwaukee Bucks
2132,Aaron,Harrison,G,Charlotte Hornets
2133,Joe,Young,F,Indiana Pacers
2134,Luis,Montero,C,Portland Trail Blazers
2135,Marcelo,Huertas,F,Los Angeles Lakers
2136,Anthony,Brown,F,Los Angeles Lakers
2137,Jordan,Mickey,G,Boston Celtics
2138,Edy,Tavares,F,Atlanta Hawks
2139,RJ,Hunter,F,Boston Celtics
2140,Duje,Dukan,,Sacramento Kings
2141,Cliff,Alexander,,Portland Trail Blazers
2142,Josh,Huestis,G,Oklahoma City Thunder
2143,Branden,Dawson,,LA Clippers
2144,Rakeem,Christmas,G,Indiana Pacers
2145,JJ,O'Brien,G,Utah Jazz
2146,Keith,Appling,F,Orlando Magic
2147,Bryce,Dejean-Jones,G,New Orleans Pelicans
2148,Thanasis,Antetokounmpo,F,Milwaukee Bucks
2149,Chris,McCullough,F,Brooklyn Nets
2150,Alex,Stepheson,G,LA Clippers
2151,Axel,Toupane,F,Denver Nuggets
2152,Briante,Weber,G,Houston Rockets
2153,Coty,Clarke,,Boston Celtics
2154,Xavier,Munford,,Memphis Grizzlies
2155,John,Holland,G,Cleveland Cavaliers
2156,Mindaugas,Kuzminskas,F,New York Knicks
2157,Nicolas,Laprovittola,G,San Antonio Spurs
2158,Patrick,McCaw,C,Toronto Raptors
2159,Joel,Bolomboy,G,Utah Jazz
2160,Isaiah,Whitehead,G,Brooklyn Nets
2161,Kyle,Wiltjer,F,Houston Rockets
2162,Deyonta,Davis,G,Memphis Grizzlies
2163,Michael,Gbinije,G,Detroit Pistons
2164,Semaj,Christon,F,Oklahoma City Thunder
2165,Nicolas,Brussino,G,Dallas Mavericks
2166,Paul,Zipser,F,Chicago Bulls
2167,Diamond,Stone,F,LA Clippers
2168,Daniel,Ochefu,G,Washington Wizards
2169,Sheldon,Mac,G,Washington Wizards
2170,Malcolm,Delaney,G,Atlanta Hawks
2171,AJ,Hammons,G,Dallas Mavericks
2172,Kay,Felder,G,Cleveland Cavaliers
2173,Stephen,Zimmerman,F,Los Angeles Lakers
2174,Maurice,Ndour,F,New York Knicks
2175,Danuel,House Jr.,F,Philadelphia 76ers
2176,Georgios,Papagiannis,C,Sacramento Kings
2177,Tim,Quarterman,,Portland Trail Blazers
2178,Jonathan,Gibson,G,Dallas Mavericks
2179,Marshall,Plumlee,C,New York Knicks
2180,Chinanu,Onuaku,G,Houston Rockets
2181,Pierre,Jackson,G,Dallas Mavericks
2182,Okaro,White,F,Washington Wizards
2183,Mike,Tobey,F,Charlotte Hornets
2184,Marcus,Georges-Hunt,F,Minnesota Timberwolves
2185,Brice,Johnson,,LA Clippers
2186,Ben,Bentil,F,Dallas Mavericks
2187,Shawn,Long,G,Philadelphia 76ers
2188,Jarrod,Uthoff,,Dallas Mavericks
2189,Gary,Payton II,G,Golden State Warriors
2190,Isaiah,Taylor,,Atlanta Hawks
2191,Patricio,Garino,C,Orlando Magic
2192,Charles,Cooke,,New Orleans Pelicans
2193,Jalen,Jones,,Cleveland Cavaliers
2194,Josh,Magette,F,Atlanta Hawks
2195,Alec,Peters,,Phoenix Suns
2196,Mike,James,,Phoenix Suns
2197,Matt,Williams Jr.,,Miami Heat
2198,Brandon,Paul,G,San Antonio Spurs
2199,Dakari,Johnson,,Oklahoma City Thunder
2200,Mike,Young,,Washington Wizards
2201,Gian,Clavell,,Dallas Mavericks
2202,Kobi,Simmons,,Memphis Grizzlies
2203,Mangok,Mathiang,,Charlotte Hornets
2204,Marcus,Paige,F,Charlotte Hornets
2205,Jawun,Evans,G,LA Clippers
2206,Matt,Costello,F,San Antonio Spurs
2207,Jacob,Wiley,F,Brooklyn Nets
2208,Derrick,Walton Jr.,,Detroit Pistons
2209,Vincent,Hunter,F,Memphis Grizzlies
2210,Jamil,Wilson,G,LA Clippers
2211,Antonius,Cleveland,,Dallas Mavericks
2212,Jacob,Pullen,,Philadelphia 76ers
2213,London,Perrantes,,Cleveland Cavaliers
2214,Yakuba,Ouattara,,Brooklyn Nets
2215,Malcolm,Miller,F,Toronto Raptors
2216,Kadeem,Allen,,New York Knicks
2217,Jamel,Artis,,Orlando Magic
2218,Kyle,Collinsworth,C,Dallas Mavericks
2219,Milton,Doyle,F,Brooklyn Nets
2220,Reggie,Hearn,,Detroit Pistons
2221,Nigel,Hayes,F,Phoenix Suns
2222,Myke,Henry,,Memphis Grizzlies
2223,Ben,Moore,,Indiana Pacers
2224,James,Webb III,G,Brooklyn Nets
2225,Josh,Gray,,Phoenix Suns
2226,Erik,McCree,,Utah Jazz
2227,Andrew,White III,,Atlanta Hawks
2228,Trey,McKinney-Jones,,Indiana Pacers
2229,Walter,Lemon Jr.,,Chicago Bulls
2230,Xavier,Rathan-Mayes,,Memphis Grizzlies
2231,Rodney,Purvis,,Orlando Magic
2232,Jameel,Warney,G,Dallas Mavericks
2233,Omari,Johnson,F,Memphis Grizzlies
2234,Andre,Ingram,,Los Angeles Lakers
2235,Aaron,Jackson,,Houston Rockets
2236,Brian,Taylor,,LA Clippers
2237,Freeman,Williams,,LA Clippers
2238,Jerome,Whitehead,,Golden State Warriors
2239,Joe,Bryant,,Philadelphia 76ers
2240,Nick,Weatherspoon,,Washington Wizards
2241,Sidney,Wicks,,Portland Trail Blazers
2242,Swen,Nater,,LA Clippers
2243,World,Free,,Cleveland Cavaliers
2244,Don,Ford,,Los Angeles Lakers
2245,Jamaal,Wilkes,,Los Angeles Lakers
2246,Jim,Chones,,Cleveland Cavaliers
2247,Kareem,Abdul-Jabbar,,Los Angeles Lakers
2248,Michael,Cooper,,Los Angeles Lakers
2249,Norm,Nixon,,Los Angeles Lakers
2250,Ron,Boone,,Sacramento Kings
2251,Spencer,Haywood,,Oklahoma City Thunder
2252,Cedric,Maxwell,,Boston Celtics
2253,Chris,Ford,,Detroit Pistons
2254,Dave,Cowens,,Boston Celtics
2255,Don,Chaney,,Boston Celtics
2256,Eric,Fernsten,,Boston Celtics
2257,Jeff,Judkins,,Boston Celtics
2258,M.L.,Carr,,Boston Celtics
2259,Nate,Archibald,,Sacramento Kings
2260,Rick,Robey,,Boston Celtics
2261,Calvin,Murphy,,Houston Rockets
2262,Dwight,Jones,,Chicago Bulls
2263,Major,Jones,,Houston Rockets
2264,Mike,Dunleavy,,Houston Rockets
2265,Rick,Barry,,Golden State Warriors
2266,Rudy,Tomjanovich,,Houston Rockets
2267,Rudy,White,,Houston Rockets
2268,Tom,Henderson,,Houston Rockets
2269,Bob,Dandridge,,Milwaukee Bucks
2270,Elvin,Hayes,,Washington Wizards
2271,Greg,Ballard,,Washington Wizards
2272,Kevin,Grevey,,Washington Wizards
2273,Kevin,Porter,,Washington Wizards
2274,Larry,Wright,,Washington Wizards
2275,Roger,Phegley,,San Antonio Spurs
2276,Wes,Unseld,,Washington Wizards
2277,Bobby,Jones,,Philadelphia 76ers
2278,Caldwell,Jones,,Philadelphia 76ers
2279,Darryl,Dawkins,,Philadelphia 76ers
2280,Doug,Collins,,Philadelphia 76ers
2281,Eric,Money,,Detroit Pistons
2282,Henry,Bibby,,Philadelphia 76ers
2283,Julius,Erving,,Philadelphia 76ers
2284,Steve,Mix,,Philadelphia 76ers
2285,Armond,Hill,,Atlanta Hawks
2286,Charlie,Criss,,Atlanta Hawks
2287,Dan,Roundfield,,Atlanta Hawks
2288,Eddie,Johnson,,Atlanta Hawks
2289,Jack,Givens,,Atlanta Hawks
2290,John,Drew,,Atlanta Hawks
2291,Ron,Lee,,Phoenix Suns
2292,Steve,Hawes,,Atlanta Hawks
2293,Terry,Furlow,,Cleveland Cavaliers
2294,Tom,McMillen,,Atlanta Hawks
2295,Geoff,Huston,,Cleveland Cavaliers
2296,Hollis,Copeland,,New York Knicks
2297,Jim,Cleamons,,Cleveland Cavaliers
2298,Joe,Meriweather,,Sacramento Kings
2299,Larry,Demic,,New York Knicks
2300,Micheal,Ray Richardson,,New York Knicks
2301,Mike,Glenn,,Atlanta Hawks
2302,Ray,Williams,,New York Knicks
2303,Sly,Williams,,New York Knicks
2304,Toby,Knight,,New York Knicks
2305,Abdul,Jeelani,,Portland Trail Blazers
2306,Jim,Brewer,,Cleveland Cavaliers
2307,Jim,Paxson,,Portland Trail Blazers
2308,Kermit,Washington,,Los Angeles Lakers
2309,Kevin,Kunnert,,Houston Rockets
2310,Larry,Steele,,Portland Trail Blazers
2311,Lionel,Hollins,,Portland Trail Blazers
2312,Ron,Brewer,,Portland Trail Blazers
2313,Tom,Owens,,Portland Trail Blazers
2314,Allan,Bristow,,San Antonio Spurs
2315,Ben,Poquette,,Utah Jazz
2316,Don,Williams,,Utah Jazz
2317,Greg,Deane,,Utah Jazz
2318,James,Hardy,,Utah Jazz
2319,John,Gianelli,,New York Knicks
2320,Paul,Dawkins,,Utah Jazz
2321,Pete,Maravich,,Utah Jazz
2322,Robert,Smith,,Denver Nuggets
2323,Bob,Lanier,,Detroit Pistons
2324,Bob,McAdoo,,LA Clippers
2325,Greg,Kelser,,Oklahoma City Thunder
2326,Jim,McElroy,,Utah Jazz
2327,John,Shumate,,LA Clippers
2328,Leon,Douglas,,Detroit Pistons
2329,Phil,Hubbard,,Cleveland Cavaliers
2330,Roylee,Hamilton,,Detroit Pistons
2331,Terry,Duerod,,Detroit Pistons
2332,Terry,Tyler,,Detroit Pistons
2333,Billy,Knight,,Indiana Pacers
2334,Clemon,Johnson,,Indiana Pacers
2335,Dudley,Bradley,,Indiana Pacers
2336,Johnny,Davis,,Indiana Pacers
2337,Mickey,Johnson,,Chicago Bulls
2338,Mike,Bantom,,Indiana Pacers
2339,Tony,Zeno,,Indiana Pacers
2340,Calvin,Natt,,Portland Trail Blazers
2341,Eddie,Jordan,,Brooklyn Nets
2342,George,Johnson,,Golden State Warriors
2343,Jan,Van Breda Kolff,,Brooklyn Nets
2344,John,Williamson,,Brooklyn Nets
2345,Ralph,Simpson,,Detroit Pistons
2346,Rich,Kelley,,Utah Jazz
2347,Bill,Willoughby,,Houston Rockets
2348,Bingo,Smith,,Cleveland Cavaliers
2349,Campy,Russell,,Cleveland Cavaliers
2350,Dave,Robisch,,Denver Nuggets
2351,Earl,Tatum,,Los Angeles Lakers
2352,John,Lambert,,Cleveland Cavaliers
2353,Kenny,Carr,,Portland Trail Blazers
2354,Mike,Mitchell,,San Antonio Spurs
2355,Randy,Smith,,LA Clippers
2356,Willie,Smith,,Cleveland Cavaliers
2357,Alvan,Adams,,Phoenix Suns
2358,Alvin,Scott,,Phoenix Suns
2359,Don,Buse,,Phoenix Suns
2360,Garfield,Heard,,Phoenix Suns
2361,Jeff,Cook,,Phoenix Suns
2362,Joel,Kramer,,Phoenix Suns
2363,Johnny,High,,Phoenix Suns
2364,Mike,Bratz,,Phoenix Suns
2365,Paul,Westphal,,Phoenix Suns
2366,Truck,Robinson,,Phoenix Suns
2367,Clifford,Ray,,Golden State Warriors
2368,John,Coughran,,Golden State Warriors
2369,John,Lucas,,Houston Rockets
2370,Jojo,White,,Boston Celtics
2371,Purvis,Short,,Golden State Warriors
2372,Raymond,Townsend,,Golden State Warriors
2373,Sonny,Parker,,Golden State Warriors
2374,Thomas,Wilson,,Golden State Warriors
2375,Tom,Abernethy,,Golden State Warriors
2376,Bill,Robinzine,,Sacramento Kings
2377,Billy,McKinney,,Denver Nuggets
2378,Ernie,Grunfeld,,New York Knicks
2379,Marlon,Redmond,,Sacramento Kings
2380,Mike,Green,,San Antonio Spurs
2381,Otis,Birdsong,,Brooklyn Nets
2382,Phil,Ford,,Sacramento Kings
2383,Reggie,King,,Sacramento Kings
2384,Sam,Lacey,,Sacramento Kings
2385,Scott,Wedman,,Sacramento Kings
2386,Brian,Winters,,Milwaukee Bucks
2387,Dave,Meyers,,Milwaukee Bucks
2388,Harvey,Catchings,,Milwaukee Bucks
2389,Junior,Bridgeman,,Milwaukee Bucks
2390,Kent,Benson,,Detroit Pistons
2391,Lloyd,Walton,,Milwaukee Bucks
2392,Marques,Johnson,,Milwaukee Bucks
2393,Quinn,Buckner,,Milwaukee Bucks
2394,Richard,Washington,,Sacramento Kings
2395,Alonzo,Bradley,,Houston Rockets
2396,Anthony,Roberts,,Denver Nuggets
2397,Bo,Ellis,,Denver Nuggets
2398,Bob,Wilkerson,,Denver Nuggets
2399,Charlie,Scott,,Phoenix Suns
2400,Dan,Issel,,Denver Nuggets
2401,David,Thompson,,Denver Nuggets
2402,Gary,Garland,,Denver Nuggets
2403,George,McGinnis,,Philadelphia 76ers
2404,John,Roche,,Denver Nuggets
2405,Kim,Hughes,,Denver Nuggets
2406,Austin,Carr,,Cleveland Cavaliers
2407,Walt,Frazier,,New York Knicks
2408,Billy,Paultz,,San Antonio Spurs
2409,George,Gervin,,San Antonio Spurs
2410,Irv,Kiffin,,San Antonio Spurs
2411,James,Silas,,San Antonio Spurs
2412,Kevin,Restani,,Milwaukee Bucks
2413,Larry,Kenon,,San Antonio Spurs
2414,Mark,Olberding,,San Antonio Spurs
2415,Mike,Evans,,Denver Nuggets
2416,Mike,Gale,,San Antonio Spurs
2417,Paul,Griffin,,San Antonio Spurs
2418,Gus,Bailey,,Houston Rockets
2419,Phil,Chenier,,Washington Wizards
2420,Artis,Gilmore,,Chicago Bulls
2421,Coby,Dietrick,,San Antonio Spurs
2422,Del,Beshore,,Chicago Bulls
2423,Mark,Landsberger,,Los Angeles Lakers
2424,Ollie,Johnson,,Sacramento Kings
2425,Ricky,Sobers,,Chicago Bulls
2426,Scott,May,,Chicago Bulls
2427,Corky,Calhoun,,Phoenix Suns
2428,Stan,Pietkiewicz,,LA Clippers
2429,Dennis,Johnson,,Boston Celtics
2430,Fred,Brown,,Oklahoma City Thunder
2431,Gus,Williams,,Oklahoma City Thunder
2432,James,Bailey,,Oklahoma City Thunder
2433,John,Johnson,,Oklahoma City Thunder
2434,Lonnie,Shelton,,Oklahoma City Thunder
2435,Paul,Silas,,Atlanta Hawks
2436,Tom,LaGarde,,Dallas Mavericks
2437,Roger,Brown,,Detroit Pistons
2438,Sammy,Smith,,Chicago Bulls
2439,Tom,Boswell,,Boston Celtics
2440,Wally,Walker,,Oklahoma City Thunder
2441,Mike,Newlin,,Houston Rockets
2442,Tim,Bassett,,Brooklyn Nets
2443,Winford,Boynes,,Brooklyn Nets
2444,Bernard,Toone,,Philadelphia 76ers
2445,Jim,Spanarkel,,Dallas Mavericks
2446,Gus,Gerard,,Sacramento Kings
2447,Brad,Holland,,Los Angeles Lakers
2448,Bob,Carrington,,Brooklyn Nets
2449,Dennis,Awtrey,,Phoenix Suns
2450,Joey,Hassett,,Oklahoma City Thunder
2451,Foots,Walker,,Cleveland Cavaliers
2452,Dave,Twardzik,,Portland Trail Blazers
2453,Wiley,Peck,,San Antonio Spurs
2454,John,Kuester,,Sacramento Kings
2455,George,Johnson,,Indiana Pacers
2456,Allen,Leavell,,Houston Rockets
2457,Clint,Richardson,,Philadelphia 76ers
2458,Maurice,Lucas,,Portland Trail Blazers
2459,Marty,Byrnes,,Indiana Pacers
2460,Ollie,Mack,,Dallas Mavericks
2461,Bob,Elliott,,Brooklyn Nets
2462,Earl,Evans,,Detroit Pistons
2463,John,Mengelt,,Detroit Pistons
2464,Bob,Gross,,Portland Trail Blazers
2465,Steve,Malovic,,LA Clippers
2466,Andre,Wakefield,,Detroit Pistons
2467,John,Brown,,Atlanta Hawks
2468,Terry,Crosby,,Sacramento Kings
2469,Ron,Carter,,Los Angeles Lakers
2470,John,Olive,,LA Clippers
2471,Tom,Burleson,,Oklahoma City Thunder
2472,Mitch,Kupchak,,Washington Wizards
2473,Mack,Calvin,,Denver Nuggets
2474,Len,Elmore,,Brooklyn Nets
2475,Glen,Gondrezick,,Denver Nuggets
2476,Sam,Pellom,,Atlanta Hawks
2477,Earl,Monroe,,New York Knicks
2478,Darnell,Hillman,,Indiana Pacers
2479,Phil,Smith,,Golden State Warriors
2480,Sylvester,Norris,,San Antonio Spurs
2481,Rick,Wilson,,Atlanta Hawks
2482,Jackie,Robinson,,Oklahoma City Thunder
2483,Al,Skinner,,Brooklyn Nets
2484,Bill,Walton,,Portland Trail Blazers
2485,Butch,Lee,,Atlanta Hawks
2486,Marvin,Barnes,,LA Clippers
2487,Phil,Jackson,,New York Knicks
2488,Billyray,Bates,,Portland Trail Blazers
2489,Marvin,Webster,,New York Knicks
2490,Harry,Davis,,Cleveland Cavaliers
2491,Arvid,Kramer,,Denver Nuggets
2492,Lawrence,Boston,,Washington Wizards
2493,Lynbert,Johnson,,Golden State Warriors
2494,Ron,Behagen,,Sacramento Kings
2495,Carl,Kilpatrick,,Utah Jazz
2496,Carl,Nicks,,Utah Jazz
2497,Cedrick,Hordges,,Denver Nuggets
2498,Kenny,Higgs,,Denver Nuggets
2499,Johnny,Moore,,San Antonio Spurs
2500,Reggie,Johnson,,San Antonio Spurs
2501,Kyle,Macy,,Phoenix Suns
2502,Mike,Niles,,Phoenix Suns
2503,Billy,Reid,,Golden State Warriors
2504,Lorenzo,Romar,,Golden State Warriors
2505,Rickey,Brown,,Golden State Warriors
2506,Alan,Hardy,,Detroit Pistons
2507,Darwin,Cook,,Brooklyn Nets
2508,Mike,O'Koren,,Brooklyn Nets
2509,Jerry,Sichting,,Indiana Pacers
2510,Louis,Orr,,New York Knicks
2511,Mike,Harper,,Portland Trail Blazers
2512,Michael,Brooks,,LA Clippers
2513,Calvin,Garrett,,Houston Rockets
2514,Keith,Herron,,Detroit Pistons
2515,Tony,Fuller,,Detroit Pistons
2516,Wayne,Robinson,,Detroit Pistons
2517,Wes,Matthews,,Atlanta Hawks
2518,Charles,Whitney,,Sacramento Kings
2519,Brett,Vroman,,Utah Jazz
2520,John,Duren,,Utah Jazz
2521,Craig,Shelton,,Atlanta Hawks
2522,Don,Collins,,Washington Wizards
2523,James,Wilkes,,Chicago Bulls
2524,Sam,Worthen,,Chicago Bulls
2525,Chad,Kinch,,Cleveland Cavaliers
2526,Walter,Jordan,,Cleveland Cavaliers
2527,Lowes,Moore,,Brooklyn Nets
2528,Darrell,Allums,,Dallas Mavericks
2529,Ralph,Drollinger,,Dallas Mavericks
2530,Reggie,Carter,,New York Knicks
2531,Butch,Carter,,Indiana Pacers
2532,Lee,Johnson,,Houston Rockets
2533,Kelvin,Ransey,,Brooklyn Nets
2534,Bill,Hanzlik,,Denver Nuggets
2535,Dewayne,Scales,,New York Knicks
2536,Art,Collins,,Atlanta Hawks
2537,Kenny,Natt,,Utah Jazz
2538,Wally,Rank,,LA Clippers
2539,Monti,Davis,,Dallas Mavericks
2540,Carlos,Terry,,Washington Wizards
2541,Jamesearl,Ray,,Denver Nuggets
2542,Ronnie,Lester,,Chicago Bulls
2543,Tony,Price,,LA Clippers
2544,Wayne,Kreklow,,Boston Celtics
2545,Andrew,Toney,,Philadelphia 76ers
2546,Scott,Lloyd,,Dallas Mavericks
2547,Ron,Davis,,LA Clippers
2548,Tony,Jackson,,Los Angeles Lakers
2549,Dick,Miller,,Indiana Pacers
2550,Myles,Patrick,,Los Angeles Lakers
2551,Edgar,Jones,,San Antonio Spurs
2552,Michael,Wiley,,LA Clippers
2553,Ron,Valentine,,Denver Nuggets
2554,Jeff,Wilkins,,Utah Jazz
2555,John,Stroud,,Houston Rockets
2556,Norman,Black,,Detroit Pistons
2557,David,Britton,,Washington Wizards
2558,Keith,McCord,,Washington Wizards
2559,Andre,McCarter,,Sacramento Kings
2560,Lewis,Brown,,Washington Wizards
2561,Mel,Bennett,,Indiana Pacers
2562,Frankie,Sanders,,Boston Celtics
2563,Jacky,Dorsey,,Oklahoma City Thunder
2564,Ed,Lawrence,,Detroit Pistons
2565,Jeffrey,Crompton,,Milwaukee Bucks
2566,Clarence,Kea,,Dallas Mavericks
2567,Bill,Mayfield,,Golden State Warriors
2568,Peter,Verhoeven,,Portland Trail Blazers
2569,Franklin,Edwards,,Philadelphia 76ers
2570,Mickey,Dillard,,Cleveland Cavaliers
2571,Roger,Burkman,,Chicago Bulls
2572,Joe,Cooper,,LA Clippers
2573,Ray,Tolbert,,Oklahoma City Thunder
2574,Charles,Bradley,,Boston Celtics
2575,Tracy,Jackson,,Chicago Bulls
2576,Charlie,Davis,,Washington Wizards
2577,Garry,Witts,,Washington Wizards
2578,Kevin,Loder,,Sacramento Kings
2579,Gene,Banks,,San Antonio Spurs
2580,Bobby,Cattage,,Utah Jazz
2581,Howard,Wood,,Utah Jazz
2582,Elston,Turner,,Denver Nuggets
2583,Jay,Vincent,,Dallas Mavericks
2584,Kevin,McKenna,,Brooklyn Nets
2585,Hank,McDowell,,LA Clippers
2586,Samuel,Williams,,Golden State Warriors
2587,Danny,Vranes,,Oklahoma City Thunder
2588,Ed,Rains,,San Antonio Spurs
2589,Rudy,Macklin,,Atlanta Hawks
2590,Jim,Smith,,LA Clippers
2591,John,Douglas,,LA Clippers
2592,Jeff,Lamp,,Portland Trail Blazers
2593,Alex,Bradley,,New York Knicks
2594,Ray,Blume,,Chicago Bulls
2595,Mike,McGee,,Los Angeles Lakers
2596,Craig,Dykema,,Phoenix Suns
2597,John,McCullough,,Phoenix Suns
2598,David,Burns,,Denver Nuggets
2599,Kurt,Nimphius,,Dallas Mavericks
2600,Lewis,Lloyd,,Houston Rockets
2601,Jim,Brogan,,LA Clippers
2602,Glenn,Hagan,,Detroit Pistons
2603,Petur,Gudmundsson,,San Antonio Spurs
2604,Mark,Radford,,Oklahoma City Thunder
2605,Al,Wood,,Oklahoma City Thunder
2606,Kevin,Stacom,,Boston Celtics
2607,Steve,Hayes,,Cleveland Cavaliers
2608,Kenny,Dennard,,Sacramento Kings
2609,Rich,Yonakor,,San Antonio Spurs
2610,Larry,Spriggs,,Los Angeles Lakers
2611,Brad,Branson,,Indiana Pacers
2612,Clay,Johnson,,Los Angeles Lakers
2613,Carl,Bailey,,Portland Trail Blazers
2614,Rock,Lee,,LA Clippers
2615,Edmund,Sherod,,New York Knicks
2616,Eddie,Phillips,,Brooklyn Nets
2617,Richard,Anderson,,Portland Trail Blazers
2618,David,Thirdkill,,Boston Celtics
2619,Rory,White,,LA Clippers
2620,Jerry,Eaves,,Utah Jazz
2621,Brook,Steppe,,Sacramento Kings
2622,Audie,Norris,,Portland Trail Blazers
2623,Bruce,Flowers,,Cleveland Cavaliers
2624,Dave,Magley,,Cleveland Cavaliers
2625,Darren,Tillis,,Golden State Warriors
2626,Jeff,Taylor,,Houston Rockets
2627,Chris,Engler,,Golden State Warriors
2628,Clark,Kellogg,,Indiana Pacers
2629,Bryan,Warrick,,Washington Wizards
2630,Rob,Williams,,Denver Nuggets
2631,Bill,Garnett,,Dallas Mavericks
2632,Vince,Taylor,,New York Knicks
2633,Marc,Iavaroni,,Utah Jazz
2634,Mitchell,Anderson,,Utah Jazz
2635,Russ,Schoene,,Oklahoma City Thunder
2636,Dave,Batton,,Washington Wizards
2637,Rickey,Williams,,Utah Jazz
2638,Walker,Russell,,Detroit Pistons
2639,Jim,Zoet,,Detroit Pistons
2640,Keith,Edmonson,,San Antonio Spurs
2641,Steve,Lingenfelter,,Washington Wizards
2642,Guy,Morgan,,Indiana Pacers
2643,Jose,Slaughter,,Indiana Pacers
2644,Linton,Townes,,Portland Trail Blazers
2645,Jim,Johnstone,,Detroit Pistons
2646,Oliver,Robinson,,San Antonio Spurs
2647,Willie,Jones,,LA Clippers
2648,Corny,Thompson,,Dallas Mavericks
2649,Dwight,Anderson,,Denver Nuggets
2650,John,Cox,,Washington Wizards
2651,Charlie,Pittman,,Phoenix Suns
2652,John,Greig,,Oklahoma City Thunder
2653,Joe,Kopicki,,Washington Wizards
2654,Michael,Davis,,New York Knicks
2655,Moses,Malone,,San Antonio Spurs
2656,Howard,Carter,,Denver Nuggets
2657,Bruce,Kuczenski,,Brooklyn Nets
2658,John,Pinone,,Atlanta Hawks
2659,Darren,Daye,,Washington Wizards
2660,Mike,Wilson,,Brooklyn Nets
2661,Scooter,McCray,,Oklahoma City Thunder
2662,Pace,Mannion,,Utah Jazz
2663,Paul,Thompson,,Cleveland Cavaliers
2664,Granville,Waiters,,Indiana Pacers
2665,Leroy,Combs,,Indiana Pacers
2666,Sidney,Lowe,,Minnesota Timberwolves
2667,Steve,Stipanovich,,Indiana Pacers
2668,Kevin,Williams,,Oklahoma City Thunder
2669,John,Garris,,Cleveland Cavaliers
2670,Stewart,Granger,,Cleveland Cavaliers
2671,Carlos,Clark,,Boston Celtics
2672,Leo,Rautins,,Philadelphia 76ers
2673,Rod,Foster,,Phoenix Suns
2674,Dane,Suttle,,Sacramento Kings
2675,Darrell,Lockhart,,San Antonio Spurs
2676,Mark,Jones,,Brooklyn Nets
2677,Larry,Micheaux,,Houston Rockets
2678,Mike,Gibson,,Detroit Pistons
2679,Ken,Austin,,Detroit Pistons
2680,Tom,Piotrowski,,Portland Trail Blazers
2681,Russell,Cross,,Golden State Warriors
2682,Wallace,Bryant,,Dallas Mavericks
2683,Bob,Miller,,San Antonio Spurs
2684,Brant,Weidner,,San Antonio Spurs
2685,Cory,Blackwell,,Oklahoma City Thunder
2686,Mel,Turpin,,Cleveland Cavaliers
2687,Chuck,Aleksinas,,Golden State Warriors
2688,Othell,Wilson,,Golden State Warriors
2689,Peter,Thibeaux,,Golden State Warriors
2690,Michael,Holton,,Portland Trail Blazers
2691,Wayne,Sappleton,,Brooklyn Nets
2692,Tom,Sewell,,Washington Wizards
2693,Kenny,Fields,,Milwaukee Bucks
2694,Devin,Durrant,,Indiana Pacers
2695,Ozell,Jones,,San Antonio Spurs
2696,Lancaster,Gordon,,LA Clippers
2697,Bernard,Thompson,,Phoenix Suns
2698,Charles,Jones,,Phoenix Suns
2699,Tom,Scheffler,,Portland Trail Blazers
2700,Willie,White,,Denver Nuggets
2701,Guy,Williams,,Washington Wizards
2702,Charlie,Sitton,,Dallas Mavericks
2703,Terence,Stansbury,,Indiana Pacers
2704,Rick,Carlisle,,Boston Celtics
2705,Dale,Wilkinson,,LA Clippers
2706,Jay,Murphy,,LA Clippers
2707,Tom,Sluby,,Dallas Mavericks
2708,Earl,Jones,,Milwaukee Bucks
2709,Ralph,Jackson,,Indiana Pacers
2710,Ron,Cavenall,,New York Knicks
2711,John,Schweitz,,Oklahoma City Thunder
2712,Michael,Young,,LA Clippers
2713,David,Pope,,Sacramento Kings
2714,Kent,Edelin,,Indiana Pacers
2715,Butch,Graves,,Cleveland Cavaliers
2716,Dirk,Minniefield,,Cleveland Cavaliers
2717,Lorenzo,Charles,,Atlanta Hawks
2718,Perry,Moss,,Golden State Warriors
2719,Carey,Scurry,,Utah Jazz
2720,Steve,Harris,,Houston Rockets
2721,Carl,Henry,,Sacramento Kings
2722,David,Cooke,,Sacramento Kings
2723,Ron,Crevier,,Detroit Pistons
2724,Bill,Martin,,Indiana Pacers
2725,Dwayne,McClain,,Indiana Pacers
2726,Yvon,Joseph,,Brooklyn Nets
2727,Uwe,Blab,,Dallas Mavericks
2728,Mike,Phelps,,Oklahoma City Thunder
2729,Alfredrick,Hughes,,San Antonio Spurs
2730,Ken,Johnson,,Portland Trail Blazers
2731,Pete,Williams,,Denver Nuggets
2732,Kenny,Green,,Philadelphia 76ers
2733,Brian,Martin,,Portland Trail Blazers
2734,Mike,Brittain,,San Antonio Spurs
2735,Fred,Cofield,,New York Knicks
2736,Georgi,Glouchkov,,Phoenix Suns
2737,Greg,Stokes,,Philadelphia 76ers
2738,Voise,Winters,,Philadelphia 76ers
2739,Keith,Lee,,Cleveland Cavaliers
2740,Harold,Keeling,,Dallas Mavericks
2741,Claude,Gregory,,LA Clippers
2742,Jeff,Cross,,LA Clippers
2743,Chris,McNealy,,New York Knicks
2744,Ben,McDonald,,Golden State Warriors
2745,Jerome,Henderson,,Milwaukee Bucks
2746,Derrick,Rowland,,Milwaukee Bucks
2747,Nick,Vanos,,Phoenix Suns
2748,Ken,Green,,New York Knicks
2749,Myron,Jackson,,Dallas Mavericks
2750,Mo,Martin,,Denver Nuggets
2751,Anthony,Jones,,Dallas Mavericks
2752,Fernando,Martin,,Portland Trail Blazers
2753,Walter,Berry,,San Antonio Spurs
2754,Keith,Smith,,Milwaukee Bucks
2755,Dwayne,Washington,,Brooklyn Nets
2756,Mckinley,Singleton,,New York Knicks
2757,Grant,Gondrezick,,Phoenix Suns
2758,Chris,Washburn,,Golden State Warriors
2759,Bruce,Douglas,,Sacramento Kings
2760,Johnny,Rogers,,Sacramento Kings
2761,Cedric,Henderson,,Atlanta Hawks
2762,Conner,Henry,,Boston Celtics
2763,Dwayne,Polee,,LA Clippers
2764,Steffond,Johnson,,LA Clippers
2765,Adrian,Branch,,Portland Trail Blazers
2766,Harold,Pressley,,Sacramento Kings
2767,Forrest,McKenzie,,San Antonio Spurs
2768,Curtis,Kitchen,,Oklahoma City Thunder
2769,Jim,Lampley,,Philadelphia 76ers
2770,Dennis,Nutt,,Dallas Mavericks
2771,Cozell,McQueen,,Detroit Pistons
2772,Perry,Young,,Chicago Bulls
2773,Kevin,Henderson,,Golden State Warriors
2774,Joe,Binion,,Portland Trail Blazers
2775,Ron,Rowan,,Portland Trail Blazers
2776,Brad,Wright,,New York Knicks
2777,Ralph,Lewis,,Detroit Pistons
2778,John,Stroeder,,Milwaukee Bucks
2779,Nikita,Wilson,,Portland Trail Blazers
2780,Dallas,Comegys,,Brooklyn Nets
2781,Jamie,Waller,,Brooklyn Nets
2782,Andre,Moore,,Denver Nuggets
2783,Martin,Nessley,,LA Clippers
2784,Norris,Coleman,,LA Clippers
2785,Chris,Welp,,Philadelphia 76ers
2786,Nate,Blackwell,,San Antonio Spurs
2787,Joe,Arlauckas,,Sacramento Kings
2788,Michael,Jackson,,Sacramento Kings
2789,Clinton,Wheeler,,Indiana Pacers
2790,Ron,Moore,,Detroit Pistons
2791,Tony,White,,Golden State Warriors
2792,Kannard,Johnson,,Cleveland Cavaliers
2793,Winston,Crite,,Phoenix Suns
2794,Rickie,Winslow,,Milwaukee Bucks
2795,Brian,Rowsom,,Charlotte Hornets
2796,Billy,Donovan,,New York Knicks
2797,Ronnie,Murphy,,Portland Trail Blazers
2798,Scott,Roth,,Minnesota Timberwolves
2799,Ricky,Wilson,,San Antonio Spurs
2800,Dave,Henderson,,Philadelphia 76ers
2801,Phil,Zevenbergen,,San Antonio Spurs
2802,Eddie,Hughes,,Denver Nuggets
2803,Eric,White,,LA Clippers
2804,Mark,Wade,,Golden State Warriors
2805,Richard,Rellford,,San Antonio Spurs
2806,Richard,Morton,,Indiana Pacers
2807,Mark,Davis,,Milwaukee Bucks
2808,Wayne,Englestad,,Denver Nuggets
2809,Rolando,Ferreira,,Portland Trail Blazers
2810,Dominic,Pressley,,Washington Wizards
2811,Anthony,Taylor,,Miami Heat
2812,Sylvester,Gray,,Miami Heat
2813,Ben,Gillery,,Sacramento Kings
2814,Ricky,Berry,,Sacramento Kings
2815,Ramon,Rivas,,Boston Celtics
2816,Keith,Smart,,San Antonio Spurs
2817,Shelton,Jones,,Philadelphia 76ers
2818,Jose,Ortiz,,Utah Jazz
2819,Fennis,Dembo,,Detroit Pistons
2820,Todd,Mitchell,,Miami Heat
2821,Robert,Lock,,LA Clippers
2822,Michael,Anderson,,San Antonio Spurs
2823,Bill,Jones,,Brooklyn Nets
2824,Jim,Rowinski,,Miami Heat
2825,Mike,Champion,,Oklahoma City Thunder
2826,Randy,Allen,,Sacramento Kings
2827,Orlando,Graham,,Golden State Warriors
2828,Robert,Rose,,LA Clippers
2829,Barry,Sumpter,,LA Clippers
2830,Terry,Dozier,,Charlotte Hornets
2831,Ed,Horton,,Washington Wizards
2832,Torgeir,Bryn,,LA Clippers
2833,Jay,Taylor,,Brooklyn Nets
2834,Stanley,Brundy,,Brooklyn Nets
2835,Dyron,Nix,,Indiana Pacers
2836,Leonard,Taylor,,Golden State Warriors
2837,Steve,Bucknall,,Los Angeles Lakers
2838,Eric,Johnson,,Utah Jazz
2839,Mel,McCants,,Los Angeles Lakers
2840,Gary,Voce,,Cleveland Cavaliers
2841,Nate,Johnston,,Portland Trail Blazers
2842,Jeff,Lebo,,San Antonio Spurs
2843,Zarko,Paspalj,,San Antonio Spurs
2844,Dexter,Shouse,,Philadelphia 76ers
2845,Mike,Morrison,,Phoenix Suns
2846,Doug,Roth,,Washington Wizards
2847,Mike,Williams,,Sacramento Kings
2848,Jay,Edwards,,LA Clippers
2849,Raymond,Brown,,Utah Jazz
2850,Dee,Brown,,Boston Celtics
2851,Larry,Bird,,Boston Celtics
2852,Reggie,Lewis,,Boston Celtics
2853,Ed,Pinckney,,Boston Celtics
2854,Kevin,McHale,,Boston Celtics
2855,Joe,Kleine,,Boston Celtics
2856,Kevin,Gamble,,Boston Celtics
2857,Brian,Shaw,,Los Angeles Lakers
2858,Dave,Popson,,Boston Celtics
2859,Robert,Parish,,Boston Celtics
2860,Brad,Daugherty,,Cleveland Cavaliers
2861,Chucky,Brown,,Cleveland Cavaliers
2862,Craig,Ehlo,,Cleveland Cavaliers
2863,Danny,Ferry,,Cleveland Cavaliers
2864,Derrick,Chievous,,Houston Rockets
2865,Gerald,Paddio,,Cleveland Cavaliers
2866,Hot,"Rod,Williams",,Cleveland Cavaliers
2867,Spud,Webb,,Atlanta Hawks
2868,Jerry,Reynolds,,Milwaukee Bucks
2869,Mark,Aguirre,,Dallas Mavericks
2870,Fred,Roberts,,Milwaukee Bucks
2871,John,Stockton,,Utah Jazz
2872,Eddie,Johnson,,Sacramento Kings
2873,Terry,Porter,,Portland Trail Blazers
2874,Mike,Woodson,,Sacramento Kings
2875,Jim,Thomas,,Indiana Pacers
2876,Brad,Davis,,Dallas Mavericks
2877,Orlando,Woolridge,,Chicago Bulls
2878,Chris,Mullin,,Golden State Warriors
2879,Rony,Seikaly,,Miami Heat
2880,Harvey,Grant,,Washington Wizards
2881,Chuck,Person,,Indiana Pacers
2882,Detlef,Schrempf,,Oklahoma City Thunder
2883,George,McCloud,,Indiana Pacers
2884,Greg,Dreiling,,Indiana Pacers
2885,Kenny,Williams,,Indiana Pacers
2886,LaSalle,Thompson,,Sacramento Kings
2887,Micheal,Williams,,Minnesota Timberwolves
2888,Mike,Sanders,,Phoenix Suns
2889,Randy,Wittman,,Atlanta Hawks
2890,Reggie,Miller,G,Indiana Pacers
2891,Rik,Smits,,Indiana Pacers
2892,Vern,Fleming,,Indiana Pacers
2893,Chris,Dudley,,Portland Trail Blazers
2894,Chris,Morris,,Brooklyn Nets
2895,Derrick,Coleman,F,Brooklyn Nets
2896,Derrick,Gervin,,Brooklyn Nets
2897,Jack,Haley,,Brooklyn Nets
2898,Jud,Buechler,,Chicago Bulls
2899,Kurk,Lee,,Brooklyn Nets
2900,Lester,Conner,,Golden State Warriors
2901,Mookie,Blaylock,,Atlanta Hawks
2902,Reggie,Theus,,Chicago Bulls
2903,Sam,Bowie,,Brooklyn Nets
2904,Tate,George,,Brooklyn Nets
2905,Bo,Kimble,,LA Clippers
2906,Charles,Smith,,LA Clippers
2907,Gary,Grant,,LA Clippers
2908,Jeff,Martin,,LA Clippers
2909,Ken,Bannister,,New York Knicks
2910,Ken,Norman,,LA Clippers
2911,Loy,Vaught,,LA Clippers
2912,Tom,Garrick,,LA Clippers
2913,Winston,Garland,,Golden State Warriors
2914,Antoine,Carr,,Atlanta Hawks
2915,Bill,Wennington,,Chicago Bulls
2916,Bob,Hansen,,Utah Jazz
2917,Duane,Causwell,,Sacramento Kings
2918,Eric,Leckner,,Utah Jazz
2919,Lionel,Simmons,,Sacramento Kings
2920,Ralph,Sampson,,Houston Rockets
2921,Rory,Sparrow,,New York Knicks
2922,Steve,Colter,,Washington Wizards
2923,Wayman,Tisdale,,Sacramento Kings
2924,B.J.,Armstrong,,Chicago Bulls
2925,Bill,Cartwright,,New York Knicks
2926,Cliff,Levingston,,Atlanta Hawks
2927,Craig,Hodges,,Milwaukee Bucks
2928,Dennis,Hopson,,Brooklyn Nets
2929,Horace,Grant,,Chicago Bulls
2930,John,Paxson,,Chicago Bulls
2931,Michael,Jordan,,Chicago Bulls
2932,Scott,Williams,C,Chicago Bulls
2933,Scottie,Pippen,,Chicago Bulls
2934,Stacey,King,,Chicago Bulls
2935,Will,Perdue,,Chicago Bulls
2936,Brian,Oliver,,Philadelphia 76ers
2937,Charles,Barkley,,Philadelphia 76ers
2938,Hersey,Hawkins,,Philadelphia 76ers
2939,Jayson,Williams,,Brooklyn Nets
2940,Johnny,Dawkins,,Philadelphia 76ers
2941,Manute,Bol,,Washington Wizards
2942,Mike,Gminski,,Brooklyn Nets
2943,Rick,Mahorn,,Washington Wizards
2944,Rickey,Green,,Utah Jazz
2945,Ron,Anderson,,Philadelphia 76ers
2946,Armen,Gilliam,,Brooklyn Nets
2947,Dave,Hoppen,,Charlotte Hornets
2948,Dell,Curry,,Charlotte Hornets
2949,J.R.,Reid,,Charlotte Hornets
2950,Johnny,Newman,,Milwaukee Bucks
2951,Kelly,Tripucka,,Detroit Pistons
2952,Kendall,Gill,G,Brooklyn Nets
2953,Kenny,Gattison,,Charlotte Hornets
2954,Muggsy,Bogues,,Charlotte Hornets
2955,Rex,Chapman,,Phoenix Suns
2956,Brian,Quinnett,,New York Knicks
2957,Charles,Oakley,,New York Knicks
2958,Eddielee,Wilkins,,New York Knicks
2959,Gerald,Wilkins,,New York Knicks
2960,Jerrod,Mustaf,,Phoenix Suns
2961,Kiki,Vandeweghe,,Denver Nuggets
2962,Mark,Jackson,,New York Knicks
2963,Maurice,Cheeks,,Philadelphia 76ers
2964,Patrick,Ewing,,New York Knicks
2965,Mark,Bryant,,Portland Trail Blazers
2966,Dana,Barros,,Boston Celtics
2967,Derrick,McKey,,Indiana Pacers
2968,Gary,Payton,G,Oklahoma City Thunder
2969,Michael,Cage,,Oklahoma City Thunder
2970,Olden,Polynice,,Sacramento Kings
2971,Quintin,Dailey,,Chicago Bulls
2972,Sedale,Threatt,,Los Angeles Lakers
2973,Shawn,Kemp,,Oklahoma City Thunder
2974,Xavier,McDaniel,,Oklahoma City Thunder
2975,Tree,Rollins,,Atlanta Hawks
2976,Pervis,Ellison,,Washington Wizards
2977,Stuart,Gray,,Indiana Pacers
2978,Trent,Tucker,,New York Knicks
2979,Frank,Kornet,,Milwaukee Bucks
2980,David,Greenwood,,Chicago Bulls
2981,David,Robinson,,San Antonio Spurs
2982,Paul,Pressey,,Milwaukee Bucks
2983,Reggie,Williams,,Denver Nuggets
2984,Sean,Elliott,,San Antonio Spurs
2985,Sean,Higgins,,Brooklyn Nets
2986,Sidney,Green,,Chicago Bulls
2987,Terry,Cummings,,Milwaukee Bucks
2988,Tony,Massenburg,F,Memphis Grizzlies
2989,A.C.,Green,,Los Angeles Lakers
2990,Byron,Scott,,Los Angeles Lakers
2991,Elden,Campbell,C,Los Angeles Lakers
2992,James,Worthy,,Los Angeles Lakers
2993,Larry,Drew,,Sacramento Kings
2994,Magic,Johnson,,Los Angeles Lakers
2995,Mychal,Thompson,,Portland Trail Blazers
2996,Sam,Perkins,,Dallas Mavericks
2997,Terry,Teagle,,Golden State Warriors
2998,Vlade,Divac,G,Los Angeles Lakers
2999,John,Shasky,,Miami Heat
3000,Randy,White,,Dallas Mavericks
3001,Steve,Alford,,Dallas Mavericks
3002,Greg,Butler,,New York Knicks
3003,Steve,Scheffler,,Oklahoma City Thunder
3004,Les,Jepsen,,Sacramento Kings
3005,Mike,Smrek,,Los Angeles Lakers
3006,Danny,Manning,,LA Clippers
3007,Mark,McNamara,,Philadelphia 76ers
3008,Steve,Kerr,,Chicago Bulls
3009,Kennard,Winchester,,Houston Rockets
3010,Rick,Calloway,,Sacramento Kings
3011,Travis,Mays,,Sacramento Kings
3012,Trevor,Wilson,,Sacramento Kings
3013,Tony,Brown,,Milwaukee Bucks
3014,Randolph,Keys,,Cleveland Cavaliers
3015,Benoit,Benjamin,,LA Clippers
3016,Byron,Dinkins,,Houston Rockets
3017,Dwayne,Schintzius,,Brooklyn Nets
3018,Kenny,Payne,,Philadelphia 76ers
3019,Greg,Grant,,Philadelphia 76ers
3020,Tony,Smith,,Los Angeles Lakers
3021,Nate,McMillan,,Oklahoma City Thunder
3022,Rod,Strickland,,Portland Trail Blazers
3023,Mahmoud,Abdul-Rauf,,Denver Nuggets
3024,Scott,Meents,,Oklahoma City Thunder
3025,Jim,Petersen,,Houston Rockets
3026,Bob,Thornton,,Philadelphia 76ers
3027,Drazen,Petrovic,,Brooklyn Nets
3028,Kurt,Rambis,,Phoenix Suns
3029,Jon,Koncak,,Atlanta Hawks
3030,Stojko,Vrankovic,,LA Clippers
3031,Cedric,Ball,,LA Clippers
3032,Andrew,Lang,,Phoenix Suns
3033,Bart,Kofoed,,Utah Jazz
3034,Jim,Farmer,,Oklahoma City Thunder
3035,Dave,Corzine,,Chicago Bulls
3036,Buck,Johnson,,Houston Rockets
3037,Milos,Babic,,Cleveland Cavaliers
3038,Negele,Knight,,Phoenix Suns
3039,Willie,Anderson,,San Antonio Spurs
3040,Andre,Turner,,Washington Wizards
3041,Ledell,Eackles,,Washington Wizards
3042,Jim,Grandholm,,Dallas Mavericks
3043,Kelvin,Upshaw,,Dallas Mavericks
3044,Leon,Wood,,Brooklyn Nets
3045,Terry,Mills,,Detroit Pistons
3046,Darnell,Valentine,,Portland Trail Blazers
3047,Morlon,Wiley,,Dallas Mavericks
3048,Irving,Thomas,,Los Angeles Lakers
3049,John,Starks,,New York Knicks
3050,Pete,Myers,,Chicago Bulls
3051,Keith,Askins,,Miami Heat
3052,Anthony,Bonner,,Sacramento Kings
3053,Dale,Ellis,,Oklahoma City Thunder
3054,Pat,Cummings,,Milwaukee Bucks
3055,Kenny,Walker,,New York Knicks
3056,Mario,Elie,,Houston Rockets
3057,Anthony,Mason,,New York Knicks
3058,Tim,Legler,,Washington Wizards
3059,Dan,O'Sullivan,,Utah Jazz
3060,Dan,Godfread,,Minnesota Timberwolves
3061,Henry,James,,Cleveland Cavaliers
3062,Jim,Les,,Sacramento Kings
3063,Paul,Mokeski,,Milwaukee Bucks
3064,Earl,Cureton,,Detroit Pistons
3065,Anthony,Frederick,,Charlotte Hornets
3066,Jawann,Oldham,,Chicago Bulls
3067,Jeff,Sanders,,Chicago Bulls
3068,Scott,Haffner,,Miami Heat
3069,John,Long,,Detroit Pistons
3070,Ron,Harper,,Chicago Bulls
3071,Tony,Harris,,Boston Celtics
3072,Clifford,Lett,,San Antonio Spurs
3073,Clinton,Smith,,Golden State Warriors
3074,John,Williams,,Washington Wizards
3075,Craig,Neal,,Miami Heat
3076,Mike,Higgins,,Sacramento Kings
3077,Joe,"Barry,Carroll",,Golden State Warriors
3078,Gerald,Henderson,,Boston Celtics
3079,Everette,Stephens,,Indiana Pacers
3080,Charles,Smith,,Boston Celtics
3081,David,Wingate,,Oklahoma City Thunder
3082,Tony,Dawson,,Sacramento Kings
3083,Gary,Leonard,,Minnesota Timberwolves
3084,A.J.,Wynder,,Boston Celtics
3085,Adrian,Dantley,,Utah Jazz
3086,Derek,Smith,,LA Clippers
3087,Vincent,Askew,,Oklahoma City Thunder
3088,Robert,Reid,,Houston Rockets
3089,Gary,Trent Jr.,G,Milwaukee Bucks
3090,Jaron,Blossomgame,,Cleveland Cavaliers
3091,Brandon,Goodwin,,Cleveland Cavaliers
3092,Haywood,Highsmith,F,Phoenix Suns
3450,Deng,Adel,,Cleveland Cavaliers
3943,Julian,Washburn,,Memphis Grizzlies
5117,Mitchell,Creek,,Brooklyn Nets
5279,Emanuel,Terry,,Phoenix Suns
5471,Brandon,Sampson,,Chicago Bulls
45947,Donte,Grantham,,Oklahoma City Thunder
50191,Bonzie,Colson,F,Milwaukee Bucks
50609,Dairis,Bertans,G,New Orleans Pelicans
50661,Chris,Chiozza,G,Brooklyn Nets
50729,Michael,Frazier,G,Houston Rockets
50737,Billy,Garrett,G-F,New York Knicks
50793,Isaac,Humphries,C,Atlanta Hawks
50815,BJ,Johnson,F,Orlando Magic
50823,Jemerrio,Jones,F,Los Angeles Lakers
50927,Kendrick,Nunn,G,Washington Wizards
50947,Tarik,Phillip,G,Washington Wizards
50966,Cameron,Reynolds,G,Minnesota Timberwolves
666393,Jalen,Adams,G,Toronto Raptors
666400,Nickeil,Alexander-Walker,G,Atlanta Hawks
666401,Kyle,Alexander,F,Miami Heat
666423,RJ,Barrett,F-G,Toronto Raptors
666429,Darius,Bazley,F,Utah Jazz
666438,Javon,Bess,G,New Orleans Pelicans
666440,Kavell,Bigby-Williams,C,New Orleans Pelicans
666442,Goga,Bitadze,C,Orlando Magic
666446,Keljin,Blevins,F,Portland Trail Blazers
666451,Bol,Bol,C,Phoenix Suns
666453,Marques,Bolden,C,Golden State Warriors
666454,Jordan,Bone,G,Orlando Magic
666457,Phil,Booth,G,Washington Wizards
666459,Brian,Bowen II,F,Indiana Pacers
666460,Ky,Bowman,G,Golden State Warriors
666463,Jarrell,Brantley,F,Utah Jazz
666464,Ignas,Brazdeikis,F,Orlando Magic
666467,Amida,Brimah,C,Denver Nuggets
666468,Oshae,Brissett,F,Philadelphia 76ers
666474,Charles,Brown,G,Charlotte Hornets
666476,Moses,Brown,C,Denver Nuggets
666486,Devontae,Cacok,F-C,Portland Trail Blazers
666488,Perrion,Callandret,G,Chicago Bulls
666489,Vlatko,Cancar,F,Denver Nuggets
666502,Zylan,Cheatham,F,New Orleans Pelicans
666505,Brandon,Clarke,F,Memphis Grizzlies
666508,Nicolas,Claxton,F-C,Chicago Bulls
666509,Chris,Clemons,G,Houston Rockets
666511,Amir,Coffey,G,Phoenix Suns
666517,Tyler,Cook,C,Chicago Bulls
666523,Jarrett,Culver,G,Orlando Magic
666529,Jon,Davis,G,Orlando Magic
666530,Terence,Davis,G,Sacramento Kings
666541,Luguentz,Dort,G,Atlanta Hawks
666543,Sekou,Doumbouya,F,Los Angeles Lakers
666551,Carsen,Edwards,G,Detroit Pistons
666552,John,Egbunu,C,Minnesota Timberwolves
666560,Tacko,Fall,C,Cleveland Cavaliers
666564,Bruno,Fernando,F,Toronto Raptors
666570,Robert,Franks,F,Orlando Magic
666576,Abdul,Gaddy,G,Oklahoma City Thunder
666577,Daniel,Gafford,F,Dallas Mavericks
666580,JaKeenan,Gant,F,Indiana Pacers
666581,Darius,Garland,G,LA Clippers
666584,Kaiser,Gates,F,New Orleans Pelicans
666598,Hassani,Gravett,G,Orlando Magic
666604,Javonte,Green,G-F,Detroit Pistons
666607,Marko,Guduric,G,Memphis Grizzlies
666608,Kyle,Guy,G,Miami Heat
666609,Rui,Hachimura,F,LA Clippers
666610,Devon,Hall,G,Oklahoma City Thunder
666611,Donta,Hall,F,Orlando Magic
666616,Jared,Harper,G,New Orleans Pelicans
666626,Jaxson,Hayes,C,Utah Jazz
666630,Dewan,Hernandez,C,Toronto Raptors
666633,Tyler,Herro,G,Milwaukee Bucks
666637,Ahmed,Hill,G,Charlotte Hornets
666640,Amir,Hinton,G,New York Knicks
666641,Jaylen,Hoard,F,Oklahoma City Thunder
666647,Daulton,Hommes,F,New Orleans Pelicans
666650,Talen,Horton-Tucker,G,Chicago Bulls
666653,William,Howard,G-F,Houston Rockets
666656,De'Andre,Hunter,F,Sacramento Kings
666672,Justin,James,G-F,Sacramento Kings
666675,DaQuan,Jeffries,F,Sacramento Kings
666676,Ty,Jerome,G,Memphis Grizzlies
666679,Cameron,Johnson,F,Denver Nuggets
666682,Keldon,Johnson,F,San Antonio Spurs
666692,Mfiondu,Kabengele,F,Boston Celtics
666697,Stanton,Kidd,F,Utah Jazz
666698,Louis,King,F,Philadelphia 76ers
666702,Sagaba,Konate,F,Toronto Raptors
666703,John,Konchar,G-F,Utah Jazz
666707,Christ,Koumadje,C,Philadelphia 76ers
666708,David,Kramer,G,Phoenix Suns
666713,Romeo,Langford,G,Utah Jazz
666714,Terry,Larrier,F,LA Clippers
666716,Dedric,Lawson,F,Boston Celtics
666717,Vic,Law,F,Orlando Magic
666720,Jalen,Lecque,G,Phoenix Suns
666726,Mathias,Lessort,F,New York Knicks
666729,Nassir,Little,F,Miami Heat
666743,Terance,Mann,G,Brooklyn Nets
666747,Caleb,Martin,F,Dallas Mavericks
666748,Cody,Martin,F,Indiana Pacers
666750,Jeremiah,Martin,G,Cleveland Cavaliers
666751,Kelan,Martin,F,New Orleans Pelicans
666754,Garrison,Mathews,G,Indiana Pacers
666755,Dakota,Mathias,G,Memphis Grizzlies
666757,Luke,Maye,F,Milwaukee Bucks
666758,Tahjere,McCall,G,Brooklyn Nets
666762,Jalen,McDaniels,F,New Orleans Pelicans
666767,Jordan,McLaughlin,G,San Antonio Spurs
666770,Nicolo,Melli,F,New Orleans Pelicans
666775,Isaiah,Miles,F,Philadelphia 76ers
666783,Adam,Mokoka,G,Chicago Bulls
666786,Ja,Morant,G,Portland Trail Blazers
666788,Juwan,Morgan,F,LA Clippers
666794,Mychal,Mulder,G,Memphis Grizzlies
666795,Jordan,Murphy,F,Minnesota Timberwolves
666808,Zach,Norvell Jr.,G,Golden State Warriors
666809,Jaylen,Nowell,G,Washington Wizards
666818,Chuma,Okeke,F,Cleveland Cavaliers
666821,KZ,Okpala,F,Sacramento Kings
666824,Miye,Oni,G,Memphis Grizzlies
666827,Tariq,Owens,F,Phoenix Suns
666828,James,Palmer Jr.,G,LA Clippers
666831,Eric,Paschall,F,Minnesota Timberwolves
666837,Norvel,Pelle,F,Utah Jazz
666838,Josh,Perkins,F,Charlotte Hornets
666840,Lamar,Peters,G,Philadelphia 76ers
666841,Isaiah,Pineiro,F,Sacramento Kings
666846,Vincent,Poirier,C,Boston Celtics
666847,Shamorie,Ponds,G,Toronto Raptors
666848,Jordan,Poole,G,New Orleans Pelicans
666849,Kevin,Porter Jr.,G,Milwaukee Bucks
666859,Josh,Reaves,G,Dallas Mavericks
666860,Cameron,Reddish,F-G,Los Angeles Lakers
666871,Justin,Robinson,G,Detroit Pistons
666873,Isaiah,Roby,F,New York Knicks
666881,Luka,Samanic,F,Utah Jazz
666885,Admiral,Schofield,F,Orlando Magic
666891,Marial,Shayok,G,Philadelphia 76ers
666892,Simisola,Shittu,F,Chicago Bulls
666894,Chris,Silva,F,Atlanta Hawks
666897,Justin,Simon,G,Phoenix Suns
666899,Deividas,Sirvydis,G,Indiana Pacers
666900,Alen,Smailagic,F,Golden State Warriors
666908,Max,Strus,G,Cleveland Cavaliers
666919,Matt,Thomas,G,Chicago Bulls
666923,Matisse,Thybulle,G-F,Los Angeles Lakers
666925,Juan,Toscano-Anderson,F,Sacramento Kings
666930,Rayjon,Tucker,F,Milwaukee Bucks
666940,Dean,Wade,F,Philadelphia 76ers
666950,P.J.,Washington,F,Dallas Mavericks
666952,Tremont,Waters,G,Washington Wizards
666953,Quinndary,Weatherspoon,G,Golden State Warriors
666956,Coby,White,G,Charlotte Hornets
666960,Lindell,Wigginton,G,Milwaukee Bucks
666963,Nigel,Williams-Goss,G,Utah Jazz
666965,Grant,Williams,F,Charlotte Hornets
666969,Zion,Williamson,F,New Orleans Pelicans
666971,Dylan,Windler,G-F,Atlanta Hawks
666973,Todd,Withers,F,Detroit Pistons
666975,Kenny,Wooten,F,Houston Rockets
666976,Justin,Wright-Foreman,G,Utah Jazz
667302,Nicolo,Melli,F,New Orleans Pelicans
667378,Naz,Reid,F-C,Charlotte Hornets
1280857,Kevin,Hervey,F,Oklahoma City Thunder
1358055,Anzejs,Pasecniks,C,Washington Wizards
1567838,Paul,Watson,G,Oklahoma City Thunder
1573276,Levi,Randolph,G,Cleveland Cavaliers
1603383,Gabe,Vincent,G,Atlanta Hawks
1687493,Matt,Mooney,G,New York Knicks
1891701,Eric,Mika,C-F,Sacramento Kings
1986689,Malik,Newman,G,Cleveland Cavaliers
2116373,Dusty,Hannahs,G,Memphis Grizzlies
2270852,Sir'Dominic,Pointer,G-F,Cleveland Cavaliers
2309958,Jontay,Porter,C-F,Detroit Pistons
3546977,Greg,Whittington,F,Denver Nuggets
3547095,Udoka,Azubuike,C-F,Phoenix Suns
3547163,Mamadi,Diakite,F,Phoenix Suns
3547164,CJ,Elleby,F-G,Minnesota Timberwolves
3547169,Reggie,Perry,F-C,Portland Trail Blazers
3547197,Devon,Dotson,G,Washington Wizards
3547207,Jordan,Nwora,F,Toronto Raptors
3547215,Killian,Tillie,F-C,Memphis Grizzlies
3547238,Anthony,Edwards,G,Minnesota Timberwolves
3547239,LaMelo,Ball,G,Minnesota Timberwolves
3547240,James,Wiseman,C,Indiana Pacers
3547241,Killian,Hayes,G,Sacramento Kings
3547242,Deni,Avdija,F,Portland Trail Blazers
3547243,Obi,Toppin,F,Indiana Pacers
3547244,Onyeka,Okongwu,F-C,Atlanta Hawks
3547245,Tyrese,Haliburton,G,Indiana Pacers
3547246,Devin,Vassell,G-F,San Antonio Spurs
3547247,Isaac,Okoro,F-G,Chicago Bulls
3547248,Patrick,Williams,F,Chicago Bulls
3547249,Precious,Achiuwa,F,Sacramento Kings
3547250,Aaron,Nesmith,G-F,Indiana Pacers
3547251,Cole,Anthony,G,Milwaukee Bucks
3547252,Vernon,Carey Jr.,F-C,Utah Jazz
3547253,Theo,Maledon,G,Phoenix Suns
3547254,Tyrese,Maxey,G,Philadelphia 76ers
3547255,Tyrell,Terry,G,Memphis Grizzlies
3547256,Saddiq,Bey,F,New Orleans Pelicans
3547257,R.J.,Hampton,G,Miami Heat
3547258,Josh,Green,G,Minnesota Timberwolves
3547259,Jaden,McDaniels,F,Minnesota Timberwolves
3547260,Kira,Lewis Jr.,G,Washington Wizards
3547261,Nico,Mannion,G,Golden State Warriors
3547262,Jahmi'us,Ramsey,G,Toronto Raptors
3547263,Daniel,Oturu,C,Toronto Raptors
3547264,Jalen,Smith,F-C,Chicago Bulls
3547265,Tyler,Bey,F,Houston Rockets
3547266,Elijah,Hughes,G,Portland Trail Blazers
3547267,Isaiah,Stewart,F-C,Memphis Grizzlies
3547268,Zeke,Nnaji,F-C,Denver Nuggets
3547269,Immanuel,Quickley,G,Toronto Raptors
3547270,Paul,Reed,F,Detroit Pistons
3547271,Aleksej,Pokusevski,C,Charlotte Hornets
3547272,Isaiah,Joe,G,Detroit Pistons
3547273,Cassius,Stanley,G,Detroit Pistons
3547274,Tre,Jones,G,Chicago Bulls
3547275,Malachi,Flynn,G,San Antonio Spurs
3547276,Payton,Pritchard,G,Boston Celtics
3547277,Grant,Riller,G,Philadelphia 76ers
3547278,Ashton,Hagans,G-F,Portland Trail Blazers
3547279,Lamar,Stevens,F,Memphis Grizzlies
3547280,Jay,Scrubb,G,Orlando Magic
3547281,Nate,Hinton,G-F,Memphis Grizzlies
3547282,Nick,Richards,C,Chicago Bulls
3547283,Markus,Howard,G,Denver Nuggets
3547284,Karim,Mane,G,Orlando Magic
3547285,Xavier,Tillman,F,Charlotte Hornets
3547286,Cassius,Winston,G,Washington Wizards
3547287,Desmond,Bane,G,Orlando Magic
3547288,Robert,Woodard II,F,Oklahoma City Thunder
3547289,Skylar,Mays,G,Los Angeles Lakers
3547290,Josh,Hall,F,Oklahoma City Thunder
3547291,Mason,Jones,G,Sacramento Kings
3547292,Jalen,Harris,G,New York Knicks
3547293,Naji,Marshall,F,Dallas Mavericks
3547294,Kenyon,Martin Jr.,F,Utah Jazz
3547295,Nathan,Knight,F-C,New York Knicks
3547296,Ty-Shon,Alexander,G,Phoenix Suns
3547297,Trent,Forrest,G,Atlanta Hawks
3547298,Saben,Lee,G,Phoenix Suns
3547299,Sam,Merrill,G,Cleveland Cavaliers
3547300,Sean,McDermott,F,Memphis Grizzlies
3547301,Jae'Sean,Tate,F,Houston Rockets
3547302,Anthony,Gill,F,Washington Wizards
3547303,Will,Magnay,C,New Orleans Pelicans
3547304,Facundo,Campazzo,G,Dallas Mavericks
3547305,Nate,Darling,,LA Clippers
3547306,Brodric,Thomas,G,Sacramento Kings
4196798,Doron,Sheffer,G,Portland Trail Blazers
4196799,Andrei,Fetisov,F,Milwaukee Bucks
4196800,Rashard,Griffith,C,Orlando Magic
4196801,Aurelijius,Zukauskas,C,Milwaukee Bucks
4196802,Abdul,Shamsid-Deen,F,Oklahoma City Thunder
4196803,Augusto,Binelli,C,Atlanta Hawks
4196804,Ron,Ellis,F,Phoenix Suns
4196805,Marcelo,Nicola,F-C,Portland Trail Blazers
4196806,Alain,Digbeau,G,Atlanta Hawks
4196807,Ben,Pepper,C,Boston Celtics
4196808,Roberto,Duenas,C,Miami Heat
4196809,George,Banks,F,Miami Heat
4196810,Andrew,Betts,C,Indiana Pacers
4196811,Venson,Hamilton,C-F,Houston Rockets
4196812,DeeAndre,Hulett,G-F,Toronto Raptors
4196813,Josip,Sesar,G,Boston Celtics
4196814,Robertas,Javtokas,F,San Antonio Spurs
4196815,Federico,Kammerichs,F,Portland Trail Blazers
4196816,Mladen,Sekularac,G,Golden State Warriors
4196817,Milos,Vujanic,G,Phoenix Suns
4196818,Peter,Fehse,F,Utah Jazz
4196821,Sofoklis,Schortsanitis,F-C,Oklahoma City Thunder
4196822,Szymon,Szewczyk,F,Oklahoma City Thunder
4196823,Mario,Austin,F,Utah Jazz
4196824,Sani,Becirovic,G,Denver Nuggets
4196825,Paccelis,Morlende,G,Oklahoma City Thunder
4196826,Remon,Van de Hare,C,Orlando Magic
4196827,Nedzad,Sinanovic,C,Portland Trail Blazers
4196828,Xue,Yuyang,F-C,Denver Nuggets
4196832,Albert,Miralles,C,Chicago Bulls
4196833,Viktor,Sanikidze,F,San Antonio Spurs
4196835,Sergei,Lishouk,F,Houston Rockets
4196836,Christian,Drejer,F,Brooklyn Nets
4196837,Sergei,Karaulov,C,San Antonio Spurs
4196839,Fran,Vazquez,F-C,Orlando Magic
4196841,Erazem,Lorbek,F,San Antonio Spurs
4196842,Axel,Hervelle,F,New York Knicks
4196843,Cenk,Akyol,G,Phoenix Suns
4196850,Lior,Eliyahu,F,Golden State Warriors
4196852,Vladimir,Veremeenko,F,LA Clippers
4196853,Yotam,Halperin,G,Oklahoma City Thunder
4196854,Ejike,Ugboaja,F,Cleveland Cavaliers
4196855,Edin,Bavcic,F,Cleveland Cavaliers
4196862,Petteri,Koponen,G,Dallas Mavericks
4196863,Stanko,Barac,C,Dallas Mavericks
4196865,Renaldas,Seibutis,G,Cleveland Cavaliers
4196866,Brad,Newley,G,Los Angeles Lakers
4196867,Giorgos,Printezis,F,San Antonio Spurs
4196868,Milovan,Rakovic,F,Portland Trail Blazers
4196882,Ante,Tomic,C,New York Knicks
4196884,DeVon,Hardin,F,Oklahoma City Thunder
4196885,Tadija,Dragicevic,F,New York Knicks
4196886,Maarty,Leunen,F,Indiana Pacers
4196897,Sergio,Llull,G,New York Knicks
4196900,Sergiy,Gladyr,G,Cleveland Cavaliers
4196902,Emir,Preldzic,F,Philadelphia 76ers
4196903,Chinemelu,Elonu,F,Los Angeles Lakers
4196904,Henk,Norel,F,Minnesota Timberwolves
4196907,Latavious,Williams,F,New Orleans Pelicans
4196920,Paulao,Prestes,C,Minnesota Timberwolves
4196921,Dwayne,Collins,F,Phoenix Suns
4196923,Chukwudiebere,Maduabum,F,Cleveland Cavaliers
4196942,MIlan,Macvan,F,Cleveland Cavaliers
4196944,Adam,Hanga,G-F,San Antonio Spurs
4196945,Jon,Diebler,G,Chicago Bulls
4196965,Izzet,Turkyilmaz,F,Denver Nuggets
4196966,Ilkan,Karaman,F,Milwaukee Bucks
4196997,Alex,Oriakhi,F,Sacramento Kings
4196998,Bojan,Dubljevic,F,Portland Trail Blazers
4196999,Janis,Timma,F,Orlando Magic
4197029,Vasilije,Micic,G,Phoenix Suns
4197032,Nemanja,Dangubic,F,Brooklyn Nets
4197033,Louis,Labeyrie,F-C,New York Knicks
4197065,Aaron,White,F,Brooklyn Nets
4197066,Cady,Lalanne,C-F,San Antonio Spurs
4197068,Nikola,Milutinov,C-F,San Antonio Spurs
4197069,Arturas,Gudaitis,C-F,Cleveland Cavaliers
4197071,Juan Pablo,Vaulet,F,Brooklyn Nets
4197072,Marcus,Eriksson,F,Atlanta Hawks
4197073,Tyler,Harvey,G,Memphis Grizzlies
4197074,Satnam,Singh,C,Memphis Grizzlies
4197075,Daniel,Diez,F,Portland Trail Blazers
4197076,Nikola,Radicevic,G,Detroit Pistons
4197077,Dimitrios,Agravanis,F,Sacramento Kings
4197078,Luka,Mitrovic,F,Sacramento Kings
4197105,Petr,Cornelie,F,Denver Nuggets
4197110,Isaia,Cordinier,G,Brooklyn Nets
4197111,David,Michineau,G,LA Clippers
4197112,Wang,Zhelin,,Memphis Grizzlies
4197162,Aleksandar,Vezenkov,F,Sacramento Kings
4197165,Ognen,Jaramaz,G,New York Knicks
4197166,Alpha,Kaba,F,Atlanta Hawks
4197192,Jaylen,Hands,G,Cleveland Cavaliers
4197197,Justin,Jackson,F,Orlando Magic
4197230,Issuf,Sanon,G,Washington Wizards
4197231,Vanja,Marinkovic,G-F,Sacramento Kings
4197232,Arnoldas,Kulboka,F,Charlotte Hornets
4197307,Marcos,Louzada Silva,G,Portland Trail Blazers
4197356,Leandro,Bolmaro,F,Utah Jazz
4197384,Yam,Madar,G,Boston Celtics
4197387,Vit,Krejci,G,Portland Trail Blazers
4197388,Marko,Simonovic,C,Chicago Bulls
4197389,Justinian,Jessup,G,Golden State Warriors
7155648,Anthony,Lamb,F,Golden State Warriors
9051997,Armoni,Brooks,G,Brooklyn Nets
9177971,Devin,Cannady,G,Orlando Magic
9318184,Freddie,Gillespie,F,Orlando Magic
9338307,Malik,Fitts,F,LA Clippers
9530711,Gabriel,Deck,,Oklahoma City Thunder
10384980,Myles,Powell,G,Philadelphia 76ers
11314392,Luca,Vildoza,G,Milwaukee Bucks
11558583,Cameron,Oliver,F,Atlanta Hawks
11755528,Elijah,Bryant,G,Milwaukee Bucks
11891374,Omer,Yurtseven,C,Golden State Warriors
12044014,Caleb,Homesley,G,Washington Wizards
17553938,Jordan,Floyd,G,Los Angeles Lakers
17553939,Alan,Griffin,F,Los Angeles Lakers
17553940,Tyson,Carter,G,Miami Heat
17553941,Micah,Potter,F-C,Miami Heat
17553942,Dru,Smith,G,Miami Heat
17553943,Alex,Antetokounmpo,F,Sacramento Kings
17553944,Matt,Coleman,G,Sacramento Kings
17553945,Damien,Jefferson,F,Sacramento Kings
17553946,Nick,Mayo,F,Golden State Warriors
17553947,Derrick,Alston,F,Golden State Warriors
17553948,Travis,Munnings,F,Golden State Warriors
17553949,Tim,Williams,F,Golden State Warriors
17553954,Sedrick,Barefield,G,Golden State Warriors
17553957,Scottie,Lindsey,G,Golden State Warriors
17553967,Neemias,Queta,C,Boston Celtics
17553968,Joshua,Obiesie,G,Sacramento Kings
17553971,Marcus,Graves,G,Sacramento Kings
17553972,Ryan,Taylor,G,Golden State Warriors
17553973,Kendall,Smith,G,Golden State Warriors
17553977,Yoeli,Childs,F,Los Angeles Lakers
17553979,Jonathan,Kuminga,F,Atlanta Hawks
17553980,Princepal,Singh,F,Sacramento Kings
17553981,Kahlil,Whitney,F,Golden State Warriors
17553982,Tres,Tinkle,F,Los Angeles Lakers
17553983,Trevelin,Queen,G,Orlando Magic
17553985,Romaro,Gill,C,Los Angeles Lakers
17553986,Ade,Murkey,G,Sacramento Kings
17553987,Zavier,Simpson,G,Detroit Pistons
17553988,Jeff,Dowtin,G,Philadelphia 76ers
17553989,Elijah,Pemberton,G,Golden State Warriors
17553990,Isaiah,Brown,F,Golden State Warriors
17553991,Selom,Mawugbe,C,Golden State Warriors
17553992,Moses,Moody,G,Golden State Warriors
17553993,Joel,Ayayi,G,Washington Wizards
17553994,Davion,Mitchell,G,Miami Heat
17553995,Austin,Reaves,G,Los Angeles Lakers
17553996,DJ,Steward,G,Chicago Bulls
17553997,Marcus,Garrett,G,Charlotte Hornets
17553998,D.J.,Stewart Jr.,G-F,Dallas Mavericks
17553999,Chaundee,Brown,G,Atlanta Hawks
17554000,JaQuori,McLaughlin,G,Dallas Mavericks
17554001,Javonte,Smart,G,Orlando Magic
17554002,DeJon,Jarreau,G,Memphis Grizzlies
17554003,RJ,Nembhard Jr.,G,Cleveland Cavaliers
17554004,AJ,Lawson,G,Toronto Raptors
17554005,Mac,McClung,G,Chicago Bulls
17554006,Jordan,Schakel,G,Washington Wizards
17554007,Colbey,Ross,G,Golden State Warriors
17554008,Justin,Smith,F,Miami Heat
17620634,Brandon,McCoy,,Miami Heat
17895693,Justin,Turner,G,San Antonio Spurs
17895694,Biram,Faye,C,San Antonio Spurs
17895695,Eric,Demers,G,San Antonio Spurs
17895696,Tahj,Eaddy,G,Orlando Magic
17895697,Asbjorn,Midtgaard,C,Orlando Magic
17895698,Jeremiah,Tilmon,C,Orlando Magic
17895701,D.J.,Funderburk,F,Utah Jazz
17895702,Olivier,Sarr,C,Memphis Grizzlies
17895703,Keaton,Wallace,G,Memphis Grizzlies
17895706,Denzel,Mahoney,G-F,Charlotte Hornets
17895707,Cameron,McGriff,F,Charlotte Hornets
17895708,Sehmus,Hazer,G,Cleveland Cavaliers
17895709,Tre,Scott,F,Cleveland Cavaliers
17895710,Chandler,Vaudrin,F,Cleveland Cavaliers
17895711,Caleb,Agada,G-F,Denver Nuggets
17895712,Giorgi,Bezhanishvili,F,Denver Nuggets
17895713,Chudier,Bile,F,Denver Nuggets
17895714,Jason,Burnell,F,Denver Nuggets
17895715,Steffon,Mitchell,F,Denver Nuggets
17895716,Arnas,Velicka,G,Boston Celtics
17895717,LJ,Figueroa,G,Dallas Mavericks
17895718,Mark,Vital,F,Portland Trail Blazers
17895719,Sterling,Manley,F-C,Chicago Bulls
17895720,Troy,Baxter Jr.,F,Chicago Bulls
17895721,Juwan,Durham,F,Atlanta Hawks
17895722,Max,Heidegger,G,Atlanta Hawks
17895723,Justin,Jaworski,G,Atlanta Hawks
17895724,Ibi,Watson,G,Atlanta Hawks
17895725,Jaime,Echenique,C,Washington Wizards
17895727,Austin,Hollins,G-F,Washington Wizards
17895728,Kyree,Walker,F,Washington Wizards
17895729,James,Banks III,C,Cleveland Cavaliers
17895730,Anas,Mahmoud,C,Toronto Raptors
17895731,Isiaha,Mike,F,Toronto Raptors
17895732,K.J.,Lawson,F,Boston Celtics
17895733,Blake,Francis,G,Detroit Pistons
17895734,Spencer,Littleson,G,Detroit Pistons
17895735,Jamorko,Pickett,F,Detroit Pistons
17895736,Anthony,Tarke,F,Detroit Pistons
17895737,Lydell,Elmore,F,LA Clippers
17895738,David,DiLeo,F,New Orleans Pelicans
17895739,Malcolm,Hill,G,New Orleans Pelicans
17895740,Alpha,Diallo,F,Phoenix Suns
17895741,Jon Axel,Gudmundsson,G,Phoenix Suns
17895742,Trey,Kell,G,Phoenix Suns
17895743,Jo,Lual-Acuil Jr.,C,Phoenix Suns
17895744,Emmanuel,Nzekwesi,F,Phoenix Suns
17895745,Jaleen,Smith,G,Phoenix Suns
17895746,Justin,Robinson,F,San Antonio Spurs
17895747,Marcus,Foster,G,Houston Rockets
17895748,Jalen,Tate,G,Houston Rockets
17895749,Tyler,Hagedorn,F,Los Angeles Lakers
17895750,Steven,Enoch,F,Milwaukee Bucks
17895751,John,Mooney,F,Milwaukee Bucks
17895752,Mike,Smith,G,Milwaukee Bucks
17895753,DMitrik,Trice,G,Milwaukee Bucks
17895754,Tyree,White,F,Milwaukee Bucks
17895758,Kyle,Fogg,G,Utah Jazz
17895762,Deonte,Burton,F,Denver Nuggets
17895769,Keifer,Sykes,G,Indiana Pacers
17895775,Zach,Auguste,C,Boston Celtics
17895777,Trey,Davis,G,New York Knicks
17895791,Terry,Henderson,G,Indiana Pacers
17895793,Cullen,Russo,F,Minnesota Timberwolves
17895796,Vitto,Brown,F,Phoenix Suns
17895798,Jared,Brownridge,G,Minnesota Timberwolves
17895815,Quinton,Rose,G-F,New York Knicks
17895818,Matur,Maker,F,Denver Nuggets
17895819,LiAngelo,Ball,F,Charlotte Hornets
17895821,D.J.,Hogg,F,Orlando Magic
17895834,Nate,Mason,G,Phoenix Suns
17895835,Bennie,Boatwright,F,Indiana Pacers
17895838,Aubrey,Dawkins,G-F,Washington Wizards
17895839,Javin,DeLaurier,F,Milwaukee Bucks
17895854,Charles,Bassey,G,Golden State Warriors
17895858,Quentin,Grimes,G,Los Angeles Lakers
17895865,Charles,Matthews,F,Philadelphia 76ers
17895875,Aric,Holman,C,Miami Heat
17895876,Kaleb,Wesson,F,LA Clippers
17895877,Kerwin,Roach,G,LA Clippers
17895878,Zach,Hankins,C,Phoenix Suns
17895899,Shaq,Buchanan,G,Memphis Grizzlies
17895902,Tyler,Hall,G,Dallas Mavericks
17895903,Brandon,Randolph,G-F,Milwaukee Bucks
17895906,Trey,Phills,G,Houston Rockets
17895907,Stephen,Domingo,G,San Antonio Spurs
17895908,Paul,White,F,Utah Jazz
17895910,Kenny,Williams,G,Charlotte Hornets
17895911,Barry,Brown,G,Orlando Magic
17895912,Ahmad,Caver,G,Indiana Pacers
17895913,Kaleb,Johnson,G,San Antonio Spurs
17895914,Matt,Morgan,G,Toronto Raptors
17895941,Filip,Petrusev,C,Philadelphia 76ers
17895956,Tyrique,Jones,F-C,Phoenix Suns
17895963,Paul,Eboua,F,Milwaukee Bucks
17895966,Jalen,Green,G,Phoenix Suns
17895967,Isaiah,Todd,F,Washington Wizards
17895968,Daishen,Nix,F,Minnesota Timberwolves
17895983,Ayo,Dosunmu,G,Minnesota Timberwolves
17895984,Derrick,Alston Jr.,F,Utah Jazz
17895988,Jon,Teske,C,Memphis Grizzlies
17895990,Jordan,Ford,G,Sacramento Kings
17895991,Jahlil,Tripp,F,San Antonio Spurs
17895992,Rayshaun,Hammonds,F,Toronto Raptors
17895994,Xavier,Sneed,F,Charlotte Hornets
17895996,E.J.,Montgomery,F,Milwaukee Bucks
17895998,Devonte,Patterson,F,Dallas Mavericks
17895999,Jordan,Bowden,G,Brooklyn Nets
17896000,Nathan,Sestina,F,Utah Jazz
17896005,Emmitt,Williams,F,Oklahoma City Thunder
17896006,Anthony,Cowan Jr.,G,Memphis Grizzlies
17896007,Braxton,Key,G,Memphis Grizzlies
17896008,Shakur,Juiston,F,Orlando Magic
17896009,Rob,Edwards,G,Oklahoma City Thunder
17896010,Darnell,Cowart,F,Memphis Grizzlies
17896011,Nate,Renfro,F,San Antonio Spurs
17896013,Ryan,Woolridge,G,Oklahoma City Thunder
17896014,Eugene,German,G,Denver Nuggets
17896015,JJ,Culver,G,Minnesota Timberwolves
17896016,Jaire,Grayer,G,Orlando Magic
17896017,Matt,Ryan,F,New York Knicks
17896019,Nahziah,Carter,G,Atlanta Hawks
17896020,David,Johnson,G,Toronto Raptors
17896021,Jeremiah,Robinson-Earl,F,Dallas Mavericks
17896022,Brandon,Boston Jr.,G,New Orleans Pelicans
17896023,Josh,Christopher,G,Miami Heat
17896024,Herbert,Jones,F,New Orleans Pelicans
17896025,Jaden,Springer,G,New Orleans Pelicans
17896026,Franz,Wagner,F,Orlando Magic
17896027,Ziaire,Williams,G-F,Los Angeles Lakers
17896028,Greg,Brown III,F,Dallas Mavericks
17896029,Sharife,Cooper,G,Washington Wizards
17896030,Chris,Duarte,G,Chicago Bulls
17896031,Nah'Shon,Hyland,G,Minnesota Timberwolves
17896032,Kai,Jones,F-C,Dallas Mavericks
17896033,Miles,McBride,G,New York Knicks
17896035,Isaiah,Jackson,F,LA Clippers
17896036,Tre,Mann,G,Charlotte Hornets
17896037,James,Bouknight,G,Charlotte Hornets
17896038,Day'Ron,Sharpe,C,Brooklyn Nets
17896039,Justin,Champagnie,F,Washington Wizards
17896040,Jalen,Johnson,F,Atlanta Hawks
17896041,Keon,Johnson,G,Brooklyn Nets
17896042,Jason,Preston,G,LA Clippers
17896044,Kessler,Edwards,F,Denver Nuggets
17896045,Corey,Kispert,F,Atlanta Hawks
17896048,Cam,Thomas,G,Milwaukee Bucks
17896049,David,Duke Jr.,G,Phoenix Suns
17896050,Matt,Hurt,F,Memphis Grizzlies
17896051,Joshua,Primo,G,LA Clippers
17896052,RaiQuan,Gray,F,San Antonio Spurs
17896053,Aaron,Henry,G,Philadelphia 76ers
17896054,John,Petty Jr.,G-F,Detroit Pistons
17896055,Scottie,Barnes,G-F,Toronto Raptors
17896056,Luka,Garza,C,Boston Celtics
17896058,Trendon,Watford,F,Philadelphia 76ers
17896059,Sandro,Mamukelashvili,F,Los Angeles Lakers
17896060,Sam,Hauser,F,Boston Celtics
17896061,Scottie,Lewis,G,Charlotte Hornets
17896062,Alperen,Sengun,F-C,Houston Rockets
17896063,Jericho,Sims,F,Milwaukee Bucks
17896064,Joe,Wieskamp,G-F,Dallas Mavericks
17896065,Josh,Giddey,G,Chicago Bulls
17896066,Yves,Pons,G-F,Memphis Grizzlies
17896067,Santi,Aldama,F,Dallas Mavericks
17896068,Juhann,Begarin,G,Boston Celtics
17896070,Usman,Garuba,F,Golden State Warriors
17896071,Isaiah,Livers,F,Phoenix Suns
17896072,Moses,Wright,C,Dallas Mavericks
17896073,Jalen,Suggs,G,Orlando Magic
17896074,McKinley,Wright IV,G,Dallas Mavericks
17896075,Cade,Cunningham,G-F,Detroit Pistons
17896076,Evan,Mobley,F-C,Cleveland Cavaliers
17896078,Aaron,Wiggins,G,Atlanta Hawks
17896079,Rokas,Jokubaitis,G,New York Knicks
17896080,EJ,Onu,F-C,Dallas Mavericks
17896082,Aamir,Simms,F,New York Knicks
17896085,Chris,Smith,F,Detroit Pistons
17896086,Oscar,da Silva,F,Oklahoma City Thunder
17896089,Duane,Washington Jr.,G,Charlotte Hornets
17896090,MaCio,Teague,G,Utah Jazz
17896091,D.J.,Carton,G,Toronto Raptors
17896092,Jalen,Crutcher,G,Orlando Magic
17896093,Feron,Hunt,F,New York Knicks
17896094,Dalano,Banton,G,Boston Celtics
17896095,Isaiah,Miller,G,Minnesota Timberwolves
17896096,Matt,Mitchell,F,San Antonio Spurs
17896097,Jose,Alvarado,G,New York Knicks
17896098,Zaccheus,Darko-Kelly,G-F,Toronto Raptors
17896099,Carlik,Jones,G,Chicago Bulls
17896101,MJ,Walker,G,Phoenix Suns
17896102,Mitch,Ballock,G,Cleveland Cavaliers
17896103,Jay,Huff,F-C,Indiana Pacers
17896105,Matt,Coleman III,G,Sacramento Kings
17896106,Eugene,Omoruyi,F,Minnesota Timberwolves
17896108,Romeo,Weems,F,Memphis Grizzlies
17896109,Ryan,Daly,G,Chicago Bulls
17896110,Matt,Lewis,G,Minnesota Timberwolves
17896111,Brandon,Rachal,G,Brooklyn Nets
17896113,Devontae,Shuler,G,Dallas Mavericks
17896115,Amar,Sylla,F,Orlando Magic
17896116,Terry,Taylor,G,Sacramento Kings
17896117,Ethan,Thompson,G,Indiana Pacers
17896118,Marcus,Zegarowski,G,Brooklyn Nets
17896119,Reid,Travis,F,New York Knicks
17896120,Ish,Wainright,F,Phoenix Suns
17896121,Josh,Gray,,Denver Nuggets
17951082,Trey,Murphy,,New Orleans Pelicans
17957861,JT,Thor,,Charlotte Hornets
18030330,Kerry,Blackshear Jr.,C,Minnesota Timberwolves
18036823,Balsa,Koprivica,,Detroit Pistons
18039569,Xavier,Rathan-Mayes,,Washington Wizards
18041884,Asante,Gist,,Washington Wizards
18042321,Asante,Gist,,Washington Wizards
18170939,Georgios,Kalaitzakis,F,Oklahoma City Thunder
18170949,Giorgos,Kalaitzakis,,Milwaukee Bucks
18677827,Johnny,Hamilton,C,Atlanta Hawks
18677954,Jared,Butler,G,Phoenix Suns
18677986,Trey,Murphy III,F,New Orleans Pelicans
18678001,JT,Thor,F,Washington Wizards
18678048,Balsa,Koprivica,C,Detroit Pistons
18678057,Jamorko,Pickett,F,Denver Nuggets
18678058,Jordan,Goodwin,G,Phoenix Suns
19465326,Jock,Landale,C,Atlanta Hawks
19465583,Jaime,Echenique,,Washington Wizards
19465584,Micah,Potter,F,Portland Trail Blazers
19465585,Dru,Smith,G,Miami Heat
19465586,Kevin,Pangos,G,Cleveland Cavaliers
23800531,Aleem,Ford,F,Orlando Magic
24102396,Trevon,Scott,F,Brooklyn Nets
24102469,Malcolm,Hill,F,Philadelphia 76ers
24338188,Cat,Barber,G,Atlanta Hawks
24338541,Malik,Ellison,G,Atlanta Hawks
24417679,Xavier,Moon,G,LA Clippers
24489019,Jarron,Cumberland,G,Portland Trail Blazers
24489167,Brandon,Williams,G,Dallas Mavericks
24489241,Cameron,McGriff,F,Portland Trail Blazers
24572055,Olivier,Sarr,C,Cleveland Cavaliers
24590029,Craig,Sword,G,Washington Wizards
24590098,Justin,Tillman,F,Atlanta Hawks
24602685,Trayvon,Palmer,G,Detroit Pistons
24839769,Paris,Bass,F,Phoenix Suns
24850479,Jaysean,Paige,G,Detroit Pistons
27924547,Lindy,Waters III,F,San Antonio Spurs
30053472,Gabriel,Lundberg,,Phoenix Suns
31890572,Gabe,York,G,Indiana Pacers
38017507,Andrew,Nembhard,G-F,Indiana Pacers
38017607,Kevon,Harris,G,Houston Rockets
38017620,Ochai,Agbaji,G,Brooklyn Nets
38017630,Johnny,Juzang,G,Minnesota Timberwolves
38017649,Julian,Champagnie,F,San Antonio Spurs
38017656,Scotty,Pippen Jr.,G,Memphis Grizzlies
38017662,Isaiah,Mobley,F,Philadelphia 76ers
38017663,E.J.,Liddell,F,Brooklyn Nets
38017665,Darius,Days,F,Houston Rockets
38017676,MarJon,Beauchamp,F,Philadelphia 76ers
38017677,Dyson,Daniels,G,Atlanta Hawks
38017678,Michael,Foster Jr.,F,Philadelphia 76ers
38017679,Jaden,Hardy,G,Los Angeles Lakers
38017682,Jaden,Ivey,G,Chicago Bulls
38017683,Paolo,Banchero,F,Orlando Magic
38017684,Jabari,Smith Jr.,F,Houston Rockets
38017685,Chet,Holmgren,C-F,Oklahoma City Thunder
38017686,Bennedict,Mathurin,G-F,LA Clippers
38017687,Johnny,Davis,G,Washington Wizards
38017688,Keegan,Murray,F,Sacramento Kings
38017689,AJ,Griffin,F,Atlanta Hawks
38017690,Shaedon,Sharpe,G,Portland Trail Blazers
38017691,TyTy,Washington Jr.,G,LA Clippers
38017692,Malaki,Branham,F,Washington Wizards
38017693,Blake,Wesley,G,Portland Trail Blazers
38017694,Jalen,Duren,C,Detroit Pistons
38017695,Tari,Eason,F,Houston Rockets
38017696,Nikola,Jovic,F,Miami Heat
38017697,Max,Christie,G,Dallas Mavericks
38017698,Mark,Williams,C,Phoenix Suns
38017699,Jeremy,Sochan,F,Portland Trail Blazers
38017700,Wendell,Moore Jr.,G,Detroit Pistons
38017701,Kendall,Brown,G,Boston Celtics
38017702,Kennedy,Chandler,G,Utah Jazz
38017703,Jalen,Williams,G-F,Oklahoma City Thunder
38017704,Patrick,Baldwin Jr.,F,Sacramento Kings
38017705,Walker,Kessler,C,Los Angeles Lakers
38017706,Jaylin,Williams,F,Oklahoma City Thunder
38017707,JD,Davison,G,Houston Rockets
38017708,Bryce,McGowens,G,New Orleans Pelicans
38017709,Christian,Braun,G,Denver Nuggets
38017710,Christian,Koloko,C,New Orleans Pelicans
38017711,Jabari,Walker,F,Philadelphia 76ers
38017712,Ryan,Rollins,G,Milwaukee Bucks
38017713,Jordan,Hall,G,San Antonio Spurs
38017714,Keon,Ellis,G,Brooklyn Nets
38017715,Josh,Minott,F,Brooklyn Nets
38017716,Ousmane,Dieng,F,Milwaukee Bucks
38017717,Ron,Harper Jr.,F,Boston Celtics
38017718,Buddy,Boeheim,F,Oklahoma City Thunder
38017719,Dalen,Terry,F,Philadelphia 76ers
38017720,Trevor,Keels,G,Miami Heat
38017721,Peyton,Watson,G,Denver Nuggets
38017722,Tyrese,Martin,G,Philadelphia 76ers
38017723,Alondes,Williams,G,Washington Wizards
38017724,Caleb,Houstan,G,New Orleans Pelicans
38017725,Moussa,Diabate,F,Charlotte Hornets
38017726,Dereon,Seabron,G,Detroit Pistons
38017727,Collin,Gillespie,G,Phoenix Suns
38017728,Jake,LaRavia,F,Los Angeles Lakers
38017729,David,Roddy,F,Denver Nuggets
38017730,Dominick,Barlow,F,Philadelphia 76ers
38017731,Vince,Williams Jr.,G,Utah Jazz
38017732,Kenneth,Lofton Jr.,F,Chicago Bulls
38017733,A.J.,Green,G,Milwaukee Bucks
38017734,Jamal,Cain,F,Orlando Magic
38017735,Jack,White,F,Oklahoma City Thunder
38017736,Cole,Swider,F,Indiana Pacers
38017737,Trevor,Hudgins,G,Houston Rockets
38017738,Chima,Moneke,F,Sacramento Kings
38017739,Simone,Fontecchio,F,Miami Heat
38124126,John,Butler Jr.,F,Portland Trail Blazers
39398582,Orlando,Robinson,C,Orlando Magic
39613724,Ibou,Badji,C,Charlotte Hornets
42097199,Jared,Rhoden,G,Toronto Raptors
43516144,Donovan,Williams,G,Golden State Warriors
44477024,Stanley,Umude,G,San Antonio Spurs
44477062,Jamaree,Bouyea,G,Phoenix Suns
44477085,Quenton,Jackson,G,Indiana Pacers
45088184,Keaton,Wallace,G,Atlanta Hawks
45658838,Lester,Quinones,G,Orlando Magic
45969255,Justin,Lewis,F,Chicago Bulls
46389569,Jim,Seminoff,,Boston Celtics
46389570,Johnny,Logan,,St. Louis Bombers
46389571,George,Munroe,,St. Louis Bombers
46389572,Aubrey,Davis,,St. Louis Bombers
46389573,Doyle,Parrack,,Chicago Stags
46389574,Chuck,Halbert,,Baltimore Bullets
46389575,Max,Zaslofsky,,Chicago Stags
46389576,Don,Putman,,St. Louis Bombers
46389577,Herschel,Baltimore,,St. Louis Bombers
46389578,Chet,Carlisle,,Chicago Stags
46389579,Don,Martin,,St. Louis Bombers
46389580,Wilbert,Kautz,,Chicago Stags
46389581,Tony,Jaros,,Los Angeles Lakers
46389582,Bob,Doll,,St. Louis Bombers
46389583,Giff,Roux,,St. Louis Bombers
46389584,Belus,Smawley,,St. Louis Bombers
46389585,Chuck,Gilmur,,Chicago Stags
46389586,Don,Carlson,,Los Angeles Lakers
46389587,Cecil,Hankins,,St. Louis Bombers
46389588,Mickey,Rottner,,Chicago Stags
46389589,Ralph,Kaplowitz,,Golden State Warriors
46389590,George,Senesky,,Golden State Warriors
46389591,Audley,Brindley,,New York Knicks
46389592,Jack,Garfinkel,,Boston Celtics
46389593,Bob,Faught,,Cleveland Rebels
46389594,Lee,Knorek,,New York Knicks
46389595,Sidney,Hertzberg,,Boston Celtics
46389596,Johnny,Simmons,,Boston Celtics
46389597,Art,Spector,,Boston Celtics
46389598,Harold,Kottman,,Boston Celtics
46389599,Ray,Wertis,,Cleveland Rebels
46389600,Adolph,Hoefer,,Boston Celtics
46389601,Leo,Gottlieb,,New York Knicks
46389602,Tommy,Byrnes,,New York Knicks
46389603,Angelo,Musi,,Golden State Warriors
46389604,Frido,Frey,,New York Knicks
46389605,Mel,Riebe,,Boston Celtics
46389606,George,Nostrand,,Providence Steamrollers
46389607,Jerry,Rullo,,Golden State Warriors
46389608,Matt,Guokas,,Golden State Warriors
46389609,Nick,Shaback,,Cleveland Rebels
46389610,Gerard,Kelly,,Boston Celtics
46389611,Art,Hillhouse,,Golden State Warriors
46389612,Ed,Sadowski,,Golden State Warriors
46389613,Butch,Van,,New York Knicks
46389614,Stan,Stutz,,New York Knicks
46389615,Joe,Fulks,,Golden State Warriors
46389616,John,Palmer,,New York Knicks
46389617,Connie,Simmons,,New York Knicks
46389618,Ben,Scharnus,,Cleveland Rebels
46389619,Marion,Cluggish,,New York Knicks
46389620,Howie,Dallmar,,Golden State Warriors
46389621,Al,Brightman,,Boston Celtics
46389622,Bob,Fitzgerald,,Toronto Huskies
46389623,Jerry,Fleishman,,Golden State Warriors
46389624,Alexander,Rosenberg,,Golden State Warriors
46389625,Kenny,Sailors,,Providence Steamrollers
46389626,John,Janisch,,Detroit Falcons
46389627,Bob,Gantt,,Washington Capitols
46389628,Ariel,Maughan,,St. Louis Bombers
46389629,Bob,Dille,,Detroit Falcons
46389630,Dick,Schulz,,Washington Capitols
46389631,John,Mahnken,,Boston Celtics
46389632,Bob,Mullens,,Toronto Huskies
46389633,Ernie,Calverley,,Providence Steamrollers
46389634,Hank,Beenders,,Providence Steamrollers
46389635,Irv,Torgoff,,Washington Capitols
46389636,Mike,McCarron,,Toronto Huskies
46389637,Ralph,Siewert,,Toronto Huskies
46389638,Freddie,Scolari,,Washington Capitols
46389639,Harry,Miller,,Toronto Huskies
46389640,Harold,Brown,,Detroit Falcons
46389641,Dick,Fitzgerald,,Toronto Huskies
46389642,Stan,Miasek,,Chicago Stags
46389643,Bob,Shea,,Providence Steamrollers
46389644,Leo,Mogus,,Golden State Warriors
46389645,George,Mearns,,Providence Steamrollers
46389646,Johnny,Norlander,,Washington Capitols
46389647,Bill,Davis,,Chicago Stags
46389648,Horace,McKinney,,Washington Capitols
46389649,Nat,Militzok,,New York Knicks
46389650,Marty,Passaglia,,Washington Capitols
46389651,George,Grimshaw,,Providence Steamrollers
46389652,Art,Stolkey,,Detroit Falcons
46389653,Ken,Keller,,Washington Wizards
46389654,Michael,Wallace,,Toronto Huskies
46389655,Hank,Rosenstein,,New York Knicks
46389656,Tom,King,,Detroit Falcons
46389657,Grady,Lewis,,Detroit Falcons
46389658,Donald,Martin,,Providence Steamrollers
46389659,Elmo,Morgenthaler,,Golden State Warriors
46389660,Earl,Shannon,,Providence Steamrollers
46389661,Bob,Feerick,,Washington Capitols
46389662,Wilfred,Goodwin,,Providence Steamrollers
46389663,Moe,Becker,,Detroit Falcons
46389664,Hank,Lefkowitz,,Cleveland Rebels
46389665,Milt,Schoon,,Sheboygan Redskins
46389666,Hank,Zeller,,Pittsburgh Ironmen
46389667,Coulby,Gunther,,Pittsburgh Ironmen
46389668,Stan,Noszka,,Pittsburgh Ironmen
46389669,Ed,Melvin,,Pittsburgh Ironmen
46389670,Francis,O'Grady,,St. Louis Bombers
46389671,Wyndol,Gray,,Boston Celtics
46389672,Mike,Bytzura,,Pittsburgh Ironmen
46389673,Tony,Kappen,,Pittsburgh Ironmen
46389674,John,Abramovic,,Pittsburgh Ironmen
46389675,John,Barr,,St. Louis Bombers
46389676,Roger,Jorgensen,,Pittsburgh Ironmen
46389677,Deb,Smith,,St. Louis Bombers
46389678,Forest,Weber,,Providence Steamrollers
46389679,George,A.,,Providence Steamrollers
46389680,Ossie,Schectman,,New York Knicks
46389681,Noble,Jorgensen,,Philadelphia 76ers
46389682,Peter,Maravich,,Pittsburgh Ironmen
46389683,Leon,Brown,,Cleveland Rebels
46389684,Howie,McCarty,,Detroit Falcons
46389685,Chuck,Connors,,Boston Celtics
46389686,Roy,Hurley,,Toronto Huskies
46389687,John,Mills,,Pittsburgh Ironmen
46389688,Frankie,Baumholtz,,Cleveland Rebels
46389689,Dick,Murphy,,New York Knicks
46389690,Bob,Duffy,,Chicago Stags
46389691,Johnny,Jorgensen,,Los Angeles Lakers
46389692,Henry,Pearcy,,Detroit Falcons
46389693,Joe,Fabel,,Pittsburgh Ironmen
46389694,John,Murphy,,Golden State Warriors
46389695,George,Pearcy,,Detroit Falcons
46389696,Frank,Mangiapane,,New York Knicks
46389697,Gene,Gillette,,Washington Capitols
46389698,Garland,O'Shields,,Chicago Stags
46389699,Clarence,Hermsen,,Boston Celtics
46389700,Virgil,Vaughn,,Boston Celtics
46389701,Chet,Aubuchon,,Detroit Falcons
46389702,Irv,Rothenberg,,New York Knicks
46390197,Harold,Johnson,,Detroit Falcons
46390198,Armand,Cure,,Providence Steamrollers
46390199,Bill,Fenley,,Boston Celtics
46390200,Fred,Sheffield,,Golden State Warriors
46390201,Ed,Kasid,,Toronto Huskies
46390202,Frank,Fucarino,,Toronto Huskies
46390203,Red,Dehnert,,Providence Steamrollers
46390204,Wallace,Sydnor,,Chicago Stags
46390205,Pete,Lalich,,Cleveland Rebels
46390206,Gorham,Getchell,,Pittsburgh Ironmen
46390207,Gino,Sovran,,Toronto Huskies
46390208,Hal,Crisler,,Boston Celtics
46390209,Winfred,Jacobs,,St. Louis Bombers
46390210,Ned,Endress,,Cleveland Rebels
46390211,Tom,Callahan,,Providence Steamrollers
46390212,Al,Lujack,,Washington Capitols
46390213,Mel,Hirsch,,Boston Celtics
46390214,Don,Eliason,,Boston Celtics
46390215,Walt,Miller,,Pittsburgh Ironmen
46390216,Al,Negratti,,Washington Capitols
46390217,Hank,Biasatti,,Toronto Huskies
46390218,Rob,Rensberger,,Chicago Stags
46390219,Nat,Frankel,,Pittsburgh Ironmen
46390220,Lou,Spicer,,Providence Steamrollers
46390221,Norm,Baker,,Chicago Stags
46390222,Zigmund,Mihalik,,Pittsburgh Ironmen
46390223,Ben,Goldfaden,,Washington Capitols
46390224,Buddy,Jeannette,,Baltimore Bullets
46390225,"Bear,",The,,Baltimore Bullets
46390226,Paul,Huston,,Chicago Stags
46390227,Carl,Meinhold,,Baltimore Bullets
46390228,Andy,Phillip,,Detroit Pistons
46390229,Ben,Schadler,,Chicago Stags
46390230,Joseph,Reiser,,Baltimore Bullets
46390231,Gene,Vance,,Chicago Stags
46390232,Jack,Tingle,,Washington Capitols
46390233,Dick,O'Keefe,,Washington Capitols
46390234,Red,Rocha,,Philadelphia 76ers
46390235,Jack,Toomay,,Denver Nuggets
46390236,Herm,Klotz,,Baltimore Bullets
46390237,Ray,Kuka,,New York Knicks
46390238,Bob,Hubbard,,Providence Steamrollers
46390239,Johnny,Ezersky,,Baltimore Bullets
46390240,Paul,Noel,,New York Knicks
46390241,Dick,Holub,,New York Knicks
46390242,Herm,Fuetsch,,Baltimore Bullets
46390243,Gene,Rock,,Chicago Stags
46390244,Sid,Tannenbaum,,New York Knicks
46390245,Carl,Braun,,New York Knicks
46390246,Mel,Thurston,,Providence Steamrollers
46390247,Gene,Stump,,Boston Celtics
46390248,Saul,Mariaschin,,Boston Celtics
46390249,Mike,Bloom,,Baltimore Bullets
46390250,Francis,Crossin,,Golden State Warriors
46390251,Bob,O'Brien,,Golden State Warriors
46390252,Lee,Robbins,,Providence Steamrollers
46390253,Eddie,Ehlers,,Boston Celtics
46390254,Bill,Downey,,Providence Steamrollers
46390255,Paul,Seymour,,Philadelphia 76ers
46390256,Matthew,Hickey,,Providence Steamrollers
46390751,Jack,Hewson,,Boston Celtics
46390752,Jack,Rocker,,Golden State Warriors
46390753,Stan,Brown,,Golden State Warriors
46390754,Elmer,R.,,Waterloo Hawks
46390755,Wat,Misaka,,New York Knicks
46390756,Chet,McNabb,,Baltimore Bullets
46390757,Bob,Davies,,Sacramento Kings
46390758,Kenny,Rollins,,Chicago Stags
46390759,Arnie,Risen,,Sacramento Kings
46390760,Jim,Pollard,,Los Angeles Lakers
46390761,Bill,Calhoun,,Atlanta Hawks
46390762,George,Mikan,,Los Angeles Lakers
46390763,Ed,Mikan,,Golden State Warriors
46390764,Paul,Armstrong,,Detroit Pistons
46390765,Bobby,Wanzer,,Sacramento Kings
46390766,Joe,Graboski,,Golden State Warriors
46390767,Arnie,Ferrin,,Los Angeles Lakers
46390768,Arnie,Johnson,,Sacramento Kings
46390769,Red,Holzman,,Sacramento Kings
46390770,Odie,Spears,,Sacramento Kings
46390771,D.C.,Wilcutt,,St. Louis Bombers
46390772,Bill,Roberts,,St. Louis Bombers
46390773,Otto,Schnellbacher,,Providence Steamrollers
46390774,Leo,Klier,,Detroit Pistons
46390775,Mike,Novak,,Sacramento Kings
46390776,Charlie,Black,,Detroit Pistons
46390777,Dick,Triptow,,Detroit Pistons
46390778,Jake,Bornheimer,,Golden State Warriors
46390779,Bill,Henry,,Detroit Pistons
46390780,Bill,Miller,,Chicago Stags
46390781,Estes,Parham,,St. Louis Bombers
46390782,Ward,Williams,,Detroit Pistons
46390783,Jack,Dwan,,Los Angeles Lakers
46390784,Fran,Curran,,Sacramento Kings
46390785,Andy,Duncan,,Sacramento Kings
46390786,Donnie,Forman,,Los Angeles Lakers
46390787,Gale,Bishop,,Golden State Warriors
46390788,Bob,Tough,,Detroit Pistons
46390789,John,Niemiera,,Detroit Pistons
46390790,Herm,Schaefer,,Los Angeles Lakers
46390791,Jack,Smiley,,Detroit Pistons
46390792,Edwin,Kachan,,Chicago Stags
46390793,Walter,Budko,,Baltimore Bullets
46390794,Jack,Nichols,,Boston Celtics
46390795,Harry,Gallatin,,New York Knicks
46390796,Ray,Lumpp,,New York Knicks
46390797,Fred,Lewis,,Baltimore Bullets
46390798,Mel,McGaha,,New York Knicks
46390799,Earl,Gardner,,Los Angeles Lakers
46390800,Leo,Katkaveck,,Washington Capitols
46390801,Matt,Zunic,,Washington Capitols
46390802,Howard,Tidrick,,Baltimore Bullets
46390803,Gene,James,,Baltimore Bullets
46390804,George,Kaftan,,New York Knicks
46390805,Goebel,Ritter,,New York Knicks
46390806,Joe,Colone,,New York Knicks
46390807,Phil,Farbman,,Golden State Warriors
46390808,Dermie,O'Connell,,Boston Celtics
46390809,Bob,Kinney,,Boston Celtics
46390810,Brady,Walker,,Baltimore Bullets
46390811,Les,Pugh,,Providence Steamrollers
46390812,Bruce,Hale,,Indianapolis Olympians
46390813,Jake,Pelkington,,Baltimore Bullets
46390814,Howie,Shannon,,Boston Celtics
46390815,Bob,Brown,,Denver Nuggets
46390816,Lionel,Malamed,,Indianapolis Jets
46390817,Jack,Eskridge,,Indianapolis Jets
46390818,John,Mandic,,Indianapolis Jets
46390819,William,Towery,,Baltimore Bullets
46390820,Price,Brookfield,,Indianapolis Jets
46390821,Ralph,Hamilton,,Indianapolis Jets
46390822,Fred,Nagy,,Indianapolis Jets
46390823,Walt,Kirk,,Atlanta Hawks
46390824,Doug,Holcomb,,Baltimore Bullets
46390825,Andrew,Levane,,Philadelphia 76ers
46390826,Jim,Spruill,,Indianapolis Jets
46390827,Tom,Kelly,,Boston Celtics
46390828,Jim,Springer,,Indianapolis Jets
46390829,Johnny,Bach,,Boston Celtics
46391324,Roy,Pugh,,Golden State Warriors
46391325,Donald,Smith,,Los Angeles Lakers
46391326,Ray,Ramsey,,Baltimore Bullets
46391327,Jack,Maddox,,Indianapolis Jets
46391328,Andy,Kostecka,,Indianapolis Jets
46391329,Jim,Browne,,Denver Nuggets
46391330,Andy,Tonkovich,,Providence Steamrollers
46391331,Dan,Kraus,,Baltimore Bullets
46391332,John,W.,,Boston Celtics
46391333,Dick,Wehr,,Indianapolis Jets
46391334,Dillard,Crocker,,Atlanta Hawks
46391335,Howie,Rader,,Baltimore Bullets
46391336,Ray,Ellefson,,New York Knicks
46391337,Herb,Krautblatt,,Baltimore Bullets
46391338,George,Glamack,,Indianapolis Jets
46391339,Lonnie,Eggleston,,St. Louis Bombers
46391340,Dick,Shrider,,New York Knicks
46391341,Al,Lucas,,Boston Celtics
46391342,Darrell,Brown,,Baltimore Bullets
46391343,Fred,Paine,,Providence Steamrollers
46391344,Slater,Martin,,Los Angeles Lakers
46391345,Vern,Mikkelsen,,Los Angeles Lakers
46391346,Frank,Saul,,Los Angeles Lakers
46391347,Jack,Coleman,,Sacramento Kings
46391348,Bob,Harrison,,Los Angeles Lakers
46391349,Howie,Schultz,,Los Angeles Lakers
46391350,David,Johnson,,Detroit Pistons
46391351,Duane,Klueh,,Detroit Pistons
46391352,Jack,Kerris,,Detroit Pistons
46391353,Clint,Wager,,Detroit Pistons
46391354,Jerry,Nagel,,Detroit Pistons
46391355,Frank,Kudelka,,Baltimore Bullets
46391356,Joe,Bradley,,Chicago Stags
46391357,Johnny,Oldham,,Detroit Pistons
46391358,Fred,Schaus,,Detroit Pistons
46391359,Bob,Carpenter,,Detroit Pistons
46391360,Bob,Harris,,Boston Celtics
46391361,Leo,Barnhorst,,Indianapolis Olympians
46391362,James,Owens,,Atlanta Hawks
46391363,John,Hargis,,Anderson Packers
46391364,Billy,Gabor,,Philadelphia 76ers
46391365,Johnny,Orr,,St. Louis Bombers
46391366,Ed,Stanczak,,Anderson Packers
46391367,Leroy,Chollet,,Philadelphia 76ers
46391368,Ed,Peterson,,Philadelphia 76ers
46391369,Joe,Dolhon,,Baltimore Bullets
46391370,Jake,Carter,,Denver Nuggets
46391371,Alex,Hannum,,Sacramento Kings
46391372,Andy,O'Donnell,,Baltimore Bullets
46391373,Murray,Wier,,Atlanta Hawks
46391374,Dee,Gibson,,Atlanta Hawks
46391375,Don,Ray,,Atlanta Hawks
46391376,Mac,Otten,,St. Louis Bombers
46391377,Milo,Komenich,,Anderson Packers
46391378,Whitey,Von,,Baltimore Bullets
46391379,Leo,Kubiak,,Waterloo Hawks
46391380,Thomas,Eddleman,,Detroit Pistons
46391381,Harry,Boykoff,,Waterloo Hawks
46391382,Frank,Brian,,Detroit Pistons
46391383,Bill,Closs,,Golden State Warriors
46391384,Dick,Mehen,,Detroit Pistons
46391385,Johnny,Payak,,Atlanta Hawks
46391386,Bud,Grant,,Los Angeles Lakers
46391387,Ray,Corley,,Philadelphia 76ers
46391388,Don,Boven,,Detroit Pistons
46391389,George,Ratkovicz,,Philadelphia 76ers
46391390,Al,Cervi,,Philadelphia 76ers
46391391,Ed,Macauley,,Boston Celtics
46391392,Frank,Gates,,Anderson Packers
46391393,Dolph,Schayes,,Philadelphia 76ers
46391394,Wayne,See,,Waterloo Hawks
46391395,Marko,Todorovich,,Atlanta Hawks
46391396,Johnny,Macknowski,,Philadelphia 76ers
46391397,Mal,McMullan,,Indianapolis Olympians
46391398,Cliff,Barker,,Indianapolis Olympians
46391399,Bob,Evans,,Indianapolis Olympians
46391400,Carl,Shaeffer,,Indianapolis Olympians
46391401,Harry,Donovan,,New York Knicks
46391402,Ralph,Beard,,Indianapolis Olympians
46391403,Jimmy,Darden,,Denver Nuggets
46391404,Dick,McGuire,,New York Knicks
46391405,Wallace,Jones,,Indianapolis Olympians
46391406,Stan,Patrick,,Waterloo Hawks
46391407,Warren,Perkins,,Atlanta Hawks
46391408,Don,Otten,,Atlanta Hawks
46391409,Floyd,Volker,,Denver Nuggets
46391410,Joe,Holland,,Indianapolis Olympians
46391411,Bob,Brannum,,Boston Celtics
46391412,Jack,Phelan,,Sheboygan Redskins
46391413,George,Sobek,,Sheboygan Redskins
46391414,Vince,Boryla,,New York Knicks
46391415,Jack,Burmaster,,Sheboygan Redskins
46391416,Paul,Walther,,Indianapolis Olympians
46391417,Jack,Cotton,,Denver Nuggets
46391418,Alex,Groza,,Indianapolis Olympians
46391419,Max,Morris,,Sheboygan Redskins
46391420,Marshall,Hawkins,,Indianapolis Olympians
46391421,Tony,Lavelli,,Boston Celtics
46391422,Ron,Livingstone,,Golden State Warriors
46391423,Nelson,Bobb,,Golden State Warriors
46391424,Al,Guokas,,Denver Nuggets
46391425,Vern,Gardner,,Golden State Warriors
46391426,Ed,Leede,,Boston Celtics
46391427,John,Dillon,,Washington Capitols
46391428,Joe,Mullaney,,Boston Celtics
46391429,Bobby,Cook,,Sheboygan Redskins
46391430,Ed,Bartels,,Washington Capitols
46391431,Billy,Hassett,,Los Angeles Lakers
46391432,Ernie,Vandeweghe,,New York Knicks
46391433,Gene,Englund,,Boston Celtics
46391434,Bill,Herman,,Denver Nuggets
46391435,Walt,Lautenbach,,Sheboygan Redskins
46391930,Ken,Menke,,Waterloo Hawks
46391931,Ward,Gibson,,Waterloo Hawks
46391932,Bob,Royer,,Denver Nuggets
46391933,Marv,Schatzman,,Baltimore Bullets
46391934,Rollie,Seltz,,Anderson Packers
46391935,Matt,Mazza,,Sheboygan Redskins
46391936,John,Chaney,,Sheboygan Redskins
46391937,Howie,Janotta,,Baltimore Bullets
46391938,George,Feigenbaum,,Baltimore Bullets
46391939,Charlie,Shipp,,Waterloo Hawks
46391940,Charlie,Parsley,,Golden State Warriors
46392435,Bob,Hahn,,Chicago Stags
46392436,Glen,Selbo,,Sheboygan Redskins
46392437,Paul,Cloyd,,Waterloo Hawks
46392438,Danny,Wagner,,Sheboygan Redskins
46392439,Dale,Hamilton,,Waterloo Hawks
46392440,Gene,Ollrich,,Waterloo Hawks
46392441,Bob,Wood,,Sheboygan Redskins
46392442,Al,Miksis,,Waterloo Hawks
46392443,Earl,Dodd,,Denver Nuggets
46392444,John,Pritchard,,Waterloo Hawks
46392445,Jim,Nolan,,Golden State Warriors
46392446,Jack,Parkinson,,Indianapolis Olympians
46392447,Murray,Mitchell,,Anderson Packers
46392448,Paul,Gordon,,Baltimore Bullets
46392449,Don,Grate,,Sheboygan Redskins
46392450,Gene,Berce,,Atlanta Hawks
46392451,Norman,Glick,,Los Angeles Lakers
46392452,Cal,Christensen,,Sacramento Kings
46392453,Bob,Lavoy,,Indianapolis Olympians
46392454,Nat,Clifton,,New York Knicks
46392455,Larry,Foust,,Detroit Pistons
46392456,Bob,Cousy,,Boston Celtics
46392457,Chuck,Cooper,,Boston Celtics
46392458,Herb,Scherer,,Atlanta Hawks
46392459,Bob,Donham,,Boston Celtics
46392460,Joe,Hutton,,Los Angeles Lakers
46392461,Ken,Murray,,Detroit Pistons
46392462,Kevin,O'Shea,,Baltimore Bullets
46392463,Paul,Arizin,,Golden State Warriors
46392464,Joe,McNamee,,Sacramento Kings
46392465,Don,Rehfeldt,,Baltimore Bullets
46392466,Don,Lofgran,,Indianapolis Olympians
46392961,Gerry,Calabrese,,Philadelphia 76ers
46392962,Art,Burris,,Atlanta Hawks
46392963,Ed,Beach,,Atlanta Hawks
46392964,Jim,Riffey,,Detroit Pistons
46392965,Norm,Mager,,Baltimore Bullets
46392966,Costic,Borsavage,,Golden State Warriors
46392967,Dick,Schnittker,,Los Angeles Lakers
46392968,Bill,Sharman,,Boston Celtics
46392969,Alan,Sawyer,,Washington Capitols
46392970,Chuck,Mrazovich,,Indianapolis Olympians
46392971,Hank,DeZonie,,Atlanta Hawks
46392972,Ed,Gayda,,Atlanta Hawks
46392973,Tommy,O'Keefe,,Washington Wizards
46392974,Earl,Lloyd,,Philadelphia 76ers
46393469,Leon,Blevins,,Indianapolis Olympians
46393470,Don,Barksdale,,Boston Celtics
46393471,Lew,Hitch,,Los Angeles Lakers
46393472,Charlie,Share,,Atlanta Hawks
46393473,George,King,,Philadelphia 76ers
46393474,Bill,Tosheff,,Indianapolis Olympians
46393475,Jake,Fendley,,Detroit Pistons
46393476,Wally,Osterkorn,,Philadelphia 76ers
46393477,Buckshot,O'Brien,,Indianapolis Olympians
46393478,Al,McGuire,,New York Knicks
46393479,Dick,Dickey,,Boston Celtics
46393480,Jim,Slaughter,,Baltimore Bullets
46393481,Jack,Kiley,,Detroit Pistons
46393482,Neil,Johnston,,Golden State Warriors
46393483,Mel,Hutchins,,Detroit Pistons
46393484,Bob,Wilson,,Atlanta Hawks
46393485,Ray,Ragelis,,Sacramento Kings
46393486,Nate,DeLong,,Atlanta Hawks
46393487,Mel,Payton,,Indianapolis Olympians
46393488,Dave,Minor,,Atlanta Hawks
46393489,Whitey,Skoog,,Los Angeles Lakers
46393490,John,Rennicke,,Atlanta Hawks
46393491,Sam,Ranzino,,Sacramento Kings
46393492,Ed,Dahler,,Golden State Warriors
46393987,John,Pilch,,Los Angeles Lakers
46393988,Don,Savage,,Philadelphia 76ers
46393989,John,McConathy,,Atlanta Hawks
46393990,Jerry,Fowler,,Atlanta Hawks
46393991,Elmer,Behnke,,Atlanta Hawks
46393992,Zeke,Sinicola,,Detroit Pistons
46393993,Paul,McConnell,,Atlanta Hawks
46393994,Al,Masino,,Atlanta Hawks
46393995,Gene,Rhodes,,Indianapolis Olympians
46393996,Robert,Zawoluk,,Golden State Warriors
46393997,Jim,Holstein,,Los Angeles Lakers
46393998,Don,Meineke,,Detroit Pistons
46393999,Don,Henriksen,,Sacramento Kings
46394000,Dick,Bunt,,Baltimore Bullets
46394001,Eddie,Miller,,Baltimore Bullets
46394002,Jim,Baechtold,,New York Knicks
46394003,Francis,Mahoney,,Boston Celtics
46394004,Bob,Priddy,,Baltimore Bullets
46394005,Dick,Surhoff,,Atlanta Hawks
46394006,Bob,Lochmueller,,Philadelphia 76ers
46394007,Sherwin,Raiken,,New York Knicks
46394008,Danny,Finn,,Golden State Warriors
46394009,Jim,Mooney,,Golden State Warriors
46394010,Mark,Workman,,Golden State Warriors
46394011,Jack,McMahon,,Atlanta Hawks
46394012,Ralph,Polson,,Golden State Warriors
46394013,Bill,Mlkvy,,Golden State Warriors
46394014,Gene,Conley,,Boston Celtics
46394015,Dick,Groat,,Detroit Pistons
46394016,George,McLeod,,Baltimore Bullets
46394017,Jack,McCloskey,,Golden State Warriors
46394018,Mike,O'Neill,,Atlanta Hawks
46394513,Jim,Brasco,,Atlanta Hawks
46394514,Blaine,Denning,,Baltimore Bullets
46394515,Don,Hanrahan,,Indianapolis Olympians
46394516,Claude,Overton,,Golden State Warriors
46394517,Henry,Darcey,,Atlanta Hawks
46394518,Bob,Naber,,Indianapolis Olympians
46394519,John,O'Boyle,,Atlanta Hawks
46394520,Moe,Radovich,,Golden State Warriors
46394521,Walt,Davis,,Golden State Warriors
46394522,Ernie,Barrett,G,Boston Celtics
46394523,Rollen,Hans,,Baltimore Bullets
46394524,Norm,Swanson,,Sacramento Kings
46394525,Bill,Kenville,,Philadelphia 76ers
46394526,Bob,Houbregs,,Detroit Pistons
46394527,Al,Roges,,Baltimore Bullets
46394528,George,Yardley,,Detroit Pistons
46394529,Donald,Ackerman,,New York Knicks
46394530,Jim,Fritsche,,Baltimore Bullets
46394531,Joe,Smyth,,Baltimore Bullets
46394532,Jim,Luisi,,Baltimore Bullets
46394533,Jim,Neal,,Philadelphia 76ers
46394534,Irv,Bemoras,,Atlanta Hawks
46394535,Ray,Felix,,New York Knicks
46394536,Connie,Rea,,Baltimore Bullets
46394537,Jack,George,,Golden State Warriors
46394538,Clyde,Lovellette,,Los Angeles Lakers
46394539,Don,Sunderlage,,Atlanta Hawks
46394540,Ed,Smith,,New York Knicks
46395035,Jack,Molinas,,Detroit Pistons
46395036,Don,Asmonga,,Baltimore Bullets
46395037,Gene,Dyker,,Atlanta Hawks
46395038,Bill,Bolger,,Baltimore Bullets
46395039,Hal,Uplinger,,Baltimore Bullets
46395040,Bato,Govedarica,,Philadelphia 76ers
46395041,Ernie,Beck,,Golden State Warriors
46395042,Frank,Reddout,,Sacramento Kings
46395043,Bob,Peterson,,New York Knicks
46395044,Jim,Phelan,,Golden State Warriors
46395045,Rabbit,Walthour,,Atlanta Hawks
46395046,Dick,Knostman,,Philadelphia 76ers
46395047,Paul,Nolen,,Baltimore Bullets
46395048,Ed,Earle,,Philadelphia 76ers
46395049,Norm,Grekin,,Golden State Warriors
46395050,Jackie,Moore,,Golden State Warriors
46395051,Frank,Selvy,,Los Angeles Lakers
46395052,Bob,Pettit,,Atlanta Hawks
46395053,George,Dempsey,,Golden State Warriors
46395054,Bobby,Watson,,Atlanta Hawks
46395055,Jim,Tucker,,Philadelphia 76ers
46395056,Dick,Farley,,Philadelphia 76ers
46395057,Bert,Cook,,New York Knicks
46395058,Frank,Ramsey,,Boston Celtics
46395059,Johnny,Kerr,,Philadelphia 76ers
46395060,Gene,Shue,,Detroit Pistons
46395061,Dwight,Morrison,,Boston Celtics
46395062,Jack,Turner,,New York Knicks
46395063,Togo,Palazzi,,Philadelphia 76ers
46395064,Dick,Rosenthal,,Detroit Pistons
46395065,Art,Spoelstra,,Sacramento Kings
46395066,Bob,Carney,,Los Angeles Lakers
46395067,Ed,Kalafat,,Los Angeles Lakers
46395068,Tom,Marshall,,Sacramento Kings
46395069,Michael,Kearns,,Golden State Warriors
46395070,Carl,McNulty,,Atlanta Hawks
46395565,Lucian,Whitaker,,Boston Celtics
46395566,Herm,Hedderick,,New York Knicks
46395567,Tom,Brennan,,Golden State Warriors
46395568,Larry,Costello,,Philadelphia 76ers
46395569,Fred,Diute,,Atlanta Hawks
46395570,Ronnie,MacGilvray,,Atlanta Hawks
46395571,Chuck,Grigsby,,New York Knicks
46395572,Ken,McBride,,Atlanta Hawks
46395573,Bob,Knight,,New York Knicks
46395574,Fred,Christ,,New York Knicks
46395575,Boris,Nachamkin,,Sacramento Kings
46395576,Phil,Martin,,Atlanta Hawks
46395577,Don,Anielak,,New York Knicks
46395578,Chuck,Mencel,,Los Angeles Lakers
46395579,Bob,Schafer,,Atlanta Hawks
46395580,Dick,Garmaker,,Los Angeles Lakers
46395581,Medford,Park,,Atlanta Hawks
46395582,Jack,Stephens,,Atlanta Hawks
46395583,Al,Ferrari,,Atlanta Hawks
46395584,Ed,Conlin,,Philadelphia 76ers
46395585,Ken,Sears,,New York Knicks
46395586,Larry,Hennessy,,Golden State Warriors
46395587,Walter,Devlin,,Detroit Pistons
46395588,Chuck,Noble,,Detroit Pistons
46395589,Jim,Loscutoff,,Boston Celtics
46395590,Tom,Gola,,Golden State Warriors
46395591,Dick,Hemric,,Boston Celtics
46395592,Walter,Dukes,,Detroit Pistons
46395593,Ed,Fleming,,Los Angeles Lakers
46395594,Dick,Ricketts,,Sacramento Kings
46395595,Chris,Harris,,Sacramento Kings
46395596,Maurice,Stokes,,Sacramento Kings
46395597,Richie,Regan,,Sacramento Kings
46395598,Jack,Twyman,,Sacramento Kings
46396093,Jesse,Arnelle,,Detroit Pistons
46396094,Richard,Atha,,New York Knicks
46396095,Johnny,Horan,,Los Angeles Lakers
46396096,James,Davis,,Sacramento Kings
46396097,Bob,Williams,,Los Angeles Lakers
46396098,Ron,Feiereisel,,Los Angeles Lakers
46396099,Don,Bielke,,Detroit Pistons
46396100,Bob,Santini,,New York Knicks
46396101,Cliff,Hagan,,Atlanta Hawks
46396102,Jim,Paxson,,Los Angeles Lakers
46396103,Bob,Leonard,,Los Angeles Lakers
46396104,Bill,Thieben,,Detroit Pistons
46396105,Dave,Piontek,,Sacramento Kings
46396106,Bob,Hopkins,,Philadelphia 76ers
46396107,Johnny,McCarthy,,Atlanta Hawks
46396108,Joe,Holup,,Detroit Pistons
46396109,Al,Bianchi,,Philadelphia 76ers
46396110,Bill,Russell,,Boston Celtics
46396111,Willie,Naulls,,New York Knicks
46396112,Bob,Burrow,,Sacramento Kings
46396113,Ron,Sobie,,New York Knicks
46396114,Richie,Guerin,,New York Knicks
46396115,Tom,Heinsohn,,Boston Celtics
46396610,John,Barber,,Atlanta Hawks
46396611,Lou,Tsioropoulos,,Boston Celtics
46396612,Phil,Jordon,,Sacramento Kings
46396613,Bob,Armstrong,,Golden State Warriors
46396614,Ron,Shavlik,,New York Knicks
46396615,Norm,Stewart,,Atlanta Hawks
46396616,Si,Green,,Washington Wizards
46396617,Gary,Bergen,,New York Knicks
46396618,Jim,Ray,,Philadelphia 76ers
46396619,Hal,Lear,,Golden State Warriors
46396620,Forest,Able,,Philadelphia 76ers
46397115,Pat,Dunn,,Golden State Warriors
46397116,Sam,Jones,,Boston Celtics
46397117,Woody,Sauldsberry,,Golden State Warriors
46397118,Guy,Sparrow,,New York Knicks
46397119,Larry,Friend,,New York Knicks
46397120,Jim,Krebs,,Los Angeles Lakers
46397121,Rod,Hundley,,Los Angeles Lakers
46397122,Charlie,Tyra,,New York Knicks
46397123,Brendan,McCann,,New York Knicks
46397124,Lennie,Rosenbluth,,Golden State Warriors
46397125,Bo,Erias,,Los Angeles Lakers
46397126,Win,Wilfong,,Sacramento Kings
46397127,Joel,Ingram,,Los Angeles Lakers
46397128,Dick,Duckett,,Sacramento Kings
46397129,Jim,Walsh,,Golden State Warriors
46397130,Bill,Ebben,,Detroit Pistons
46397131,Jerry,Paulson,,Sacramento Kings
46397132,Doug,Bolstorff,,Detroit Pistons
46397133,Worthy,Patterson,,Atlanta Hawks
46397134,George,Brown,,Los Angeles Lakers
46397629,Ray,Radziszewski,,Golden State Warriors
46397630,Hal,Greer,,Philadelphia 76ers
46397631,Hub,Reed,,Sacramento Kings
46397632,Elgin,Baylor,,Los Angeles Lakers
46397633,Connie,Dierking,,Sacramento Kings
46397634,Alexander,Ellis,,Los Angeles Lakers
46397635,Steve,Hamilton,,Los Angeles Lakers
46397636,Shellie,McMillon,,Detroit Pistons
46397637,Arlen,Bockhorn,,Sacramento Kings
46397638,K.C.,Jones,,Boston Celtics
46397639,Mike,Farmer,,Atlanta Hawks
46397640,Wayne,Embry,,Sacramento Kings
46397641,Bennie,Swain,,Boston Celtics
46397642,Pete,Brennan,,New York Knicks
46397643,Guy,Rodgers,,Golden State Warriors
46397644,Jim,Palmer,,New York Knicks
46397645,Archie,Dees,,Detroit Pistons
46397646,Andy,Johnson,,Golden State Warriors
46397647,Vern,Hatton,,Golden State Warriors
46397648,Jack,Parr,,Sacramento Kings
46397649,Larry,Staverman,,Sacramento Kings
46397650,Barney,Cable,,Philadelphia 76ers
46397651,Phil,Rollins,,Sacramento Kings
46397652,Jerry,Bird,,New York Knicks
46398147,Dave,Gambee,,Philadelphia 76ers
46398148,Tommy,Kearns,,Philadelphia 76ers
46398149,Johnny,Green,,New York Knicks
46398150,Rudy,LaRusso,,Los Angeles Lakers
46398151,Tom,Hawkins,,Los Angeles Lakers
46398152,William,Bell,,New York Knicks
46398153,Bailey,Howell,,Detroit Pistons
46398154,Bob,Ferry,,Detroit Pistons
46398155,Wilt,Chamberlain,,Golden State Warriors
46398156,Gene,Guarilia,,Boston Celtics
46398157,John,Richter,,Boston Celtics
46398158,Dick,Barnett,,New York Knicks
46398159,Gary,Alcorn,,Detroit Pistons
46398160,Tony,Windis,,Detroit Pistons
46398161,Joe,Ruklick,,Golden State Warriors
46398162,Nick,Mantis,,Washington Wizards
46398163,Bob,Anderegg,,New York Knicks
46398658,Cal,Ramsey,,New York Knicks
46398659,Wayne,Stevens,,Sacramento Kings
46398660,Bobby,Smith,,Los Angeles Lakers
46398661,Maury,King,,Washington Wizards
46398662,Jerry,West,,Los Angeles Lakers
46398663,George,Lee,,Detroit Pistons
46398664,Harvey,Halbrook,,Philadelphia 76ers
46398665,Bob,Boozer,,Sacramento Kings
46398666,Darrall,Imhoff,,Los Angeles Lakers
46398667,Bob,McNeill,,New York Knicks
46398668,Thomas,Sanders,,Boston Celtics
46398669,Dave,Budd,,New York Knicks
46398670,Oscar,Robertson,,Sacramento Kings
46398671,Joe,Roberts,,Philadelphia 76ers
46398672,Don,Ohl,,Detroit Pistons
46398673,Howie,Jolliff,,Los Angeles Lakers
46398674,Ralph,Davis,,Washington Wizards
46398675,Fred,LaCour,,Atlanta Hawks
46398676,Alvin,Attles,,Golden State Warriors
46398677,Willie,Jones,,Detroit Pistons
46398678,Lenny,Wilkens,,Atlanta Hawks
46398679,Jackie,Moreland,,Detroit Pistons
46398680,Ron,Johnson,,Los Angeles Lakers
46398681,William,Kennedy,,Golden State Warriors
46399176,Frank,Radovich,,Golden State Warriors
46399177,Lee,Shaffer,,Philadelphia 76ers
46399178,Bob,Sims,,Atlanta Hawks
46399179,Horace,Walker,,Washington Wizards
46399180,Ted,Luckenbill,,Golden State Warriors
46399181,York,Larese,,Golden State Warriors
46399182,Joe,Buckhalter,,Sacramento Kings
46399183,Adrian,Smith,,Sacramento Kings
46399184,Howie,Carl,,Washington Wizards
46399185,Walt,Bellamy,,Atlanta Hawks
46399186,Dick,Eichhorst,,Atlanta Hawks
46399187,Donnie,Butcher,,Detroit Pistons
46399188,Tom,Meschery,,Golden State Warriors
46399189,Wayne,Yates,,Los Angeles Lakers
46399190,Ray,Scott,,Detroit Pistons
46399191,Cleo,Hill,,Atlanta Hawks
46399192,Paul,Neumann,,Philadelphia 76ers
46399193,Ronald,Martin,,New York Knicks
46399194,Cleveland,Buckner,,New York Knicks
46399195,Bob,Wiesenhahn,,Sacramento Kings
46399196,Al,Butler,,New York Knicks
46399197,Dave,Zeller,,Sacramento Kings
46399198,Gary,Phillips,,Golden State Warriors
46399199,Robert,Nordmann,,Atlanta Hawks
46399200,Stacey,Arceneaux,,Atlanta Hawks
46399201,Johnny,Egan,,Washington Wizards
46399202,Sam,Stith,,New York Knicks
46399203,Jack,Turner,,Washington Wizards
46399698,George,Blaney,,New York Knicks
46399699,Bill,Smith,,New York Knicks
46399700,Doug,Kistler,,New York Knicks
46399701,Ron,Horn,,Los Angeles Lakers
46399702,Jimmy,Darrow,,Atlanta Hawks
46399703,Chuck,Osborne,,Philadelphia 76ers
46399704,Ed,Burton,,New York Knicks
46399705,George,H.,,Washington Wizards
46400200,Dave,DeBusschere,,Detroit Pistons
46400201,Dan,Swartz,,Boston Celtics
46400202,Enoch,Olsen,,Sacramento Kings
46400203,John,Barnhill,,Atlanta Hawks
46400204,Charles,Vaughn,,Atlanta Hawks
46400205,John,Havlicek,,Boston Celtics
46400206,Len,Chappell,,New York Knicks
46400207,Bill,Bridges,,Atlanta Hawks
46400208,Gene,Tormohlen,,Atlanta Hawks
46400209,John,Rudometkin,,New York Knicks
46400210,Ben,Warley,,Philadelphia 76ers
46400211,Bob,Duffy,,Detroit Pistons
46400212,Zelmo,Beaty,,Atlanta Hawks
46400213,Kevin,Loughery,,Washington Wizards
46400214,Charlie,Hardnett,,Washington Wizards
46400215,Johnny,Cox,,Washington Wizards
46400216,Don,Nelson,,Boston Celtics
46400217,Terry,Dischinger,,Detroit Pistons
46400218,Leroy,Ellis,,Los Angeles Lakers
46400219,Wayne,Hightower,,Golden State Warriors
46400220,Bill,McGill,,New York Knicks
46400221,Gene,Wiley,,Los Angeles Lakers
46400222,Chet,Walker,,Philadelphia 76ers
46400223,Tom,Stith,,New York Knicks
46400224,Jack,Foley,,New York Knicks
46400225,Hubie,White,,Golden State Warriors
46400226,Paul,Hogue,,New York Knicks
46400227,Porter,Meriwether,,Philadelphia 76ers
46400228,Mel,Nowell,,Washington Wizards
46400229,Dan,Tieman,,Sacramento Kings
46400724,Howie,Montgomery,,Golden State Warriors
46400725,Dave,Fedor,,Golden State Warriors
46400726,Jeff,Slade,,Washington Wizards
46400727,Danny,Doyle,,Detroit Pistons
46400728,Ralph,Wells,,Washington Wizards
46400729,Dave,Gunther,,Golden State Warriors
46400730,Gary,Hill,,Golden State Warriors
46400731,Rod,Thorn,,Oklahoma City Thunder
46400732,Don,Kojis,,Houston Rockets
46400733,Gus,Johnson,,Washington Wizards
46400734,Larry,Siegfried,,Boston Celtics
46400735,Nate,Thurmond,,Golden State Warriors
46400736,Reggie,Harding,,Detroit Pistons
46400737,Ken,Rohloff,,Atlanta Hawks
46400738,Gerry,Ward,,Chicago Bulls
46400739,Eddie,Miles,,Detroit Pistons
46400740,Jim,King,,Los Angeles Lakers
46400741,Art,Heyman,,New York Knicks
46400742,Tom,Hoover,,New York Knicks
46400743,Jay,Arnette,,Sacramento Kings
46400744,Jerry,Lucas,,Sacramento Kings
46400745,Tom,Thacker,,Sacramento Kings
46400746,Larry,Comley,,Washington Wizards
46400747,Mel,Gibson,,Los Angeles Lakers
46401242,Jerry,Greenspan,,Philadelphia 76ers
46401243,John,Windsor,,Golden State Warriors
46401244,Mel,Peterson,,Washington Wizards
46401245,Jerry,Harkness,,New York Knicks
46401246,Roger,Strickland,,Washington Wizards
46401247,Larry,Jones,,Philadelphia 76ers
46401248,Emmette,Bryant,,New York Knicks
46401249,Steve,Courtin,,Philadelphia 76ers
46401250,Lucious,Jackson,,Philadelphia 76ers
46401251,Barry,Kramer,,Golden State Warriors
46401252,John,Thompson,,Boston Celtics
46401253,George,Wilson,,Philadelphia 76ers
46401254,Happy,Hairston,,Los Angeles Lakers
46401255,Ron,Bonham,,Boston Celtics
46401256,Gary,Bradds,,Washington Wizards
46401257,Mel,Counts,,Los Angeles Lakers
46401258,Howard,Komives,,New York Knicks
46401259,Willis,Reed,,New York Knicks
46401260,Jim,Barnes,,Boston Celtics
46401261,Wali,Jones,,Philadelphia 76ers
46401262,Mccoy,McLemore,,Golden State Warriors
46401263,Bud,Koper,,Golden State Warriors
46401264,Charles,Nash,,Los Angeles Lakers
46401265,Walt,Hazzard,,Atlanta Hawks
46401266,Joe,Caldwell,,Atlanta Hawks
46401761,Jeff,Mullins,,Golden State Warriors
46401762,Les,Hunter,,Washington Wizards
46401763,Jerry,Grote,,Los Angeles Lakers
46402258,John,Tresvant,,Washington Wizards
46402259,Jim,Washington,,Atlanta Hawks
46402260,Dick,Van,,Phoenix Suns
46402261,John,Clemens,,Oklahoma City Thunder
46402262,Dave,Stallworth,,New York Knicks
46402263,Jerry,Sloan,,Chicago Bulls
46402264,Billy,Cunningham,,Philadelphia 76ers
46402265,Jon,McGlocklin,,Milwaukee Bucks
46402266,Bill,Buntin,,Detroit Pistons
46402267,Ron,Reed,,Detroit Pistons
46402268,Fred,Hetzel,,Golden State Warriors
46402269,Joe,Strawder,,Detroit Pistons
46402270,Tom,Van,,Sacramento Kings
46402271,Keith,Erickson,,Los Angeles Lakers
46402272,John,Fairchild,,Los Angeles Lakers
46402273,Gail,Goodrich,,Los Angeles Lakers
46402274,Bob,Warlick,,Golden State Warriors
46403263,Bob,Weiss,,Chicago Bulls
46403264,Jesse,Branson,,Philadelphia 76ers
46403265,Willie,Somerset,,Washington Wizards
46403266,Will,Frazier,,Golden State Warriors
46403267,Thales,McReynolds,,Washington Wizards
46403268,Ron,Watts,,Boston Celtics
46403269,John,Austin,,Washington Wizards
46403270,Matt,Guokas,,Philadelphia 76ers
46403271,Dorie,Murrey,,Oklahoma City Thunder
46403272,Clyde,Lee,,Golden State Warriors
46403273,Wayne,Molis,,New York Knicks
46403274,Henry,Akin,,New York Knicks
46403275,Neil,Johnson,,Phoenix Suns
46403276,Freddie,Crawford,,Los Angeles Lakers
46403277,Jerry,Chambers,,Phoenix Suns
46403278,Dave,Bing,,Detroit Pistons
46403279,Jack,Marin,,Washington Wizards
46403280,Dave,Schellhase,,Chicago Bulls
46403281,Archie,Clark,,Philadelphia 76ers
46403282,Joe,Ellis,,Golden State Warriors
46403283,Toby,Kimball,,Houston Rockets
46403284,Erwin,Mueller,,Detroit Pistons
46403285,Jim,Barnett,,Golden State Warriors
46403286,Cazzie,Russell,,New York Knicks
46403287,Bill,Melchionni,,Philadelphia 76ers
46403288,Jim,Ware,,Sacramento Kings
46403289,Freddie,Lewis,,Indiana Pacers
46403290,Tom,Kron,,Oklahoma City Thunder
46403291,Lou,Hudson,,Atlanta Hawks
46403292,Walt,Wesley,,Sacramento Kings
46403293,Flynn,Robinson,,Sacramento Kings
46403294,Dave,Deutsch,,New York Knicks
46403295,Dick,Snyder,,Oklahoma City Thunder
46403296,Bob,Hogsett,,Detroit Pistons
46403297,Hank,Finkel,,Boston Celtics
46403298,John,Block,,Houston Rockets
46403299,Stan,McKenzie,,Portland Trail Blazers
46403300,Rick,Weitzman,,Boston Celtics
46403301,Johnny,Jones,,Boston Celtics
46403302,Roland,West,,Washington Wizards
46403303,Mal,Graham,,Boston Celtics
46403304,Ed,Manning,,Washington Wizards
46403305,Jim,Fox,,Oklahoma City Thunder
46403306,Jimmy,Walker,,Detroit Pistons
46403307,Bill,Bradley,,New York Knicks
46403308,Bob,Love,,Chicago Bulls
46403309,Pat,Riley,,Los Angeles Lakers
46403310,Clem,Haskins,,Phoenix Suns
46403311,Arthur,Williams,,Boston Celtics
46403312,Bob,Rule,,Oklahoma City Thunder
46403313,Al,Tucker,,Oklahoma City Thunder
46403314,Craig,Spitzer,,Chicago Bulls
46403315,Charles,Acton,,Houston Rockets
46403316,Dennis,Hamilton,,Los Angeles Lakers
46403317,Cliff,Anderson,,Los Angeles Lakers
46403318,Bobby,Lewis,,Golden State Warriors
46403319,Bill,Turner,,Golden State Warriors
46403320,Dave,Lattin,,Phoenix Suns
46403321,Paul,Long,,Detroit Pistons
46403322,Nate,Bowman,,New York Knicks
46403817,Jim,Davis,,Atlanta Hawks
46403818,Lloyd,Dove,,Detroit Pistons
46403819,George,Patterson,,Detroit Pistons
46403820,George,Lehmann,,Atlanta Hawks
46403821,Bill,Dinwiddie,,Sacramento Kings
46403822,Tyrone,Britt,,Houston Rockets
46403823,Gary,Gray,,Sacramento Kings
46403824,John,Wetzel,,Atlanta Hawks
46403825,Plummer,Lott,,Oklahoma City Thunder
46403826,Tom,Workman,,Washington Wizards
46403827,Ron,Filipek,,Philadelphia 76ers
46403828,Nick,Jones,,Golden State Warriors
46403829,Jay,Miller,,Atlanta Hawks
46404324,Jim,Reid,,Philadelphia 76ers
46404325,Ken,Wilburn,,Chicago Bulls
46404326,Jim,Burns,,Chicago Bulls
46404327,Jim,Caldwell,,New York Knicks
46404328,Al,Jackson,,Sacramento Kings
46404329,George,Carter,,Detroit Pistons
46404330,Eldo,Garrett,,LA Clippers
46404331,Mike,Riordan,,Washington Wizards
46404332,Harry,Barnes,,Houston Rockets
46404333,Rich,Johnson,,Boston Celtics
46404334,Stu,Lantz,,Houston Rockets
46404335,Joe,Kennedy,,Oklahoma City Thunder
46404336,Bob,Quick,,Detroit Pistons
46404337,Rick,Roberson,,Los Angeles Lakers
46404338,Wilmer,Hosket,,New York Knicks
46404339,Mike,Lynn,,Los Angeles Lakers
46404340,Shaler,Halimon,,Portland Trail Blazers
46404341,Willie,McCarter,,Los Angeles Lakers
46404342,Johnny,Warren,,Cleveland Cavaliers
46404343,Connie,Hawkins,,Phoenix Suns
46404344,John,Trapp,,Houston Rockets
46404345,Zaid,Abdul-Aziz,,Houston Rockets
46404346,Rick,Adelman,,Portland Trail Blazers
46404347,Fred,Foster,,Philadelphia 76ers
46404348,Sam,Williams,,Milwaukee Bucks
46404349,Pat,Frink,,Sacramento Kings
46404350,Carlos,Ogden,,Philadelphia 76ers
46404351,Gary,Gregor,,Portland Trail Blazers
46404352,Bob,Portman,,Golden State Warriors
46404353,Tom,Boerwinkle,,Chicago Bulls
46404354,Bill,Hewitt,,Detroit Pistons
46404355,Greg,Smith,,Milwaukee Bucks
46404356,Art,Harris,,Phoenix Suns
46404357,Dick,Cunningham,,Milwaukee Bucks
46404358,Al,Hairston,,Oklahoma City Thunder
46404359,Bernie,Williams,,Houston Rockets
46404360,Otto,Moore,,Detroit Pistons
46404361,Dale,Schlueter,,Portland Trail Blazers
46404362,Dave,Newmark,,Chicago Bulls
46404363,Loy,Petersen,,Chicago Bulls
46404364,Bob,Greacen,,Milwaukee Bucks
46404365,Steve,Kuberski,,Boston Celtics
46404366,Butch,Beard,,New York Knicks
46404367,Lamar,Green,,Phoenix Suns
46404368,Lee,Winfield,,Oklahoma City Thunder
46404369,Barry,Orms,,Washington Wizards
46404370,Lucius,Allen,,Milwaukee Bucks
46404371,Don,May,,Atlanta Hawks
46404372,Ron,Williams,,Golden State Warriors
46404373,Neal,Walk,,Phoenix Suns
46404374,Jay,Carty,,Los Angeles Lakers
46404375,Wally,Anderzunas,,Sacramento Kings
46404376,Norm,Van,,Chicago Bulls
46404377,Bob,Kauffman,,LA Clippers
46404378,Brian,Heaney,,Washington Wizards
46404379,Fred,Carter,,Philadelphia 76ers
46404380,Rich,Niemann,,Milwaukee Bucks
46404381,Bob,Allen,,Golden State Warriors
46404382,Skip,Harlicka,,Atlanta Hawks
46404877,Luke,Rackley,,Cleveland Cavaliers
46404878,Mike,Davis,,LA Clippers
46404879,Herm,Gilliam,,Atlanta Hawks
46404880,Grady,O'Malley,,Atlanta Hawks
46404881,Craig,Raymond,,Philadelphia 76ers
46405376,George,Reynolds,,Detroit Pistons
46405377,Charlie,Paulk,,Sacramento Kings
46405378,Doug,Sims,,Sacramento Kings
46405379,John,Arthurs,,Milwaukee Bucks
46405380,Dwight,Waller,,Atlanta Hawks
46405381,Ed,Biedenbach,,Phoenix Suns
46405382,Rod,Knowles,,Phoenix Suns
46405383,Cliff,Williams,,Detroit Pistons
46405384,Dave,Scholz,,Philadelphia 76ers
46405385,Johnny,Baum,,Chicago Bulls
46405386,Bobby,Washington,,Cleveland Cavaliers
46405387,Geoff,Petrie,,Portland Trail Blazers
46405388,Jim,McMillian,,Los Angeles Lakers
46405389,Dean,Meminger,,New York Knicks
46405390,Dave,Sorenson,,Cleveland Cavaliers
46405391,John,Vallely,,Atlanta Hawks
46405392,Ron,Knight,,Portland Trail Blazers
46405393,Larry,Mikan,,Cleveland Cavaliers
46405394,Eddie,Mast,,New York Knicks
46405395,Jeff,Webb,,Milwaukee Bucks
46405396,Rich,Rinaldi,,Washington Wizards
46405397,Curtis,Rowe,,Detroit Pistons
46405398,Joe,Cooke,,Cleveland Cavaliers
46405399,George,Johnson,,Houston Rockets
46405400,Gary,Zeller,,Washington Wizards
46405401,John,Hummer,,LA Clippers
46405402,Marv,Winkler,,Milwaukee Bucks
46405403,Isaiah,Wilson,,Detroit Pistons
46405404,Pete,Cross,,Oklahoma City Thunder
46405405,Greg,Howard,,Cleveland Cavaliers
46405406,Tom,Payne,,Atlanta Hawks
46405407,Jake,Ford,,Oklahoma City Thunder
46405408,Dave,Wohl,,Houston Rockets
46405409,Nate,Williams,,Sacramento Kings
46405410,Jim,Marsh,,Portland Trail Blazers
46405411,Al,Henry,,Philadelphia 76ers
46405412,Jimmy,Collins,,Chicago Bulls
46405413,Harvey,Marlatt,,Detroit Pistons
46405414,Mike,Price,,New York Knicks
46405415,Clarence,Glover,,Boston Celtics
46405416,Stan,Love,,Washington Wizards
46405417,Terry,Driscoll,,Milwaukee Bucks
46405418,Joe,Thomas,,Phoenix Suns
46405419,Fred,Taylor,,Phoenix Suns
46405420,Don,Adams,,Detroit Pistons
46405421,Cornell,Warner,,Milwaukee Bucks
46405422,Dick,Gibbs,,LA Clippers
46405423,Fred,Hilton,,LA Clippers
46405424,Rex,Morgan,,Boston Celtics
46405425,Charlie,Yelverton,,Portland Trail Blazers
46405426,Levi,Fontaine,,Golden State Warriors
46405427,George,Trapp,,Detroit Pistons
46405428,Tom,Black,,Oklahoma City Thunder
46405429,Paul,Ruffner,,LA Clippers
46405430,Gary,Freeman,,Milwaukee Bucks
46405431,Ernie,Killum,,Los Angeles Lakers
46405432,Garfield,Smith,,Boston Celtics
46405433,Jeff,Halliburton,,Atlanta Hawks
46405434,Greg,Fillmore,,New York Knicks
46405435,Jim,McDaniels,,Oklahoma City Thunder
46405436,Thomas,Barr,,Sacramento Kings
46405437,Curtis,Perry,,Phoenix Suns
46405438,Cliff,Meely,,Houston Rockets
46405439,Willie,Williams,,Boston Celtics
46405440,Walt,Gilmore,,Portland Trail Blazers
46405441,Bob,Christian,,Atlanta Hawks
46405442,Greg,Hyder,,Sacramento Kings
46405443,Willie,Norwood,,Detroit Pistons
46405444,Jackie,Dinkins,,Chicago Bulls
46405445,Bob,Arnzen,,Sacramento Kings
46405446,Gil,McGregor,,Sacramento Kings
46405447,Steve,Patterson,,Cleveland Cavaliers
46405448,Barry,Nelson,,Milwaukee Bucks
46405449,Kenny,McIntosh,,Oklahoma City Thunder
46405450,Chuck,Lowery,,Milwaukee Bucks
46405451,Elmore,Smith,,Los Angeles Lakers
46405452,Howard,Porter,,Detroit Pistons
46405453,Dennis,Layton,,Phoenix Suns
46405454,Herb,White,,Atlanta Hawks
46405455,Claude,English,,Portland Trail Blazers
46405456,Mike,Silliman,,LA Clippers
46405457,Barry,Yates,,Philadelphia 76ers
46405458,Vic,Bartolome,,Golden State Warriors
46405459,Odis,Allison,,Golden State Warriors
46405460,Ralph,Ogden,,Golden State Warriors
46405955,Milt,Williams,,Oklahoma City Thunder
46405956,Charlie,Davis,,Portland Trail Blazers
46405957,Bill,Zopf,,Milwaukee Bucks
46405958,Ken,Durrett,,Sacramento Kings
46405959,Jackie,Ridgle,,Cleveland Cavaliers
46406454,Gary,Suiter,,Cleveland Cavaliers
46406455,Sid,Catlett,,Sacramento Kings
46406456,Bob,Riley,,Atlanta Hawks
46406457,Jake,Jones,,Sacramento Kings
46406458,Bill,Smith,,Portland Trail Blazers
46406459,Alvin,Holt,,Chicago Bulls
46406460,Bill,Stricker,,Portland Trail Blazers
46406955,Dennis,Stewart,,Washington Wizards
46406956,Edward,Davis,,Milwaukee Bucks
46406957,Paul,McCracken,,Houston Rockets
46406958,Fred,Boyd,,Philadelphia 76ers
46406959,Phil,Hankinson,,Boston Celtics
46406960,Russell,Lee,,Milwaukee Bucks
46406961,Bernie,Fryer,,Portland Trail Blazers
46406962,Isaac,Stallworth,,Utah Jazz
46406963,Larry,Cannon,,Philadelphia 76ers
46406964,Charlie,Johnson,,Golden State Warriors
46406965,Vester,Marshall,,Oklahoma City Thunder
46406966,Gary,Melchionni,,Phoenix Suns
46406967,Bill,Chamberlain,,Phoenix Suns
46406968,Lloyd,Neal,,Portland Trail Blazers
46406969,Slick,Watts,,Oklahoma City Thunder
46406970,Derrek,Dickey,,Golden State Warriors
46406971,Larue,Martin,,Portland Trail Blazers
46406972,Paul,Stovall,,Phoenix Suns
46406973,Mark,Sibley,,Portland Trail Blazers
46406974,Bob,Verga,,Portland Trail Blazers
46406975,Scott,English,,Phoenix Suns
46406976,John,Brisker,,Oklahoma City Thunder
46406977,Charles,Dudley,,Golden State Warriors
46406978,Tom,Ingelsby,,Atlanta Hawks
46406979,Double,D,,Cleveland Cavaliers
46406980,Mike,Macaluso,,LA Clippers
46406981,Joby,Wright,,Oklahoma City Thunder
46406982,Steve,Bracey,,Atlanta Hawks
46406983,Eric,McWilliams,,Houston Rockets
46406984,Rowland,Garrett,,Chicago Bulls
46406985,Ron,Riley,,Houston Rockets
46406986,Ed,Ratleff,,Houston Rockets
46406987,Chuck,Terry,,Milwaukee Bucks
46406988,Jim,Price,,Los Angeles Lakers
46406989,Mel,Davis,,New York Knicks
46406990,Frank,Russell,,Chicago Bulls
46406991,Harthorne,Wingo,,New York Knicks
46406992,Tom,Kozelko,,Washington Wizards
46406993,Steve,Downing,,Boston Celtics
46406994,Mike,D'Antoni,,Sacramento Kings
46406995,Bob,Nash,,Sacramento Kings
46406996,Travis,Grant,,Los Angeles Lakers
46406997,Larry,McNeill,,Sacramento Kings
46406998,Luke,Witte,,Cleveland Cavaliers
46406999,Emanuel,Leaks,,Philadelphia 76ers
46407000,Justus,Thigpen,,Detroit Pistons
46407001,Nate,Hawthorne,,Phoenix Suns
46407002,John,Tschogl,,Atlanta Hawks
46407003,Louie,Nelson,,Utah Jazz
46407004,Ernie,DiGregorio,,LA Clippers
46407005,E.C.,Coleman,,Utah Jazz
46407006,Ken,Charles,,LA Clippers
46407007,Ben,Kelso,,Detroit Pistons
46407008,Frank,Schade,,Sacramento Kings
46407009,Mike,Ratliff,,Sacramento Kings
46407010,Tommy,Patterson,,Washington Wizards
46407011,Rod,Freeman,,Philadelphia 76ers
46407012,Bob,Davis,,Portland Trail Blazers
46407013,Tom,Riker,,New York Knicks
46407508,Sam,Sibert,,Sacramento Kings
46407509,Jim,Owens,,Phoenix Suns
46408004,Harold,Fox,,LA Clippers
46408005,Ted,Manakas,,Sacramento Kings
46408006,Joe,Reaves,,Phoenix Suns
46408007,Jim,Garvin,,LA Clippers
46408008,Mark,Minor,,Boston Celtics
46408009,Luther,Green,,Philadelphia 76ers
46408010,Allie,McGuire,,New York Knicks
46408011,Dennis,Bell,,New York Knicks
46408506,Glenn,McDonald,,Boston Celtics
46408507,Gary,Brokaw,,Milwaukee Bucks
46408508,Cliff,Pondexter,,Chicago Bulls
46408509,Jim,Ard,,Boston Celtics
46408510,Aaron,James,,Utah Jazz
46408511,Wilbur,Holland,,Chicago Bulls
46408512,Glenn,Hansen,,Sacramento Kings
46408513,Phil,Lumpkin,,Portland Trail Blazers
46408514,John,Laskowski,,Chicago Bulls
46408515,Leonard,Gray,,Oklahoma City Thunder
46408516,Clyde,Mayes,,Milwaukee Bucks
46408517,Talvin,Skinner,,Oklahoma City Thunder
46408518,Al,Eberhard,,Detroit Pistons
46408519,Dean,Tolson,,Oklahoma City Thunder
46408520,Leon,Benbow,,Chicago Bulls
46408521,Terry,Thomas,,Detroit Pistons
46408522,Daniel,Anderson,,Portland Trail Blazers
46408523,Dennis,DuVal,,Washington Wizards
46408524,Mike,Sojourner,,Atlanta Hawks
46408525,Bobby,Wilson,,Chicago Bulls
46408526,Gene,Short,,New York Knicks
46408527,Earl,Williams,,Phoenix Suns
46408528,Henry,Dickerson,,Detroit Pistons
46408529,Greg,Jackson,,Phoenix Suns
46408530,Jim,Creighton,,Atlanta Hawks
46408531,Jimmy,Jones,,Washington Wizards
46408532,Jerome,Anderson,,Indiana Pacers
46408533,Rod,Derline,,Oklahoma City Thunder
46408534,Bruce,Seals,,Oklahoma City Thunder
46408535,Fred,Saunders,,Boston Celtics
46408536,George,Thompson,,Milwaukee Bucks
46408537,Steve,Jones,,Portland Trail Blazers
46408538,Bob,Bigelow,,Sacramento Kings
46408539,Connie,Norman,,Philadelphia 76ers
46408540,Don,Smith,,Philadelphia 76ers
46408541,Bill,Ligon,,Detroit Pistons
46408542,Jesse,Dark,,New York Knicks
46408543,Len,Kosmalski,,Sacramento Kings
46408544,Robert,Hawkins,,Brooklyn Nets
46408545,Owen,Wells,,Houston Rockets
46408546,Tom,Kropp,,Chicago Bulls
46408547,Wardell,Jackson,,Oklahoma City Thunder
46408548,Donnie,Freeman,,Los Angeles Lakers
46408549,Ben,Clyde,,Boston Celtics
46408550,Frank,Kendrick,,Golden State Warriors
46408551,Jerry,Baskerville,,Philadelphia 76ers
46408552,Frank,Oleynick,,Oklahoma City Thunder
46408553,Lindsay,Hairston,,Detroit Pistons
46409048,Bernie,Harris,,LA Clippers
46409049,Al,Carlson,,Oklahoma City Thunder
46409050,Charles,Kupec,,Los Angeles Lakers
46409545,Ed,Searcy,,Boston Celtics
46409546,Ken,Boyd,,Utah Jazz
46409547,Larry,Fogle,,New York Knicks
46409548,Ken,Mayfield,,New York Knicks
46409549,Perry,Warbington,,Philadelphia 76ers
46409550,Greg,Lee,,Portland Trail Blazers
46409551,Stan,Washington,,Washington Wizards
46409552,Roland,Taylor,,Denver Nuggets
46409553,"Ted,",Hound,,Denver Nuggets
46409554,Phil,Sellers,,Detroit Pistons
46409555,Ira,Terrell,,Phoenix Suns
46409556,William,Averitt,,LA Clippers
46409557,Chuck,Williams,,LA Clippers
46409558,Robin,Jones,,Portland Trail Blazers
46409559,Eddie,Owens,,LA Clippers
46409560,Luther,Burden,,New York Knicks
46409561,Monte,Towe,,Denver Nuggets
46409562,Al,Fleming,,Oklahoma City Thunder
46409563,Byron,Beck,,Denver Nuggets
46409564,Joe,Pace,,Washington Wizards
46409565,Phil,Walker,,Washington Wizards
46409567,Lou,Dampier,,San Antonio Spurs
46409568,Butch,Feher,,Phoenix Suns
46409569,Willie,Wise,,Denver Nuggets
46409570,Wil,Jones,,Indiana Pacers
46409571,Jim,Bostic,,Detroit Pistons
46409572,Andy,Walker,,Utah Jazz
46409573,Mo,Howard,,Utah Jazz
46409574,Bo,Lamar,,Los Angeles Lakers
46409575,Claude,Terry,,Atlanta Hawks
46409576,Henry,Ward,,San Antonio Spurs
46409577,Johnny,Neumann,,Los Angeles Lakers
46409578,Tate,Armstrong,,Chicago Bulls
46409579,Wesley,Cox,,Golden State Warriors
46409580,Phil,Hicks,,Chicago Bulls
46409581,Tony,Robertson,,Atlanta Hawks
46409582,Norm,Cook,,Boston Celtics
46409583,Steve,Sheppard,,Chicago Bulls
46409584,Marv,Roberts,,Los Angeles Lakers
46409585,Steve,Green,,Indiana Pacers
46409586,Eugene,Kennedy,,Houston Rockets
46409587,Jim,Eakins,,Sacramento Kings
46409588,George,Karl,,San Antonio Spurs
46409589,Mike,Flynn,,Indiana Pacers
46409590,Bayard,Forrest,,Phoenix Suns
46409591,Wilson,Washington,,Brooklyn Nets
46409592,Greg,Griffin,,Phoenix Suns
46409593,Mike,Barr,,Sacramento Kings
46409594,Eric,Marsh,,Golden State Warriors
46409595,Marshall,Rogers,,Golden State Warriors
46410090,Tom,Barker,,Atlanta Hawks
46410091,Chuckie,Williams,,Cleveland Cavaliers
46410092,Randy,Denton,,Atlanta Hawks
46410587,Larry,Moffett,,Houston Rockets
46411082,Rich,Jones,,Brooklyn Nets
46411083,Rich,Laurel,,Milwaukee Bucks
46411084,Keith,Starr,,Chicago Bulls
46411085,Larry,Johnson,,LA Clippers
46411086,Mark,Crow,,Brooklyn Nets
46411581,Mel,Daniels,,Brooklyn Nets
46411582,Scott,Sims,,San Antonio Spurs
46411583,Rudy,Hackett,,Indiana Pacers
46411584,Glenn,Mosley,,San Antonio Spurs
46411585,Phil,Bond,,Houston Rockets
46411586,Wayman,Britt,,Detroit Pistons
46411587,Darrell,Elston,,Indiana Pacers
46411588,Cornelius,Cash,,Detroit Pistons
46411589,Norton,Barnhill,,Oklahoma City Thunder
46411590,Allen,Murphy,,Los Angeles Lakers
46412085,Wayne,Radford,,Indiana Pacers
46412086,Tommy,Green,,Utah Jazz
46412087,John,Rudd,,New York Knicks
46412582,Essie,Hollis,,Detroit Pistons
46412583,Lars,Hansen,,Oklahoma City Thunder
46413078,Kim,Anderson,,Portland Trail Blazers
46413079,Dennis,Boyd,,Detroit Pistons
46413080,Ray,Epps,,Golden State Warriors
46413081,Otis,Howard,,Detroit Pistons
46413082,Greg,Bunch,,New York Knicks
46429879,Ryan,Robertson,,Sacramento Kings
46429880,Makhtar,N'diaye,,Memphis Grizzlies
46449661,Jordan,Sibert,G,Atlanta Hawks
46658323,Xavier,Cooks,,Washington Wizards
47738533,Jeenathan,Williams,G,Golden State Warriors
47957121,Justin,Minaya,F,Portland Trail Blazers
48248287,Jacob,Gilyard,G,Cleveland Cavaliers
48248491,Chance,Comanche,C,Portland Trail Blazers
56677582,Jalen,Pickett,G,Denver Nuggets
56677722,Jalen,Wilson,F,Atlanta Hawks
56677729,Malcolm,Cazalon,G,Detroit Pistons
56677738,Colin,Castleton,C,Orlando Magic
56677747,Scoot,Henderson,G,Portland Trail Blazers
56677776,Julian,Strawther,G,Denver Nuggets
56677778,Oscar,Tshiebwe,F-C,Houston Rockets
56677782,Leonard,Miller,F,Chicago Bulls
56677785,Jaime,Jaquez Jr.,G,Milwaukee Bucks
56677788,Terquavion,Smith,G,Philadelphia 76ers
56677791,Kris,Murray,F,Memphis Grizzlies
56677792,Marcus,Sasser,G,Dallas Mavericks
56677794,Isaiah,Wong,G,Charlotte Hornets
56677795,Jacob,Toppin,F,Atlanta Hawks
56677799,Trayce,Jackson-Davis,F,Toronto Raptors
56677805,Javon,Freeman-Liberty,G,Toronto Raptors
56677806,Mouhamed,Gueye,F,Atlanta Hawks
56677809,Jermaine,Samuels Jr.,F,Houston Rockets
56677817,Sidy,Cissoko,G,Portland Trail Blazers
56677822,Victor,Wembanyama,F-C,San Antonio Spurs
56677823,Brandon,Miller,F,Charlotte Hornets
56677824,Taylor,Hendricks,F,Memphis Grizzlies
56677825,Amen,Thompson,G-F,Houston Rockets
56677826,Ausar,Thompson,G-F,Detroit Pistons
56677827,Anthony,Black,G,Orlando Magic
56677828,Gradey,Dick,G,Toronto Raptors
56677829,Rayan,Rupert,G-F,Philadelphia 76ers
56677830,GG,Jackson,F,Memphis Grizzlies
56677831,Cam,Whitmore,F,Washington Wizards
56677832,Jarace,Walker,F,Indiana Pacers
56677833,Cason,Wallace,G,Oklahoma City Thunder
56677834,Keyonte,George,G,Utah Jazz
56677835,Jalen,Hood-Schifino,G,Philadelphia 76ers
56677836,Maxwell,Lewis,F,Brooklyn Nets
56677837,Jordan,Hawkins,G,New Orleans Pelicans
56677838,Kobe,Bufkin,G,New Orleans Pelicans
56677839,Jett,Howard,G,Dallas Mavericks
56677840,Dereck,Lively II,C,Dallas Mavericks
56677841,Dariq,Whitehead,F,Memphis Grizzlies
56677842,Brice,Sensabaugh,F,Utah Jazz
56677843,Noah,Clowney,F,Brooklyn Nets
56677844,Bilal,Coulibaly,G,Washington Wizards
56677845,Colby,Jones,G,Detroit Pistons
56677846,Nick,Smith Jr.,G,Los Angeles Lakers
56677847,Emoni,Bates,F,Philadelphia 76ers
56677848,Amari,Bailey,G,Brooklyn Nets
56677849,Kobe,Brown,F,Indiana Pacers
56677850,Toumani,Camara,F,Portland Trail Blazers
56677851,Jaylen,Clark,G,Minnesota Timberwolves
56677852,Andre,Jackson Jr.,G,Toronto Raptors
56677853,Keyontae,Johnson,F,Charlotte Hornets
56677854,Chris,Livingston,F,Cleveland Cavaliers
56677855,Seth,Lundy,G,LA Clippers
56677856,Jordan,Miller,G,LA Clippers
56677857,Julian,Phillips,F,Houston Rockets
56677858,Brandin,Podziemski,G,Golden State Warriors
56677859,Olivier-Maxence,Prosper,F,Memphis Grizzlies
56677860,Adama,Sanogo,F,Chicago Bulls
56677861,Ben,Sheppard,G,Indiana Pacers
56677862,Jalen,Slawson,F,Indiana Pacers
56677863,Azuolas,Tubelis,F,Philadelphia 76ers
56677864,Jordan,Walsh,G,Boston Celtics
56677865,Charles,Bediako,C,Detroit Pistons
56677866,Leaky,Black,F,Washington Wizards
56677867,Alex,Fudge,F,Dallas Mavericks
56677868,D'Moi,Hodge,G,Los Angeles Lakers
56677869,Markquis,Nowell,G,Houston Rockets
56677870,Sir'Jabari,Rice,G,San Antonio Spurs
56677871,Hunter,Tyson,F,Denver Nuggets
56677872,Craig,Porter,G,Cleveland Cavaliers
56677873,Dexter,Dennis,G,Dallas Mavericks
56677874,Onuralp,Bitim,F,Chicago Bulls
56677875,Miles,Norris,F,Boston Celtics
56783340,Duop,Reath,C,Portland Trail Blazers
56913527,Ricky,Council IV,G,Philadelphia 76ers
57875092,Gui,Santos,F,Golden State Warriors
59421201,Jaylen,Martin,G,Washington Wizards
64267203,Jules,Bernard,G,Minnesota Timberwolves
64267505,Brian,Butch,C,Denver Nuggets
64267509,Da'Sean,Butler,F,San Antonio Spurs
64267756,Ken,Corley,,Cleveland Rebels
64268019,Henri,Drell,F,Chicago Bulls
64268165,Tosan,Evbuomwan,F,Charlotte Hornets
64268322,Tony,Gaffney,F,Memphis Grizzlies
64268795,Herbert,Hill,F-C,Philadelphia 76ers
64269023,Trey,Jemison,C,Toronto Raptors
64269033,Curtis,Jerrells,G,San Antonio Spurs
64269264,Dan,King,F,Baltimore Bullets
64269593,Marcus,Mann,F,Golden State Warriors
64269817,Nathan,Mensah,C,San Antonio Spurs
64269931,Taze,Moore,G,Portland Trail Blazers
64270015,Makhtar,N'diaye,F,Memphis Grizzlies
64270026,Pete,Nance,F,Milwaukee Bucks
64270029,Paul,Napolitano,G,Indianapolis Jets
64270311,Drew,Peterson,F,Charlotte Hornets
64270627,Magnum,Rolle,F,Atlanta Hawks
64270886,Dmytro,Skapintsev,C,Boston Celtics
64271311,Robert,Vaden,G-F,Oklahoma City Thunder
64271536,Terrico,White,G,Phoenix Suns
377705601,Mouhamadou,Gueye,F,Chicago Bulls
436846673,Adam,Flagler,G,Sacramento Kings
795959473,Pat,Spencer,G,Phoenix Suns
907726640,Andrew,Funk,G,Denver Nuggets
1015289727,Jaylin,Galloway,,Milwaukee Bucks
1015298615,Izaiah,Brockington,G,New Orleans Pelicans
1016082149,Taevion,Kinsey,G,Golden State Warriors
1016384149,Tristan,Vukcevic,F,Washington Wizards
1017051787,Maozinha,Pereira,F,Memphis Grizzlies
1018685894,Malik,Williams,C,Toronto Raptors
1019069810,Timmy,Allen,F,Memphis Grizzlies
1028025177,Matas,Buzelis,F,Chicago Bulls
1028025235,Carlton,Carrington,G,Washington Wizards
1028025242,Devin,Carter,G,Atlanta Hawks
1028025261,Stephon,Castle,G,San Antonio Spurs
1028025344,Donovan,Clingan,C,Portland Trail Blazers
1028025362,Isaiah,Collier,G,Utah Jazz
1028025497,Tristan,Da Silva,F,Orlando Magic
1028025498,Pacome,Dadiet,F,New York Knicks
1028025639,Rob,Dillingham,G,Chicago Bulls
1028025723,Ryan,Dunn,F,Phoenix Suns
1028025754,Zach,Edey,C,Memphis Grizzlies
1028026060,KyShawn,George,F,Washington Wizards
1028026508,Ronald,Holland II,F,Detroit Pistons
1028026514,DaRon,Holmes II,F,Denver Nuggets
1028026717,AJ,Johnson,G,Memphis Grizzlies
1028026812,Dillon,Jones,F,New York Knicks
1028026974,Dalton,Knecht,F,Los Angeles Lakers
1028027372,Jared,McCain,G,Oklahoma City Thunder
1028027567,Yves,Missi,C,New Orleans Pelicans
1028028244,Zaccharie,Risacher,F,Dallas Mavericks
1028028379,Tidjane,Salaun,F,Charlotte Hornets
1028028405,Alexandre,Sarr,C,Washington Wizards
1028028434,Baylor,Scheierman,G,Boston Celtics
1028028501,Terrence,Shannon Jr.,G-F,Minnesota Timberwolves
1028028519,Reed,Sheppard,G,Houston Rockets
1028028932,Nikola,Topic,G,Oklahoma City Thunder
1028028993,Jaylon,Tyson,G-F,Cleveland Cavaliers
1028029111,Ja'Kobe,Walter,G,Toronto Raptors
1028029127,Kel'el,Ware,C,Milwaukee Bucks
1028029291,Cody,Williams,F,Utah Jazz
1028034846,Adem,Bona,F,Philadelphia 76ers
1028035215,Cam,Christie,G,LA Clippers
1028035632,Nikola,Durisic,G,Atlanta Hawks
1028035794,Kyle,Filipowski,C,Utah Jazz
1028035897,Johnny,Furphy,G,Indiana Pacers
1028036515,Oso,Ighodaro,F,Phoenix Suns
1028036878,Bobi,Klintman,F,Detroit Pistons
1028036898,Tyler,Kolek,G,New York Knicks
1028036986,Pelle,Larsson,G,Miami Heat
1028037477,Ajay,Mitchell,G,Oklahoma City Thunder
1028037494,Jonathan,Mogbo,F,Sacramento Kings
1028037710,Juan,Nunez,G,San Antonio Spurs
1028038100,Antonio,Reeves,G,Charlotte Hornets
1028038426,Jamal,Shead,G,Toronto Raptors
1028038474,K.J.,Simpson,G,Denver Nuggets
1028038570,Tyler,Smith,F,Dallas Mavericks
1028039105,Jaylen,Wells,F,Memphis Grizzlies
1028044409,Melvin,Ajinca,F,Dallas Mavericks
1028045145,Ulrich,Chomche,C,Toronto Raptors
1028045812,Enrique,Freeman,F,Minnesota Timberwolves
1028046422,Ariel,Hukporti,C,Philadelphia 76ers
1028046464,Harrison,Ingram,F,Utah Jazz
1028046517,Bronny,James,G,Los Angeles Lakers
1028047255,Kevin,McCullar Jr.,G,New York Knicks
1028047609,Tristen,Newton,G,Houston Rockets
1028047928,Quinten,Post,C,Memphis Grizzlies
1028048549,Cam,Spencer,G,Memphis Grizzlies
1028049017,Anton,Watson,F,Los Angeles Lakers
1028112004,Zyon,Pullin,G,Minnesota Timberwolves
1028125584,Keshad,Johnson,F,Miami Heat
1028178629,Jalen,Bridges,F,Boston Celtics
1028203085,Trey,Alexander,G,Utah Jazz
1028203324,Reece,Beekman,G,Orlando Magic
1028203948,Isaiah,Crawford,F,Houston Rockets
1028205331,Isaac,Jones,F,Detroit Pistons
1028214238,Justin,Edwards,F,Philadelphia 76ers
1028214958,Blake,Hinson,F,Utah Jazz
1028217445,Armel,Traore,F,Los Angeles Lakers
1028218679,Branden,Carlson,C,Portland Trail Blazers
1028240128,Daniss,Jenkins,G,Detroit Pistons
1028242168,Isaiah,Stevens,G,Sacramento Kings
1028243201,Jamison,Battle,F,Toronto Raptors
1028243921,N'Faly,Dante,C,Atlanta Hawks
1028244064,Marcus,Domask,G-F,Chicago Bulls
1028244111,Alex,Ducas,G,Oklahoma City Thunder
1028244177,Jesse,Edwards,C,Minnesota Timberwolves
1028244219,Tristan,Enaruna,F,Cleveland Cavaliers
1028244547,Jazian,Gortman,G,Oklahoma City Thunder
1028244692,PJ,Hall,C,Charlotte Hornets
1028245237,David,Jones,F,San Antonio Spurs
1028245777,Karlo,Matkovic,F-C,New Orleans Pelicans
1028245974,Emanuel,Miller,F,San Antonio Spurs
1028245994,Riley,Minix,F,Cleveland Cavaliers
1028246478,Daeqwon,Plowden,G-F,Sacramento Kings
1028246784,Jackson,Rowe,F,Golden State Warriors
1028254340,Trentyn,Flowers,F,Chicago Bulls
1028255289,Spencer,Jones,F,Denver Nuggets
1028255346,Kylor,Kelley,C,Los Angeles Lakers
1028255881,Gabe,McGlothan,F,Indiana Pacers
1028255931,Jack,McVeigh,G-F,Houston Rockets
1028256314,Quincy,Olivari,G,Los Angeles Lakers
1028256864,Babacar,Sane,F,Utah Jazz
1028256970,Jamarion,Sharp,C,LA Clippers
1028257789,Jaylin,Williams,F,Sacramento Kings
1028257937,Jahmir,Young,G,Miami Heat
1028263023,James,Akinjo,G,Denver Nuggets
1028263126,Mark,Armstrong,G,Brooklyn Nets
1028263166,Armando,Bacot,C,Memphis Grizzlies
1028263523,Keion,Brooks Jr.,F,New Orleans Pelicans
1028263966,Caleb,Daniels,G,Miami Heat
1028264254,Boogie,Ellis,G,Sacramento Kings
1028264291,Aaron,Estrada,G,Detroit Pistons
1028264354,Max,Fiedler,,Philadelphia 76ers
1028264794,Elijah,Harkless,G,Detroit Pistons
1028265377,Yuki,Kawamura,G,Chicago Bulls
1028265485,Miller,Kopp,F,Cleveland Cavaliers
1028265620,Malevy,Leons,F,Golden State Warriors
1028265891,Javante,McCoy,G,Detroit Pistons
1028266060,Judah,Mintz,G,Philadelphia 76ers
1028266692,Alex,Reese,F-C,Philadelphia 76ers
1028266733,Will,Richardson,G,Denver Nuggets
1028266759,Liam,Robbins,C,Milwaukee Bucks
1028266882,Cormac,Ryan,,Milwaukee Bucks
1028267166,Tolu,Smith,F,Detroit Pistons
1028267244,Erik,Stevenson,G,Washington Wizards
1028267470,Luke,Travers,F,Cleveland Cavaliers
1028267489,Jordan,Tucker,F,Philadelphia 76ers
1028267940,Moses,Wood,,Phoenix Suns
1028267983,Cui,Yongxi,G,Brooklyn Nets
1028268560,Darius,Brown,,Cleveland Cavaliers
1028269491,Taylor,Funk,F,Washington Wizards
1028271147,Alex,Morales,G,Orlando Magic
1028271224,Nick,Muszynski,C,Portland Trail Blazers
1028272676,Hason,Ward,F,Boston Celtics
1028272702,Warren,Washington,,Miami Heat
1028274126,RayJ,Dennis,G,Atlanta Hawks
1029959785,Boo,Buie III,,New York Knicks
1041623858,Damion,Baugh,G,Charlotte Hornets
1042461962,Yuri,Collins,G,Golden State Warriors
1042560902,Nae'Qwan,Tomlin,F,Cleveland Cavaliers
1043003242,Taran,Armstrong,G,Golden State Warriors
1043947937,Tyson,Etienne,G,Brooklyn Nets
1046231372,Marcus,Bagley,F,Philadelphia 76ers
1046471967,Phillip,Wheeler,F,Philadelphia 76ers
1046672580,Drew,Timme,F,Los Angeles Lakers
1047375587,Jaylen,Sims,G,Charlotte Hornets
1057260888,Airious,Bailey,F,Utah Jazz
1057261935,VJ,Edgecombe,G,Philadelphia 76ers
1057262088,Cooper,Flagg,F,Dallas Mavericks
1057262518,Dylan,Harper,G,San Antonio Spurs
1057262985,Tre,Johnson,G,Washington Wizards
1057263194,Kon,Knueppel,G-F,Charlotte Hornets
1057266649,Cedric,Coward,G,Memphis Grizzlies
1057266813,Egor,Demin,G,Brooklyn Nets
1057267077,Jeremiah,Fears,G,New Orleans Pelicans
1057268513,Khaman,Maluach,C,Phoenix Suns
1057268940,Collin,Murray-Boyles,F,Toronto Raptors
1057271099,Joan,Beringer,F,Minnesota Timberwolves
1057271360,Carter,Bryant,F,San Antonio Spurs
1057271583,Walter,Clayton Jr.,G,Memphis Grizzlies
1057272081,Noa,Essengue,F,Chicago Bulls
1057272939,Kasparas,Jakučionis,G,Milwaukee Bucks
1057274415,Derik,Queen,C,New Orleans Pelicans
1057274983,Thomas,Sorber,C,Oklahoma City Thunder
1057275262,Nolan,Traoré,G,Brooklyn Nets
1057275769,Hansen,Yang,C,Portland Trail Blazers
1057276634,Nique,Clifford,G,Sacramento Kings
1057277425,Hugo,González,G,Boston Celtics
1057278805,Liam,McNeeley,F,Charlotte Hornets
1057279093,Asa,Newell,F,Atlanta Hawks
1057279105,Yanic Konan,Niederhauser,C,LA Clippers
1057279425,Drake,Powell,F,Brooklyn Nets
1057279571,Jase,Richardson,G,Orlando Magic
1057279594,Will,Riley,F,Washington Wizards
1057279760,Ben,Saraf,G,Brooklyn Nets
1057280779,Danny,Wolf,F-C,Brooklyn Nets
1057382509,Johni,Broome,F,LA Clippers
1057383369,Rasheer,Fleming,F,Phoenix Suns
1057384156,Sion,James,G,Charlotte Hornets
1057384362,Ryan,Kalkbrenner,C,Charlotte Hornets
1057385481,Noah,Penda,G-F,Orlando Magic
1057386376,Adou,Thiero,G,Los Angeles Lakers
1057387526,Koby,Brea,G,Phoenix Suns
1057389374,Kam,Jones,G,Milwaukee Bucks
1057389625,Chaz,Lanier,G,Detroit Pistons
1057389862,Alijah,Martin,G,Toronto Raptors
1057390538,Micah,Peavy,G-F,New Orleans Pelicans
1057390745,Maxime,Raynaud,C,Sacramento Kings
1057391756,Jamir,Watkins,F,Washington Wizards
1057392335,Brooks,Barnhizer,F,Oklahoma City Thunder
1057393207,Mohamed,Diawara,F,New York Knicks
1057394921,Bogoljub,Marković,F,Milwaukee Bucks
1057394959,Jahmai,Mashack,G,Memphis Grizzlies
1057395396,Saliou,Niang,G,Cleveland Cavaliers
1057395493,Lachlan,Olbrich,C,Chicago Bulls
1057395638,Taelon,Peter,G,San Antonio Spurs
1057395754,Tyrese,Proctor,G,Cleveland Cavaliers
1057395872,Will,Richard,G,Golden State Warriors
1057396055,Kobe,Sanders,G,LA Clippers
1057396191,Max,Shulga,G,Boston Celtics
1057396260,Javon,Small,G,Memphis Grizzlies
1057396603,John,Tonje,G,Portland Trail Blazers
1057396605,Alex,Toohey,F,Golden State Warriors
1057396966,Amari,Williams,F-C,Boston Celtics
1057397172,Rocco,Zikarsky,C,Minnesota Timberwolves
1057844738,Zack,Austin,,Oklahoma City Thunder
1057844839,Tamar,Bates,G,Utah Jazz
1057845114,Garrison,Brooks,C,New Orleans Pelicans
1057845216,Tyler,Burton,F,Memphis Grizzlies
1057845228,Lamont,Butler,G,Atlanta Hawks
1057845274,Dylan,Cardwell,C,Sacramento Kings
1057845382,Moussa,Cisse,C,Dallas Mavericks
1057845405,Matthew,Cleveland,G-F,Dallas Mavericks
1057845539,Steven,Crowl,C,Utah Jazz
1057845569,Dain,Dainja,,Miami Heat
1057845629,R.J.,Davis,G,Los Angeles Lakers
1057845705,Hunter,Dickinson,C,New Orleans Pelicans
1057845724,Eric,Dixon,F,Charlotte Hornets
1057845931,Zeng,Fanbo,F,Brooklyn Nets
1057846106,Dawson,Garcia,F,Detroit Pistons
1057846109,Myron,Gardner,F,Miami Heat
1057846172,Keshon,Gilbert,,Atlanta Hawks
1057846206,Vladislav,Goldin,C,Miami Heat
1057846535,Chucky,Hepburn,G,Toronto Raptors
1057846700,CJ,Huntley,F,Phoenix Suns
1057846840,Chaney,Johnson,,Brooklyn Nets
1057846878,Kobe,Johnson,,Atlanta Hawks
1057846921,Curtis,Jones,G,Denver Nuggets
1057846964,Tevian,Jones,G,Los Angeles Lakers
1057847026,Miles,Kelly,G,Dallas Mavericks
1057847330,Caleb,Love,G,Philadelphia 76ers
1057847334,Lawson,Lovering,C,Memphis Grizzlies
1057847347,RJ,Luis Jr.,F,Boston Celtics
1057847467,Augustas,Marčiulionis,G,Los Angeles Lakers
1057847482,Cameron,Matthews,F,Houston Rockets
1057847504,Chris,Mañon,G,Los Angeles Lakers
1057847674,Igor,"Miličić, Jr.",F,Philadelphia 76ers
1057847758,Isaih,Moore,F,Charlotte Hornets
1057847840,Matthew,Murrell,G,Utah Jazz
1057847875,Eli John,Ndiaye,F,Atlanta Hawks
1057847891,Jameer,Nelson Jr.,G,Sacramento Kings
1057847894,Ryan,Nembhard,G,Atlanta Hawks
1057848025,Norchad,Omier,F,LA Clippers
1057848187,Jonathan,Pierre,,Washington Wizards
1057848244,John,Poulakidas,G,Dallas Mavericks
1057848561,Hunter,Sallis,G,Philadelphia 76ers
1057848571,Tyrese,Samuel,F,Phoenix Suns
1057848654,Mark,Sears,G,Milwaukee Bucks
1057848715,Christian,Shumate,,New Orleans Pelicans
1057849029,Jahmyl,Telfort,,LA Clippers
1057849072,Saint,Thomas,,Philadelphia 76ers
1057849497,Brice,Williams,G-F,Detroit Pistons
1057849685,Chris,Youngblood,,Portland Trail Blazers
1057968644,LJ,Cryer,,Golden State Warriors
1057969148,Ja'Vier,Francis,,Golden State Warriors
1057970707,Chance,McMillian,,Golden State Warriors
1057970845,Jacksen,Moni,,Golden State Warriors
1058091815,Javonte,Cooke,G,Portland Trail Blazers
1058092439,Akoldah,Gak,F,Washington Wizards
1058094827,DJ,Rodman,G,Charlotte Hornets
1058451021,Andrew,Carr,,Portland Trail Blazers
1058697789,Johnell,Davis,G,Orlando Magic
1058917502,Max,Abmas,G,Utah Jazz
1058920636,Trhae,Mitchell,G,New Orleans Pelicans
1058921044,Sean,Pedulla,,LA Clippers
1059021935,Terrence,Hargrove Jr.,F,Denver Nuggets
1059021996,Coleman,Hawkins,F,Denver Nuggets
1059058141,Chase,Hunter,,New Orleans Pelicans
1059059437,Josh,Oduro,C,New Orleans Pelicans
1059253855,Gabe,Madsen,,Miami Heat
1059276748,Jaden,Akins,,Detroit Pistons
1059276973,Daniel,Batcho,F,Sacramento Kings
1059279604,Mitchell,Mascari,G,Sacramento Kings
1059510388,Viktor,Lakhin,,Oklahoma City Thunder
1059542426,Kadary,Richmond,,Washington Wizards
1059635020,Payton,Sandfort,F,Oklahoma City Thunder
1059635242,Deivon,Smith,,Atlanta Hawks
1059749510,Pedro,Bradshaw,F,Utah Jazz
1059750273,Sean,East II,G,Utah Jazz
1059753117,Steve,Settle III,,Miami Heat
1059753274,Malachi,Smith,G,Brooklyn Nets
1059872205,Jonas,Aidoo,C,Charlotte Hornets
1059875475,Grant,Nelson,F,Brooklyn Nets
1059875969,Erik,Reynolds II,,Oklahoma City Thunder
1059990598,Cameron,Brown,F,Oklahoma City Thunder
1059992972,Bez,Mbeng,,Utah Jazz
1059994559,Stephen,Thompson,G,Milwaukee Bucks
1060010671,Alex,Antetokounmpo,F,Milwaukee Bucks
1060015084,Jeremiah,Tilmon,C,Milwaukee Bucks
1060015883,Adama,Bal,G,Memphis Grizzlies
1060110806,Nathan,Mariano,F-C,Phoenix Suns
1060111739,Julian,Reese,F,Washington Wizards
1060112014,Aaron,Scott,,Boston Celtics
1060124286,Matt,Cross,,Dallas Mavericks
1060125450,Tyrese,Hunter,G,Houston Rockets
1060126250,Zeke,Mayo,G,Cleveland Cavaliers
1060231727,Hunter,Cattoor,,Brooklyn Nets
1067112247,Kyle,Mangas,G,San Antonio Spurs
1072110795,Dillon,Jones,,New York Knicks
1076658911,Jayson,Kent,F,Portland Trail Blazers
1077620166,Andersson,Garcia,F,Utah Jazz
1080034288,Lucas,Williamson,G,Memphis Grizzlies
1080278663,Toby,Okani,F,Memphis Grizzlies
1080636470,Tyreke,Key,G,Toronto Raptors
1081266162,Hayden,Gray,G,Utah Jazz
1087133544,Corey,Williams,G,Chicago Bulls
1091338860,Darius,Acuff Jr.,G,Sacramento Kings
1091339280,Cameron,Boozer,F,Memphis Grizzlies
1091339436,Mikel,Brown Jr.,G,Brooklyn Nets
1091340077,AJ,Dybantsa,F,Washington Wizards
1091340263,Kingston,Flemings,G,Atlanta Hawks
1091341156,Morez,Johnson,F,Dallas Mavericks
1091342427,Darryn,Peterson,G,Utah Jazz
1091343544,Keaton,Wagler,G,LA Clippers
1091343852,Caleb,Wilson,F,Chicago Bulls
1091349196,Nate,Ament,F,Milwaukee Bucks
1091349204,Christian,Anderson,G,Charlotte Hornets
1091349754,Brayden,Burries,G,Milwaukee Bucks
1091349831,Cameron,Carr,G,Los Angeles Lakers
1091350193,Sergio,De Larrea,G,Dallas Mavericks
1091350401,Zuby,Ejiofor,F,Atlanta Hawks
1091350801,Allen,Graves,F,Toronto Raptors
1091351802,Yaxel,Lendeborg,F,Golden State Warriors
1091351869,Karim,Lopez,F,Memphis Grizzlies
1091351965,Aday,Mara,C,Oklahoma City Thunder
1091352549,Ebuka,Okorie,G,Detroit Pistons
1091352730,Labaron,Philon,G,Philadelphia 76ers
1091352835,Jayden,Quaintance,F,San Antonio Spurs
1091353463,Hannes,Steinbach,F,Charlotte Hornets
1091353486,Bennett,Stirtz,G,Oklahoma City Thunder
1091353537,Dailyn,Swain,F,Chicago Bulls
1091360181,Chris,Cenac Jr.,F,Boston Celtics
1091361657,Joshua,Jefferson,F,Brooklyn Nets
1091361855,Alex,Karaban,F,Sacramento Kings
1091362981,Koa,Peat,F,Phoenix Suns
1091363216,Tarris,Reed Jr.,C,San Antonio Spurs
1091462892,Tyler,Bilodeau,F,Brooklyn Nets
1091463018,Jaden,Bradley,G,Toronto Raptors
1091463040,Trevon,Brazile,F,Denver Nuggets
1091463115,Maliq,Brown,F,San Antonio Spurs
1091463429,Ryan,Conwell,G,Miami Heat
1091463885,Isaiah,Evans,F,Minnesota Timberwolves
1091464155,Ja'Kobi,Gillespie,G,San Antonio Spurs
1091464608,Bryce,Hopkins,,Denver Nuggets
1091464994,Jack,Kayil,G,New York Knicks
1091465199,Tobi,Lawal,F,Dallas Mavericks
1091465658,Baba,Miller,F,LA Clippers
1091465698,Dillon,Mitchell,F,Boston Celtics
1091465870,Izaiyah,Nelson,F,Orlando Magic
1091465898,Tyler,Nickel,F,New York Knicks
1091465991,Felix,Okpara,C,Washington Wizards
1091466034,Otega,Oweh,G,Oklahoma City Thunder
1091466594,Richie,Saunders,G,Memphis Grizzlies
1091466685,Emanuel,Sharp,G,Sacramento Kings
1091466792,Braden,Smith,G,Indiana Pacers
1091467074,Meleek,Thomas,G,Cleveland Cavaliers
1091467104,Bruce,Thornton,G,Houston Rockets
1091475281,Lajae,Jones,,Golden State Warriors
1091475805,Nick,Martinelli,F,LA Clippers
1091476372,Ugonna,Onyenso,C,Detroit Pistons
1091477603,Henri,Veesaar,C,Atlanta Hawks
1091480242,Vsevolod,Ishchenko,G,Dallas Mavericks
1091480528,Trey,Kaufman-Renn,,Minnesota Timberwolves
1091480795,Malique,Lewis,F,Milwaukee Bucks
1091481434,Narcisse,Ngoy,C,LA Clippers
1091481720,Jaron,Pierre Jr.,G,New Orleans Pelicans
1091903404,Tobe,Awaka,F,Chicago Bulls
1091904395,Josh,Dix,,Oklahoma City Thunder
1091904403,Tre,Donaldson,,Miami Heat
1091906694,AK,Okereke,,Los Angeles Lakers
1091907371,Jaylin,Sellers,,Chicago Bulls
1091907681,Peter,Suder,,Los Angeles Lakers
1091907917,Ernest,"Udeh, Jr.",C,Cleveland Cavaliers
1092116264,Michael,Ajayi,G,Charlotte Hornets
1092116681,Kylan,Boswell,G,Charlotte Hornets
1092195008,Quadir,Copeland,G,Houston Rockets
1092197212,Duke,Miles,G,Philadelphia 76ers
1092199635,Tarik,Biberovic,F,Dallas Mavericks
1092199652,Nate,Bittle,C,Toronto Raptors
1092288797,Tucker,DeVries,,Boston Celtics
1092288834,Alpha,Diallo,,Denver Nuggets
1092292401,Milos,Uzan,G,Boston Celtics
1092732494,Arthur,Kaluma,F,Los Angeles Lakers
1093928138,,,G,Utah Jazz
1093928140,,,G,Utah Jazz
1093928141,,,,Utah Jazz
1093928142,,,,Utah Jazz
1093928143,,,,Utah Jazz
1093928144,,,,Utah Jazz
1093928145,,,,Utah Jazz
1093928146,,,,Utah Jazz
1093928158,,,,Dallas Mavericks
1093928159,,,,Dallas Mavericks
1093928160,,,,Dallas Mavericks
1093928161,,,,Dallas Mavericks
1093928162,,,C,Dallas Mavericks
1093928163,,,,Dallas Mavericks
1093928164,,,,Dallas Mavericks
1093928165,,,,Dallas Mavericks
1093928183,,,,Memphis Grizzlies
1093928185,,,,Memphis Grizzlies
1093928186,,,,Memphis Grizzlies
1093928187,,,,Memphis Grizzlies
1093928188,,,,Memphis Grizzlies
1093928189,,,,Memphis Grizzlies
1093928190,,,,Memphis Grizzlies
1093928191,,,,Memphis Grizzlies
1093928192,,,,Memphis Grizzlies
1093928204,Antonio,Meeking,G,Milwaukee Bucks
1093928206,,,,Milwaukee Bucks
1093928207,,,,Milwaukee Bucks
1093928208,,,,Milwaukee Bucks
1093928209,,,,Milwaukee Bucks
1093928210,,,,Milwaukee Bucks
1093928211,,,,Milwaukee Bucks
1093928212,,,,Milwaukee Bucks
1093928251,,,F,Orlando Magic
1093928256,,,,Orlando Magic
1093928257,,,,Orlando Magic
1093928258,,,,Orlando Magic
1093928259,,,,Orlando Magic
1093928260,,,,Orlando Magic
1093928261,,,,Orlando Magic
1093928262,,,,Orlando Magic
1093928263,Ousmane,Cisse,,Orlando Magic
1093928279,,,,Detroit Pistons
1093928281,,,,Detroit Pistons
1093928282,,,,Detroit Pistons
1093928283,,,,Detroit Pistons
1093928284,,,,Detroit Pistons
1093928285,,,,Detroit Pistons
1093928286,,,,Detroit Pistons
1093928287,,,,Detroit Pistons
1093928306,,,,Cleveland Cavaliers
1093928307,,,,Cleveland Cavaliers
1093928308,,,,Cleveland Cavaliers
1093928309,,,,Cleveland Cavaliers
1093928310,,,,Cleveland Cavaliers
1093928311,,,,Cleveland Cavaliers
1093928312,,,,Cleveland Cavaliers
1093928313,,,,Cleveland Cavaliers
1093928314,,,,Cleveland Cavaliers
1093928315,,,,Cleveland Cavaliers
1093928330,David,Jackson,,Portland Trail Blazers
1093928331,Jason,Jennings,F,Portland Trail Blazers
1093928334,,,,Portland Trail Blazers
1093928335,,,,Portland Trail Blazers
1093928336,,,,Portland Trail Blazers
1093928337,,,,Portland Trail Blazers
1093928350,,,F,Houston Rockets
1093928351,Gabe,Muoneke,F,Houston Rockets
1093928354,,,F,Houston Rockets
1093928355,,,,Houston Rockets
1093928356,,,,Houston Rockets
1093928357,,,,Houston Rockets
1093928358,,,,Houston Rockets
1093928359,,,,Houston Rockets
1093928360,,,,Houston Rockets
1093928361,,,,Houston Rockets
1093928362,,,,Houston Rockets
1093928363,,,,Houston Rockets
1093928382,,,,Miami Heat
1093928383,,,,Miami Heat
1093928384,,,,Miami Heat
1093928385,,,,Miami Heat
1093928386,,,,Miami Heat
1093928387,,,,Miami Heat
1093928388,,,,Miami Heat
1093928389,,,,Miami Heat
1093928402,Sam,Clancy,G,Philadelphia 76ers
1093928408,Robb,Dryden,,Philadelphia 76ers
1093928409,,,,Philadelphia 76ers
1093928410,,,,Philadelphia 76ers
1093928411,,,,Philadelphia 76ers
1093928412,,,,Philadelphia 76ers
1093928413,,,,Philadelphia 76ers
1093928414,,,,Philadelphia 76ers
1093928415,,,,Philadelphia 76ers
1093928416,,,,Philadelphia 76ers
1093928417,,,,Philadelphia 76ers
1093928418,,,,Philadelphia 76ers
1093928432,Nick,Sheppard,G,Phoenix Suns
1093928435,,,,Phoenix Suns
1093928437,,,,Phoenix Suns
1093928438,,,,Phoenix Suns
1093928439,,,,Phoenix Suns
1093928440,,,,Phoenix Suns
1093928441,,,,Phoenix Suns
1093928442,,,,Phoenix Suns
1093928443,,,,Phoenix Suns
1093928459,,,,Brooklyn Nets
1093928462,,,,Brooklyn Nets
1093928463,,,,Brooklyn Nets
1093928464,,,,Brooklyn Nets
1093928465,,,,Brooklyn Nets
1093928466,,,,Brooklyn Nets
1093928467,,,,Brooklyn Nets
1093928482,,,,Sacramento Kings
1093928483,,,,Sacramento Kings
1093928484,,,,Sacramento Kings
1093928485,,,,Sacramento Kings
1093928486,,,,Sacramento Kings
1093928487,,,,Sacramento Kings
1093928488,,,,Sacramento Kings
1093928489,,,,Sacramento Kings
1093928490,Roberto,Bergersen,,Sacramento Kings
1093928493,Cedric,Suitt,,Sacramento Kings
1093928503,,,G,LA Clippers
1093928506,,,,LA Clippers
1093928507,,,,LA Clippers
1093928508,,,,LA Clippers
1093928509,,,,LA Clippers
1093928510,,,,LA Clippers
1093928511,,,,LA Clippers
1093928512,,,,LA Clippers
1093928513,,,,LA Clippers
1093928529,,,,Atlanta Hawks
1093928530,,,,Atlanta Hawks
1093928531,,,,Atlanta Hawks
1093928532,,,,Atlanta Hawks
1093928533,,,,Atlanta Hawks
1093928534,,,,Atlanta Hawks
1093928535,,,,Atlanta Hawks
1093928536,,,,Atlanta Hawks
1093928584,,,,Washington Wizards
1093928585,,,,Washington Wizards
1093928586,,,,Washington Wizards
1093928587,,,,Washington Wizards
1093928588,,,,Washington Wizards
1093928589,,,,Washington Wizards
1093928603,Ronald,Blackshear,C,New York Knicks
1093928604,,,,New York Knicks
1093928605,,,,New York Knicks
1093928606,,,,New York Knicks
1093928607,,,,New York Knicks
1093928608,,,,New York Knicks
1093928609,,,,New York Knicks
1093928610,,,,New York Knicks
1093928611,,,,New York Knicks
1093928612,,,,New York Knicks
1093928630,,,,Boston Celtics
1093928631,,,,Boston Celtics
1093928632,,,,Boston Celtics
1093928633,,,,Boston Celtics
1093928634,,,,Boston Celtics
1093928635,,,,Boston Celtics
1093928636,,,,Boston Celtics
1093928677,Carl,English,,Indiana Pacers
1093928680,,,,Indiana Pacers
1093928681,,,,Indiana Pacers
1093928682,,,,Indiana Pacers
1093928683,,,,Indiana Pacers
1093928684,,,,Indiana Pacers
1093928685,,,,Indiana Pacers
1093928686,,,,Indiana Pacers
1093928701,,,,Chicago Bulls
1093928702,,,,Chicago Bulls
1093928703,,,,Chicago Bulls
1093928704,,,,Chicago Bulls
1093928705,,,,Chicago Bulls
1093928706,,,,Chicago Bulls
1093928723,Kareem,Reid,,New Orleans Pelicans
1093928725,,,,New Orleans Pelicans
1093928726,,,,New Orleans Pelicans
1093928727,,,,New Orleans Pelicans
1093928728,,,,New Orleans Pelicans
1093928729,,,,New Orleans Pelicans
1093928730,,,,New Orleans Pelicans
1093928775,,,,Oklahoma City Thunder
1093928776,,,,Oklahoma City Thunder
1093928777,,,,Oklahoma City Thunder
1093928778,,,,Oklahoma City Thunder
1093928779,,,,Oklahoma City Thunder
1093928780,,,,Oklahoma City Thunder
1093928783,Galen,Young,G,Oklahoma City Thunder
1093928822,,,F,Denver Nuggets
1093928851,,,,Toronto Raptors
1093928852,,,,Toronto Raptors
1093928853,,,,Toronto Raptors
1093928854,,,,Toronto Raptors
1093928855,,,,Toronto Raptors
1093928856,,,,Toronto Raptors
1093928857,,,,Toronto Raptors
1093928862,George,Williams,,Toronto Raptors
1093928898,Rick,Rickert,,Minnesota Timberwolves
1093928900,Blake,Stepp,C,Minnesota Timberwolves
1093928982,Darius,Rice,G,Brooklyn Nets
1093928984,Kyle,Davis,,Brooklyn Nets
1093929002,,,F,Sacramento Kings
1093929012,Ricky,Minard,F,Sacramento Kings
1093929013,Anwar,Ferguson,C,Sacramento Kings
1093929014,,,G,Sacramento Kings
1093929016,Tony,Bland,,Sacramento Kings
1093929017,,,,Sacramento Kings
1093929066,,,,Los Angeles Lakers
1093929067,,,,Los Angeles Lakers
1093929068,Jerry,Dupree,,Los Angeles Lakers
1093929069,,,,Los Angeles Lakers
1093929105,,,,Detroit Pistons
1093929107,Nigel,Dixon,F,Detroit Pistons
1093929125,Jon,Smith,,Washington Wizards
1093929148,,,F,Houston Rockets
1093929154,,,,Houston Rockets
1093929221,Rashad,Wright,F,Indiana Pacers
1093929285,Nate,Williams,F,New Orleans Pelicans
1093929305,Tommy,Smith,G,Chicago Bulls
1093929373,,,G,San Antonio Spurs
1093929375,Romain,Sato,F,San Antonio Spurs
1093929408,,,,Milwaukee Bucks
1093930439,,,C,Cleveland Cavaliers
1093930457,,,F,Philadelphia 76ers
1093930458,,,,Philadelphia 76ers
1093930460,Olu,Famutimi,G,Philadelphia 76ers
1093930493,,,,Atlanta Hawks
1093930494,,,,Atlanta Hawks
1093930495,,,,Atlanta Hawks
1093930533,,,,Sacramento Kings
1093930536,Rickey,Paulding,,Sacramento Kings
1093930572,Ricky,Shields,,Brooklyn Nets
1093930574,,,,Brooklyn Nets
1093930588,,,C,Indiana Pacers
1093930635,Bryant,Matthews,F,Toronto Raptors
1093930639,Toree,Morris,C,Toronto Raptors
1093930655,,,F,Utah Jazz
1093930656,Cory,Violette,F,Utah Jazz
1093930659,Mark,Karcher,G,Utah Jazz
1093930681,Marlon,Parmer,,Minnesota Timberwolves
1093930710,,,G,Memphis Grizzlies
1093930712,,,F,Memphis Grizzlies
1093930853,Eric,Chenowith,F,Denver Nuggets
1093930914,D'or,Fischer,G,Charlotte Hornets
1093930921,,,F,Charlotte Hornets
1093930922,,,,Charlotte Hornets
1093930924,,,,Charlotte Hornets
1093931074,,,F,Phoenix Suns
1093931075,,,,Phoenix Suns
1093931434,Steven,Barber,G,New York Knicks
1093931437,Otis,George,,New York Knicks
1093931556,,,F,Golden State Warriors
1093931558,,,,Golden State Warriors
1093931559,Deji,Akindele,G,Golden State Warriors
1093933383,,,,Miami Heat
1093933402,,,,San Antonio Spurs
1093933464,Jackie,Manuel,F,Orlando Magic
1093933483,Scooter,McFadgon,G,New Orleans Pelicans
1093933497,Pat,Carroll,G,Dallas Mavericks
1093933515,,,,Cleveland Cavaliers
1093933531,Akin,Akingbala,,Boston Celtics
1093933532,Kevin,Pittsnogle,,Boston Celtics
1093933546,JR,Pinnock,C,Los Angeles Lakers
1093933550,Marcus,Douthit,,Los Angeles Lakers
1093933570,Brian,Chase,F,Utah Jazz
1093933571,,,,Utah Jazz
1093933572,Frans,Steyn,C,Utah Jazz
1093933585,Matt,Haryasz,F,Houston Rockets
1093933624,Vincent,Grier,G,Miami Heat
1093933625,Daniel,Horton,G,Miami Heat
1093933641,,,,Detroit Pistons
1093933673,Davin,White,,Phoenix Suns
1093933721,Brandon,Bowman,F,Brooklyn Nets
1093933738,,,,Toronto Raptors
1093933806,,,,Minnesota Timberwolves
1093933846,Kenny,Adeleke,,Oklahoma City Thunder
1093933852,Denham,Brown,G,Oklahoma City Thunder
1093933872,Jeff,Varem,,Chicago Bulls
1093934158,Paul,Miller,G,New York Knicks
1093934159,Elton,Brown,,New York Knicks
1093934160,,,,New York Knicks
1093934365,Jamar,Smith,G,San Antonio Spurs
1093934366,,,F,San Antonio Spurs
1093934367,Rich,Melzer,C,San Antonio Spurs
1093934437,Antoine,Hood,,Denver Nuggets
1093934766,,,G,LA Clippers
1093936833,,,F,Istanbul Efes Pilsen
1093936834,,,G,Istanbul Efes Pilsen
1093936835,,,C,Istanbul Efes Pilsen
1093936836,,,G,Istanbul Efes Pilsen
1093936837,,,G,Istanbul Efes Pilsen
1093936838,,,G,Istanbul Efes Pilsen
1093936839,,,,Istanbul Efes Pilsen
1093936840,,,G,Istanbul Efes Pilsen
1093936841,,,G,Istanbul Efes Pilsen
1093936842,,,F,Istanbul Efes Pilsen
1093936843,,,,Istanbul Efes Pilsen
1093936844,,,,Istanbul Efes Pilsen
1093936845,,,,Istanbul Efes Pilsen
1093936846,,,,Istanbul Efes Pilsen
1093936855,,,C,Minnesota Timberwolves
1093936856,,,G,Minnesota Timberwolves
1093936875,,,,Orlando Magic
1093936880,Kevin,Kruger,F,Orlando Magic
1093936893,Antywane,Robinson,G,Atlanta Hawks
1093936896,Jamaal,Tatum,G,Atlanta Hawks
1093936899,,,F,Lottomatica Lottomatica Roma
1093936900,,,F,Lottomatica Lottomatica Roma
1093936901,,,C,Lottomatica Lottomatica Roma
1093936902,,,G,Lottomatica Lottomatica Roma
1093936903,,,G,Lottomatica Lottomatica Roma
1093936904,,,F,Lottomatica Lottomatica Roma
1093936905,,,G,Lottomatica Lottomatica Roma
1093936906,,,G,Lottomatica Lottomatica Roma
1093936907,,,,Lottomatica Lottomatica Roma
1093936908,,,,Lottomatica Lottomatica Roma
1093936909,,,,Lottomatica Lottomatica Roma
1093936939,Sammy,Mejia,G,Detroit Pistons
1093936943,,,F,Miami Heat
1093936977,Chet,Mason,,Cleveland Cavaliers
1093936996,,,,Washington Wizards
1093936997,,,,Washington Wizards
1093937014,Anthony,Richardson,G,New Orleans Pelicans
1093937063,Joseph,Blair,,Chicago Bulls
1093937064,,,G,Chicago Bulls
1093937081,Brad,Stricker,,Denver Nuggets
1093937117,Rashid,Byrd,,Sacramento Kings
1093937118,Nik,Caner-Medley,C,Sacramento Kings
1093937119,Brandon,Robinson,,Sacramento Kings
1093937148,Jared,Newson,G,Dallas Mavericks
1093937166,Kris,Lang,G,San Antonio Spurs
1093937178,Andre,Patterson,G,Los Angeles Lakers
1093937188,Larry,Turner,,Los Angeles Lakers
1093937206,Carlos,Powell,F,Golden State Warriors
1093937245,,,G,Unicaja Malaga Unicaja Malaga
1093937246,,,F,Unicaja Malaga Unicaja Malaga
1093937247,,,G,Unicaja Malaga Unicaja Malaga
1093937248,,,G,Unicaja Malaga Unicaja Malaga
1093937249,,,G,Unicaja Malaga Unicaja Malaga
1093937250,,,C,Unicaja Malaga Unicaja Malaga
1093937251,,,G,Unicaja Malaga Unicaja Malaga
1093937252,,,F,Unicaja Malaga Unicaja Malaga
1093937253,,,F,Unicaja Malaga Unicaja Malaga
1093937254,,,,Unicaja Malaga Unicaja Malaga
1093937255,,,,Unicaja Malaga Unicaja Malaga
1093937256,,,,Unicaja Malaga Unicaja Malaga
1093937257,,,,Unicaja Malaga Unicaja Malaga
1093937258,,,,Unicaja Malaga Unicaja Malaga
1093937288,Lukasz,Obrzut,G,Indiana Pacers
1093937319,Kevin,Lyde,G,Utah Jazz
1093937352,Chris,Ellis,,Portland Trail Blazers
1093937356,Brent,Petway,G,Portland Trail Blazers
1093937450,,,G,MMT Estudiantes MMT Estudiantes
1093937451,,,F,MMT Estudiantes MMT Estudiantes
1093937452,,,F,MMT Estudiantes MMT Estudiantes
1093937453,,,G,MMT Estudiantes MMT Estudiantes
1093937454,,,G,MMT Estudiantes MMT Estudiantes
1093937455,,,G,MMT Estudiantes MMT Estudiantes
1093937456,,,F,MMT Estudiantes MMT Estudiantes
1093937457,,,F,MMT Estudiantes MMT Estudiantes
1093937458,,,G,MMT Estudiantes MMT Estudiantes
1093937459,,,G,MMT Estudiantes MMT Estudiantes
1093937460,,,C,MMT Estudiantes MMT Estudiantes
1093937462,,,,MMT Estudiantes MMT Estudiantes
1093937463,,,,MMT Estudiantes MMT Estudiantes
1093937529,Roderick,Wilmont,,New York Knicks
1093937531,Jared,Jordan,F,New York Knicks
1093937538,,,F,Tel Aviv Maccabi Elite
1093937541,,,G,Tel Aviv Maccabi Elite
1093937543,,,F,Tel Aviv Maccabi Elite
1093937544,,,G,Tel Aviv Maccabi Elite
1093937545,,,,Tel Aviv Maccabi Elite
1093937546,,,,Tel Aviv Maccabi Elite
1093937547,,,,Tel Aviv Maccabi Elite
1093937548,,,,Tel Aviv Maccabi Elite
1093937549,,,,Tel Aviv Maccabi Elite
1093937550,,,,Tel Aviv Maccabi Elite
1093937616,Doug,Thomas,,Phoenix Suns
1093937673,,,G,Panathinaikos Panathinaikos
1093937677,,,G,Panathinaikos Panathinaikos
1093937679,,,F,Panathinaikos Panathinaikos
1093937680,,,F,Panathinaikos Panathinaikos
1093937681,,,G,Panathinaikos Panathinaikos
1093937683,,,F,Panathinaikos Panathinaikos
1093937709,Rod,Benson,G,Brooklyn Nets
1093937712,,,F,Real Madrid Real Madrid
1093937713,,,G,Real Madrid Real Madrid
1093937714,,,F,Real Madrid Real Madrid
1093937715,,,G,Real Madrid Real Madrid
1093937716,,,G,Real Madrid Real Madrid
1093937717,,,G,Real Madrid Real Madrid
1093937718,,,F,Real Madrid Real Madrid
1093937719,,,G,Real Madrid Real Madrid
1093937720,,,G,Real Madrid Real Madrid
1093937721,,,F,Real Madrid Real Madrid
1093937722,,,,Real Madrid Real Madrid
1093937723,,,,Real Madrid Real Madrid
1093937724,,,,Real Madrid Real Madrid
1093938382,,,G,Zalgiris Kaunas Zalgiris Kaunas
1093938383,,,G,Zalgiris Kaunas Zalgiris Kaunas
1093938386,,,G,Zalgiris Kaunas Zalgiris Kaunas
1093938387,,,G,Zalgiris Kaunas Zalgiris Kaunas
1093938388,,,F,Zalgiris Kaunas Zalgiris Kaunas
1093938389,,,F,Zalgiris Kaunas Zalgiris Kaunas
1093938390,,,F,Zalgiris Kaunas Zalgiris Kaunas
1093938391,,,F,Zalgiris Kaunas Zalgiris Kaunas
1093938392,,,,Zalgiris Kaunas Zalgiris Kaunas
1093938393,,,,Zalgiris Kaunas Zalgiris Kaunas
1093938394,,,,Zalgiris Kaunas Zalgiris Kaunas
1093938954,,,G,China Team China
1093938955,,,G,China Team China
1093938956,,,F,China Team China
1093938957,,,G,China Team China
1093938958,,,G,China Team China
1093938961,,,,China Team China
1093938962,,,F,China Team China
1093938963,,,,China Team China
1093938964,,,G,China Team China
1093938965,,,G,China Team China
1093938966,,,,China Team China
1093938967,,,,China Team China
1093940307,,,F,Miami Heat
1093940308,,,G,Miami Heat
1093940355,Marcus,Hubbard,G,Atlanta Hawks
1093940357,Frank,Robinson,,Atlanta Hawks
1093940388,,,,Golden State Warriors
1093940391,Richard,Hendrix,F,Golden State Warriors
1093940406,Vernon,Hamilton,C,Cleveland Cavaliers
1093940437,TJ,Cummings,G,Milwaukee Bucks
1093940438,Ron,Howard,,Milwaukee Bucks
1093940469,Brandon,Heath,,Los Angeles Lakers
1093940470,CJ,Giles,F,Los Angeles Lakers
1093940471,Dwayne,Mitchell,,Los Angeles Lakers
1093940488,,,,Utah Jazz
1093940522,,,,Sacramento Kings
1093940554,Malick,Badiane,,Memphis Grizzlies
1093940571,JaJuan,Smith,C,Dallas Mavericks
1093940572,,,,Dallas Mavericks
1093940573,Reyshawn,Terry,,Dallas Mavericks
1093940574,Cheyne,Gadson,G,Dallas Mavericks
1093940590,Taj,McCullough,G,Washington Wizards
1093940651,,,,New York Knicks
1093940753,Chris,Alexander,G,Oklahoma City Thunder
1093940831,Coleman,Collins,,Phoenix Suns
1093940954,Curtis,Sumpter,,LA Clippers
1093941009,Jason,Richards,,Miami Heat
1093941023,Brian,Hamilton,F,Brooklyn Nets
1093941056,Charles,Gaines,,San Antonio Spurs
1093941174,,,F,Moscow CSKA
1093941175,,,F,Moscow CSKA
1093941177,,,G,Moscow CSKA
1093941180,,,C,Moscow CSKA
1093941184,,,,Moscow CSKA
1093941185,,,G,Moscow CSKA
1093941186,,,,Moscow CSKA
1093941187,,,,Moscow CSKA
1093941233,James,Mays,F,Denver Nuggets
1093941609,,,,Utah Jazz
1093941776,,,,Moscow CSKA
1093942063,Gerry,McNamara,F,Utah Jazz
1093942141,,,,Charlotte Hornets
1093942603,,,F,Charlotte Hornets
1093942738,,,G,Barcelona Winterthur FC
1093942739,,,G,Barcelona Winterthur FC
1093942740,,,G,Barcelona Winterthur FC
1093942745,,,C,Barcelona Winterthur FC
1093942746,,,F,Barcelona Winterthur FC
1093942748,,,,Barcelona Winterthur FC
1093942749,,,G,Barcelona Winterthur FC
1093942750,,,F,Barcelona Winterthur FC
1093942751,,,,Barcelona Winterthur FC
1093942752,,,,Barcelona Winterthur FC
1093942753,,,,Barcelona Winterthur FC
1093943320,,,G,Vilnius Lietuvos Rytas
1093943321,,,F,Vilnius Lietuvos Rytas
1093943322,,,F,Vilnius Lietuvos Rytas
1093943323,,,G,Vilnius Lietuvos Rytas
1093943324,,,G,Vilnius Lietuvos Rytas
1093943325,,,,Vilnius Lietuvos Rytas
1093943326,,,G,Vilnius Lietuvos Rytas
1093943327,,,,Vilnius Lietuvos Rytas
1093943328,,,G,Vilnius Lietuvos Rytas
1093943329,,,C,Vilnius Lietuvos Rytas
1093943330,,,F,Vilnius Lietuvos Rytas
1093943331,,,,Vilnius Lietuvos Rytas
1093943332,,,,Vilnius Lietuvos Rytas
1093943972,Goran,Suton,F,Utah Jazz
1093943979,Paul,Harris,,Utah Jazz
1093943993,,,,Denver Nuggets
1093943994,Keith,Brumbaugh,,Denver Nuggets
1093943995,Kurt,Looby,,Denver Nuggets
1093944011,,,,New York Knicks
1093944027,Bennet,Davis,,Brooklyn Nets
1093944047,,,F,Denver Nuggets
1093944052,,,G,Belegrade Partizan
1093944053,,,F,Belegrade Partizan
1093944054,,,F,Belegrade Partizan
1093944055,,,G,Belegrade Partizan
1093944056,,,G,Belegrade Partizan
1093944057,,,G,Belegrade Partizan
1093944058,,,F,Belegrade Partizan
1093944059,,,G,Belegrade Partizan
1093944060,,,G,Belegrade Partizan
1093944061,,,G,Belegrade Partizan
1093944062,,,,Belegrade Partizan
1093944063,,,,Belegrade Partizan
1093944064,,,,Belegrade Partizan
1093944065,,,,Belegrade Partizan
1093944066,,,,Belegrade Partizan
1093944067,,,,Belegrade Partizan
1093944077,Shaun,Pruitt,G,Golden State Warriors
1093944094,,,,LA Clippers
1093944118,Jack,McClinton,,Minnesota Timberwolves
1093944182,Deron,Washington,G,Detroit Pistons
1093944197,Alade,Aminu,,Miami Heat
1093944216,Russell,Robinson,G,Cleveland Cavaliers
1093944218,Luke,Nevill,C,Cleveland Cavaliers
1093944265,,,G,Memphis Grizzlies
1093944330,Lanny,Smith,,Sacramento Kings
1093944344,,,,Philadelphia 76ers
1093944380,Wesley,Matthews,G,Utah Jazz
1093944393,,,,Utah Jazz
1093944462,Romel,Beck,G,Houston Rockets
1093944568,Tre,Kelley,G,Oklahoma City Thunder
1093944599,,,,Portland Trail Blazers
1093944651,,,F,Los Angeles Lakers
1093944653,David,Monds,,Los Angeles Lakers
1093944654,Michael,Fey,,Los Angeles Lakers
1093944769,,,G,Real Madrid Real Madrid
1093944770,,,G,Real Madrid Real Madrid
1093944771,,,G,Real Madrid Real Madrid
1093944772,,,G,Real Madrid Real Madrid
1093944773,,,G,Real Madrid Real Madrid
1093944774,,,G,Real Madrid Real Madrid
1093944775,,,G,Real Madrid Real Madrid
1093944776,,,,Real Madrid Real Madrid
1093944777,,,,Real Madrid Real Madrid
1093944778,,,,Real Madrid Real Madrid
1093944779,,,F,Real Madrid Real Madrid
1093944780,,,F,Real Madrid Real Madrid
1093944781,,,C,Real Madrid Real Madrid
1093945049,,,F,Athens Olympiacos
1093945050,,,F,Athens Olympiacos
1093945051,,,G,Athens Olympiacos
1093945052,,,G,Athens Olympiacos
1093945053,Milos,Teodosic,G,Athens Olympiacos
1093945054,Patrick,Beverley,G,Athens Olympiacos
1093945055,,,G,Athens Olympiacos
1093945056,,,G,Athens Olympiacos
1093945057,,,F,Athens Olympiacos
1093945058,,,C,Athens Olympiacos
1093945059,,,G,Athens Olympiacos
1093945060,,,,Athens Olympiacos
1093945061,,,F,Athens Olympiacos
1093945062,,,,Athens Olympiacos
1093945063,,,,Athens Olympiacos
1093946557,,,F,Tel Aviv Maccabi Elite
1093946558,,,F,Tel Aviv Maccabi Elite
1093946559,,,C,Tel Aviv Maccabi Elite
1093946560,,,G,Tel Aviv Maccabi Elite
1093946561,,,G,Tel Aviv Maccabi Elite
1093946562,,,G,Tel Aviv Maccabi Elite
1093946563,,,F,Tel Aviv Maccabi Elite
1093946564,,,G,Tel Aviv Maccabi Elite
1093946565,,,F,Tel Aviv Maccabi Elite
1093946566,,,G,Tel Aviv Maccabi Elite
1093946567,Gal,Mekel,F,Tel Aviv Maccabi Elite
1093946568,,,,Tel Aviv Maccabi Elite
1093946569,,,F,Tel Aviv Maccabi Elite
1093947763,,,G,Milano Armani Jeans Milano
1093947764,,,G,Milano Armani Jeans Milano
1093947765,,,C,Milano Armani Jeans Milano
1093947766,,,G,Milano Armani Jeans Milano
1093947767,,,G,Milano Armani Jeans Milano
1093947768,,,F,Milano Armani Jeans Milano
1093947769,,,G,Milano Armani Jeans Milano
1093947770,,,G,Milano Armani Jeans Milano
1093947771,,,C,Milano Armani Jeans Milano
1093947773,,,,Milano Armani Jeans Milano
1093947816,Drew,Naymick,,Los Angeles Lakers
1093947835,,,,Brooklyn Nets
1093947837,,,G,Haifa Maccabi Haifa
1093947838,,,F,Haifa Maccabi Haifa
1093947839,,,G,Haifa Maccabi Haifa
1093947840,,,G,Haifa Maccabi Haifa
1093947841,,,G,Haifa Maccabi Haifa
1093947842,,,G,Haifa Maccabi Haifa
1093947843,,,,Haifa Maccabi Haifa
1093947844,,,G,Haifa Maccabi Haifa
1093947845,,,,Haifa Maccabi Haifa
1093947846,,,,Haifa Maccabi Haifa
1093947847,,,,Haifa Maccabi Haifa
1093947863,Tasmin,Mitchell,,Cleveland Cavaliers
1093947883,Matt,Rogers,,Charlotte Hornets
1093947901,Jordan,Eglseder,,Houston Rockets
1093947903,Patrick,Sullivan,,Houston Rockets
1093947917,Stanley,Robinson,,Orlando Magic
1093947931,James,Florence,,Philadelphia 76ers
1093947933,Trent,Plaisted,F,Philadelphia 76ers
1093947964,Chris,Kramer,F,Milwaukee Bucks
1093947966,Tiny,Gallon,,Milwaukee Bucks
1093947968,Tory,Jackson,,Milwaukee Bucks
1093947971,Billy,Rush,,Milwaukee Bucks
1093948003,Raymond,Sykes,G,Portland Trail Blazers
1093948004,Seth,Tarver,,Portland Trail Blazers
1093948016,Stephen,Dennis,G,LA Clippers
1093948018,Jon,Scheyer,,LA Clippers
1093948033,Connor,Atchley,,Sacramento Kings
1093948047,Matt,Janning,G,Phoenix Suns
1093948061,Anthony,Mason,C,Miami Heat
1093948120,Kevin,Palmer,,Washington Wizards
1093948188,Tweety,Carter,,Oklahoma City Thunder
1093948193,Longar,Longar,,Oklahoma City Thunder
1093948299,,,F,Atlanta Hawks
1093948302,,,F,Atlanta Hawks
1093948303,,,F,Atlanta Hawks
1093948444,Ryan,Thompson,G,Utah Jazz
1093948494,James,Gist,G,San Antonio Spurs
1093948566,,,F,Barcelona Winterthur FC
1093948567,,,F,Barcelona Winterthur FC
1093948568,,,C,Barcelona Winterthur FC
1093948569,,,G,Barcelona Winterthur FC
1093948570,Ricky,Rubio,G,Barcelona Winterthur FC
1093948571,,,G,Barcelona Winterthur FC
1093948572,,,G,Barcelona Winterthur FC
1093948573,,,G,Barcelona Winterthur FC
1093948574,,,G,Barcelona Winterthur FC
1093948575,,,G,Barcelona Winterthur FC
1093948576,,,F,Barcelona Winterthur FC
1093948577,,,,Barcelona Winterthur FC
1093948604,Eric,Boateng,G,Denver Nuggets
1093948676,Vernon,Goodridge,G,Golden State Warriors
1093949462,,,F,Moscow CSKA
1093949463,,,G,Moscow CSKA
1093949464,Boban,Marjanovic,G,Moscow CSKA
1093949465,,,G,Moscow CSKA
1093949466,,,G,Moscow CSKA
1093949467,,,F,Moscow CSKA
1093949468,,,G,Moscow CSKA
1093949469,,,,Moscow CSKA
1093949470,,,G,Moscow CSKA
1093949471,,,C,Moscow CSKA
1093949472,,,C,Moscow CSKA
1093949473,,,,Moscow CSKA
1093949474,,,,Moscow CSKA
1093949475,,,F,Moscow CSKA
1093949794,,,G,Vitoria Caja Laboral
1093949795,,,F,Vitoria Caja Laboral
1093949796,,,C,Vitoria Caja Laboral
1093949797,,,G,Vitoria Caja Laboral
1093949798,,,G,Vitoria Caja Laboral
1093949799,Nemanja,Bjelica,G,Vitoria Caja Laboral
1093949800,,,F,Vitoria Caja Laboral
1093949801,,,F,Vitoria Caja Laboral
1093949802,,,G,Vitoria Caja Laboral
1093949803,,,F,Vitoria Caja Laboral
1093949804,,,,Vitoria Caja Laboral
1093949805,,,,Vitoria Caja Laboral
1093950311,,,,Moscow CSKA
1093951587,Darnell,Lazare,G,Indiana Pacers
1093951589,Jarrid,Famous,F,Indiana Pacers
1093951591,Tyren,Johnson,,Indiana Pacers
1093951647,,,C,Washington Wizards
1093951651,,,,Washington Wizards
1093951673,Mike,Tisdale,,Philadelphia 76ers
1093951676,,,G,Memphis Grizzlies
1093951681,Josh,Davis,F,Memphis Grizzlies
1093951699,Moses,Ehambe,F,New Orleans Pelicans
1093951745,,,G,Detroit Pistons
1093951747,,,,Detroit Pistons
1093951748,,,,Detroit Pistons
1093951758,Tristan,Thompson,F,Cleveland Cavaliers
1093951762,Tyrell,Biggs,,Cleveland Cavaliers
1093951763,Kyle,Goldcamp,,Cleveland Cavaliers
1093951764,Kenny,Hayes,,Cleveland Cavaliers
1093951796,Marcus,Lewis,,Milwaukee Bucks
1093951811,,,,Houston Rockets
1093951812,,,,Houston Rockets
1093951823,Frank,Hassell,G,San Antonio Spurs
1093951857,Gilbert,Brown,,Boston Celtics
1093951872,,,,Golden State Warriors
1093951874,,,,Golden State Warriors
1093951876,Gary,Flowers,,Golden State Warriors
1093951890,Adrian,Oliver,,Sacramento Kings
1093951892,Lawrence,Hill,,Sacramento Kings
1093951909,Jeremy,Wise,,Miami Heat
1093951914,Billy,White,,Miami Heat
1093951941,Jerome,Randle,F,Dallas Mavericks
1093951942,Drew,Neitzel,C,Dallas Mavericks
1093951961,Anthony,Goods,,Oklahoma City Thunder
1093951973,Isma'il,Muhammad,F,Charlotte Hornets
1093951974,Durrell,Summers,,Charlotte Hornets
1093952022,Paul,Carter,,Utah Jazz
1093952025,Scottie,Reynolds,,Utah Jazz
1093952074,,,,Los Angeles Lakers
1093952076,Chris,Daniels,G,Los Angeles Lakers
1093952151,,,G,Detroit Pistons
1093952152,,,F,Detroit Pistons
1093952573,,,F,Istanbul Fenerbahce Ulker
1093952574,,,G,Istanbul Fenerbahce Ulker
1093952575,,,G,Istanbul Fenerbahce Ulker
1093952576,,,G,Istanbul Fenerbahce Ulker
1093952577,,,G,Istanbul Fenerbahce Ulker
1093952578,,,,Istanbul Fenerbahce Ulker
1093952579,Bojan,Bogdanovic,F,Istanbul Fenerbahce Ulker
1093952580,,,,Istanbul Fenerbahce Ulker
1093952581,,,G,Istanbul Fenerbahce Ulker
1093952582,,,F,Istanbul Fenerbahce Ulker
1093952583,,,G,Istanbul Fenerbahce Ulker
1093952584,,,,Istanbul Fenerbahce Ulker
1093952585,,,,Istanbul Fenerbahce Ulker
1093952596,Jamar,Smith,C,Boston Celtics
1093952601,Micah,Downs,G,Boston Celtics
1093952604,,,F,Berlin Alba Berlin
1093952605,,,G,Berlin Alba Berlin
1093952606,,,F,Berlin Alba Berlin
1093952607,,,G,Berlin Alba Berlin
1093952608,,,G,Berlin Alba Berlin
1093952609,,,F,Berlin Alba Berlin
1093952610,,,G,Berlin Alba Berlin
1093952611,,,C,Berlin Alba Berlin
1093952612,,,G,Berlin Alba Berlin
1093952613,,,,Berlin Alba Berlin
1093952614,,,,Berlin Alba Berlin
1093952615,,,,Berlin Alba Berlin
1093952616,,,,Berlin Alba Berlin
1093952617,,,,Berlin Alba Berlin
1093952630,,,,Dallas Mavericks
1093952648,Wesley,Witherspoon,C,San Antonio Spurs
1093952651,Tyler,Wilkerson,,San Antonio Spurs
1093952653,,,F,Siena Montepaschi Siena
1093952654,,,F,Siena Montepaschi Siena
1093952655,,,G,Siena Montepaschi Siena
1093952656,,,G,Siena Montepaschi Siena
1093952657,,,G,Siena Montepaschi Siena
1093952658,,,G,Siena Montepaschi Siena
1093952659,,,C,Siena Montepaschi Siena
1093952660,,,G,Siena Montepaschi Siena
1093952661,,,G,Siena Montepaschi Siena
1093952662,,,F,Siena Montepaschi Siena
1093952663,,,F,Siena Montepaschi Siena
1093952664,,,,Siena Montepaschi Siena
1093952675,Hank,Thorns,,LA Clippers
1093952712,Michael,Dunigan,,Memphis Grizzlies
1093952721,,,F,Real Madrid Real Madrid
1093952722,Nikola,Mirotic,G,Real Madrid Real Madrid
1093952723,Mirza,Begic,G,Real Madrid Real Madrid
1093952724,,,G,Real Madrid Real Madrid
1093952725,,,G,Real Madrid Real Madrid
1093952726,,,G,Real Madrid Real Madrid
1093952727,,,F,Real Madrid Real Madrid
1093952728,,,G,Real Madrid Real Madrid
1093952729,,,F,Real Madrid Real Madrid
1093952730,,,F,Real Madrid Real Madrid
1093952731,,,F,Real Madrid Real Madrid
1093952732,Guillermo,Hernangomez,,Real Madrid Real Madrid
1093952748,Dominique,Morrison,,New Orleans Pelicans
1093952783,Josh,Owens,,Charlotte Hornets
1093952797,,,,Washington Wizards
1093952832,Robert,Dozier,G,Miami Heat
1093952852,,,G,Los Angeles Lakers
1093952856,Reeves,Nelson,F,Los Angeles Lakers
1093952858,Ronnie,Aguilar,G,Los Angeles Lakers
1093952875,Lance,Goulbourne,,Golden State Warriors
1093952877,Carlon,Brown,,Golden State Warriors
1093952878,,,,Golden State Warriors
1093952882,Rick,Jackson,,Golden State Warriors
1093952911,,,G,Milano Armani Jeans Milano
1093952912,,,F,Milano Armani Jeans Milano
1093952913,,,F,Milano Armani Jeans Milano
1093952914,Alessandro,Gentile,G,Milano Armani Jeans Milano
1093952915,,,G,Milano Armani Jeans Milano
1093952916,,,G,Milano Armani Jeans Milano
1093952917,,,G,Milano Armani Jeans Milano
1093952918,,,G,Milano Armani Jeans Milano
1093952919,,,C,Milano Armani Jeans Milano
1093952920,,,,Milano Armani Jeans Milano
1093952921,,,F,Milano Armani Jeans Milano
1093952922,,,,Milano Armani Jeans Milano
1093952923,,,,Milano Armani Jeans Milano
1093952924,,,,Milano Armani Jeans Milano
1093952925,,,,Milano Armani Jeans Milano
1093952955,Kevin,Anderson,,Cleveland Cavaliers
1093952957,Micheal,Eric,G,Cleveland Cavaliers
1093953029,,,,Chicago Bulls
1093953084,Mustapha,Farrakhan,,Milwaukee Bucks
1093953135,Carleton,Scott,C,Brooklyn Nets
1093953149,,,F,New York Knicks
1093953150,Oscar,Bellfield,,New York Knicks
1093953170,Demetri,McCamey,,Houston Rockets
1093953191,,,F,Barcelona Winterthur FC
1093953192,,,F,Barcelona Winterthur FC
1093953193,,,G,Barcelona Winterthur FC
1093953194,,,G,Barcelona Winterthur FC
1093953195,,,G,Barcelona Winterthur FC
1093953196,,,G,Barcelona Winterthur FC
1093953197,,,G,Barcelona Winterthur FC
1093953198,,,C,Barcelona Winterthur FC
1093953199,,,F,Barcelona Winterthur FC
1093953200,,,F,Barcelona Winterthur FC
1093953201,,,G,Barcelona Winterthur FC
1093953202,,,,Barcelona Winterthur FC
1093953203,Mario,Hezonja,G,Barcelona Winterthur FC
1093953204,,,,Barcelona Winterthur FC
1093953235,Phil,Jones,,Minnesota Timberwolves
1093953266,,,,Sacramento Kings
1093953359,Demonte,Harper,,Portland Trail Blazers
1093953361,Dallas,Lauderdale,,Portland Trail Blazers
1093953503,,,,Philadelphia 76ers
1093953566,,,G,Haifa Maccabi Haifa
1093953567,,,G,Haifa Maccabi Haifa
1093953568,,,G,Haifa Maccabi Haifa
1093953569,,,G,Haifa Maccabi Haifa
1093953570,,,G,Haifa Maccabi Haifa
1093953571,,,F,Haifa Maccabi Haifa
1093953572,,,G,Haifa Maccabi Haifa
1093953573,,,C,Haifa Maccabi Haifa
1093953574,,,F,Haifa Maccabi Haifa
1093953575,,,C,Haifa Maccabi Haifa
1093953576,,,,Haifa Maccabi Haifa
1093956505,Bojan,Bogdanovic,G,Istanbul Fenerbahce Ulker
1093956506,Emir,Preldzic,G,Istanbul Fenerbahce Ulker
1093956507,Luka,Zoric,C,Istanbul Fenerbahce Ulker
1093956508,,,G,Istanbul Fenerbahce Ulker
1093956509,Bo,McCalebb,G,Istanbul Fenerbahce Ulker
1093956510,Gasper,Vidmar,F,Istanbul Fenerbahce Ulker
1093956511,Melih,Mahmutoglu,G,Istanbul Fenerbahce Ulker
1093956512,Kenan,Sipahi,G,Istanbul Fenerbahce Ulker
1093956513,Izzet,Turkyilmaz,C,Istanbul Fenerbahce Ulker
1093956514,James,Birsen,F,Istanbul Fenerbahce Ulker
1093956515,Baris,Ermis,G,Istanbul Fenerbahce Ulker
1093956516,Ayberk,Olmaz,,Istanbul Fenerbahce Ulker
1093956517,Berk,Ugurlu,,Istanbul Fenerbahce Ulker
1093956518,,,,Istanbul Fenerbahce Ulker
1093956519,Nemanja,Bjelica,,Istanbul Fenerbahce Ulker
1093956635,Cameron,Jones,G,Golden State Warriors
1093956640,Alex,Mumbru,G,Bilbao Basket
1093956641,Axel,Hervelle,G,Bilbao Basket
1093956642,Jackie,Carmichael,G,Bilbao Basket
1093956643,Fran,Pilepic,G,Bilbao Basket
1093956644,Raul,Lopez,G,Bilbao Basket
1093956645,Antanas,Kavaliauskas,F,Bilbao Basket
1093956646,Dairis,Bertans,C,Bilbao Basket
1093956647,Roger,Grimau,G,Bilbao Basket
1093956648,Zoran,Vrkic,F,Bilbao Basket
1093956649,German,Gabriel,F,Bilbao Basket
1093956650,,,,Bilbao Basket
1093956651,,,,Bilbao Basket
1093956652,Mamadou,Samb,,Bilbao Basket
1093956653,Sergio,Sanchez,,Bilbao Basket
1093956667,Mac,Koshwal,G,Philadelphia 76ers
1093956672,Rodney,Williams,C,Philadelphia 76ers
1093956673,Khalif,Wyatt,F,Philadelphia 76ers
1093956707,Reginald,Becton,,Denver Nuggets
1093956758,Donta,Smith,G,Haifa Maccabi Haifa
1093956759,Brian,Randle,F,Haifa Maccabi Haifa
1093956760,Ido,Kozikaro,C,Haifa Maccabi Haifa
1093956761,Dagan,Yivzuri,G,Haifa Maccabi Haifa
1093956762,Moran,Roth,G,Haifa Maccabi Haifa
1093956763,Alex,Chubrevich,C,Haifa Maccabi Haifa
1093956764,David,Cubillan,F,Haifa Maccabi Haifa
1093956765,Sherwood,Brown,G,Haifa Maccabi Haifa
1093956766,Ben,Reis,C,Haifa Maccabi Haifa
1093956767,Uri,Kokia,F,Haifa Maccabi Haifa
1093956768,Ike,Ofoegbu,G,Haifa Maccabi Haifa
1093956787,Vladimir,Micov,F,Moscow CSKA
1093956788,Victor,Khryapa,G,Moscow CSKA
1093956789,Sasha,Kaun,G,Moscow CSKA
1093956790,Vitaly,Fridzon,G,Moscow CSKA
1093956791,Jeremy,Pargo,G,Moscow CSKA
1093956792,Nenad,Krstic,G,Moscow CSKA
1093956793,Milos,Teodosic,,Moscow CSKA
1093956794,Aaron,Jackson,F,Moscow CSKA
1093956795,Kyle,Hines,F,Moscow CSKA
1093956796,Aleksey,Zozulin,,Moscow CSKA
1093956797,,,,Moscow CSKA
1093956798,Grigori,Shukhovtsov,,Moscow CSKA
1093956799,Eugeny,Voronov,,Moscow CSKA
1093956800,Andrey,Vorontsevich,,Moscow CSKA
1093956801,Sonny,Weems,G,Moscow CSKA
1093956807,Dee,Bost,F,Portland Trail Blazers
1093956814,Richard,Howell,,Portland Trail Blazers
1093956815,E.J.,Singler,G,Portland Trail Blazers
1093956850,Damen,Bell-Holter,,Boston Celtics
1093956852,DeShawn,Sims,,Boston Celtics
1093956853,Kammron,Taylor,,Boston Celtics
1093956867,Carlos,Morais,F,Toronto Raptors
1093956882,Eric,Griffin,G,Miami Heat
1093956884,Charlie,Westbrook,G,Miami Heat
1093956907,David,Lighty,,Atlanta Hawks
1093956924,Mickey,McConnell,G,Dallas Mavericks
1093956980,Trent,Lockett,,Sacramento Kings
1093957060,Kenny,Kadji,G,Cleveland Cavaliers
1093957063,Michael,Lee,,Cleveland Cavaliers
1093957083,Olek,Czyz,F,Milwaukee Bucks
1093957235,Romero,Osby,G,Orlando Magic
1093957377,Courtney,Fells,C,San Antonio Spurs
1093957378,Myck,Kabongo,,San Antonio Spurs
1093957380,Daniel,Nwaelele,F,San Antonio Spurs
1093957424,CJ,Leslie,G,New York Knicks
1093960371,Shawn,Jones,G,Miami Heat
1093960482,Chris,Crawford,G,Cleveland Cavaliers
1093960483,Stephen,Holt,,Cleveland Cavaliers
1093960484,Devin,Smith,G,Tel Aviv Maccabi Electra
1093960485,Guy,Pnini,G,Tel Aviv Maccabi Electra
1093960486,Aleks,Maric,F,Tel Aviv Maccabi Electra
1093960487,Marquez,Haynes,G,Tel Aviv Maccabi Electra
1093960488,Jeremy,Pargo,G,Tel Aviv Maccabi Electra
1093960489,Alex,Tyus,G,Tel Aviv Maccabi Electra
1093960490,Sylven,Landesberg,G,Tel Aviv Maccabi Electra
1093960491,Jake,Cohen,C,Tel Aviv Maccabi Electra
1093960492,Nate,Linhart,F,Tel Aviv Maccabi Electra
1093960493,Yogev,Ohayon,C,Tel Aviv Maccabi Electra
1093960494,Ben,Altit,,Tel Aviv Maccabi Electra
1093960495,,,,Tel Aviv Maccabi Electra
1093960496,Brian,Randle,F,Tel Aviv Maccabi Electra
1093960513,Roscoe,Smith,C,Los Angeles Lakers
1093960553,Christian,Watford,,Boston Celtics
1093960622,CJ,Fair,C,Indiana Pacers
1093960641,Brady,Heslip,F,Minnesota Timberwolves
1093960664,Brock,Motum,,Utah Jazz
1093960747,Kadeem,Batts,,Orlando Magic
1093960748,Drew,Crawford,F,Orlando Magic
1093960793,Josh,Bostic,,Detroit Pistons
1093960857,Akil,Mitchell,,Houston Rockets
1093960890,Justin,Cobbs,G,Charlotte Hornets
1093960894,Brian,Qvale,,Charlotte Hornets
1093960927,Aaron,Craft,C,Golden State Warriors
1093960931,Mitchell,Watt,C,Golden State Warriors
1093960966,Luke,Hancock,G,Memphis Grizzlies
1093961032,Talib,Zanna,G,Oklahoma City Thunder
1093961033,Michael,Jenkins,G,Oklahoma City Thunder
1093961039,Richard,Solomon,G,Oklahoma City Thunder
1093961055,Joe,Jackson,,Phoenix Suns
1093961057,Casey,Prather,G,Phoenix Suns
1093961059,Marcus,Vinicius,F,Flamengo Flamengo
1093961060,Walter,Herrmann,F,Flamengo Flamengo
1093961061,Jerome,Meyinsse,C,Flamengo Flamengo
1093961062,Marcelinho,Machado,G,Flamengo Flamengo
1093961063,Nicolas,Laprovittola,G,Flamengo Flamengo
1093961064,Cristiano,Felicio,C,Flamengo Flamengo
1093961065,Olivinha,,G,Flamengo Flamengo
1093961066,Vitor,Benite,G,Flamengo Flamengo
1093961067,Gege,Chaia,G,Flamengo Flamengo
1093961068,Derrick,Caracter,G,Flamengo Flamengo
1093961069,Luis,Chupeta,,Flamengo Flamengo
1093961070,Danielzinho,Lorio,,Flamengo Flamengo
1093961107,Orlando,Sanchez,,New York Knicks
1093961110,Niels,Giffy,G,Berlin Alba Berlin
1093961111,Alex,King,G,Berlin Alba Berlin
1093961112,Leon,Radosevic,C,Berlin Alba Berlin
1093961113,Reggie,Redding,G,Berlin Alba Berlin
1093961114,Clifford,Hammonds,G,Berlin Alba Berlin
1093961115,Marko,Banic,F,Berlin Alba Berlin
1093961116,Alex,Renfoe,F,Berlin Alba Berlin
1093961117,Jamel,Mclean,G,Berlin Alba Berlin
1093961118,Akeem,Vargas,G,Berlin Alba Berlin
1093961119,Jonas,Wohlfarth Botterman,,Berlin Alba Berlin
1093961120,Vojdan,Stojanovski,,Berlin Alba Berlin
1093961121,Moritz,Wagner,,Berlin Alba Berlin
1093961122,Kevin,Wohlrath,,Berlin Alba Berlin
1093961287,,,,Golden State Warriors
1093961508,Emir,Preldzic,G,Istanbul Fenerbahce Ulker
1093961509,Jan,Vesely,F,Istanbul Fenerbahce Ulker
1093961510,Oguz,Savas,F,Istanbul Fenerbahce Ulker
1093961511,Richard,Hickman Jr.,G,Istanbul Fenerbahce Ulker
1093961512,Andrew,Goudelock,G,Istanbul Fenerbahce Ulker
1093961513,Luka,Zoric,G,Istanbul Fenerbahce Ulker
1093961514,Bogdan,Bogdanovic,F,Istanbul Fenerbahce Ulker
1093961515,Nemanja,Bjelica,F,Istanbul Fenerbahce Ulker
1093961516,Can,Altintig,C,Istanbul Fenerbahce Ulker
1093961517,Melih,Mahmutoglu,G,Istanbul Fenerbahce Ulker
1093961518,Semih,Erden,,Istanbul Fenerbahce Ulker
1093961519,Serhat,Cetin,,Istanbul Fenerbahce Ulker
1093961520,Kenan,Sipahi,,Istanbul Fenerbahce Ulker
1093961521,Izzet,Turkyilmaz,,Istanbul Fenerbahce Ulker
1093961522,Berk,Ugurlu,,Istanbul Fenerbahce Ulker
1093961523,Omer,Yurseven,,Istanbul Fenerbahce Ulker
1093961537,Josh,Davis,,San Antonio Spurs
1093962231,Rene,Rougeau,F,Haifa Maccabi Haifa
1093962232,Jeff,Allen,F,Haifa Maccabi Haifa
1093962233,Alex,Chubrevich,C,Haifa Maccabi Haifa
1093962234,Demontez,Stitt,G,Haifa Maccabi Haifa
1093962235,Brody,Angley,G,Haifa Maccabi Haifa
1093962236,Hector,Hernandez,G,Haifa Maccabi Haifa
1093962237,Dagan,Yivzori,G,Haifa Maccabi Haifa
1093962238,Anton,Shoutvin,G,Haifa Maccabi Haifa
1093962239,Tomer,Bar-Even,F,Haifa Maccabi Haifa
1093962240,Leroy,Hickerson,F,Haifa Maccabi Haifa
1093962241,Will,Frisby,,Haifa Maccabi Haifa
1093962242,Liraz,Ariely,,Haifa Maccabi Haifa
1093962243,Ike,Ofoegbu,F,Haifa Maccabi Haifa
1093962244,Yiftach,Ziv,,Haifa Maccabi Haifa
1093962844,Yuki,Togashi,,Dallas Mavericks
1093964230,Geron,Johnson,,Houston Rockets
1093964423,Nnanna,Egwu,C,Orlando Magic
1093964424,Melvin,Ejim,G,Orlando Magic
1093964447,Sam,Thompson,F,Charlotte Hornets
1093964448,Jason,Washburn,F,Charlotte Hornets
1093964485,Devin,Sweetney,,Denver Nuggets
1093964500,Jonathan,Holmes,C,Los Angeles Lakers
1093964503,Robert,Upshaw,G,Los Angeles Lakers
1093964554,Corey,Webster,G,New Orleans Pelicans
1093964576,Corey,Hawkins,,Miami Heat
1093964611,Michale,Kyser,,Toronto Raptors
1093964612,Shannon,Scott,,Toronto Raptors
1093964658,Marshall,Henderson,,Sacramento Kings
1093964672,Ryan,Boatright,F,Brooklyn Nets
1093964678,,,F,Istanbul Fenerbahce Ulker
1093964679,,,F,Istanbul Fenerbahce Ulker
1093964680,Ekpe,Udoh,G,Istanbul Fenerbahce Ulker
1093964681,Bogdan,Bogdanovic,G,Istanbul Fenerbahce Ulker
1093964682,,,G,Istanbul Fenerbahce Ulker
1093964683,,,G,Istanbul Fenerbahce Ulker
1093964684,,,G,Istanbul Fenerbahce Ulker
1093964685,,,F,Istanbul Fenerbahce Ulker
1093964686,,,F,Istanbul Fenerbahce Ulker
1093964687,,,G,Istanbul Fenerbahce Ulker
1093964688,,,,Istanbul Fenerbahce Ulker
1093964689,,,,Istanbul Fenerbahce Ulker
1093964690,,,,Istanbul Fenerbahce Ulker
1093964691,,,,Istanbul Fenerbahce Ulker
1093964692,,,G,Istanbul Fenerbahce Ulker
1093964711,Juwan,Staten,C,Golden State Warriors
1093964782,Stefhon,Hannah,,Chicago Bulls
1093964783,Jake,Anderson,,Chicago Bulls
1093964784,Marcus,Simmons,,Chicago Bulls
1093964800,Jon,Horford,,Milwaukee Bucks
1093964814,Jaron,Johnson,,Washington Wizards
1093964818,Jaleel,Roberts,,Washington Wizards
1093964828,Scottie,Wilbekin,F,Philadelphia 76ers
1093964832,JP,Tokoto,G,Philadelphia 76ers
1093964847,Jordan,Bachynski,,Detroit Pistons
1093964888,Lazeric,Jones,F,Memphis Grizzlies
1093964889,Michael,Holyfield,G,Memphis Grizzlies
1093964905,Will,Cummings,G,Houston Rockets
1093964907,Denzel,Livingston,G,Houston Rockets
1093964909,Joshua,Smith,G,Houston Rockets
1093964912,Chris,Walker,,Houston Rockets
1093964924,Brandon,Ashley,F,Dallas Mavericks
1093964952,,,G,Milano Armani Jeans Milano
1093964953,,,F,Milano Armani Jeans Milano
1093964954,,,F,Milano Armani Jeans Milano
1093964955,,,G,Milano Armani Jeans Milano
1093964956,,,G,Milano Armani Jeans Milano
1093964957,,,F,Milano Armani Jeans Milano
1093964958,,,,Milano Armani Jeans Milano
1093964959,,,G,Milano Armani Jeans Milano
1093964960,,,C,Milano Armani Jeans Milano
1093964961,,,F,Milano Armani Jeans Milano
1093964962,,,,Milano Armani Jeans Milano
1093964963,,,,Milano Armani Jeans Milano
1093964964,,,,Milano Armani Jeans Milano
1093964995,Nick,Minnerath,G,Cleveland Cavaliers
1093965009,Edgar,Sosa,,Atlanta Hawks
1093965013,Terran,Petteway,G,Atlanta Hawks
1093965014,Arsalan,Kazemi,F,Atlanta Hawks
1093965029,Nick,Wiggins,,Minnesota Timberwolves
1093965031,Kleon,Penn,,Minnesota Timberwolves
1093965049,Michael,Qualls,,Oklahoma City Thunder
1093965051,Dez,Wells,,Oklahoma City Thunder
1093965068,Kyle,Casey,G,Phoenix Suns
1093965182,Darion,Atkins,,New York Knicks
1093965183,Wesley,Saunders,,New York Knicks
1093965184,Travis,Trice II,C,New York Knicks
1093965185,,,F,Bauru Paschoalotto/Bauru
1093965186,,,G,Bauru Paschoalotto/Bauru
1093965187,,,F,Bauru Paschoalotto/Bauru
1093965188,,,G,Bauru Paschoalotto/Bauru
1093965189,,,G,Bauru Paschoalotto/Bauru
1093965190,,,G,Bauru Paschoalotto/Bauru
1093965191,,,F,Bauru Paschoalotto/Bauru
1093965192,,,C,Bauru Paschoalotto/Bauru
1093965193,,,G,Bauru Paschoalotto/Bauru
1093965194,,,,Bauru Paschoalotto/Bauru
1093965195,,,,Bauru Paschoalotto/Bauru
1093965196,,,,Bauru Paschoalotto/Bauru
1093965238,Sampson,Carter,,Memphis Grizzlies
1093965244,,,F,Haifa Maccabi Haifa
1093965245,Oz,Blayzer,G,Haifa Maccabi Haifa
1093965246,,,F,Haifa Maccabi Haifa
1093965247,,,G,Haifa Maccabi Haifa
1093965248,,,G,Haifa Maccabi Haifa
1093965249,,,F,Haifa Maccabi Haifa
1093965250,,,C,Haifa Maccabi Haifa
1093965251,,,G,Haifa Maccabi Haifa
1093965252,,,F,Haifa Maccabi Haifa
1093965253,,,,Haifa Maccabi Haifa
1093965254,,,G,Haifa Maccabi Haifa
1093965255,,,,Haifa Maccabi Haifa
1093965256,,,,Haifa Maccabi Haifa
1093965359,Youssou,Ndoye,G,San Antonio Spurs
1093965369,Deshaun,Thomas,G,San Antonio Spurs
1093965447,,,F,Real Madrid Real Madrid
1093965448,,,F,Real Madrid Real Madrid
1093965449,,,G,Real Madrid Real Madrid
1093965450,,,G,Real Madrid Real Madrid
1093965451,,,G,Real Madrid Real Madrid
1093965452,,,F,Real Madrid Real Madrid
1093965453,,,F,Real Madrid Real Madrid
1093965454,,,F,Real Madrid Real Madrid
1093965455,Guillermo,Hernangomez,G,Real Madrid Real Madrid
1093965456,Luka,Doncic,G,Real Madrid Real Madrid
1093965457,,,,Real Madrid Real Madrid
1093965458,,,,Real Madrid Real Madrid
1093965459,,,,Real Madrid Real Madrid
1093965460,,,,Real Madrid Real Madrid
1093965563,Dez,Wells,,Oklahoma City Thunder
1093965600,Kadeem,Jack,,Indiana Pacers
1093965942,Netanel,Artzi,,Haifa Maccabi Haifa
1093966415,,,,Minnesota Timberwolves
1093966464,Corey,Walden,,Boston Celtics
1093966827,,,G,Flamengo Flamengo
1093966828,,,F,Flamengo Flamengo
1093966829,,,F,Flamengo Flamengo
1093966830,,,G,Flamengo Flamengo
1093966831,,,G,Flamengo Flamengo
1093966832,,,G,Flamengo Flamengo
1093966833,,,F,Flamengo Flamengo
1093966834,,,G,Flamengo Flamengo
1093966835,,,G,Flamengo Flamengo
1093966836,,,,Flamengo Flamengo
1093966837,,,,Flamengo Flamengo
1093966838,,,,Flamengo Flamengo
1093966839,,,,Flamengo Flamengo
1093966870,Bo,McCalebb,G,New Orleans Pelicans
1093967621,Chris,Udofia,,Golden State Warriors
1093968183,Yanick,Moreira,,Toronto Raptors
1093968201,Elgin,Cook,F,Golden State Warriors
1093968203,Scott,Wood,,Golden State Warriors
1093968249,Shawn,Dawson,,New Orleans Pelicans
1093968268,Keith,Hornsby,F,Dallas Mavericks
1093968295,,,G,Shanghai Shanghai Sharks
1093968296,,,G,Shanghai Shanghai Sharks
1093968297,,,C,Shanghai Shanghai Sharks
1093968298,Jimmer,Fredette,G,Shanghai Shanghai Sharks
1093968299,,,G,Shanghai Shanghai Sharks
1093968300,,,F,Shanghai Shanghai Sharks
1093968301,,,C,Shanghai Shanghai Sharks
1093968302,,,G,Shanghai Shanghai Sharks
1093968303,,,G,Shanghai Shanghai Sharks
1093968304,,,F,Shanghai Shanghai Sharks
1093968305,,,,Shanghai Shanghai Sharks
1093968306,,,,Shanghai Shanghai Sharks
1093968307,,,,Shanghai Shanghai Sharks
1093968308,,,,Shanghai Shanghai Sharks
1093968309,,,,Shanghai Shanghai Sharks
1093968418,Gracin,Bakumanya,,Phoenix Suns
1093968419,Derek,Cooke Jr.,,Phoenix Suns
1093968434,Livio,Jean-Charles,G,San Antonio Spurs
1093968471,Andrew,Andrews,F,Charlotte Hornets
1093968475,Rasheed,Sulaimon,F,Charlotte Hornets
1093968476,Perry,Ellis,G,Charlotte Hornets
1093968482,,,F,Real Madrid Real Madrid
1093968483,,,F,Real Madrid Real Madrid
1093968484,,,G,Real Madrid Real Madrid
1093968485,,,G,Real Madrid Real Madrid
1093968486,,,G,Real Madrid Real Madrid
1093968487,,,G,Real Madrid Real Madrid
1093968488,Luka,Doncic,G,Real Madrid Real Madrid
1093968489,,,G,Real Madrid Real Madrid
1093968490,,,F,Real Madrid Real Madrid
1093968491,,,F,Real Madrid Real Madrid
1093968492,,,,Real Madrid Real Madrid
1093968493,,,,Real Madrid Real Madrid
1093968494,,,F,Real Madrid Real Madrid
1093968495,,,,Real Madrid Real Madrid
1093968508,Kaleb,Tarczewski,G,Oklahoma City Thunder
1093968546,Stefan,Jankovic,,Miami Heat
1093968656,Nick,Zeisloft,,Indiana Pacers
1093968671,Julian,Jacobs,,Los Angeles Lakers
1093968693,Isaiah,Cousins,,Sacramento Kings
1093968805,Quincy,Ford,G,Utah Jazz
1093968846,,,G,Barcelona Winterthur FC
1093968847,,,F,Barcelona Winterthur FC
1093968848,,,F,Barcelona Winterthur FC
1093968849,,,G,Barcelona Winterthur FC
1093968850,,,G,Barcelona Winterthur FC
1093968851,,,G,Barcelona Winterthur FC
1093968852,,,G,Barcelona Winterthur FC
1093968853,,,G,Barcelona Winterthur FC
1093968854,,,F,Barcelona Winterthur FC
1093968855,,,G,Barcelona Winterthur FC
1093968856,,,,Barcelona Winterthur FC
1093968857,,,,Barcelona Winterthur FC
1093968858,,,,Barcelona Winterthur FC
1093968859,,,,Barcelona Winterthur FC
1093968860,,,,Barcelona Winterthur FC
1093968861,,,,Barcelona Winterthur FC
1093968862,,,,Barcelona Winterthur FC
1093968916,J.J.,Avila,,Chicago Bulls
1093968917,D'Vauntes,Smith-Rivera,,Chicago Bulls
1093968919,Thomas,Walkup,,Chicago Bulls
1093969003,Beau,Beech,G,Brooklyn Nets
1093969006,Egidijus,Mockevicius,,Brooklyn Nets
1093969021,Trey,Freeman,,Detroit Pistons
1093969025,Nikola,Jovanovic,,Detroit Pistons
1093969730,,,F,Haifa Maccabi Haifa
1093969731,,,F,Haifa Maccabi Haifa
1093969732,,,G,Haifa Maccabi Haifa
1093969733,,,G,Haifa Maccabi Haifa
1093969734,,,G,Haifa Maccabi Haifa
1093969735,Will,Graves,C,Haifa Maccabi Haifa
1093969736,,,C,Haifa Maccabi Haifa
1093969737,,,G,Haifa Maccabi Haifa
1093969738,,,G,Haifa Maccabi Haifa
1093969739,Willy,Workman,F,Haifa Maccabi Haifa
1093969740,,,,Haifa Maccabi Haifa
1093969741,,,,Haifa Maccabi Haifa
1093969742,Daniel,Koperberg,C,Haifa Maccabi Haifa
1093970302,Marcos,Mata,F,Buenos Aires San Lorenzo
1093970303,Gabriel,Deck,F,Buenos Aires San Lorenzo
1093970304,Jerome,Meyinsse,C,Buenos Aires San Lorenzo
1093970305,,,G,Buenos Aires San Lorenzo
1093970306,Gustavo Nicolas,Agurre,G,Buenos Aires San Lorenzo
1093970307,Mathias,Calfani,F,Buenos Aires San Lorenzo
1093970308,Matias,Sandes,G,Buenos Aires San Lorenzo
1093970309,Santiago,Scala,G,Buenos Aires San Lorenzo
1093970310,Selem,Safar,F,Buenos Aires San Lorenzo
1093970311,Leandro,Cerminato,,Buenos Aires San Lorenzo
1093970312,Lisandro,Fernandez,,Buenos Aires San Lorenzo
1093970313,Lautaro,Lopez,,Buenos Aires San Lorenzo
1093971086,Vashil,Fernandez,,Miami Heat
1093971356,Jaleel,Cousins,,Dallas Mavericks
1093971747,V.J.,Beachem,,Los Angeles Lakers
1093971770,Melo,Trimble,G,Minnesota Timberwolves
1093971788,Alex,Hamilton,,Golden State Warriors
1093971827,Kennedy,Meeks,,Toronto Raptors
1093971844,LaDontae,Henton,,LA Clippers
1093971886,Jordan,Mathews,,Atlanta Hawks
1093971900,Rade,Zagorac,,Memphis Grizzlies
1093971902,Jeremy,Morgan,,Memphis Grizzlies
1093971941,Mingxing,Ju,F,Guangzhou Long-Lions
1093971942,Sani,Sakakini,F,Guangzhou Long-Lions
1093971945,Xuedong,Luo,G,Guangzhou Long-Lions
1093971946,Xuhang,Zhu,,Guangzhou Long-Lions
1093971947,Ziming,Fan,,Guangzhou Long-Lions
1093971948,Yingjun,Chen,,Guangzhou Long-Lions
1093971949,Yifeng,Heng,G,Guangzhou Long-Lions
1093971950,Fan,Zhang,,Guangzhou Long-Lions
1093971951,Yuezhou,Gu,,Guangzhou Long-Lions
1093971952,Zhun,Zheng,,Guangzhou Long-Lions
1093971953,Jun,Shi,,Guangzhou Long-Lions
1093971954,Kai,Guo,,Guangzhou Long-Lions
1093971955,Yue,Wang,,Guangzhou Long-Lions
1093971973,L.J.,Peak,,Boston Celtics
1093971975,Devin,Williams,,Boston Celtics
1093971994,Luke,Petrasek,,Charlotte Hornets
1093971995,T.J.,Williams,,Charlotte Hornets
1093972012,Taylor,Braun,,Utah Jazz
1093972016,Brad,Newley,F,Sydney Kings
1093972018,Todd,Blanchfield,C,Sydney Kings
1093972020,Kevin,Lisch,G,Sydney Kings
1093972021,Issac,Humphries,,Sydney Kings
1093972022,Jason,Cadee,,Sydney Kings
1093972023,Dane,Pineau,,Sydney Kings
1093972024,Amritpal,Singh,,Sydney Kings
1093972025,Adam,Thoseby,,Sydney Kings
1093972026,Sam,Daly,,Sydney Kings
1093972027,Tom,Garlepp,,Sydney Kings
1093972084,Matt,Matt,,Sacramento Kings
1093972137,Jaylen,Johnson,,Chicago Bulls
1093972138,Bronson,Koenig,,Chicago Bulls
1093972195,Bryce,Alford,,Oklahoma City Thunder
1093972200,Rashawn,Thomas,,Oklahoma City Thunder
1093972217,George,de Paula,,Houston Rockets
1093972335,Jeremy,Senglin,,Brooklyn Nets
1093972392,James,Blackmon Jr.,,Philadelphia 76ers
1093972429,Landry,Nnoko,,Detroit Pistons
1093972432,Derek,Willis,,Detroit Pistons
1093972447,Paige,Marcus,,Charlotte Hornets
1093972552,Luke,Martinez,G,Haifa Maccabi Haifa
1093972553,Frederic,Bourdillon,G,Haifa Maccabi Haifa
1093972557,Roi,Huber,,Haifa Maccabi Haifa
1093972560,Gal,Baruch,,Haifa Maccabi Haifa
1093972561,Angel,Rodriguez,G,Haifa Maccabi Haifa
1093972577,Georges,Niang,,Golden State Warriors
1093972591,,,,Minnesota Timberwolves
1093972657,Cai,Liang,F,Shanghai Shanghai Sharks
1093972658,Nick,Minnerath,F,Shanghai Shanghai Sharks
1093972659,Zhang,Zhaoxu,C,Shanghai Shanghai Sharks
1093972660,Luo,Hanchen,G,Shanghai Shanghai Sharks
1093972661,Josh,Akognon,G,Shanghai Shanghai Sharks
1093972662,Tseng,Wenting,,Shanghai Shanghai Sharks
1093972663,Luo,Zhi,,Shanghai Shanghai Sharks
1093972664,Zhai,Yi,,Shanghai Shanghai Sharks
1093972665,Shi,Yuchen,,Shanghai Shanghai Sharks
1093972666,Tang,Zihao,,Shanghai Shanghai Sharks
1093972667,Wang,Tong,,Shanghai Shanghai Sharks
1093972668,Jimmer,Fredette,,Shanghai Shanghai Sharks
1093972669,Dong,Hanlin,F,Shanghai Shanghai Sharks
1093972670,Yan,Peng,,Shanghai Shanghai Sharks
1093972671,Huang,Xu,,Shanghai Shanghai Sharks
1093972960,Peter,Jok,,Phoenix Suns
1093973034,Matt,Jones,,Sacramento Kings
1093973134,Yannis,Morin,,Oklahoma City Thunder
1093973139,David,Barlow,F,Melbourne United
1093973140,Tai,Wesley,F,Melbourne United
1093973141,Josh,Boone,C,Melbourne United
1093973144,Craig,Moller,,Melbourne United
1093973146,Majok,Majok,,Melbourne United
1093973148,Kyle,Adnam,,Melbourne United
1093973150,Tohi,Smith-Milner,,Melbourne United
1093973151,Dillon,Stith,,Melbourne United
1093973152,Chris,Goulding,G,Melbourne United
1093973153,Peter,Hooley,,Melbourne United
1093973154,Sam,Short,,Melbourne United
1093973430,Torian,Graham,,Utah Jazz
1093973445,Daniel,Dixon,,Boston Celtics
1093973507,Durand,Scott,,Memphis Grizzlies
1093974272,Isaac,Hamilton,,Cleveland Cavaliers
1093974307,Davion,Berry,,Toronto Raptors
1093974432,Perrin,Buford,F,Brisbane Bullets
1093974433,Daniel,Kickert,F,Brisbane Bullets
1093974434,Tom,Jervis,C,Brisbane Bullets
1093974435,Stephen,Holt,G,Brisbane Bullets
1093974436,Travis,Trice,G,Brisbane Bullets
1093974437,Grant,Jerrett,,Brisbane Bullets
1093974438,Adam,Gibson,,Brisbane Bullets
1093974439,Reuben,Te Rangi,,Brisbane Bullets
1093974440,Anthony,Petrie,,Brisbane Bullets
1093974441,Shaun,Bruce,,Brisbane Bullets
1093974442,Matthew,Kenyon,,Brisbane Bullets
1093974443,Will,Magnay,,Brisbane Bullets
1093974444,Tom,Fullarton,,Brisbane Bullets
1093974445,Zach,Andrews,,Brisbane Bullets
1093974446,Tyrell,Harrison,,Brisbane Bullets
1093974524,Ike,Iroegbu,,LA Clippers
1093974568,,,,Golden State Warriors
1093974605,Jaylen,Barford,,Charlotte Hornets
1093974610,Zach,Smith,,Charlotte Hornets
1093974611,Isaiah,Wilkins,,Charlotte Hornets
1093974627,Justin,Bibbs,,Boston Celtics
1093974629,Nick,King,,Boston Celtics
1093974630,Jeff,Roberson,,Boston Celtics
1093974652,David,Barlow,F,Melbourne United
1093974653,Alex,Pledger,C,Melbourne United
1093974654,Chris,Goulding,G,Melbourne United
1093974656,Mitch,McCarron,F,Melbourne United
1093974658,Craig,Moller,F,Melbourne United
1093974659,Peter,Hooley,,Melbourne United
1093974660,Tohi,Smith-Milner,,Melbourne United
1093974661,Daniel,Trist,,Melbourne United
1093974662,Sam,Short,,Melbourne United
1093974663,Sam,McDaniel,,Melbourne United
1093974678,Codi,Miller-McIntyre,,Dallas Mavericks
1093974681,Yanyuhang,Ding,,Dallas Mavericks
1093974684,Xiaohui,Wang,F,Beijing Ducks
1093974685,Zhuo,Zhang,F,Beijing Ducks
1093974687,Cairen,Zhang,G,Beijing Ducks
1093974688,Shuo,Fang,G,Beijing Ducks
1093974689,Yanxi,Zhu,,Beijing Ducks
1093974690,Aaron Lee,Jackson,,Beijing Ducks
1093974691,Jiangpeng,Duan,,Beijing Ducks
1093974692,Xiaoyu,Liu,,Beijing Ducks
1093974693,Jianiyou,Taruike,,Beijing Ducks
1093974694,Xiaochuan,Zhai,,Beijing Ducks
1093974695,Haofeng,Sun,,Beijing Ducks
1093974696,Hongrui,Duan,,Beijing Ducks
1093974697,Xinlei,Wang,,Beijing Ducks
1093974698,Ziyi,Zhao,,Beijing Ducks
1093974699,Songtao,Zhang,,Beijing Ducks
1093974700,Zanyu,Chen,,Beijing Ducks
1093974701,Lin,Chang,,Beijing Ducks
1093974702,Xu,Wang,,Beijing Ducks
1093974703,Yanman,Zhao,,Beijing Ducks
1093974756,Jairus,Lyles,,Utah Jazz
1093974757,Isaac,Haas,,Utah Jazz
1093974759,Trey,Lewis,,Utah Jazz
1093974762,Nick,Kay,F,Perth Wildcats
1093974763,Tomer,Jervis,C,Perth Wildcats
1093974764,Mitch,Norton,G,Perth Wildcats
1093974766,Jesse,Wagstaff,,Perth Wildcats
1093974767,Greg,Hire,,Perth Wildcats
1093974768,Eric,Stuteville,,Perth Wildcats
1093974769,Clint,Steindl,,Perth Wildcats
1093974771,Rhys,Vague,,Perth Wildcats
1093974772,Angus,Brandt,,Perth Wildcats
1093974773,Lochlan,Cummings,,Perth Wildcats
1093974774,Sunday,Dech,,Perth Wildcats
1093974775,Damian,Martin,G,Perth Wildcats
1093974776,Bryan,Michaels,,Perth Wildcats
1093974808,Jonathan,Stark,,Minnesota Timberwolves
1093974884,Marcus,Lee,,Miami Heat
1093974918,Garlon,Green,,New Orleans Pelicans
1093974942,Joel,Berry,,Los Angeles Lakers
1093974945,Jeffrey,Carroll,,Los Angeles Lakers
1093974984,Desi,Rodriguez,,LA Clippers
1093974990,Kevin,Lisch,G,Sydney Kings
1093974993,Daniel,Kickert,,Sydney Kings
1093974994,Kyle,Adnam,,Sydney Kings
1093974995,Tomer,Wilson,,Sydney Kings
1093974996,Dane,Pineau,,Sydney Kings
1093974997,Deng,Deng,,Sydney Kings
1093974998,Deng,Acuoth,,Sydney Kings
1093975031,Braian,Angola-Rodas,,Orlando Magic
1093975050,Tiwian,Kendley,,Washington Wizards
1093975067,Tyrius,Walker,,New York Knicks
1093975237,Rob,Gray,,Houston Rockets
1093975252,Doral,Moore,,Memphis Grizzlies
1093975253,Markel,Crawford,,Memphis Grizzlies
1093975255,Ismaila,Kane,,Memphis Grizzlies
1093975348,Nuni,Omot,,Brooklyn Nets
1093975473,Tom,Abercrombie,F,New Zealand Breakers
1093975474,Tai,Wesley,F,New Zealand Breakers
1093975477,Shea,Ili,G,New Zealand Breakers
1093975478,Jarrad,Weeks,,New Zealand Breakers
1093975479,Patrick,Richard,,New Zealand Breakers
1093975480,Majok,Majok,,New Zealand Breakers
1093975481,Finn,Delany,,New Zealand Breakers
1093975482,Armani,Moore,,New Zealand Breakers
1093975483,Jordan,Ngatai,,New Zealand Breakers
1093975512,Elijah,Stewart,,Indiana Pacers
1093975681,Marcus Vinicius,Souza,F,Flamengo Flamengo
1093975682,David,Nesbitt,F,Flamengo Flamengo
1093975684,Deryk,Ramos,G,Flamengo Flamengo
1093975685,Franco,Balbi,G,Flamengo Flamengo
1093975686,Carlos,Alexandre,,Flamengo Flamengo
1093975687,Leandrinho,Barbosa,,Flamengo Flamengo
1093975688,Rafael,Mineiro,,Flamengo Flamengo
1093975689,David,Rossetto,,Flamengo Flamengo
1093975690,Jhonatan,Luz,,Flamengo Flamengo
1093975691,Kevin,Crescenzi,,Flamengo Flamengo
1093975692,Joao,Vitor,,Flamengo Flamengo
1093975693,Ruan,Miranda,,Flamengo Flamengo
1093975870,Sunday,Dech,,Perth Wildcats
1093975970,Anthony,Drmic,F,Adelaide 36ers
1093975972,Daniel,Johnson,C,Adelaide 36ers
1093975973,Ramone,Moore,G,Adelaide 36ers
1093975974,Nathan,Sobey,G,Adelaide 36ers
1093975975,Majok,Deng,,Adelaide 36ers
1093975976,Adris,De Leon,,Adelaide 36ers
1093975977,Harry,Froling,,Adelaide 36ers
1093975979,Brendan,Teys,,Adelaide 36ers
1093975980,Adam,Doyle,,Adelaide 36ers
1093975981,Nelson,Larkins,,Adelaide 36ers
1093976436,Jeffrey,Coby,,New York Knicks
1093976513,Brandon,Austin,,Sacramento Kings
1093976518,Willy,Workman,F,Haifa Maccabi Haifa
1093976519,Samme,Givens,F,Haifa Maccabi Haifa
1093976520,Daniel,Koperberg,C,Haifa Maccabi Haifa
1093976521,Keron,DeShields,G,Haifa Maccabi Haifa
1093976525,Roman,Sorkin,F,Haifa Maccabi Haifa
1093976526,Anthony,Fisher,,Haifa Maccabi Haifa
1093976528,Guy,Lavie,,Haifa Maccabi Haifa
1093976529,Ariel,Eslava,,Haifa Maccabi Haifa
1093976530,Lucas,Hausman,,Haifa Maccabi Haifa
1093976531,Juan Carlos,Bergel,,Haifa Maccabi Haifa
1093976532,Amit,Alon,,Haifa Maccabi Haifa
1093976533,Liran,Merkado,,Haifa Maccabi Haifa
1093976578,Cai,Liang,F,Shanghai Shanghai Sharks
1093976579,Luis,Scola,F,Shanghai Shanghai Sharks
1093976580,Zhang,Zhaoxu,C,Shanghai Shanghai Sharks
1093976582,Luo,Xudong,G,Shanghai Shanghai Sharks
1093976583,Luo,Hanchen,,Shanghai Shanghai Sharks
1093976584,Lu,Wei,,Shanghai Shanghai Sharks
1093976585,Wang,Tong,,Shanghai Shanghai Sharks
1093976586,Luo,Zhi,,Shanghai Shanghai Sharks
1093976588,Zhu,Ying,,Shanghai Shanghai Sharks
1093976589,Huang,Xu,,Shanghai Shanghai Sharks
1093976590,Yan,Peng,,Shanghai Shanghai Sharks
1093976591,Tian,Yuchen,,Shanghai Shanghai Sharks
1093976592,Tang,Zihao,,Shanghai Shanghai Sharks
1093976793,C.J.,Anderson,,Atlanta Hawks
1093977121,Mingxu,Ju,F,Guangzhou Long-Lions
1093977123,Yongpeng,Zhang,C,Guangzhou Long-Lions
1093977124,Shirelijian,Muxtar,G,Guangzhou Long-Lions
1093977126,Ying-Chun,Chen,G,Guangzhou Long-Lions
1093977127,Zhun,Zheng,,Guangzhou Long-Lions
1093977128,Kun,Si,,Guangzhou Long-Lions
1093977129,Yifeng,Heng,,Guangzhou Long-Lions
1093977130,Kai,Guo,,Guangzhou Long-Lions
1093977132,Tianyi,Yao,,Guangzhou Long-Lions
1093977246,Raphiael,Putney,,Miami Heat
1093977300,Angel,Rodriguez,,Houston Rockets
1093977301,Tim,Bond,,Houston Rockets
1093977459,Mingxin,Ju,F,Shanghai Shanghai Sharks
1093977461,Dong,Hanlin,C,Shanghai Shanghai Sharks
1093977465,Hanchen,Luo,G,Shanghai Shanghai Sharks
1093977469,Chunjun,Zhang,,Shanghai Shanghai Sharks
1093977470,Yongsheng,Wu,,Shanghai Shanghai Sharks
1093977473,,,,Shanghai Shanghai Sharks
1093977474,Qunfei,Deng,,Shanghai Shanghai Sharks
1093977475,Gen,Li,,Shanghai Shanghai Sharks
1093977576,Jimmy,De Oliveira,F,SESI/Franca Basketball Club of Brazil
1093977577,Lucas,Dias,F,SESI/Franca Basketball Club of Brazil
1093977578,Rafael,Hettsheimeir,C,SESI/Franca Basketball Club of Brazil
1093977579,David,Jackson,G,SESI/Franca Basketball Club of Brazil
1093977580,Luciano,Parodi,G,SESI/Franca Basketball Club of Brazil
1093977581,Elio,Netto,,SESI/Franca Basketball Club of Brazil
1093977582,Carlos,Schattmann,,SESI/Franca Basketball Club of Brazil
1093977583,Lucas,Cipolini,,SESI/Franca Basketball Club of Brazil
1093977584,Guilherme,Braga,,SESI/Franca Basketball Club of Brazil
1093977585,Augusto,Alcassa,,SESI/Franca Basketball Club of Brazil
1093977586,Lucas,Batista,,SESI/Franca Basketball Club of Brazil
1093977587,Marcio,Santos,,SESI/Franca Basketball Club of Brazil
1093977726,Jerome,Randall,G,Adelaide 36ers
1093977728,Daniel,Dillon,,Adelaide 36ers
1093977729,Deshon,Taylor,,Adelaide 36ers
1093977730,Obi,Kyei,,Adelaide 36ers
1093977731,Kevin,White,,Adelaide 36ers
1093977734,Alex,Mudronja,,Adelaide 36ers
1093977755,Scott,Suggs,F,Haifa Maccabi Haifa
1093977757,Eric,Anderson,C,Haifa Maccabi Haifa
1093977759,Gregory,Vargas,G,Haifa Maccabi Haifa
1093977761,Jonathan,Mor,C,Haifa Maccabi Haifa
1093977764,Gil,Amitay,,Haifa Maccabi Haifa
1093977766,David,Cohn,,Haifa Maccabi Haifa
1093977865,Marcus,Mata,F,Buenos Aires San Lorenzo
1093977866,Justin,Wiliams,F,Buenos Aires San Lorenzo
1093977867,Facundo,Pinero,C,Buenos Aires San Lorenzo
1093977868,Darquavis,Tucker,G,Buenos Aires San Lorenzo
1093977869,Gustavo,Aguirre,G,Buenos Aires San Lorenzo
1093977870,Luciano,Gonzalez,,Buenos Aires San Lorenzo
1093977871,Agustin,Caffaro,,Buenos Aires San Lorenzo
1093977872,Esteban,Batista,,Buenos Aires San Lorenzo
1093977873,Maximo,Fjelurup,,Buenos Aires San Lorenzo
1093977874,Jose,Vildoza,,Buenos Aires San Lorenzo
1093977875,Firmin,Thygesen,,Buenos Aires San Lorenzo
1093977876,Christian,Bihurriet,,Buenos Aires San Lorenzo
1093977991,V.J.,King,,New York Knicks
1093978086,CJ,Harris,F,Guangzhou Long-Lions
1093978092,,,,Guangzhou Long-Lions
1093978094,Kai,Guo,,Guangzhou Long-Lions
1093978097,Fengbo,Liu,,Guangzhou Long-Lions
1093978173,Yudai,Baba,,Dallas Mavericks
1093978201,Robert,Loe,C,New Zealand Breakers
1093978203,R.J.,Hampton,G,New Zealand Breakers
1093978204,Sek,Henry,,New Zealand Breakers
1093978207,Ater,Majok,,New Zealand Breakers
1093978208,Ethan,Rusbatch,,New Zealand Breakers
1093978209,Tom,Vodanovich,,New Zealand Breakers
1093978210,Finn,Delaney,,New Zealand Breakers
1093978229,Norense,Odiase,,Phoenix Suns
1093978319,Tianyo,Yao,,Guangzhou Long-Lions
1093978320,Yuheng,Tian,,Guangzhou Long-Lions
1093978712,Kavion,Pippen,,Golden State Warriors
1093979154,Jo,Lual-Acuil Jr,F,Melbourne United
1093979162,Quincy,Miller,,Melbourne United
1093979743,Tyus,Battle,,Minnesota Timberwolves
1093980049,Skyler,Flatten,,Miami Heat
1093980052,Bubu,Palo,,Miami Heat
1093980140,B.J.,Taylor,,LA Clippers
1093980212,CJ,Massinburg,,Brooklyn Nets
1093980374,Marcus,Allen,,Los Angeles Lakers
1093981704,Keandre,Cook,,Charlotte Hornets
1093981764,,,,Dallas Mavericks
1093981812,Dwayne,Sutton,,Golden State Warriors
1093981917,Jake,Toolson,,Utah Jazz
1093982008,Marlon,Taylor,,Washington Wizards
1093982216,Breein,Tyree,,Miami Heat
1093982238,Tony,Carr,,New Orleans Pelicans
1093983033,Bryce,Brown,,New York Knicks
1093984941,James,Banks III,,New Orleans Pelicans
1093985207,Giorgi,Bezhanishvili,,Denver Nuggets
1093985344,Ibi,Watson,,Atlanta Hawks
1093985742,LJ,Figueroa,,Golden State Warriors
1093985778,Michael,Devoe,,LA Clippers
1093985789,Alon,Sapir,F,Ra'anana Maccabi Ra'anana
1093985790,Anthony,Morse,C,Ra'anana Maccabi Ra'anana
1093985791,Jason,Siggers,G,Ra'anana Maccabi Ra'anana
1093985792,Rom,Geffen,G,Ra'anana Maccabi Ra'anana
1093985793,Alex,Leder,G,Ra'anana Maccabi Ra'anana
1093985794,Jordan,Lewis,,Ra'anana Maccabi Ra'anana
1093985800,Daniel,Hillel,,Ra'anana Maccabi Ra'anana
1093985801,Jonathan,Holton,,Ra'anana Maccabi Ra'anana
1093985802,Ziv,Maoz,,Ra'anana Maccabi Ra'anana
1093985803,Leandro,Garcia Morales,,Ra'anana Maccabi Ra'anana
1093985804,Gilad,Melnik,,Ra'anana Maccabi Ra'anana
1093985805,Niv,Avidan,,Ra'anana Maccabi Ra'anana
1093985838,Trevion,Williams,,Golden State Warriors
1093985873,Justin,Bean,,Memphis Grizzlies
1093985935,Gabe,Brown,,Toronto Raptors
1093985991,Anthony,Duruji,,Charlotte Hornets
1093985993,Isaiah,Whaley,,Charlotte Hornets
1093986027,Tommy,Kuhse,,San Antonio Spurs
1093986046,Antonius,Cleveland,F,Adelaide 36ers
1093986047,Robert,Franks,F,Adelaide 36ers
1093986048,Daniel,Johnson,C,Adelaide 36ers
1093986049,Craig,Randall II,G,Adelaide 36ers
1093986050,Mitch,McCarron,G,Adelaide 36ers
1093986051,Sunday,Dech,F,Adelaide 36ers
1093986052,Kai,Sotto,,Adelaide 36ers
1093986053,Anthony,Drmic,,Adelaide 36ers
1093986054,Hyrum,Harris,,Adelaide 36ers
1093986055,Nick,Marshall,,Adelaide 36ers
1093986056,Deng,Acuoth,,Adelaide 36ers
1093986057,Cameron,Thew,,Adelaide 36ers
1093986058,Fiston,Ipassou,,Adelaide 36ers
1093986059,Kyrin,Galloway,,Adelaide 36ers
1093986154,Adonis,Arms,,Denver Nuggets
1093986155,Grant,Golden,,Denver Nuggets
1093986156,Kellan,Grady,,Denver Nuggets
1093986171,Sacha,Killeya-Jones,,Oklahoma City Thunder
1093986593,Marcus,Bingham Jr.,,Dallas Mavericks
1093986774,Willy,Workman,F,Ra'anana Maccabi Ra'anana
1093986777,Norris,Cole,G,Ra'anana Maccabi Ra'anana
1093986778,Terrence,Jones,C,Ra'anana Maccabi Ra'anana
1093986780,Briante,Weber,,Ra'anana Maccabi Ra'anana
1093986782,Sindarius,Thornwell,,Ra'anana Maccabi Ra'anana
1093986783,Jeff,Adrien,,Ra'anana Maccabi Ra'anana
1093986791,Okaro,White,,Ra'anana Maccabi Ra'anana
1093987179,Jaden,Shackelford,,Oklahoma City Thunder
1093987189,,,,Ra'anana Maccabi Ra'anana
1093987431,Makur,Maker,,Washington Wizards
1093987567,Drake,Jeffries,,Orlando Magic
1093987933,Nate,Pierre-Louis,,Los Angeles Lakers
1093988442,Jordan,Walker,,Dallas Mavericks
1093988446,Mike,Miles Jr.,,Dallas Mavericks
1093988503,Omari,Moore,,Milwaukee Bucks
1093988521,Max,Heidegger,,Chicago Bulls
1093988737,Bryson,Williams,,LA Clippers
1093988758,Joey,Hauser,,Utah Jazz
1093988762,Nick,Ongenda,,Utah Jazz
1093988783,Vincent,Valerio-Bodon,,Los Angeles Lakers
1093988843,Dzanan,Musa,F,Real Madrid Real Madrid
1093988844,Guerschon,Yabusele,F,Real Madrid Real Madrid
1093988845,Walter,Tavares,C,Real Madrid Real Madrid
1093988846,Sergio,Llull,G,Real Madrid Real Madrid
1093988848,Rodolfo,Fernandez,,Real Madrid Real Madrid
1093988849,Vincent,Poirier,,Real Madrid Real Madrid
1093988850,Sergio,Rodriguez,,Real Madrid Real Madrid
1093988851,Mario,Hezonja,,Real Madrid Real Madrid
1093988852,Eli John,Ndiaye,,Real Madrid Real Madrid
1093988853,Alberto,Abalde,,Real Madrid Real Madrid
1093988854,Ismaila,Diagne,,Real Madrid Real Madrid
1093988855,Fabien,Causeur,,Real Madrid Real Madrid
1093988856,Hugo,Gonzalez,,Real Madrid Real Madrid
1093988857,Mitar,Bosnjakovic,,Real Madrid Real Madrid
1093988858,Egor,Demin,,Real Madrid Real Madrid
1093988895,Chase,Audige,,Washington Wizards
1093988897,Bul,Kuol,F,Cairns Taipans
1093988898,Lat,Mayen,F,Cairns Taipans
1093988899,Akoldah,Gak,C,Cairns Taipans
1093988900,Tahjere,McCall,G,Cairns Taipans
1093988901,Patrick,Miller,G,Cairns Taipans
1093988902,Bobi,Klintman,F,Cairns Taipans
1093988903,Josh,Roberts,,Cairns Taipans
1093988904,Taran,Armstrong,,Cairns Taipans
1093988905,Jonah,Antonio,,Cairns Taipans
1093988979,Justin,Powell,,Cleveland Cavaliers
1093989038,Matthew,Mayer,,Houston Rockets
1093989115,Landers,Nolley II,,New Orleans Pelicans
1093989157,George,Conditt IV,,Portland Trail Blazers
1093989159,Tom,Abercrombie,F,New Zealand Breakers
1093989160,Zylan,Cheatham,F,New Zealand Breakers
1093989161,Mangok,Mathiang,C,New Zealand Breakers
1093989162,Will,McDowell-White,G,New Zealand Breakers
1093989163,Parker,Jackson-Cartwright,G,New Zealand Breakers
1093989164,Anthony,Lamb,F,New Zealand Breakers
1093989165,Cam,Gliddon,,New Zealand Breakers
1093989166,Dane,Pineau,,New Zealand Breakers
1093989167,Izayah,Le'Afa,,New Zealand Breakers
1093989168,Dan,Fotu,,New Zealand Breakers
1093989169,Alex,McNaught,,New Zealand Breakers
1093989170,Dom,Kelman-Poto,,New Zealand Breakers
1093989201,Souley,Boum,,Denver Nuggets
1093989203,Armaan,Franklin,,Denver Nuggets
1093989445,Dwayne,Bacon,F,Ra'anana Maccabi Ra'anana
1093989446,Jonathan,Mor,F,Ra'anana Maccabi Ra'anana
1093989447,Bruno,Caboclo,C,Ra'anana Maccabi Ra'anana
1093989448,Dakarai,Tucker,G,Ra'anana Maccabi Ra'anana
1093989449,Quinndary,Weatherspoon,G,Ra'anana Maccabi Ra'anana
1093989450,Eidan,Alber,,Ra'anana Maccabi Ra'anana
1093989451,Julien,Ducree,,Ra'anana Maccabi Ra'anana
1093989452,Mamadi,Diakite,,Ra'anana Maccabi Ra'anana
1093989453,Jason,Siggers,,Ra'anana Maccabi Ra'anana
1093989454,Yonatan,Atias,,Ra'anana Maccabi Ra'anana
1093989455,Ashton,Hagans,G,Ra'anana Maccabi Ra'anana
1093989456,Ori,Hai,,Ra'anana Maccabi Ra'anana
1093989457,Yoav,Berman,,Ra'anana Maccabi Ra'anana
1093989458,Jared,Ruiz,,Ra'anana Maccabi Ra'anana
1093989459,Nathan,Missia-Dio,,Ra'anana Maccabi Ra'anana
1093989460,Alex,Leder,,Ra'anana Maccabi Ra'anana
1093989461,Yogev,Ohayon,,Ra'anana Maccabi Ra'anana
1093989555,,,,New Orleans Pelicans
1093989656,Kendric,Davis,,Golden State Warriors
1093989659,Javan,Johnson,,Golden State Warriors
1093989792,Keshawn,Justice,,Utah Jazz
1093989837,Sam,Waardenburg,G,Cairns Taipans
1093989840,Elfrid,Peyton,,Cairns Taipans
1093989843,Lachlan,Anderson,,Cairns Taipans
1093989939,Au'Diese,Toney,,Denver Nuggets
1093990140,Mantas,Rubstavicius,,New Zealand Breakers
1093990147,Finn,Delany,,New Zealand Breakers
1093990636,Caleb,McConnell,,Oklahoma City Thunder
1093990727,Bryce,Wills,,Denver Nuggets
1093990814,Dane,Goodwin,,Sacramento Kings
1093990816,Jake,Stephens,,Sacramento Kings
1093990888,Didi,Louzada,F,Flamengo Flamengo
1093990889,Marko,Filipovity,F,Flamengo Flamengo
1093990890,Gabriel,Jau,C,Flamengo Flamengo
1093990891,Gui,Deodato,G,Flamengo Flamengo
1093990892,Franco,Balbi,G,Flamengo Flamengo
1093990893,Scott,Machado,,Flamengo Flamengo
1093990894,Maique,Tavares,,Flamengo Flamengo
1093990895,Martin,Cuello,,Flamengo Flamengo
1093990896,Olivinha,,,Flamengo Flamengo
1093990897,Felipe,Motta,,Flamengo Flamengo
1093990898,Matheus,Leoni,,Flamengo Flamengo
1093990899,Caio,Brandao,,Flamengo Flamengo
1093991192,Max,Darling,F,New Zealand Breakers
1093991193,Jonah,Bolden,F,New Zealand Breakers
1093991194,Sam,Mennenga,C,New Zealand Breakers
1093991195,Matt,Mooney,G,New Zealand Breakers
1093991196,Parker,Jackson-Cartwright,G,New Zealand Breakers
1093991197,Grant,Anticevich,,New Zealand Breakers
1093991198,Mojave,King,,New Zealand Breakers
1093991199,Freddie,Gillespie,,New Zealand Breakers
1093991200,Mitch,McCarron,,New Zealand Breakers
1093991201,Karim,Lopez,,New Zealand Breakers
1093991202,Alex,McNaught,,New Zealand Breakers
1093991203,Jordan,Floyd,,New Zealand Breakers
1093991204,Sean,Bairstow,F,New Zealand Breakers
1093991205,Carlin,Davison,,New Zealand Breakers
1093991206,Dane,Pineau,,New Zealand Breakers
1093991207,Kaia,Isaac,,New Zealand Breakers
1093991208,Chris,Arcidiacono,,New Zealand Breakers
1093991209,Tacko,Fall,,New Zealand Breakers
1093991326,Alex,O'Connell,,New York Knicks
1093993318,Justinian,Jessup,F,Ratiopharm Ulm
1093993319,Noa,Essengue,F,Ratiopharm Ulm
1093993320,Philipp,Herkenhoff,C,Ratiopharm Ulm
1093993321,Alfonso,Plummer,G,Ratiopharm Ulm
1093993322,Ben,Saraf,G,Ratiopharm Ulm
1093993323,Nelson,Weidemann,,Ratiopharm Ulm
1093993324,Nicolas,Bretzel,,Ratiopharm Ulm
1093993325,Marcio,Santos,,Ratiopharm Ulm
1093993326,Thomas,Klepeisz,,Ratiopharm Ulm
1093993327,Tobias,Jensen,,Ratiopharm Ulm
1093993328,Alec,Anigbata,,Ratiopharm Ulm
1093993329,Karim,Jallow,,Ratiopharm Ulm
1093993330,Isaiah,Roby,,Ratiopharm Ulm
1093993843,Grayson,Murphy,,Los Angeles Lakers
1093994191,Finn,Delaney,F,Melbourne United
1093994193,Tyson,Walker,G,Melbourne United
1093994194,Shea,Ili,G,Melbourne United
1093994195,Dash,Daniels,,Melbourne United
1093994196,Fabijan,Krslovic,,Melbourne United
1093994197,Kyle,Bowen,,Melbourne United
1093994198,Tanner,Krebs,,Melbourne United
1093994199,Tom,Wilson,,Melbourne United
1093994200,Malith,Machar,,Melbourne United
1093994201,Nicholas,Tata,,Melbourne United
1093994202,Tom,Koppens,,Melbourne United
1093994203,Regina,Parquet,,Melbourne United
1093994204,Henry,Sewell,,Melbourne United
1093994224,John,Brown,F,South East Melbourne Phoenix
1093994225,Jordan,Hunter,C,South East Melbourne Phoenix
1093994226,Nathan,Sobey,G,South East Melbourne Phoenix
1093994227,Owen,Foxwell,G,South East Melbourne Phoenix
1093994228,Hunter,Maldonado,,South East Melbourne Phoenix
1093994229,Angus,Glover,,South East Melbourne Phoenix
1093994230,Guy,Gafnu,,South East Melbourne Phoenix
1093994231,Akech,Allir,,South East Melbourne Phoenix
1093994232,Theodoros,Giannakopoulos,,South East Melbourne Phoenix
1093994233,Shai,Olearchik,,South East Melbourne Phoenix
1093994234,Yonatan,Alon,,South East Melbourne Phoenix
1093994235,Austin,Foxwell,,South East Melbourne Phoenix
1093994236,Ellis,Biggar,,South East Melbourne Phoenix
1093994786,Yovel,Zoosman,F,Hapoel Jerusalem B.C.
1093994788,Austin,Wiley,C,Hapoel Jerusalem B.C.
1093994956,Li,Xiangbo,F,Guangzhou Long-Lions
1093994958,Liu,Yanthenz,G,Guangzhou Long-Lions
1093994961,Chen,Guohao,,Guangzhou Long-Lions
1093994962,Pang,Yanjun,,Guangzhou Long-Lions
1093994965,Guan,Ziyu,,Guangzhou Long-Lions
1093994966,Zhang,Huafei,,Guangzhou Long-Lions
1093994967,Zhang,Wenjie,,Guangzhou Long-Lions
1093994968,Li,Xiaotong,,Guangzhou Long-Lions
1093995406,Liu,Yancheng,G,Guangzhou Long-Lions
