PLAYER_ID,PLAYER_NAME,TEAM_ABBREVIATION,GP,MIN,Z_TOTAL,Z_PTS,Z_REB,Z_AST,Z_STL,Z_BLK,Z_FG3M,Z_FG_PCT,Z_FT_PCT,Z_TOV,PTS,REB,AST,STL,BLK,FG3M,FG_PCT,FGA,FT_PCT,FTA,TOV
201935,James Harden,HOU,68,36.5,9.975889624294954,3.1941395288467915,0.27944924293382845,1.8688666432972112,2.3482562475422206,0.5611182441676157,2.7910794936756838,-0.6798454382676394,2.543762325685725,-2.9309366635864817,34.3,6.6,7.5,1.8,0.9,4.4,0.444,22.3,0.865,11.8,4.5
203076,Anthony Davis,LAL,62,34.4,8.86345979238973,1.727570556327641,1.2854665174956112,-0.1693798648642722,1.4912284199720671,3.233109883061023,-0.5448720923908704,1.0347532254174585,1.3817233485152816,-0.5761402011442092,26.1,9.3,3.2,1.5,2.3,1.2,0.503,17.7,0.846,8.5,2.5
203081,Damian Lillard,POR,66,37.5,7.285446037722402,2.425085067647725,-0.5775284353965787,2.105872051222965,0.34852464987852966,-0.5840210296438448,2.4783340324819436,-0.037356953772971914,2.173636148937299,-1.0470994936326636,30.0,4.3,8.0,1.1,0.3,4.1,0.463,20.4,0.888,7.8,2.9
202695,Kawhi Leonard,LAC,57,32.4,7.260727234130095,1.9064204310250983,0.46574873822304746,0.6364385220832911,2.3482562475422206,-0.011451392738114614,0.4976127782549279,0.17348465088217038,1.938097283123777,-0.6938800242663229,27.1,7.1,4.9,1.8,0.6,2.2,0.47,19.9,0.886,7.1,2.6
202681,Kyrie Irving,BKN,20,32.9,6.82462851498117,1.9600753934343351,-0.24218934387598448,1.3474547458605528,1.2055524774486823,-0.20230793837335798,1.1231037006424063,0.4301302946047651,1.8966892095060957,-0.6938800242663229,27.4,5.2,6.4,1.4,0.5,2.8,0.478,20.8,0.922,5.1,2.6
1626157,Karl-Anthony Towns,MIN,35,33.9,6.643681783655637,1.7991105062066237,1.8443650033632684,0.39943311415753724,-0.22282723516823943,1.1336878810733457,1.6443461359653053,1.174160480506244,0.15398503742844208,-1.282579139876891,26.5,10.8,4.4,0.9,1.2,3.3,0.508,17.8,0.796,6.5,3.1
1628381,John Collins,ATL,41,33.2,5.6027355534439796,0.9227461201890822,1.5835457099583612,-0.9751982518118355,-0.5085031776916238,1.8971140636143196,-0.33637511826171085,2.648339019424679,0.12302862731212172,0.24803856071058616,21.6,10.1,1.5,0.8,1.6,1.4,0.583,14.8,0.8,3.7,1.8
202355,Hassan Whiteside,POR,67,30.0,4.31761640840981,-0.1682381154654087,2.8503822779250503,-1.117401496567288,-1.6512069477851616,4.378249156872484,-1.691605450101248,2.4859996975448433,-1.016601274724047,0.24803856071058616,15.5,13.5,1.2,0.4,2.9,0.1,0.621,10.5,0.686,3.6,1.8
203999,Nikola Jokić,DEN,73,32.0,4.122736736047937,0.6187013332034039,1.4345061137269859,1.6318612353714574,0.6342005924019137,-0.011451392738114614,-0.6491205794554501,1.415962779109893,0.3306557943047397,-1.282579139876891,19.9,9.7,7.0,1.2,0.6,1.1,0.528,14.7,0.817,4.1,3.1
1628369,Jayson Tatum,BOS,66,34.3,3.983238860207967,1.2446758946445051,0.42848883916520375,-0.26418202803457386,1.2055524774486823,0.5611182441676157,1.2273521877069862,-0.3950034482705135,0.31589724828004295,-0.3406605548999817,23.4,7.0,3.0,1.4,0.9,2.9,0.45,18.6,0.812,4.7,2.3
202710,Jimmy Butler III,MIA,58,33.8,3.9384567217386457,0.6187013332034039,0.31670914199167244,1.1578504195199495,2.3482562475422206,-0.011451392738114614,-1.274611501842929,-0.17199270439842032,1.1779159102387315,-0.2229207317778685,19.9,6.7,6.0,1.8,0.6,0.5,0.455,13.1,0.834,9.1,2.2
203078,Bradley Beal,WAS,57,36.0,3.9325180269842686,2.5145100049964535,-0.6147883344544224,1.2052515011051002,0.6342005924019137,-0.3931644840086013,1.331600674771566,-0.32040211778201505,1.2111087991975054,-1.6357986092432317,30.5,4.2,6.1,1.2,0.4,3.0,0.455,22.9,0.842,8.0,3.4
101108,Chris Paul,OKC,70,31.5,3.715294170443644,0.20734662139925225,-0.3167091419916721,1.489657990616005,1.7769043624954517,-0.7748775752790882,-0.12787814413255102,0.4827851083424986,1.3187255038937296,-0.3406605548999817,17.6,5.0,6.7,1.6,0.2,1.6,0.489,12.7,0.907,4.0,2.3
204001,Kristaps Porziņģis,DAL,57,31.8,3.6404772108044066,0.7081262705521327,1.3599863156112986,-0.8329950070563832,-0.7941791202150085,2.660540246155293,0.8103582394486671,-0.9118523309830776,0.1569743903366707,0.48351820695481335,20.4,9.5,1.8,0.7,2.0,2.5,0.427,16.4,0.799,5.0,1.6
2544,LeBron James,LAL,67,34.6,3.513295939051766,1.5844906565696748,0.726568031627954,3.148695846096282,0.6342005924019137,-0.20230793837335798,0.4976127782549279,0.8401431491697121,-1.4916094518415415,-2.2244977248538,25.3,7.8,10.2,1.2,0.5,2.2,0.493,19.4,0.693,5.7,3.9
202696,Nikola Vučević,ORL,62,32.2,3.497604117996053,0.5650463707941672,1.881624902421112,0.020224461476330877,-0.22282723516823943,0.37026169853237234,-0.12787814413255102,0.3254576689846057,-0.033303458110785646,0.7189978531990409,19.6,10.9,3.6,0.9,0.8,1.6,0.477,16.7,0.784,2.7,1.4
1628371,Jonathan Isaac,ORL,34,28.8,3.4273727892960713,-0.8120976643762556,0.3539690410495161,-1.0225993333969863,1.7769043624954517,3.233109883061023,-0.8576175535846098,0.0988292353304862,-0.062123034481594945,0.7189978531990409,11.9,6.8,1.4,1.6,2.3,0.9,0.47,9.8,0.779,2.3,1.4
1629027,Trae Young,ATL,60,35.3,3.367619312297884,2.353545117768742,-0.5775284353965787,2.7220861118299253,0.34852464987852966,-0.9657341209143316,1.7485946230298852,-0.8510847577673781,1.8733722568219124,-3.2841561329528224,29.6,4.3,9.3,1.1,0.1,3.4,0.437,20.8,0.86,9.3,4.8
202331,Paul George,LAC,48,29.6,3.261047362487635,0.9048611327193362,-0.055889848586765496,0.16242770623178313,1.2055524774486823,-0.3931644840086013,1.6443461359653053,-0.6122691565419138,1.0990634235261312,-0.6938800242663229,21.5,5.7,3.9,1.4,0.4,3.3,0.439,16.3,0.876,4.5,2.6
1627832,Fred VanVleet,TOR,54,35.7,3.2537479243972895,0.20734662139925225,-0.7638279306857977,1.4422569090308541,2.6339321900656048,-0.5840210296438448,1.0188552135778268,-1.0924844231228619,0.6146111055541245,-0.2229207317778685,17.6,3.8,6.6,1.9,0.3,2.7,0.413,14.3,0.848,3.7,2.2
203507,Giannis Antetokounmpo,MIL,63,30.4,3.0416770515272846,2.335660130298996,2.887642176982894,0.9682460931793463,0.06284870735514494,0.751974789802859,-0.33637511826171085,2.6285198484925827,-4.267821497713255,-1.9890180786095728,29.5,13.6,5.6,1.0,1.0,1.4,0.553,19.7,0.633,10.0,3.7
203954,Joel Embiid,PHI,51,29.5,2.993123169234138,1.1731359447655225,2.1424441958260183,-0.26418202803457386,-0.22282723516823943,1.3245444267085893,-0.6491205794554501,0.3075495036184285,0.4641580808507331,-1.282579139876891,23.0,11.6,3.0,0.9,1.3,1.1,0.477,15.7,0.807,8.5,3.1
1629029,Luka Dončić,DAL,61,33.6,2.951581633947632,2.210465218010776,1.322726416553455,2.4850807039041714,0.06284870735514494,-0.7748775752790882,1.1231037006424063,-0.03798193672534857,-0.7443265831716307,-2.695457017342254,28.8,9.4,8.8,1.0,0.2,2.8,0.463,20.6,0.758,9.2,4.3
200768,Kyle Lowry,TOR,58,36.2,2.877928819853976,0.5292763958546752,-0.3167091419916721,1.8688666432972112,1.2055524774486823,-0.3931644840086013,1.1231037006424063,-0.9911650714202617,1.1347474399084274,-1.282579139876891,19.4,5.0,7.5,1.4,0.4,2.8,0.416,13.8,0.857,5.9,3.1
200746,LaMarcus Aldridge,SAS,53,33.1,2.7898275484795425,0.4398514585059465,0.577528435396579,-0.5485885175454785,-0.7941791202150085,1.8971140636143196,-0.5448720923908704,0.6555808757717136,0.38839459214329963,0.7189978531990409,18.9,7.4,2.4,0.7,1.6,1.2,0.493,15.0,0.827,3.6,1.4
1626164,Devin Booker,PHX,70,35.9,2.7450992218325916,1.8169954936763697,-0.6147883344544224,1.3948558274457035,-0.7941791202150085,-0.5840210296438448,0.2891158041257681,0.6840296190077817,2.6598488636219297,-2.106757901731686,26.6,4.2,6.5,0.7,0.3,2.0,0.489,18.3,0.919,7.3,3.8
203114,Khris Middleton,MIL,62,29.9,2.6457494426530217,0.7975512079008614,0.13040964670245347,0.3520320325723862,-0.22282723516823943,-0.9657341209143316,0.7061097523840872,0.7601092745567094,1.3110196163969632,-0.2229207317778685,20.9,6.2,4.3,0.9,0.1,2.4,0.497,15.3,0.916,3.7,2.2
203083,Andre Drummond,CLE,57,33.0,2.6450593889422294,0.22523160886899762,3.483800561908395,-0.4063852727900261,2.6339321900656048,1.8971140636143196,-1.691605450101248,1.4345500124916337,-3.060300069627988,-1.8712782554874592,17.7,15.2,2.7,1.9,1.6,0.1,0.533,13.8,0.575,5.2,3.6
203897,Zach LaVine,CHI,60,34.8,2.419781808893396,1.620260631509166,-0.39122894010735976,0.3046309509872356,1.4912284199720671,-0.20230793837335798,1.435849161836146,-0.4267213331036287,0.22386946541635952,-1.6357986092432317,25.5,4.8,4.2,1.5,0.5,3.1,0.45,20.0,0.802,5.6,3.4
203497,Rudy Gobert,UTA,68,34.3,2.3837842435694157,-0.23977806534439178,2.8503822779250503,-0.9751982518118355,-0.5085031776916238,2.660540246155293,-1.795853937165828,2.8342233721450127,-2.572326958230734,0.1302987375884727,15.1,13.5,1.5,0.8,2.0,0.0,0.693,8.2,0.63,5.9,1.9
203991,Clint Capela,ATL,39,32.8,2.37377265911358,-0.45439791498134063,2.962161975098582,-1.117401496567288,-0.5085031776916238,2.278827154884806,-1.795853937165828,2.464437785687849,-1.9390159371063904,0.48351820695481335,13.9,13.8,1.2,0.8,1.8,0.0,0.629,9.9,0.529,2.7,1.6
1629028,Deandre Ayton,PHX,38,32.5,2.3596965785020627,0.3146565462177264,2.1051842967681744,-0.7855939254712325,-0.7941791202150085,1.706257517979076,-1.691605450101248,1.8378022341582751,-0.2276446121779453,-0.10518090865575476,18.2,11.5,1.9,0.7,1.5,0.1,0.546,14.9,0.753,2.3,2.1
1627742,Brandon Ingram,NOP,62,33.9,2.31450770406895,1.3162158445234886,0.09314974764460948,0.3046309509872356,0.06284870735514494,-0.011451392738114614,0.7061097523840872,-0.028919683915887184,1.0367630945831632,-1.1648393167547773,23.8,6.1,4.2,1.0,0.6,2.4,0.463,17.7,0.851,5.9,3.0
203496,Robert Covington,HOU,70,30.5,2.194325008752267,-0.7226727270275268,0.27944924293382845,-1.070000414982137,1.7769043624954517,1.3245444267085893,0.6018612653195073,-0.6402431531122347,0.043223976339861574,0.6012580300769271,12.4,6.6,1.3,1.6,1.3,2.3,0.422,10.3,0.798,1.8,1.5
1627732,Ben Simmons,PHI,57,35.4,2.066012278755349,-0.007273228237697233,0.726568031627954,2.105872051222965,3.2052840751123743,-0.011451392738114614,-1.795853937165828,1.9946188701416279,-2.3982137588425867,-1.7535384323653453,16.4,7.8,8.0,2.1,0.6,0.0,0.58,11.4,0.621,5.2,3.5
1627783,Pascal Siakam,TOR,60,35.2,1.9677991846895935,1.1552509572957763,0.5402685363387351,-0.027176620108819945,0.06284870735514494,0.5611182441676157,0.4976127782549279,-0.30754189164657253,0.06155867417699528,-0.5761402011442092,22.9,7.3,3.5,1.0,0.9,2.2,0.453,18.4,0.792,5.1,2.5
201950,Jrue Holiday,NOP,61,34.7,1.9636674116119557,0.4756214334454385,-0.39122894010735976,1.489657990616005,1.7769043624954517,0.37026169853237234,0.2891158041257681,-0.2234816845519124,-0.6583439361890309,-1.1648393167547773,19.1,4.8,6.7,1.6,0.8,2.0,0.455,16.5,0.709,3.0,3.0
201566,Russell Westbrook,HOU,57,36.0,1.826873263963881,1.9243054184948438,0.763827930685798,1.6318612353714574,1.7769043624954517,-0.3931644840086013,-0.75336906652003,0.26030920565080423,-0.4528646746193614,-2.9309366635864817,27.2,7.9,7.0,1.6,0.4,1.0,0.472,22.5,0.763,6.7,4.5
203933,T.J. Warren,IND,67,32.9,1.8121045910727727,0.6008163457336586,-0.6147883344544224,-0.9751982518118355,0.6342005924019137,-0.20230793837335798,-0.33637511826171085,1.6139501670810597,0.25506945243631324,0.8367376763211543,19.8,4.2,1.5,1.2,0.5,1.4,0.536,14.9,0.819,3.0,1.3
201942,DeMar DeRozan,SAS,68,34.1,1.7820701546648987,1.012171057537811,-0.13040964670245314,0.9682460931793463,0.06284870735514494,-0.5840210296438448,-1.691605450101248,1.5515420136153713,1.0516987874468668,-0.45840037802209543,22.1,5.5,5.6,1.0,0.3,0.1,0.531,15.4,0.845,6.6,2.4
202689,Kemba Walker,BOS,56,31.1,1.5561695814634855,0.7081262705521327,-0.7265680316279539,0.5890374404981401,-0.22282723516823943,-0.20230793837335798,1.5400976489007259,-0.9310224811569386,0.9068148164947315,-0.10518090865575476,20.4,3.9,4.8,0.9,0.5,3.2,0.425,15.9,0.864,4.3,2.1
1628389,Bam Adebayo,MIA,72,33.6,1.3314784102226496,-0.09669816558642566,1.6208056090162049,0.7312406852535924,0.34852464987852966,1.3245444267085893,-1.795853937165828,1.5454604487326296,-1.4171856361040922,-0.9293596705105498,15.9,10.2,5.1,1.1,1.3,0.0,0.557,11.0,0.691,5.3,2.8
1626158,Richaun Holmes,SAC,44,28.2,1.3124437676391922,-0.7405577144972726,0.8383477288014853,-1.2122036597375894,-0.22282723516823943,1.3245444267085893,-1.795853937165828,2.1699265882832806,-0.0034099290285016255,0.954477499443268,12.3,8.1,1.0,0.9,1.3,0.0,0.648,7.8,0.788,2.7,1.2
201572,Brook Lopez,MIL,68,26.7,1.21856870766298,-0.7942126769065099,-0.46574873822304746,-0.9751982518118355,-0.7941791202150085,3.4239664286962666,-0.23212663119713092,-0.42100033530879666,0.2871108869415469,1.1899571456874953,12.0,4.6,1.5,0.7,2.4,1.5,0.435,9.9,0.836,2.2,1.0
1627734,Domantas Sabonis,IND,62,34.8,1.195997021994558,0.3683115086269637,2.440523388288769,0.6838396036684418,-0.5085031776916238,-0.20230793837335798,-1.4831084759720885,1.5684225627810062,-0.8595606019451161,-0.8116198473884366,18.5,12.4,5.0,0.8,0.5,0.3,0.54,13.7,0.723,4.8,2.7
1626162,Kelly Oubre Jr.,PHX,56,34.5,1.1599599078391956,0.4040814835664551,0.20492944481814113,-0.9751982518118355,0.9198765349252984,0.17940515289712874,0.1848673170611882,-0.2644421057384441,-0.09481769795566368,0.6012580300769271,18.7,6.4,1.5,1.3,0.7,1.9,0.452,14.8,0.78,4.4,1.5
202699,Tobias Harris,PHI,72,34.3,1.0993655282117056,0.5650463707941672,0.3912289401073601,-0.1693798648642722,-0.7941791202150085,-0.011451392738114614,0.08061882999660853,0.17136331451496903,0.14712059741695516,0.7189978531990409,19.6,6.9,3.2,0.7,0.6,1.8,0.471,16.3,0.806,3.0,1.4
203468,CJ McCollum,POR,70,36.5,1.0550478782706598,1.0300560450075562,-0.6147883344544224,0.39943311415753724,-0.5085031776916238,-0.011451392738114614,1.1231037006424063,-0.38398211428340967,-0.2268585230798557,0.24803856071058616,22.2,4.2,4.4,0.8,0.6,2.8,0.451,19.4,0.757,2.6,1.8
1626156,D'Angelo Russell,MIN,45,32.3,1.0447626214582417,1.1910209322352685,-0.7265680316279539,1.300053664275402,0.34852464987852966,-0.5840210296438448,1.8528431100944651,-1.0774006999453096,0.25836881231280306,-1.5180587861211179,23.1,3.9,6.3,1.1,0.3,3.5,0.426,18.8,0.809,4.4,3.3
1629011,Mitchell Robinson,NYK,61,23.2,1.014138271504889,-1.2055673887106622,0.42848883916520375,-1.4018079860781925,-0.22282723516823943,2.660540246155293,-1.795853937165828,2.3561835269944535,-1.4659342318630895,1.6609164381759496,9.7,7.0,0.6,0.9,2.0,0.0,0.742,5.6,0.568,2.4,0.6
1628378,Donovan Mitchell,UTA,69,34.3,0.9875525650826338,1.35198581946298,-0.5402685363387347,0.3520320325723862,0.06284870735514494,-0.7748775752790882,0.8103582394486671,-0.4422737934954632,0.9793675187451785,-0.8116198473884366,24.0,4.4,4.3,1.0,0.2,2.5,0.449,19.4,0.863,4.7,2.7
202330,Gordon Hayward,BOS,52,33.5,0.947058703959805,0.18946163392950627,0.31670914199167244,0.2572298694020846,-0.7941791202150085,-0.3931644840086013,-0.12787814413255102,0.7346352097958955,0.5162060364862209,0.24803856071058616,17.5,6.7,4.1,0.7,0.4,1.6,0.5,13.5,0.855,2.8,1.8
1628983,Shai Gilgeous-Alexander,OKC,70,34.7,0.8964027011870432,0.45773644597569246,0.018629949528922163,-0.1219787832791216,0.34852464987852966,0.17940515289712874,-0.5448720923908704,0.15535413581178242,0.27330450517650706,0.1302987375884727,19.0,5.9,3.3,1.1,0.7,1.2,0.471,14.5,0.807,5.1,1.9
203935,Marcus Smart,BOS,60,32.0,0.8789034758901539,-0.6332477896787981,-0.7638279306857977,0.6364385220832911,2.062580305018836,-0.20230793837335798,0.6018612653195073,-1.5164031483781888,0.3280318067519622,0.3657783838326999,12.9,3.8,4.9,1.7,0.5,2.3,0.375,11.4,0.836,2.5,1.7
202685,Jonas Valančiūnas,MEM,70,26.4,0.782701132486924,-0.27554804028388313,2.030664498652487,-0.7855939254712325,-1.6512069477851616,0.9428313354381026,-1.274611501842929,1.9361228695797588,-0.3879957165108045,0.24803856071058616,14.9,11.3,1.9,0.4,1.1,0.5,0.585,10.6,0.74,2.9,1.8
1628991,Jaren Jackson Jr.,MEM,57,28.5,0.6906460567463426,0.17157664645976026,-0.46574873822304746,-1.0225993333969863,-0.7941791202150085,1.8971140636143196,0.8103582394486671,0.1041295715227573,-0.3757836562968196,0.3657783838326999,17.4,4.6,1.4,0.7,1.6,2.5,0.469,13.2,0.747,3.3,1.7
201568,Danilo Gallinari,OKC,62,29.6,0.6866389422600346,0.4040814835664551,-0.24218934387598448,-0.7855939254712325,-0.7941791202150085,-0.9657341209143316,1.2273521877069862,-0.5106373133631253,1.3990615953830077,0.954477499443268,18.7,5.2,1.9,0.7,0.1,2.9,0.438,13.2,0.893,4.8,1.2
202722,Davis Bertans,WAS,54,29.3,0.6597651502287655,-0.1861231029351544,-0.5030086372808911,-0.8803960886415341,-0.7941791202150085,-0.011451392738114614,2.061340084223625,-0.5012445407230801,0.4026106259735419,1.0722173225653815,15.4,4.5,1.7,0.7,0.6,3.7,0.434,11.3,0.852,2.3,1.1
201567,Kevin Love,CLE,56,31.8,0.6294953316039711,0.20734662139925225,1.4717660127848302,-0.1693798648642722,-1.079855062738393,-0.5840210296438448,0.914606726513247,-0.2681319089380525,0.7133040382354131,-0.5761402011442092,17.6,9.8,3.2,0.6,0.3,2.6,0.45,13.0,0.854,3.9,2.5
1627750,Jamal Murray,DEN,59,32.3,0.6095306131075205,0.3683115086269637,-0.68930813257011,0.5890374404981401,0.34852464987852966,-0.5840210296438448,0.1848673170611882,-0.18095880598443917,0.7959983970189615,-0.2229207317778685,18.5,4.0,4.8,1.1,0.3,1.9,0.456,15.2,0.881,3.1,2.2
203115,Will Barton,DEN,58,33.0,0.5280062539867303,-0.23977806534439178,0.16766954576029713,0.0676255430614817,0.34852464987852966,-0.20230793837335798,0.1848673170611882,-0.2613352193309564,-0.13851760880298744,0.6012580300769271,15.1,6.3,3.7,1.1,0.5,1.9,0.45,12.7,0.767,2.3,1.5
1626181,Norman Powell,TOR,52,28.4,0.5048685333095103,-0.07881317811667997,-0.8010878297436413,-0.8329950070563832,0.6342005924019137,-0.3931644840086013,0.393364291190348,0.5433243224025222,0.4387817961631053,0.6012580300769271,16.0,3.7,1.8,1.2,0.4,2.1,0.495,11.5,0.843,2.9,1.5
201937,Ricky Rubio,PHX,65,31.0,0.47028026170197945,-0.6153628022090524,-0.4284888391652035,2.4850807039041714,1.2055524774486823,-0.7748775752790882,-0.5448720923908704,-0.7711350154748878,0.7260032522566651,-0.8116198473884366,13.0,4.7,8.8,1.4,0.2,1.2,0.415,10.6,0.863,3.5,2.7
1626167,Myles Turner,IND,62,29.4,0.45670532415602905,-0.7763276894367642,0.27944924293382845,-1.117401496567288,-0.7941791202150085,2.851396791790537,-0.33637511826171085,-0.08893006624697687,-0.27992507303962877,0.7189978531990409,12.1,6.6,1.2,0.7,2.1,1.4,0.457,9.5,0.751,2.7,1.4
201143,Al Horford,PHI,67,30.2,0.22114579214823238,-0.8120976643762556,0.3539690410495161,0.20982878781693395,-0.5085031776916238,0.5611182441676157,-0.23212663119713092,-0.2137583920812835,-0.0917619149828075,0.954477499443268,11.9,6.8,4.0,0.8,0.9,1.5,0.45,10.6,0.763,1.2,1.2
1627759,Jaylen Brown,BOS,57,33.9,0.17871315704282,0.6902412830823873,0.20492944481814113,-0.6907917623009309,0.34852464987852966,-0.3931644840086013,0.6018612653195073,0.39950612993830914,-0.7594726379066539,-0.2229207317778685,20.3,6.4,2.1,1.1,0.4,2.3,0.481,15.6,0.724,4.3,2.2
1627741,Buddy Hield,SAC,72,30.8,0.04326604225549191,0.4935064209151839,-0.46574873822304746,-0.26418202803457386,-0.22282723516823943,-0.7748775752790882,2.1655885712882044,-0.8463132533040413,0.29878043496107565,-0.3406605548999817,19.2,4.6,3.0,0.9,0.2,3.8,0.429,16.1,0.846,1.9,2.3
1628384,OG Anunoby,TOR,69,29.9,0.009287474149868302,-1.0446025014829505,-0.2049294448181408,-0.9277971702266847,1.2055524774486823,0.17940515289712874,-0.4406236053262905,0.5181807774722921,-0.34811553437954984,1.0722173225653815,10.6,5.3,1.6,1.4,0.7,1.3,0.505,8.2,0.706,1.5,1.1
202357,Nemanja Bjelica,SAC,72,27.9,-0.023178925317125842,-0.8836376142552387,0.20492944481814113,-0.3589841912048755,-0.22282723516823943,-0.011451392738114614,0.1848673170611882,0.24404162053461617,0.10088527243635578,0.7189978531990409,11.5,6.4,2.8,0.9,0.6,1.9,0.481,9.1,0.821,1.2,1.4
203095,Evan Fournier,ORL,66,31.4,-0.053659412403245565,0.3683115086269637,-1.2109467193799233,-0.1693798648642722,0.34852464987852966,-0.7748775752790882,0.914606726513247,0.06706327488565063,0.27273984962717424,0.1302987375884727,18.5,2.6,3.2,1.1,0.2,2.6,0.467,14.1,0.818,3.3,1.9
1628418,Thomas Bryant,WAS,46,24.9,-0.057824620338437716,-0.5795928272695611,0.5030086372808914,-0.8329950070563832,-1.3655310052617773,0.9428313354381026,-0.9618660406491896,1.6111918288585496,-0.3293490411223383,0.954477499443268,13.2,7.2,1.8,0.5,1.1,0.8,0.581,9.1,0.741,2.5,1.2
1626179,Terry Rozier,CHA,63,34.4,-0.12404852592489155,0.278886571278235,-0.5402685363387347,0.2572298694020846,0.06284870735514494,-0.7748775752790882,1.0188552135778268,-0.9155781908914772,0.7117761467489857,-0.2229207317778685,18.0,4.4,4.1,1.0,0.2,2.7,0.423,14.9,0.874,3.0,2.2
1628368,De'Aaron Fox,SAC,51,32.0,-0.17966968027740937,0.8333211828403535,-0.7638279306857977,1.5370590722011557,1.4912284199720671,-0.20230793837335798,-0.6491205794554501,0.38503537081020345,-1.528478137709692,-1.282579139876891,21.1,3.8,6.8,1.5,0.5,1.1,0.48,16.0,0.705,6.7,3.1
1628984,Devonte' Graham,CHA,63,35.1,-0.19107311763203283,0.3146565462177264,-0.9128675269171729,1.8688666432972112,0.06284870735514494,-0.7748775752790882,1.8528431100944651,-1.883298188680611,0.32785465991295554,-1.0470994936326636,18.2,3.4,7.5,1.0,0.2,3.5,0.382,15.3,0.82,3.7,2.9
1627749,Dejounte Murray,SAS,66,25.6,-0.29224414333689147,-0.9909475390737131,-0.01862994952892183,0.2572298694020846,2.062580305018836,-0.5840210296438448,-1.170363014778349,-0.018493285623834687,0.04010176330237859,0.1302987375884727,10.9,5.8,4.1,1.7,0.3,0.6,0.462,9.7,0.798,1.7,1.9
1628366,Lonzo Ball,NOP,63,32.1,-0.3279020883272067,-0.8299826518460013,0.09314974764460948,1.6318612353714574,1.2055524774486823,-0.011451392738114614,0.6018612653195073,-0.9902155780887656,-0.7460980515616905,-1.282579139876891,11.8,6.1,7.0,1.4,0.6,2.3,0.403,10.9,0.566,1.2,3.1
1628969,Mikal Bridges,PHX,73,28.0,-0.4761384010004206,-1.3128773135291367,-0.68930813257011,-0.8329950070563832,1.2055524774486823,-0.011451392738114614,-0.75336906652003,0.47179983106418605,0.25655305721299015,1.1899571456874953,9.1,4.0,1.8,1.4,0.6,1.0,0.51,6.6,0.844,1.7,1.0
1628464,Daniel Theis,BOS,65,24.1,-0.6045063145699183,-1.294992326059391,0.27944924293382845,-0.8803960886415341,-1.079855062738393,1.3245444267085893,-1.274611501842929,1.0270731464449832,-0.1311549433067952,1.4254367919317223,9.2,6.6,1.7,0.6,1.3,0.5,0.566,6.6,0.763,1.8,0.8
203952,Andrew Wiggins,GSW,54,34.4,-0.6287153367876842,0.9585160951285736,-0.27944924293382845,0.0676255430614817,-0.5085031776916238,0.751974789802859,0.393364291190348,-0.4652539358982357,-1.0885893214251632,-0.45840037802209543,21.8,5.1,3.7,0.8,1.0,2.1,0.447,18.1,0.709,5.0,2.4
1629130,Duncan Robinson,MIA,73,29.7,-0.7519271962254384,-0.5259378648603237,-0.9873873250328604,-1.0225993333969863,-1.3655310052617773,-0.5840210296438448,2.061340084223625,0.09587258520962741,0.38637954684960607,1.1899571456874953,13.5,3.2,1.4,0.5,0.3,3.7,0.47,9.4,0.931,1.0,1.0
1629634,Brandon Clarke,MEM,58,22.4,-0.7865657504402388,-0.7763276894367642,0.018629949528922163,-1.0225993333969863,-1.079855062738393,0.37026169853237234,-1.3788599889075088,1.9332443423279477,-0.15875663515943744,1.307696968809609,12.1,5.9,1.4,0.6,0.8,0.4,0.618,8.3,0.759,1.9,0.9
1628386,Jarrett Allen,BKN,70,26.5,-0.7869739034157652,-0.9551775641342217,1.3972462146691422,-0.9277971702266847,-1.079855062738393,1.3245444267085893,-1.795853937165828,1.8500675245986662,-1.6723656576924173,1.0722173225653815,11.1,9.6,1.6,0.6,1.3,0.0,0.649,6.6,0.633,3.9,1.1
203110,Draymond Green,GSW,43,28.4,-0.8200159917933689,-1.5096121756963399,0.13040964670245347,1.2526525826902513,1.2055524774486823,0.37026169853237234,-0.9618660406491896,-0.8079969907621798,-0.15875663515943744,-0.3406605548999817,8.0,6.2,6.2,1.4,0.8,0.8,0.389,7.3,0.759,1.9,2.3
202692,Alec Burks,PHI,66,26.6,-0.8508053443826049,-0.2576630528141375,-0.5775284353965787,-0.3115831096197247,-0.22282723516823943,-0.5840210296438448,0.08061882999660853,-0.7940911200717995,1.0972919551360703,0.7189978531990409,15.0,4.3,2.9,0.9,0.3,1.8,0.418,11.6,0.887,4.0,1.4
1627763,Malcolm Brogdon,IND,54,30.9,-0.8708443921503151,0.01061175923204877,-0.35396904104951576,1.6792623169566079,-1.079855062738393,-0.7748775752790882,-0.33637511826171085,-0.535047705214606,0.9778064122264375,-0.45840037802209543,16.5,4.9,7.1,0.6,0.2,1.4,0.438,13.8,0.892,3.4,2.4
1626204,Larry Nance Jr.,CLE,56,26.3,-0.8710295425840331,-1.1340274388316791,0.5402685363387351,-0.64339068071578,0.06284870735514494,-0.3931644840086013,-0.75336906652003,0.7889666604924087,-0.4113790992596127,1.0722173225653815,10.1,7.3,2.2,1.0,0.4,1.0,0.531,7.7,0.676,1.3,1.1
203457,Nerlens Noel,OKC,61,18.5,-0.8737200804306366,-1.6169221005148142,-0.35396904104951576,-1.2596047413227403,0.06284870735514494,1.706257517979076,-1.795853937165828,1.4735393335975924,-0.16223314187493268,1.0722173225653815,7.4,4.9,0.9,1.0,1.5,0.0,0.684,4.4,0.755,1.7,1.1
1627739,Kris Dunn,CHI,51,24.9,-0.8837472271672939,-1.63480708798456,-0.8383477288014852,-0.07457770169397077,2.9196081325889898,-0.5840210296438448,-1.170363014778349,-0.18579641441389352,-0.15218005876133486,0.8367376763211543,7.3,3.6,3.4,2.0,0.3,0.6,0.444,6.7,0.741,1.1,1.3
203087,Jeremy Lamb,IND,46,28.1,-0.8930812447708698,-0.7047877395577812,-0.5775284353965787,-0.6907917623009309,0.6342005924019137,-0.20230793837335798,-0.5448720923908704,-0.19360269186713638,0.31439150014849043,1.0722173225653815,12.5,4.3,2.1,1.2,0.5,1.2,0.451,10.4,0.836,2.4,1.1
203109,Jae Crowder,MIA,65,28.8,-1.0046260167427603,-1.062487488952696,0.018629949528922163,-0.5011874359603278,0.34852464987852966,-0.3931644840086013,0.393364291190348,-0.8111699811357841,-0.06935283984853247,1.0722173225653815,10.5,5.9,2.5,1.1,0.4,2.1,0.401,8.7,0.776,1.9,1.1
202694,Marcus Morris Sr.,LAC,62,31.2,-1.08643275779823,0.04638173417154014,-0.3167091419916721,-1.0225993333969863,-0.5085031776916238,-0.20230793837335798,0.6018612653195073,-0.5065689147212119,0.3384945419307612,0.48351820695481335,16.7,5.0,1.4,0.8,0.5,2.3,0.438,13.1,0.823,3.5,1.6
203953,Jabari Parker,SAC,38,24.2,-1.1377023058066356,-0.43651292751159493,-0.09314974764460948,-0.8329950070563832,0.6342005924019137,-0.3931644840086013,-0.9618660406491896,0.788984688846804,-0.20897776401767462,0.3657783838326999,14.0,5.6,1.8,1.2,0.4,0.8,0.51,11.3,0.753,2.1,1.7
203082,Terrence Ross,ORL,69,27.4,-1.1854683653532494,-0.3113180152233748,-0.9873873250328604,-1.117401496567288,0.34852464987852966,-0.5840210296438448,0.914606726513247,-1.1207889395237653,0.4823599185586128,1.1899571456874953,14.7,3.2,1.2,1.1,0.3,2.6,0.403,12.3,0.853,2.7,1.0
202711,Bojan Bogdanovic,UTA,63,33.1,-1.2187250512033143,0.6723562956126413,-0.6520482335122664,-0.6907917623009309,-1.3655310052617773,-0.9657341209143316,1.331600674771566,-0.375616957843907,1.4031802593899005,-0.5761402011442092,20.2,4.1,2.1,0.5,0.1,3.0,0.447,14.8,0.903,4.4,2.5
1628374,Lauri Markkanen,CHI,50,29.8,-1.2257620019949018,-0.3113180152233748,0.16766954576029713,-0.9751982518118355,-0.5085031776916238,-0.20230793837335798,0.4976127782549279,-0.6841421960652295,0.30690704620048126,0.48351820695481335,14.7,6.3,1.5,0.8,0.5,2.2,0.425,11.8,0.824,3.1,1.6
1629012,Collin Sexton,CLE,65,33.0,-1.2428036786773766,0.7796662204311161,-1.0246472240907043,-0.26418202803457386,0.06284870735514494,-0.9657341209143316,-0.23212663119713092,0.20001036964938745,0.6597614061458109,-0.45840037802209543,20.8,3.1,3.0,1.0,0.1,1.5,0.472,16.7,0.846,4.1,2.4
203992,Bogdan Bogdanović,SAC,61,28.9,-1.2564054190034244,-0.23977806534439178,-0.9128675269171729,-0.07457770169397077,0.06284870735514494,-0.7748775752790882,1.0188552135778268,-0.4483673772811359,-0.2534194772533368,0.3657783838326999,15.1,3.4,3.4,1.0,0.2,2.7,0.44,12.6,0.741,1.9,1.7
1628379,Luke Kennard,DET,28,32.9,-1.2585234876750753,-0.11458315305617134,-0.8756076278593291,0.2572298694020846,-1.6512069477851616,-0.7748775752790882,0.914606726513247,-0.39663801906903734,0.781295209381453,0.6012580300769271,15.8,3.5,4.1,0.4,0.2,2.6,0.442,12.2,0.893,2.7,1.5
202339,Eric Bledsoe,MIL,61,27.0,-1.2705363190199876,-0.27554804028388313,-0.46574873822304746,0.8734439300090451,-0.22282723516823943,-0.3931644840086013,-0.5448720923908704,0.19778086315581322,0.01879985591189149,-0.45840037802209543,14.9,4.6,5.4,0.9,0.4,1.2,0.475,11.5,0.79,3.5,2.4
201565,Derrick Rose,DET,50,26.0,-1.3148035687906043,0.296771558747981,-1.2854665174956108,0.9682460931793463,-0.5085031776916238,-0.5840210296438448,-0.8576175535846098,0.5917184350514566,0.6402088237905101,-0.5761402011442092,18.1,2.4,5.6,0.8,0.3,0.9,0.49,15.1,0.871,2.8,2.5
201586,Serge Ibaka,TOR,55,27.0,-1.320531057934834,-0.1861231029351544,0.8756076278593291,-1.0225993333969863,-1.3655310052617773,0.37026169853237234,-0.4406236053262905,0.8863798687426545,-0.4504621206153401,0.012558914466358971,15.4,8.2,1.4,0.5,0.8,1.3,0.512,12.2,0.718,2.3,2.0
1628989,Kevin Huerter,ATL,56,31.4,-1.3489682138230668,-0.7584427019670186,-0.6520482335122664,0.11502662464663231,-0.22282723516823943,-0.20230793837335798,0.6018612653195073,-0.8264580256631523,0.11270982394001486,0.48351820695481335,12.2,4.1,3.8,0.9,0.5,2.3,0.413,10.9,0.828,1.1,1.6
1626149,Montrezl Harrell,LAC,63,27.8,-1.3501346599833361,0.38619649609670975,0.46574873822304746,-0.8803960886415341,-1.079855062738393,0.9428313354381026,-1.795853937165828,2.2535961810327043,-2.008180706060845,0.3657783838326999,18.6,7.1,1.7,0.6,1.1,0.0,0.58,12.9,0.658,5.6,1.7
202324,Derrick Favors,NOP,51,24.4,-1.3763087494496944,-1.3307623009988823,1.4717660127848302,-0.9277971702266847,-1.079855062738393,0.5611182441676157,-1.795853937165828,1.5327684872382101,-0.8799103450759439,1.0722173225653815,9.0,9.8,1.6,0.6,0.9,0.0,0.617,6.6,0.563,1.4,1.1
1627863,Danuel House Jr.,HOU,63,30.4,-1.3887500004025553,-1.062487488952696,-0.6147883344544224,-1.070000414982137,0.34852464987852966,-0.20230793837335798,0.2891158041257681,-0.4656145029861457,0.08111125653229714,1.307696968809609,10.5,4.2,1.3,1.1,0.5,2.0,0.427,8.6,0.811,1.4,0.9
203500,Steven Adams,OKC,63,26.7,-1.412430763162821,-0.9909475390737131,1.2854665174956112,-0.5959895991306294,-0.5085031776916238,0.9428313354381026,-1.795853937165828,1.4755585092898853,-1.826250902401553,0.6012580300769271,10.9,9.3,2.3,0.8,1.1,0.0,0.592,7.6,0.582,3.2,1.5
203200,Justin Holiday,IND,73,25.0,-1.4609641330502354,-1.4559572132871024,-0.9501274259750168,-1.070000414982137,0.6342005924019137,-0.011451392738114614,0.08061882999660853,-0.34684971368018563,-0.0023138329621509458,1.6609164381759496,8.3,3.3,1.3,1.2,0.6,1.8,0.428,6.7,0.791,0.9,0.6
201976,Patrick Beverley,LAC,51,26.3,-1.5396895473834709,-1.5274971631660856,-0.24218934387598448,0.020224461476330877,0.34852464987852966,-0.20230793837335798,-0.12787814413255102,-0.3166522200677559,-0.32865152544375115,0.8367376763211543,7.9,5.2,3.6,1.1,0.5,1.6,0.431,6.7,0.66,0.9,1.3
200794,Paul Millsap,DEN,51,24.3,-1.5548886245606488,-0.8657526267854929,-0.055889848586765496,-0.9277971702266847,-0.22282723516823943,-0.011451392738114614,-0.6491205794554501,0.24500313276904184,0.21394924243201596,0.7189978531990409,11.6,5.7,1.6,0.9,0.6,1.1,0.482,8.6,0.816,2.8,1.4
203901,Elfrid Payton,NYK,45,27.7,-1.5685924536596694,-1.1519124263014249,-0.4284888391652035,1.726663398541759,1.7769043624954517,-0.3931644840086013,-1.4831084759720885,-0.3575886034484267,-1.1527164771453804,-0.10518090865575476,10.0,4.7,7.2,1.6,0.4,0.3,0.439,9.8,0.57,1.9,2.1
201188,Marc Gasol,TOR,44,26.4,-1.6090970933318782,-1.5990371130450687,0.16766954576029713,-0.1219787832791216,-0.5085031776916238,0.5611182441676157,-0.4406236053262905,-0.33403155370499904,-0.17044832653384176,0.8367376763211543,7.5,6.3,3.3,0.8,0.9,1.3,0.427,6.3,0.735,1.1,1.3
1628401,Derrick White,SAS,68,24.7,-1.627606071588714,-0.91940758919473,-0.9501274259750168,-0.027176620108819945,-1.079855062738393,0.5611182441676157,-0.5448720923908704,-0.059766198286554696,0.555742996616901,0.8367376763211543,11.3,3.3,3.5,0.6,0.9,1.2,0.458,8.1,0.853,3.1,1.3
200782,P.J. Tucker,HOU,72,34.3,-1.6302198064178766,-1.706347037863543,0.27944924293382845,-0.9277971702266847,0.34852464987852966,-0.20230793837335798,-0.23212663119713092,-0.4175148534590041,0.03794278620199134,1.1899571456874953,6.9,6.6,1.6,1.1,0.5,1.5,0.415,5.9,0.813,0.7,1.0
203471,Dennis Schröder,OKC,65,30.8,-1.6452157852852722,0.4398514585059465,-0.8383477288014852,0.20982878781693395,-0.7941791202150085,-0.7748775752790882,0.1848673170611882,0.11355239142012838,0.5079687084724357,-0.6938800242663229,18.9,3.6,4.0,0.7,0.2,1.9,0.469,14.8,0.839,3.6,2.6
1628404,Josh Hart,NOP,65,27.0,-1.7059422172032894,-1.1340274388316791,0.2421893438759848,-0.8803960886415341,0.06284870735514494,-0.3931644840086013,0.1848673170611882,-0.49200801382112913,-0.2507290596359313,0.954477499443268,10.1,6.5,1.7,1.0,0.4,1.9,0.423,8.2,0.739,1.8,1.2
2772,Trevor Ariza,POR,53,28.2,-1.715853207378199,-1.5096121756963399,-0.46574873822304746,-0.8803960886415341,0.9198765349252984,-0.5840210296438448,-0.23212663119713092,-0.22178100978727253,0.18573860832029077,1.0722173225653815,8.0,4.6,1.7,1.3,0.3,1.5,0.438,6.1,0.838,1.4,1.1
1627814,Damion Lee,GSW,49,29.0,-1.7537815415367237,-0.6690177646182898,-0.35396904104951576,-0.4063852727900261,0.06284870735514494,-0.9657341209143316,-0.023629657067971366,-0.724838201387294,0.6079459557365193,0.7189978531990409,12.7,4.9,2.7,1.0,0.1,1.7,0.417,10.4,0.873,2.6,1.4
1629630,Ja Morant,MEM,67,31.0,-1.7642734349732394,0.24311659633874363,-0.7265680316279539,1.7740644801269096,-0.22282723516823943,-0.5840210296438448,-0.8576175535846098,0.2771056224959272,-0.14946749778905402,-1.5180587861211179,17.8,3.9,7.3,0.9,0.3,0.9,0.477,14.0,0.776,4.6,3.3
1626174,Christian Wood,DET,62,21.4,-1.7771956984797173,-0.5974778147393067,0.16766954576029713,-1.2122036597375894,-1.3655310052617773,0.5611182441676157,-0.8576175535846098,1.2819820586941464,-0.4741333669775341,0.7189978531990409,13.1,6.3,1.0,0.5,0.9,0.9,0.567,8.2,0.744,3.9,1.4
203922,Glenn Robinson III,PHI,62,28.8,-1.8113963878517452,-0.8478676393157473,-0.5402685363387347,-0.9751982518118355,-0.22282723516823943,-0.5840210296438448,-0.5448720923908704,0.324970903415928,0.27099052459198963,1.307696968809609,11.7,4.4,1.5,0.9,0.3,1.2,0.486,9.5,0.86,1.4,0.9
203501,Tim Hardaway Jr.,DAL,71,29.5,-1.8165309432780703,-0.11458315305617134,-0.9501274259750168,-0.7855939254712325,-1.079855062738393,-0.9657341209143316,1.2273521877069862,-0.5572766661842333,0.2193300776668272,1.1899571456874953,15.8,3.3,1.9,0.6,0.1,2.9,0.434,12.5,0.819,2.6,1.0
2546,Carmelo Anthony,POR,58,32.8,-1.8172045768432552,-0.1861231029351544,0.16766954576029713,-0.9751982518118355,-0.5085031776916238,-0.20230793837335798,-0.23212663119713092,-0.6850976988481898,0.43870429442104014,0.3657783838326999,15.4,6.3,1.5,0.8,0.5,1.5,0.43,13.5,0.845,2.8,1.7
1628976,Wendell Carter Jr.,CHI,43,29.2,-1.8180663025791723,-0.91940758919473,1.322726416553455,-1.117401496567288,-0.5085031776916238,0.37026169853237234,-1.691605450101248,0.8547340973271214,-0.49464918526993124,0.3657783838326999,11.3,9.4,1.2,0.8,0.8,0.1,0.534,8.0,0.737,3.5,1.7
203932,Aaron Gordon,ORL,62,32.5,-1.8222425726898126,-0.3649729776326119,0.6893081325701104,0.0676255430614817,-0.5085031776916238,-0.011451392738114614,-0.5448720923908704,-0.49671942376981454,-1.1361753910531829,0.48351820695481335,14.4,7.7,3.7,0.8,0.6,1.2,0.437,12.4,0.674,3.6,1.6
1626161,Willie Cauley-Stein,DAL,54,20.3,-1.9024068814696808,-1.652692075454306,-0.01862994952892183,-1.070000414982137,-0.22282723516823943,0.9428313354381026,-1.795853937165828,0.9848267026449075,-0.613237922307095,1.5431766150538362,7.2,5.8,1.3,0.9,1.1,0.0,0.579,5.6,0.606,1.2,0.7
203925,Joe Harris,BKN,69,30.8,-1.9304901407922368,-0.3470879901628662,-0.5775284353965787,-0.6907917623009309,-1.079855062738393,-0.7748775752790882,0.8103582394486671,0.38468682262522436,-0.2566524070651986,0.6012580300769271,14.5,4.3,2.1,0.6,0.2,2.5,0.486,11.4,0.719,1.3,1.5
1628978,Donte DiVincenzo,MIL,66,23.0,-1.9644734757265285,-1.294992326059391,-0.39122894010735976,-0.5959895991306294,0.9198765349252984,-0.5840210296438448,-0.4406236053262905,-0.09021608886052124,-0.20627627472283105,0.7189978531990409,9.2,4.8,2.3,1.3,0.3,1.3,0.455,7.7,0.733,1.3,1.4
1627737,Marquese Chriss,GSW,59,20.3,-1.9721678458299976,-1.277107338589645,0.13040964670245347,-0.7855939254712325,-0.7941791202150085,0.9428313354381026,-1.691605450101248,0.806838769149795,-0.14049943906436854,0.8367376763211543,9.3,6.2,1.9,0.7,1.1,0.1,0.545,6.5,0.769,2.6,1.3
200755,JJ Redick,NOP,60,26.3,-2.0076136186375306,-0.2040080904049001,-1.248206618437767,-0.7381928438860816,-1.9368828903085462,-0.7748775752790882,1.331600674771566,-0.16416839859078194,0.8903844471769137,0.8367376763211543,15.3,2.5,2.0,0.3,0.2,3.0,0.453,10.5,0.892,3.1,1.3
204060,Joe Ingles,UTA,72,29.7,-2.0495051231381662,-1.1876824012409162,-0.7265680316279539,0.7786417668387434,-0.22282723516823943,-0.7748775752790882,0.2891158041257681,-0.20589802956485417,-0.011968335687984954,0.012558914466358971,9.8,3.9,5.2,0.9,0.2,2.0,0.445,7.7,0.787,1.3,2.0
203107,Tomas Satoransky,CHI,65,28.9,-2.060296609606178,-1.1697974137711706,-0.7265680316279539,0.8734439300090451,0.6342005924019137,-0.9657341209143316,-0.75336906652003,-0.4215832521009173,0.45655183845090797,0.012558914466358971,9.9,3.9,5.4,1.2,0.1,1.0,0.43,8.5,0.876,1.9,2.0
1628972,Troy Brown Jr.,WAS,69,25.8,-2.098518982230379,-1.0803724764224418,-0.09314974764460948,-0.45378635437517695,0.6342005924019137,-0.9657341209143316,-0.8576175535846098,-0.32624330460615136,-0.028033339650353244,1.0722173225653815,10.4,5.6,2.6,1.2,0.1,0.9,0.439,9.0,0.784,2.0,1.1
203914,Gary Harris,DEN,56,31.8,-2.1084044491887903,-1.0803724764224418,-1.0991670222063918,-0.6907917623009309,1.2055524774486823,-0.5840210296438448,-0.4406236053262905,-0.6034653101454546,0.11226695684249931,1.0722173225653815,10.4,2.9,2.1,1.4,0.3,1.3,0.42,9.3,0.815,1.6,1.1
201980,Danny Green,LAL,68,24.8,-2.117866258020193,-1.5096121756963399,-0.9501274259750168,-1.070000414982137,0.9198765349252984,-0.20230793837335798,0.08061882999660853,-0.48976047897315933,-0.20425015775169836,1.307696968809609,8.0,3.3,1.3,1.3,0.5,1.8,0.416,7.0,0.688,0.7,0.9
201599,DeAndre Jordan,BKN,56,22.0,-2.1271347545183144,-1.4559572132871024,1.5462858109005175,-0.7855939254712325,-1.9368828903085462,0.5611182441676157,-1.795853937165828,1.565850517553917,-0.6628390372288105,0.8367376763211543,8.3,10.0,1.9,0.3,0.9,0.0,0.666,5.1,0.68,2.2,1.3
203939,Dwight Powell,DAL,40,26.5,-2.133641048575486,-1.2592223511198992,-0.055889848586765496,-0.9751982518118355,-0.22282723516823943,-0.011451392738114614,-1.4831084759720885,1.5071862523510238,-0.9408267143391759,1.307696968809609,9.4,5.7,1.5,0.9,0.6,0.3,0.638,5.7,0.667,2.8,0.9
203944,Julius Randle,NYK,64,32.5,-2.1700624976867315,0.5471613833244212,1.4345061137269859,-0.21678094644942303,-0.5085031776916238,-0.5840210296438448,-0.75336906652003,-0.09343114539438152,-0.8307853122840584,-1.1648393167547773,19.5,9.7,3.1,0.8,0.3,1.0,0.46,15.7,0.733,5.5,3.0
1628467,Maxi Kleber,DAL,74,25.5,-2.1737383084006767,-1.3128773135291367,-0.24218934387598448,-1.117401496567288,-1.9368828903085462,0.9428313354381026,-0.12787814413255102,-0.0159032120423508,0.21112596468535647,1.4254367919317223,9.1,5.2,1.2,0.3,1.1,1.6,0.461,6.9,0.849,1.3,0.8
1627884,Derrick Jones Jr.,MIA,59,23.3,-2.1751585399805977,-1.420187238347611,-0.7265680316279539,-1.1648025781524387,0.06284870735514494,-0.011451392738114614,-1.170363014778349,0.575246528585453,-0.09853778157479201,1.7786562612980634,8.5,3.9,1.1,1.0,0.6,0.6,0.527,5.9,0.772,2.1,0.5
101150,Lou Williams,LAC,65,28.7,-2.1997796085469705,0.3146565462177264,-1.0246472240907043,0.9682460931793463,-0.7941791202150085,-0.7748775752790882,-0.023629657067971366,-0.9921386025576177,1.0561496017768965,-0.9293596705105498,18.2,3.1,5.6,0.7,0.2,1.7,0.418,14.4,0.861,5.2,2.8
203915,Spencer Dinwiddie,BKN,64,31.2,-2.244632599044398,0.7438962454916247,-0.8756076278593291,1.5370590722011557,-1.079855062738393,-0.5840210296438448,0.1848673170611882,-1.1774220101314354,-0.18192965603692723,-0.8116198473884366,20.6,3.5,6.8,0.6,0.3,1.9,0.415,16.0,0.778,7.0,2.7
1629023,P.J. Washington,CHA,58,30.3,-2.2486169560143723,-0.7584427019670186,-0.1676695457602968,-0.6907917623009309,-0.22282723516823943,0.37026169853237234,-0.23212663119713092,-0.12807563309103007,-0.9024633520169115,0.48351820695481335,12.2,5.4,2.1,0.9,0.8,1.5,0.455,10.2,0.647,2.3,1.6
203924,Jerami Grant,DEN,71,26.6,-2.338234619027636,-0.7942126769065099,-0.8756076278593291,-1.117401496567288,-0.7941791202150085,0.37026169853237234,-0.33637511826171085,0.1991450086384047,-0.29756225519817636,1.307696968809609,12.0,3.5,1.2,0.7,0.8,1.4,0.478,8.9,0.75,2.8,0.9
203918,Rodney Hood,POR,21,29.5,-2.3742946107799727,-0.9730625516039674,-0.9128675269171729,-0.9751982518118355,-0.5085031776916238,-0.7748775752790882,-0.023629657067971366,0.5305001529758704,-0.04435299219379264,1.307696968809609,11.0,3.4,1.5,0.8,0.2,1.7,0.506,8.2,0.778,1.3,0.9
1626196,Josh Richardson,PHI,55,30.8,-2.377256624151769,-0.4901678899208323,-0.9873873250328604,-0.3115831096197247,-0.22282723516823943,0.17940515289712874,-0.23212663119713092,-0.5902324980191717,0.14736417432058865,0.1302987375884727,13.7,3.2,2.9,0.9,0.7,1.5,0.43,11.7,0.809,2.6,1.9
202684,Tristan Thompson,CLE,57,30.2,-2.3790988455599558,-0.7942126769065099,1.5835457099583612,-0.6907917623009309,-1.079855062738393,0.5611182441676157,-1.5873569630366684,0.7242508776640989,-1.3438357730781159,0.24803856071058616,12.0,10.1,2.1,0.6,0.9,0.2,0.512,9.9,0.615,2.8,1.8
201152,Thaddeus Young,CHI,64,24.9,-2.3822479029705637,-1.0982574638921876,-0.35396904104951576,-0.8329950070563832,1.2055524774486823,-0.3931644840086013,-0.5448720923908704,-0.21481605553915178,-0.6332444434373495,0.48351820695481335,10.3,4.9,1.8,1.4,0.4,1.2,0.448,9.4,0.583,1.1,1.6
1629060,Rui Hachimura,WAS,48,30.1,-2.383005697240667,-0.5259378648603237,0.09314974764460948,-0.8329950070563832,-0.5085031776916238,-0.7748775752790882,-1.274611501842929,0.04214808911109651,0.3264042701685932,1.0722173225653815,13.5,6.1,1.8,0.8,0.2,0.5,0.466,11.4,0.829,2.9,1.1
1629134,Kendrick Nunn,MIA,67,29.3,-2.384883984701449,-0.2040080904049001,-1.1736868203220794,-0.1219787832791216,-0.5085031776916238,-0.7748775752790882,0.2891158041257681,-0.5064787729492345,0.24975504726613007,0.3657783838326999,15.3,2.7,3.3,0.8,0.2,2.0,0.439,13.6,0.85,1.5,1.7
201588,George Hill,MIL,59,21.5,-2.395430223368278,-1.2592223511198992,-1.061907123148548,-0.21678094644942303,-0.5085031776916238,-0.9657341209143316,-0.33637511826171085,0.5159933371389739,0.24714213139078958,1.1899571456874953,9.4,3.0,3.1,0.8,0.1,1.4,0.516,6.4,0.842,1.7,1.0
1628365,Markelle Fultz,ORL,72,27.7,-2.4455306808196755,-0.7763276894367642,-0.9501274259750168,0.7312406852535924,0.9198765349252984,-0.7748775752790882,-1.274611501842929,0.025105284755902273,-0.3583679076870296,0.012558914466358971,12.1,3.3,5.1,1.3,0.2,0.5,0.465,10.7,0.73,2.2,2.0
1627747,Caris LeVert,BKN,45,29.6,-2.4554782919976006,0.4040814835664551,-0.6147883344544224,0.39943311415753724,0.6342005924019137,-0.7748775752790882,0.08061882999660853,-0.9551083626293007,-0.9351580154909811,-0.6938800242663229,18.7,4.2,4.4,1.2,0.2,1.8,0.425,16.3,0.711,4.4,2.6
201609,Goran Dragic,MIA,59,28.2,-2.4894658206777462,-0.043043203177188606,-0.9873873250328604,0.7312406852535924,-0.7941791202150085,-0.7748775752790882,0.393364291190348,-0.4185845358198022,-0.13759865957564343,-0.45840037802209543,16.2,3.2,5.1,0.7,0.2,2.1,0.441,12.3,0.776,4.2,2.4
203084,Harrison Barnes,SAC,72,34.5,-2.505368769420764,-0.3470879901628662,-0.35396904104951576,-0.64339068071578,-1.079855062738393,-0.7748775752790882,-0.33637511826171085,-0.057560729598840794,0.1332699289421635,0.954477499443268,14.5,4.9,2.2,0.6,0.2,1.4,0.46,11.0,0.801,3.7,1.2
203552,Seth Curry,DAL,64,24.6,-2.507858190407932,-0.7226727270275268,-1.3227264165534547,-0.7855939254712325,-1.079855062738393,-0.9657341209143316,0.6018612653195073,0.4309475800040273,0.1459580712859772,1.1899571456874953,12.4,2.3,1.9,0.6,0.1,2.3,0.495,9.0,0.825,1.5,1.0
1626220,Royce O'Neale,UTA,71,28.9,-2.571684634997568,-1.8136569626820174,-0.13040964670245314,-0.5011874359603278,-0.5085031776916238,-0.20230793837335798,-0.4406236053262905,-0.2194072764585343,-0.06328556061257244,1.307696968809609,6.3,5.5,2.5,0.8,0.5,1.3,0.433,5.1,0.764,0.8,0.9
203476,Gorgui Dieng,MEM,63,17.4,-2.573413711857773,-1.6169221005148142,-0.09314974764460948,-1.117401496567288,-0.5085031776916238,0.5611182441676157,-0.8576175535846098,-0.05272913062085227,-0.07816589508908726,1.1899571456874953,7.4,5.6,1.2,0.8,0.9,0.9,0.456,5.8,0.772,1.6,1.0
202397,Ish Smith,WAS,68,26.3,-2.593915749234312,-0.9909475390737131,-0.9873873250328604,0.6364385220832911,-0.22282723516823943,-0.3931644840086013,-0.8576175535846098,-0.24795217091804483,-0.24945581673057465,0.7189978531990409,10.9,3.2,4.9,0.9,0.4,0.9,0.447,10.1,0.721,1.3,1.4
1626153,Delon Wright,DAL,73,21.5,-2.599668820210895,-1.706347037863543,-0.7638279306857977,-0.1219787832791216,0.6342005924019137,-0.5840210296438448,-1.170363014778349,0.00047855265167572595,-0.07776731470132345,1.1899571456874953,6.9,3.8,3.3,1.2,0.3,0.6,0.462,5.6,0.77,1.4,1.0
1628970,Miles Bridges,CHA,65,30.7,-2.651990104126342,-0.6153628022090524,-0.09314974764460948,-0.8329950070563832,-1.079855062738393,0.17940515289712874,-0.23212663119713092,-0.6895266645780129,0.11036262832318386,0.6012580300769271,13.0,5.6,1.8,0.6,0.7,1.5,0.424,11.6,0.809,2.0,1.5
1627827,Dorian Finney-Smith,DAL,71,29.9,-2.6901744580095137,-1.2413373636501537,-0.055889848586765496,-0.9277971702266847,-1.079855062738393,-0.20230793837335798,-0.12787814413255102,0.036619393763148975,-0.28168546975225195,1.1899571456874953,9.5,5.7,1.6,0.6,0.5,1.6,0.466,7.4,0.722,1.5,1.0
203967,Dario Saric,PHX,66,24.7,-2.6913391305409933,-1.0267175140132048,0.13040964670245347,-0.7855939254712325,-1.079855062738393,-0.7748775752790882,-0.4406236053262905,0.16091888786852096,0.28826234139508683,0.8367376763211543,10.7,6.2,1.9,0.6,0.2,1.3,0.476,8.2,0.844,1.9,1.3
1629057,Robert Williams III,BOS,29,13.4,-2.7079260578765947,-2.0103918248492207,-0.5402685363387347,-1.2596047413227403,-0.5085031776916238,1.1336878810733457,-1.795853937165828,1.2068879531855057,-0.4770562898211344,1.5431766150538362,5.2,4.4,0.9,0.8,1.2,0.0,0.727,3.0,0.647,1.2,0.7
1628415,Dillon Brooks,MEM,73,28.9,-2.740676401524422,-0.043043203177188606,-0.9501274259750168,-0.6907917623009309,-0.22282723516823943,-0.3931644840086013,0.2891158041257681,-1.2475643276327848,0.15194784877987216,0.3657783838326999,16.2,3.3,2.1,0.9,0.4,2.0,0.407,14.6,0.808,2.8,1.7
1628971,Bruce Brown,DET,58,28.2,-2.7450642701492103,-1.348647288468628,-0.4284888391652035,0.20982878781693395,0.34852464987852966,-0.20230793837335798,-1.170363014778349,-0.22903441770572078,-0.29035459318611445,0.3657783838326999,8.9,4.7,4.0,1.1,0.5,0.6,0.443,7.7,0.739,2.1,1.7
201580,JaVale McGee,LAL,68,16.6,-2.7773465724813677,-1.7600020002727803,-0.055889848586765496,-1.4492090676633433,-1.3655310052617773,1.5154009723438324,-1.795853937165828,1.1886793152460706,-0.48037779305249934,1.4254367919317223,6.6,5.7,0.5,0.5,1.4,0.0,0.637,4.5,0.646,1.2,0.8
201144,Mike Conley,UTA,47,29.0,-2.797054309541405,-0.3649729776326119,-0.9873873250328604,0.39943311415753724,-0.5085031776916238,-0.9657341209143316,0.2891158041257681,-0.9930640580832523,0.321499517063611,0.012558914466358971,14.4,3.2,4.4,0.8,0.1,2.0,0.409,12.1,0.827,3.0,2.0
201988,Patty Mills,SAS,66,22.5,-2.8086928275251184,-0.8657526267854929,-1.5835457099583612,-0.8329950070563832,-0.5085031776916238,-0.9657341209143316,0.6018612653195073,-0.43953348362735056,0.36007324125719586,1.4254367919317223,11.6,1.6,1.8,0.8,0.1,2.3,0.431,9.1,0.866,1.7,0.8
203903,Jordan Clarkson,UTA,71,24.0,-2.8367451182530514,-0.2218930778746461,-1.2109467193799233,-0.7855939254712325,-1.079855062738393,-0.7748775752790882,0.393364291190348,-0.17669209544417563,0.3007511935450186,0.7189978531990409,15.2,2.6,1.9,0.6,0.2,2.1,0.454,12.2,0.836,2.3,1.4
203894,Shabazz Napier,WAS,56,24.0,-2.8646754518364697,-1.0982574638921876,-1.1364269212642357,0.5416363589129896,0.6342005924019137,-0.7748775752790882,-0.33637511826171085,-0.619546602266223,0.2656318327120537,-0.3406605548999817,10.3,2.8,4.7,1.2,0.2,1.4,0.412,8.1,0.824,2.7,2.3
202066,Garrett Temple,BKN,62,27.9,-2.8653833574484695,-1.0982574638921876,-0.8756076278593291,-0.5011874359603278,-0.5085031776916238,-0.20230793837335798,0.2891158041257681,-1.21645339739765,0.05786073391274292,1.1899571456874953,10.3,3.5,2.5,0.8,0.5,2.0,0.378,9.5,0.805,1.4,1.0
1627751,Jakob Poeltl,SAS,66,17.7,-2.951814011591792,-1.938851874970238,-0.055889848586765496,-0.8329950070563832,-1.079855062738393,1.5154009723438324,-1.795853937165828,0.9814133342126969,-1.1706193795624367,1.4254367919317223,5.6,5.7,1.8,0.6,1.4,0.0,0.624,4.0,0.465,1.3,0.8
1629639,Tyler Herro,MIA,55,27.4,-3.0115268597073728,-0.5259378648603237,-0.6520482335122664,-0.64339068071578,-1.079855062738393,-0.7748775752790882,0.393364291190348,-0.6142462660739517,0.4019463253272692,0.48351820695481335,13.5,4.1,2.2,0.6,0.2,2.1,0.428,11.5,0.87,1.8,1.6
1629627,Zion Williamson,NOP,24,27.8,-3.0204161538547654,1.0837110074167937,0.16766954576029713,-0.6907917623009309,-0.7941791202150085,-0.3931644840086013,-1.4831084759720885,2.683770745263263,-3.018183408654281,-0.5761402011442092,22.5,6.3,2.1,0.7,0.4,0.3,0.583,15.0,0.64,7.4,2.5
1627752,Taurean Prince,BKN,64,29.0,-3.03692852322282,-0.7763276894367642,0.05588984858676582,-0.8329950070563832,-0.22282723516823943,-0.3931644840086013,0.6018612653195073,-1.5126592601153936,0.03073512418992964,0.012558914466358971,12.1,6.0,1.8,0.9,0.4,2.3,0.376,11.5,0.798,1.4,2.0
1627826,Ivica Zubac,LAC,72,18.4,-3.0994633523901367,-1.4559572132871024,0.6147883344544227,-1.1648025781524387,-2.2225588328319303,0.5611182441676157,-1.795853937165828,1.2042077378320442,-0.26584189933864155,1.4254367919317223,8.3,7.5,1.1,0.2,0.9,0.0,0.613,5.3,0.747,2.3,0.8
204038,Langston Galloway,DET,66,25.8,-3.11227317686957,-1.0982574638921876,-1.3227264165534547,-0.9751982518118355,-0.7941791202150085,-0.7748775752790882,0.2891158041257681,-0.3441755077781893,0.24710891635847612,1.6609164381759496,10.3,2.3,1.5,0.7,0.2,2.0,0.435,8.2,0.859,1.3,0.6
200752,Rudy Gay,SAS,67,21.8,-3.1513690885898065,-1.0088325265434588,-0.1676695457602968,-0.8803960886415341,-1.3655310052617773,-0.20230793837335798,-0.6491205794554501,-0.22872793568099756,0.5144788548059116,0.8367376763211543,10.8,5.4,1.7,0.5,0.5,1.1,0.446,8.9,0.882,2.0,1.3
203482,Kelly Olynyk,MIA,67,19.4,-3.1719807661551975,-1.4738422007568486,-0.46574873822304746,-0.8803960886415341,-0.7941791202150085,-0.5840210296438448,-0.33637511826171085,-0.0009096306367762598,0.2912738376581912,1.0722173225653815,8.2,4.6,1.7,0.7,0.3,1.4,0.462,5.9,0.86,1.5,1.1
201949,James Johnson,MIN,32,19.4,-3.1745096780242914,-1.4380722258173568,-0.8010878297436413,-0.5959895991306294,-0.5085031776916238,0.751974789802859,-0.75336906652003,0.16650767773111994,-0.5972282767319161,0.6012580300769271,8.4,3.7,2.3,0.8,1.0,1.0,0.479,6.7,0.646,1.5,1.5
1629162,Jordan McLaughlin,MIN,30,19.7,-3.2460352582169794,-1.581152125575323,-1.5835457099583612,0.3046309509872356,0.34852464987852966,-0.9657341209143316,-0.75336906652003,0.23841677396322644,-0.44376375576542043,1.1899571456874953,7.6,1.6,4.2,1.1,0.1,1.0,0.489,5.9,0.667,1.3,1.0
1629008,Michael Porter Jr.,DEN,55,16.4,-3.2800335659536954,-1.277107338589645,-0.4284888391652035,-1.307005822907891,-1.3655310052617773,-0.20230793837335798,-0.6491205794554501,0.4882777469816552,0.15355324200836504,1.307696968809609,9.3,4.7,0.8,0.5,0.5,1.1,0.509,7.0,0.833,1.3,0.9
1629018,Gary Trent Jr.,POR,61,21.8,-3.288416768819081,-1.348647288468628,-1.5835457099583612,-1.2122036597375894,-0.5085031776916238,-0.5840210296438448,0.08061882999660853,-0.2016313190245905,0.05538067816665702,2.0141359075422907,8.9,1.6,1.0,0.8,0.3,1.8,0.444,7.2,0.822,0.7,0.3
1628420,Monte Morris,DEN,73,22.4,-3.2984250310691268,-1.3307623009988823,-1.4717660127848298,-0.027176620108819945,-0.5085031776916238,-0.7748775752790882,-0.8576175535846098,-0.04485674920149238,0.1739583435263834,1.5431766150538362,9.0,1.9,3.5,0.8,0.2,0.9,0.459,7.8,0.843,1.2,0.7
1629661,Cameron Johnson,PHX,57,22.0,-3.3126047689736846,-1.3665322759383738,-0.9501274259750168,-1.117401496567288,-1.079855062738393,-0.3931644840086013,0.1848673170611882,-0.29446532525838454,0.043157546275234396,1.6609164381759496,8.8,3.3,1.2,0.6,0.4,1.9,0.435,7.1,0.807,1.0,0.6
203487,Michael Carter-Williams,ORL,45,18.5,-3.3805318168816063,-1.652692075454306,-0.9501274259750168,-0.5485885175454785,0.34852464987852966,-0.20230793837335798,-1.274611501842929,-0.30542656473083674,0.2502200577185209,0.954477499443268,7.2,3.3,2.4,1.1,0.5,0.5,0.427,5.8,0.832,2.1,1.2
1629680,Matisse Thybulle,PHI,65,19.8,-3.3872593371147506,-2.0998167621979498,-1.5835457099583612,-1.117401496567288,1.2055524774486823,0.17940515289712874,-0.8576175535846098,-0.2328083532258415,-0.30646388385823375,1.4254367919317223,4.7,1.6,1.2,1.4,0.7,0.9,0.423,4.1,0.61,0.6,0.8
1629640,Keldon Johnson,SAS,17,17.7,-3.4002283105227766,-1.3128773135291367,-0.9128675269171729,-1.2596047413227403,-0.5085031776916238,-0.9657341209143316,-0.9618660406491896,1.0491759089338426,0.04661190963585365,1.4254367919317223,9.1,3.4,0.9,0.8,0.1,0.8,0.596,5.2,0.795,2.6,0.8
1629001,De'Anthony Melton,MEM,60,19.5,-3.434782310798492,-1.581152125575323,-0.8010878297436413,-0.3115831096197247,0.9198765349252984,-0.5840210296438448,-1.0661145277137694,-0.6186271561920531,-0.11107092043447551,0.7189978531990409,7.6,3.7,2.9,1.3,0.3,0.7,0.401,6.7,0.769,2.0,1.4
203469,Cody Zeller,CHA,58,23.1,-3.4487717033876306,-0.9551775641342217,0.46574873822304746,-0.9751982518118355,-0.7941791202150085,-0.3931644840086013,-1.4831084759720885,0.7611008340484611,-0.9115310558385377,0.8367376763211543,11.1,7.1,1.5,0.7,0.4,0.3,0.524,8.3,0.682,3.1,1.3
201952,Jeff Teague,ATL,59,24.8,-3.490635842955512,-0.9909475390737131,-1.2854665174956108,0.7786417668387434,-0.7941791202150085,-0.5840210296438448,-1.0661145277137694,-0.33622500348978246,0.775117213371114,0.012558914466358971,10.9,2.4,5.2,0.7,0.3,0.7,0.436,8.3,0.873,3.3,2.0
203145,Kent Bazemore,SAC,68,24.8,-3.5013398141999454,-1.3665322759383738,-0.5775284353965787,-1.0225993333969863,0.34852464987852966,-0.011451392738114614,-0.5448720923908704,-1.0427381838942658,-0.12088042664443988,0.8367376763211543,8.8,4.3,1.4,1.1,0.6,1.2,0.375,7.9,0.769,2.2,1.3
1629006,Josh Okogie,MIN,62,25.0,-3.572485270847338,-1.4023022508778655,-0.5775284353965787,-0.9277971702266847,0.34852464987852966,-0.3931644840086013,-1.0661145277137694,-0.3397525514998316,0.06665164579842174,0.7189978531990409,8.6,4.3,1.6,1.1,0.4,0.7,0.427,6.4,0.796,3.1,1.4
1626224,Cedi Osman,CLE,65,29.4,-3.5749507816021824,-0.9730625516039674,-0.8383477288014852,-0.5485885175454785,-0.5085031776916238,-0.7748775752790882,0.1848673170611882,-0.3701603759135418,-0.4652760250272269,0.7189978531990409,11.0,3.6,2.4,0.8,0.2,1.9,0.437,9.4,0.67,1.4,1.4
202683,Enes Freedom,BOS,58,17.0,-3.6020092271898845,-1.4917271882265941,0.577528435396579,-1.2122036597375894,-1.6512069477851616,0.17940515289712874,-1.795853937165828,0.9901871333518303,-0.3880953616077452,1.1899571456874953,8.1,7.4,1.0,0.4,0.7,0.0,0.572,6.0,0.707,1.7,1.0
203463,Ben McLemore,HOU,71,22.8,-3.634098151521849,-1.1340274388316791,-1.3599863156112983,-1.307005822907891,-1.079855062738393,-0.7748775752790882,0.8103582394486671,-0.21746622363528748,-0.11441456702071602,1.5431766150538362,10.1,2.2,0.8,0.6,0.2,2.5,0.444,7.7,0.746,0.9,0.7
1628964,Mo Bamba,ORL,62,14.2,-3.672260107812792,-1.9746218499097292,-0.35396904104951576,-1.354406904493042,-1.6512069477851616,1.5154009723438324,-1.170363014778349,0.005105830279848998,-0.23137576747451144,1.5431766150538362,5.4,4.9,0.7,0.4,1.4,0.6,0.462,4.6,0.674,0.7,0.7
203382,Aron Baynes,PHX,42,22.2,-3.6918498245584406,-0.8836376142552387,-0.09314974764460948,-0.9277971702266847,-2.2225588328319303,-0.20230793837335798,-0.33637511826171085,0.23037011845137684,-0.21087102085955253,0.954477499443268,11.5,5.6,1.6,0.2,0.5,1.4,0.48,9.1,0.747,1.8,1.2
203503,Tony Snell,DET,59,27.8,-3.706796331652082,-1.5096121756963399,-1.4717660127848298,-0.64339068071578,-1.3655310052617773,-0.5840210296438448,-0.023629657067971366,-0.16969709393872948,0.2821950621591275,1.7786562612980634,8.0,1.9,2.2,0.5,0.3,1.7,0.445,6.5,1.0,0.5,0.5
1629629,Cam Reddish,ATL,58,26.7,-3.726082946717874,-1.062487488952696,-0.8010878297436413,-0.9751982518118355,0.34852464987852966,-0.20230793837335798,-0.33637511826171085,-1.1429998721389973,0.08007051885313604,0.3657783838326999,10.5,3.7,1.5,1.1,0.5,1.4,0.384,9.6,0.802,2.2,1.7
1626145,Tyus Jones,MEM,65,19.0,-3.7910395020476315,-1.6169221005148142,-1.5835457099583612,0.39943311415753724,-0.22282723516823943,-0.9657341209143316,-1.0661145277137694,-0.03389550972904031,-0.12687020413833436,1.4254367919317223,7.4,1.6,4.4,0.9,0.1,0.7,0.459,6.6,0.741,0.9,0.8
1628988,Aaron Holiday,IND,66,24.5,-3.8962303117119657,-1.2413373636501537,-1.2854665174956108,-0.07457770169397077,-0.5085031776916238,-0.7748775752790882,-0.4406236053262905,-0.6259046019163625,0.2183225550199804,0.8367376763211543,9.5,2.4,3.4,0.8,0.2,1.3,0.414,8.5,0.851,1.3,1.3
1629632,Coby White,CHI,65,25.8,-3.946633020752649,-0.5795928272695611,-0.8756076278593291,-0.4063852727900261,-0.5085031776916238,-0.9657341209143316,0.2891158041257681,-1.2764217135684828,0.010717531382237145,0.3657783838326999,13.2,3.5,2.7,0.8,0.1,2.0,0.394,12.2,0.791,2.0,1.7
203210,JaMychal Green,LAC,63,20.7,-3.9553977156739957,-1.7242320253332888,0.13040964670245347,-1.307005822907891,-1.3655310052617773,-0.3931644840086013,-0.23212663119713092,-0.2771581050387234,-0.09428625743864476,1.307696968809609,6.8,6.2,0.8,0.5,0.4,1.5,0.429,5.6,0.75,0.8,0.9
1629021,Moritz Wagner,WAS,45,18.6,-3.9768337469731385,-1.3844172634081198,-0.35396904104951576,-1.117401496567288,-1.079855062738393,-0.3931644840086013,-1.170363014778349,0.7347974649854551,0.18628112051474674,0.6012580300769271,8.7,4.9,1.2,0.6,0.4,0.6,0.545,5.9,0.821,2.1,1.5
1627736,Malik Beasley,MIN,55,22.0,-3.9854380643572664,-0.9372925766644761,-1.1736868203220794,-1.0225993333969863,-0.7941791202150085,-0.9657341209143316,0.1848673170611882,-0.5576913183353295,0.0909207627422611,1.1899571456874953,11.2,2.7,1.4,0.7,0.1,1.9,0.425,9.7,0.818,1.2,1.0
101133,Ian Mahinmi,WAS,38,21.3,-3.986817633959971,-1.6169221005148142,-0.055889848586765496,-1.070000414982137,-0.5085031776916238,1.1336878810733457,-1.691605450101248,0.2736201406461346,-1.4056821632461305,0.954477499443268,7.4,5.7,1.3,0.8,1.2,0.1,0.495,5.5,0.619,3.0,1.2
204456,T.J. McConnell,IND,71,18.7,-3.9897456809820504,-1.777886987742526,-1.1736868203220794,0.6838396036684418,-0.5085031776916238,-0.7748775752790882,-1.691605450101248,0.4700931468480806,0.06388372643895118,0.7189978531990409,6.5,2.7,5.0,0.8,0.2,0.1,0.516,5.8,0.833,0.6,1.4
1628449,Chris Boucher,TOR,62,13.2,-4.001546371513195,-1.7600020002727803,-0.5030086372808911,-1.4966101492484942,-1.6512069477851616,0.751974789802859,-1.170363014778349,0.0762937923361358,-0.02728046558457719,1.7786562612980634,6.6,4.5,0.4,0.4,1.0,0.6,0.472,4.8,0.784,1.9,0.5
1629672,Eric Paschall,GSW,60,27.6,-4.016996114444834,-0.43651292751159493,-0.46574873822304746,-0.6907917623009309,-1.3655310052617773,-0.7748775752790882,-1.170363014778349,0.5395143301736105,-0.13620362821847007,0.48351820695481335,14.0,4.6,2.1,0.5,0.2,0.6,0.497,10.7,0.774,3.5,1.6
1629631,De'Andre Hunter,ATL,63,32.0,-4.019799487913204,-0.7405577144972726,-0.5030086372808911,-0.8329950070563832,-0.7941791202150085,-0.5840210296438448,-0.023629657067971366,-0.8673102767233111,-0.15761625238333554,0.48351820695481335,12.3,4.5,1.8,0.7,0.3,1.7,0.41,10.8,0.764,2.3,1.6
201571,D.J. Augustin,ORL,57,24.9,-4.021493211689666,-1.062487488952696,-1.3972462146691422,0.49423527732783845,-1.079855062738393,-1.156590666549575,-0.5448720923908704,-0.7777454120865634,0.901810418292809,0.6012580300769271,10.5,2.1,4.6,0.6,0.0,1.2,0.399,8.1,0.89,3.2,1.5
203484,Kentavious Caldwell-Pope,LAL,69,25.5,-4.032645568343826,-1.277107338589645,-1.3972462146691422,-0.9277971702266847,-0.5085031776916238,-0.7748775752790882,-0.4406236053262905,0.04744842530336756,-0.06163588067432798,1.307696968809609,9.3,2.1,1.6,0.8,0.2,1.3,0.467,7.3,0.775,1.5,0.9
203937,Kyle Anderson,MEM,67,19.8,-4.056625908287141,-1.9030819000307462,-0.5775284353965787,-0.5485885175454785,-0.5085031776916238,-0.011451392738114614,-1.3788599889075088,0.09205658352925088,-0.4106262251938366,1.1899571456874953,5.8,4.3,2.4,0.8,0.6,0.4,0.474,4.9,0.667,1.2,1.0
202704,Reggie Jackson,LAC,31,24.0,-4.1006398616693485,-0.8120976643762556,-1.061907123148548,0.2572298694020846,-1.6512069477851616,-0.7748775752790882,0.08061882999660853,-0.8267104226246889,0.20479296519088724,0.48351820695481335,11.9,3.0,4.1,0.4,0.2,1.8,0.411,10.5,0.833,1.7,1.6
203458,Alex Len,SAC,55,17.6,-4.1036701013190715,-1.5096121756963399,-0.01862994952892183,-1.2596047413227403,-1.6512069477851616,0.5611182441676157,-1.4831084759720885,0.8099276272028874,-0.7425108280718163,1.1899571456874953,8.0,5.8,0.9,0.4,0.9,0.3,0.555,5.8,0.648,1.9,1.0
203506,Victor Oladipo,IND,19,27.8,-4.1127855343567745,-0.3470879901628662,-0.7265680316279539,-0.3115831096197247,-0.22282723516823943,-0.7748775752790882,-0.023629657067971366,-1.35117328034361,0.22110154605688823,-0.5761402011442092,14.5,3.9,2.9,0.9,0.2,1.7,0.394,12.9,0.814,3.1,2.5
1629675,Naz Reid,MIN,30,16.5,-4.181154015952409,-1.3307623009988823,-0.6520482335122664,-1.117401496567288,-1.079855062738393,0.17940515289712874,-0.6491205794554501,-0.619546602266223,-0.4550015083648721,1.5431766150538362,9.0,4.1,1.2,0.6,0.7,1.1,0.412,8.1,0.698,1.8,0.7
202954,Brad Wanamaker,BOS,71,19.3,-4.227111916862449,-1.706347037863543,-1.4345061137269859,-0.5011874359603278,-0.22282723516823943,-0.7748775752790882,-1.274611501842929,-0.10447651718734637,0.7195041776006286,1.0722173225653815,6.9,2.0,2.5,0.9,0.2,0.5,0.448,5.1,0.926,1.9,1.1
1629003,Shake Milton,PHI,40,20.1,-4.289124130975321,-1.2592223511198992,-1.3599863156112983,-0.45378635437517695,-1.3655310052617773,-0.7748775752790882,-0.23212663119713092,0.22252177483787774,-0.02059317241209583,0.954477499443268,9.4,2.2,2.6,0.5,0.2,1.5,0.484,6.9,0.785,1.6,1.2
201569,Eric Gordon,HOU,36,28.2,-4.295079207339014,-0.3649729776326119,-1.4345061137269859,-0.9751982518118355,-1.079855062738393,-0.3931644840086013,1.0188552135778268,-1.8356853047221475,-0.18502972571953388,0.954477499443268,14.4,2.0,1.5,0.6,0.4,2.7,0.369,12.9,0.766,3.0,1.2
1626171,Bobby Portis,NYK,66,21.1,-4.299515454502822,-1.1340274388316791,-0.27944924293382845,-0.9751982518118355,-1.3655310052617773,-0.5840210296438448,-0.75336906652003,-0.17524381764107222,-0.10489292442413672,1.0722173225653815,10.1,5.1,1.5,0.5,0.3,1.0,0.45,8.9,0.763,1.4,1.1
1627788,Furkan Korkmaz,PHI,72,21.7,-4.335976288713309,-1.1876824012409162,-1.3227264165534547,-1.1648025781524387,-1.079855062738393,-0.7748775752790882,0.2891158041257681,-0.3846912295562991,-0.13589362125020904,1.4254367919317223,9.8,2.3,1.1,0.6,0.2,2.0,0.43,7.8,0.755,1.4,0.8
1627854,Bryn Forbes,SAS,63,25.1,-4.336552917365061,-0.9372925766644761,-1.4345061137269859,-0.8803960886415341,-1.3655310052617773,-1.156590666549575,0.6018612653195073,-0.638157873453824,0.16636317280399557,1.307696968809609,11.2,2.0,1.7,0.5,0.0,2.3,0.417,9.2,0.833,1.4,0.9
1629016,Omari Spellman,MIN,49,18.1,-4.339012608268566,-1.581152125575323,-0.5030086372808911,-1.2122036597375894,-0.7941791202150085,-0.20230793837335798,-0.8576175535846098,-0.28081185152954075,0.0200509554623725,1.0722173225653815,7.6,4.5,1.0,0.7,0.5,0.9,0.431,6.0,0.793,1.9,1.1
1629004,Svi Mykhailiuk,DET,56,22.6,-4.366677981491509,-1.3307623009988823,-1.4717660127848298,-0.7855939254712325,-0.7941791202150085,-0.9657341209143316,0.393364291190348,-0.569409748692392,0.08518563382943771,1.0722173225653815,9.0,1.9,1.9,0.7,0.1,2.1,0.41,7.2,0.814,1.3,1.1
101107,Marvin Williams,MIL,58,19.5,-4.3750143311391945,-1.8851969125610004,-0.9873873250328604,-1.2122036597375894,-1.079855062738393,-0.20230793837335798,-0.75336906652003,-0.10546807667909783,0.18985727232718344,1.6609164381759496,5.9,3.2,1.0,0.6,0.5,1.0,0.446,4.6,0.86,1.0,0.6
1626168,Trey Lyles,SAS,63,20.2,-4.398749303487838,-1.7957719752122718,-0.055889848586765496,-1.1648025781524387,-1.6512069477851616,-0.3931644840086013,-0.75336906652003,-0.12840014347014894,-0.11706069792837001,1.6609164381759496,6.4,5.7,1.1,0.4,0.4,1.0,0.446,5.4,0.733,0.7,0.6
203089,John Henson,DET,40,15.0,-4.399636331585624,-1.9567368624399835,-0.6520482335122664,-1.0225993333969863,-1.079855062738393,0.9428313354381026,-1.5873569630366684,0.6137490841227342,-0.9653172648317729,1.307696968809609,5.5,4.1,1.4,0.6,1.1,0.2,0.556,4.3,0.5,1.2,0.9
202340,Avery Bradley,LAL,49,24.2,-4.403816307048929,-1.4023022508778655,-1.3227264165534547,-1.070000414982137,-0.22282723516823943,-0.9657341209143316,-0.4406236053262905,-0.22063320455742688,0.05107379564332064,1.1899571456874953,8.6,2.3,1.3,0.9,0.1,1.3,0.444,7.8,0.833,0.5,1.0
203895,Jordan McRae,DET,37,21.2,-4.4179914661907675,-0.8836376142552387,-0.9128675269171729,-0.5011874359603278,-1.079855062738393,-0.3931644840086013,-0.5448720923908704,-0.8374553218443953,-0.21942942751903627,0.954477499443268,11.5,3.4,2.5,0.6,0.4,1.2,0.407,9.9,0.761,2.9,1.2
201587,Nicolas Batum,CHA,22,23.0,-4.437560488352585,-2.296551624365153,-0.5030086372808911,-0.26418202803457386,-0.5085031776916238,-0.3931644840086013,-1.170363014778349,-0.6355437620664793,0.1437990941855905,1.1899571456874953,3.6,4.5,3.0,0.8,0.4,0.6,0.346,3.7,0.9,0.5,1.0
201145,Jeff Green,HOU,48,20.0,-4.439017772952864,-1.2592223511198992,-1.1364269212642357,-1.2122036597375894,-1.3655310052617773,-0.3931644840086013,-0.4406236053262905,-0.0069250915534015125,0.06738237650932219,1.307696968809609,9.4,2.8,1.0,0.5,0.4,1.3,0.462,7.2,0.802,1.9,0.9
203926,Doug McDermott,IND,69,19.9,-4.476922801556338,-1.0982574638921876,-1.248206618437767,-1.1648025781524387,-2.2225588328319303,-0.9657341209143316,0.1848673170611882,0.2984211468428505,0.07843191059232932,1.6609164381759496,10.3,2.5,1.1,0.2,0.1,1.9,0.488,7.9,0.828,0.8,0.6
1627745,Damian Jones,ATL,55,16.1,-4.5006942696662176,-1.938851874970238,-0.8010878297436413,-1.4018079860781925,-1.3655310052617773,0.17940515289712874,-1.795853937165828,1.0596323544832218,-0.21525540512495417,1.7786562612980634,5.6,3.7,0.6,0.5,0.7,0.0,0.68,3.2,0.738,1.5,0.5
203090,Maurice Harkless,NYK,62,23.0,-4.5138483717828475,-1.9030819000307462,-0.7265680316279539,-1.1648025781524387,-0.22282723516823943,-0.20230793837335798,-1.274611501842929,0.28154059767721573,-0.6088867530740071,1.307696968809609,5.8,3.9,1.1,0.9,0.5,0.5,0.502,4.6,0.591,1.1,0.9
202709,Cory Joseph,SAC,72,24.4,-4.522657855385149,-1.7957719752122718,-1.2109467193799233,-0.027176620108819945,-0.7941791202150085,-0.5840210296438448,-0.9618660406491896,-0.402467186990243,0.1815535142487712,1.0722173225653815,6.4,2.6,3.5,0.7,0.3,0.8,0.415,5.7,0.857,1.0,1.1
1629013,Landry Shamet,LAC,53,27.4,-4.5428003170029125,-1.277107338589645,-1.4717660127848298,-0.7855939254712325,-1.6512069477851616,-0.7748775752790882,0.393364291190348,-0.6526646892907202,0.2516150890756944,1.4254367919317223,9.3,1.9,1.9,0.4,0.2,2.1,0.404,7.4,0.855,1.4,0.8
1628398,Kyle Kuzma,LAL,61,25.0,-4.543006764680544,-0.6511327771485438,-0.5030086372808911,-1.070000414982137,-1.3655310052617773,-0.3931644840086013,-0.33637511826171085,-0.45418452629941103,-0.37086783151439945,0.6012580300769271,12.8,4.5,1.3,0.5,0.4,1.4,0.436,11.0,0.735,2.5,1.5
2738,Andre Iguodala,MIA,21,19.9,-4.5658231360818915,-2.1177017496676953,-0.8010878297436413,-0.5485885175454785,-0.7941791202150085,0.751974789802859,-1.0661145277137694,-0.18234097982142655,-0.7622627006209992,0.954477499443268,4.6,3.7,2.4,0.7,1.0,0.7,0.432,4.2,0.4,0.7,1.2
203493,Reggie Bullock Jr.,NYK,29,23.6,-4.594261503578442,-1.4917271882265941,-1.3227264165534547,-1.0225993333969863,-0.22282723516823943,-0.9657341209143316,-0.4406236053262905,-0.7033303745934854,0.032130155547103,1.5431766150538362,8.1,2.3,1.4,0.9,0.1,1.3,0.402,7.7,0.81,0.7,0.7
1627761,DeAndre' Bembry,ATL,43,21.3,-4.605668034975033,-1.9030819000307462,-0.8756076278593291,-0.7855939254712325,0.9198765349252984,-0.3931644840086013,-1.4831084759720885,-0.045908403207895514,-0.7580776065494798,0.7189978531990409,5.8,3.5,1.9,1.3,0.4,0.3,0.456,5.3,0.542,1.1,1.4
1626178,Rondae Hollis-Jefferson,TOR,60,18.7,-4.6411487794834585,-1.6884620503937973,-0.4284888391652035,-0.8329950070563832,-0.5085031776916238,-0.3931644840086013,-1.691605450101248,0.0753082422958495,-0.36319515904994654,1.1899571456874953,7.0,4.7,1.8,0.8,0.4,0.1,0.471,5.5,0.734,2.4,1.0
202693,Markieff Morris,LAL,58,20.5,-4.677489577918576,-1.2055673887106622,-0.7638279306857977,-1.070000414982137,-1.3655310052617773,-0.5840210296438448,-0.23212663119713092,-0.23566885212325758,-0.057484001635121865,0.8367376763211543,9.7,3.8,1.3,0.5,0.3,1.5,0.443,7.9,0.776,1.5,1.3
1628373,Frank Ntilikina,NYK,57,20.8,-4.6900855836019035,-1.8136569626820174,-1.3972462146691422,-0.26418202803457386,-0.22282723516823943,-0.5840210296438448,-0.9618660406491896,-0.601692521963232,0.2009289497650664,0.954477499443268,6.3,2.1,3.0,0.9,0.3,0.8,0.393,5.8,0.864,1.0,1.2
101141,Ersan Ilyasova,MIL,63,15.7,-4.696384606226081,-1.7600020002727803,-0.39122894010735976,-1.307005822907891,-1.6512069477851616,-0.5840210296438448,-0.9618660406491896,0.03330217655438046,0.14698773728770037,1.7786562612980634,6.6,4.8,0.8,0.4,0.3,0.8,0.466,5.0,0.828,1.4,0.5
2730,Dwight Howard,LAL,69,18.9,-4.703585251465382,-1.5990371130450687,0.5402685363387351,-1.354406904493042,-1.6512069477851616,0.9428313354381026,-1.795853937165828,1.6124057380545125,-2.3530634582508996,0.954477499443268,7.5,7.3,0.7,0.4,1.1,0.0,0.729,4.0,0.514,3.1,1.2
1629645,Kevin Porter Jr.,CLE,50,23.2,-4.738954826478846,-1.1519124263014249,-0.9873873250328604,-0.64339068071578,-0.22282723516823943,-0.5840210296438448,-0.6491205794554501,-0.2648747862439359,-0.3657195015057838,0.1302987375884727,10.0,3.2,2.2,0.9,0.3,1.1,0.442,8.4,0.723,2.0,1.9
1627936,Alex Caruso,LAL,64,18.4,-4.758845411462359,-1.9567368624399835,-1.4717660127848298,-0.7855939254712325,0.34852464987852966,-0.5840210296438448,-1.170363014778349,-0.33246308687259235,-0.23186292128177863,1.4254367919317223,5.5,1.9,1.9,1.1,0.3,0.6,0.412,4.5,0.734,1.5,0.8
1627746,Skal Labissiere,ATL,33,17.2,-4.78308624424967,-1.9030819000307462,-0.27944924293382845,-1.070000414982137,-2.2225588328319303,0.5611182441676157,-1.691605450101248,0.6072648859918263,-0.09247050233883199,1.307696968809609,5.8,5.1,1.3,0.2,0.9,0.1,0.551,4.5,0.758,1.0,0.9
1629065,Ky Bowman,GSW,45,22.6,-4.790935509578021,-1.6169221005148142,-1.1736868203220794,-0.3115831096197247,0.06284870735514494,-0.7748775752790882,-1.0661145277137694,-0.4864672995702515,0.09234900913174815,0.48351820695481335,7.4,2.7,2.9,1.0,0.2,0.7,0.417,7.1,0.829,0.9,1.6
1628997,Caleb Martin,CHA,18,17.6,-4.796168452516397,-1.8315419501517634,-1.3972462146691422,-1.070000414982137,-0.7941791202150085,-0.3931644840086013,-0.6491205794554501,-0.15070121785735835,0.06434873689134236,1.4254367919317223,6.2,2.1,1.3,0.7,0.4,1.1,0.44,4.7,0.81,1.2,0.8
1628975,Jevon Carter,PHX,58,16.3,-4.807811317875222,-2.064046787258458,-1.4345061137269859,-1.0225993333969863,-0.5085031776916238,-0.5840210296438448,-0.6491205794554501,-0.28329976443611715,0.07736902955829268,1.6609164381759496,4.9,2.0,1.4,0.8,0.3,1.1,0.416,4.2,0.852,0.5,0.6
203473,Dewayne Dedmon,ATL,44,17.6,-4.815984461935052,-1.9030819000307462,-0.055889848586765496,-1.4492090676633433,-1.079855062738393,0.5611182441676157,-1.274611501842929,-0.5406965895918563,0.08950358803021229,0.8367376763211543,5.8,5.7,0.5,0.6,0.9,0.5,0.4,5.8,0.833,0.8,1.3
203085,Austin Rivers,HOU,68,23.4,-4.858398461383137,-1.3665322759383738,-1.2109467193799233,-0.8803960886415341,-0.7941791202150085,-0.9657341209143316,-0.33637511826171085,-0.46366744071143395,-0.38374419237465723,1.5431766150538362,8.8,2.6,1.7,0.7,0.1,1.4,0.421,7.4,0.703,1.6,0.7
1629056,Terence Davis,TOR,72,16.8,-4.884450151472085,-1.5990371130450687,-0.9501274259750168,-0.9277971702266847,-1.3655310052617773,-0.7748775752790882,-0.4406236053262905,-0.056821567068626316,0.15814798814508668,1.0722173225653815,7.5,3.3,1.6,0.5,0.2,1.3,0.456,6.1,0.864,0.8,1.1
1627775,Patrick McCaw,TOR,37,24.5,-4.9071691027667885,-2.1177017496676953,-1.3227264165534547,-0.6907917623009309,0.34852464987852966,-0.9657341209143316,-1.170363014778349,-0.31126775155497255,-0.1025457288073054,1.4254367919317223,4.6,2.3,2.1,1.1,0.1,0.6,0.414,4.4,0.722,0.5,0.8
1626163,Frank Kaminsky,PHX,39,19.9,-4.928520426841699,-1.2055673887106622,-0.5030086372808911,-0.7855939254712325,-1.6512069477851616,-0.5840210296438448,-0.6491205794554501,-0.15258818561741846,-0.7051107016866475,1.307696968809609,9.7,4.5,1.9,0.4,0.3,1.1,0.45,7.9,0.678,2.3,0.9
1629637,Jaxson Hayes,NOP,64,16.9,-4.9296507557695195,-1.6169221005148142,-0.68930813257011,-1.2596047413227403,-1.6512069477851616,0.5611182441676157,-1.795853937165828,1.2698670045403844,-1.1731769370505878,1.4254367919317223,7.4,4.0,0.9,0.4,0.9,0.0,0.672,4.0,0.647,3.0,0.8
1629740,Nicolo Melli,NOP,60,17.4,-4.936338923747961,-1.7600020002727803,-1.061907123148548,-1.0225993333969863,-1.079855062738393,-0.3931644840086013,-0.5448720923908704,-0.3312191304193042,-0.1681564893042,1.4254367919317223,6.6,3.0,1.4,0.6,0.4,1.2,0.421,5.4,0.74,1.2,0.8
1627774,Jake Layman,MIN,23,22.0,-4.936682749626461,-1.3128773135291367,-1.248206618437767,-1.354406904493042,-0.7941791202150085,-0.3931644840086013,-0.75336906652003,-0.11516733134386617,-0.15526905676650424,1.1899571456874953,9.1,2.5,0.7,0.7,0.4,1.0,0.453,7.8,0.75,1.4,1.0
1628367,Josh Jackson,MEM,22,17.3,-4.948718997944388,-1.3307623009988823,-1.061907123148548,-0.9277971702266847,-0.5085031776916238,-0.3931644840086013,-0.75336906652003,-0.2448993695737436,-0.5650539820974287,0.8367376763211543,9.0,3.0,1.6,0.8,0.4,1.0,0.44,7.2,0.7,2.3,1.3
1626192,Pat Connaughton,MIL,67,18.6,-4.981347228982924,-1.9746218499097292,-0.6147883344544224,-0.9277971702266847,-1.6512069477851616,-0.20230793837335798,-0.9618660406491896,-0.041755872245469894,-0.03243986727063046,1.4254367919317223,5.4,4.2,1.6,0.4,0.5,0.8,0.455,4.5,0.775,0.6,0.8
1628370,Malik Monk,CHA,55,21.3,-5.004237716387412,-1.0982574638921876,-1.0991670222063918,-0.6907917623009309,-1.3655310052617773,-0.5840210296438448,-0.6491205794554501,-0.38918028980077374,0.1528335829749024,0.7189978531990409,10.3,2.9,2.1,0.5,0.3,1.1,0.434,8.9,0.82,1.8,1.4
203086,Meyers Leonard,MIA,51,20.3,-5.02447681478312,-1.8494269376215091,-0.27944924293382845,-1.1648025781524387,-1.9368828903085462,-0.5840210296438448,-0.75336906652003,0.32991668197175494,-0.21187854350639956,1.4254367919317223,6.1,5.1,1.1,0.3,0.3,1.0,0.509,4.6,0.643,0.5,0.8
1627885,Shaquille Harrison,CHI,43,11.3,-5.045430858533146,-2.064046787258458,-1.4345061137269859,-1.1648025781524387,-0.5085031776916238,-0.3931644840086013,-1.3788599889075088,0.03735254684189835,-0.035296360049604354,1.896396084420177,4.9,2.0,1.1,0.8,0.4,0.4,0.467,3.8,0.78,1.2,0.4
1627780,Gary Payton II,WAS,29,14.9,-5.053388654545918,-2.2428966619559154,-1.1364269212642357,-0.8803960886415341,0.34852464987852966,-0.7748775752790882,-1.3788599889075088,-0.2805714734709344,-0.25106120995906733,1.5431766150538362,3.9,2.8,1.7,1.1,0.2,0.4,0.414,4.0,0.5,0.3,0.7
1628385,Harry Giles III,SAC,46,14.5,-5.077466239771118,-1.706347037863543,-0.6520482335122664,-1.070000414982137,-1.3655310052617773,-0.3931644840086013,-1.795853937165828,0.761136890757252,-0.04561516342171126,1.1899571456874953,6.9,4.1,1.3,0.5,0.4,0.0,0.554,5.5,0.776,1.1,1.0
202083,Wesley Matthews,MIL,67,24.4,-5.100817030272873,-1.6169221005148142,-1.248206618437767,-1.0225993333969863,-1.079855062738393,-0.9657341209143316,-0.12787814413255102,-0.627443021491443,-0.07309506682253678,1.6609164381759496,7.4,2.5,1.4,0.6,0.1,1.6,0.396,6.3,0.765,1.0,0.6
201959,Taj Gibson,NYK,62,16.5,-5.154703220362254,-1.8494269376215091,-0.5775284353965787,-1.307005822907891,-1.6512069477851616,-0.20230793837335798,-1.691605450101248,0.8482318708418174,-0.14929035095004736,1.4254367919317223,6.1,4.3,0.8,0.4,0.5,0.1,0.584,4.6,0.732,0.9,0.8
1629067,Isaac Bonga,WAS,66,18.9,-5.216761772719638,-2.0461617997887123,-0.9128675269171729,-1.117401496567288,-0.7941791202150085,-0.5840210296438448,-1.3788599889075088,0.23104317701547497,0.07798904349481418,1.307696968809609,5.0,3.4,1.2,0.7,0.3,0.4,0.504,3.5,0.812,1.3,0.9
200765,Rajon Rondo,LAL,48,20.5,-5.22678104560488,-1.6705770629240517,-1.061907123148548,0.6838396036684418,-0.5085031776916238,-1.156590666549575,-0.8576175535846098,-0.4545811500961117,-0.33114265286727484,0.1302987375884727,7.1,3.0,5.0,0.8,0.0,0.9,0.418,6.8,0.659,0.9,1.9
1629636,Darius Garland,CLE,59,30.9,-5.252435369317881,-0.7405577144972726,-1.4717660127848298,0.16242770623178313,-0.7941791202150085,-0.9657341209143316,0.08061882999660853,-1.1096113597985675,0.2802464469300599,-0.6938800242663229,12.3,1.9,3.9,0.7,0.1,1.8,0.401,11.8,0.875,1.2,2.6
201584,Courtney Lee,DAL,24,14.4,-5.262756317300747,-2.135586737137441,-1.6953254071318926,-1.4492090676633433,-0.5085031776916238,-0.5840210296438448,-0.8576175535846098,0.14346744081369603,0.045382953440248876,1.7786562612980634,4.5,1.3,0.5,0.8,0.3,0.9,0.488,3.4,0.857,0.3,0.5
1628470,Torrey Craig,DEN,58,18.5,-5.266491566692563,-1.9746218499097292,-0.9501274259750168,-1.307005822907891,-1.6512069477851616,-0.011451392738114614,-0.9618660406491896,-0.0018050389050851784,-0.3048031322425513,1.896396084420177,5.4,3.3,0.8,0.4,0.6,0.8,0.461,4.6,0.611,0.6,0.4
1627756,Denzel Valentine,CHI,36,13.6,-5.268362136051808,-1.7242320253332888,-1.3972462146691422,-1.117401496567288,-0.7941791202150085,-0.7748775752790882,-0.4406236053262905,-0.529675255604753,-0.03330345811078527,1.5431766150538362,6.8,2.1,1.2,0.7,0.2,1.3,0.409,6.6,0.75,0.2,0.7
203504,Trey Burke,DAL,33,15.8,-5.276303652506211,-1.6169221005148142,-1.6208056090162049,-0.5011874359603278,-1.3655310052617773,-0.9657341209143316,-0.75336906652003,-0.11633917437957247,0.002668421884896391,1.6609164381759496,7.4,1.5,2.5,0.5,0.1,1.0,0.45,6.3,0.793,0.9,0.6
202738,Isaiah Thomas,WAS,40,23.1,-5.279625689602596,-0.7584427019670186,-1.5462858109005173,0.0676255430614817,-1.9368828903085462,-0.7748775752790882,0.2891158041257681,-0.8911858273943922,0.14100903147124336,0.1302987375884727,12.2,1.7,3.7,0.3,0.2,2.0,0.408,10.7,0.816,1.9,1.9
1628960,Grayson Allen,MEM,38,18.9,-5.304861510254105,-1.3844172634081198,-1.3599863156112983,-1.0225993333969863,-1.9368828903085462,-0.9657341209143316,-0.23212663119713092,0.035513654693559465,0.25367442107914073,1.307696968809609,8.7,2.2,1.4,0.3,0.1,1.5,0.466,6.6,0.867,1.2,0.9
1629185,Chris Chiozza,BKN,28,14.3,-5.329581655477704,-2.0282768123189667,-1.4717660127848298,-0.26418202803457386,-0.5085031776916238,-0.9657341209143316,-0.75336906652003,-0.5150602696414832,0.10509250986275172,1.0722173225653815,5.1,1.9,3.0,0.8,0.1,1.0,0.393,5.0,1.0,0.2,1.1
1628021,David Nwaba,HOU,20,13.4,-5.343068082114827,-2.0103918248492207,-1.3227264165534547,-1.4966101492484942,-1.079855062738393,-0.011451392738114614,-1.170363014778349,0.3288349807080262,-0.47690128633700407,1.896396084420177,5.2,2.3,0.4,0.6,0.6,0.6,0.521,3.6,0.667,1.4,0.4
1627733,Dragan Bender,GSW,16,17.8,-5.344071739831731,-1.7421170128030348,-0.46574873822304746,-0.8329950070563832,-1.9368828903085462,-0.011451392738114614,-0.8576175535846098,-0.1398661768656745,-0.19413064457347337,0.8367376763211543,6.7,4.6,1.8,0.3,0.6,0.9,0.446,5.8,0.714,0.9,1.3
1628973,Jalen Brunson,DAL,57,17.9,-5.388239683313913,-1.4738422007568486,-1.2854665174956108,-0.1219787832791216,-1.6512069477851616,-0.9657341209143316,-0.9618660406491896,0.035790089460956846,0.08158733866212574,0.954477499443268,8.2,2.4,3.3,0.4,0.1,0.8,0.466,6.8,0.813,1.3,1.2
203486,Mason Plumlee,DEN,61,17.3,-5.402002785718757,-1.652692075454306,-0.24218934387598448,-0.5011874359603278,-1.3655310052617773,-0.011451392738114614,-1.795853937165828,1.0849922396661973,-1.7548275112497693,0.8367376763211543,7.2,5.2,2.5,0.5,0.6,0.0,0.615,4.7,0.535,2.5,1.3
203516,James Ennis III,ORL,69,18.3,-5.404867059776479,-1.7600020002727803,-0.8383477288014852,-1.2596047413227403,-1.3655310052617773,-0.5840210296438448,-0.9618660406491896,-0.12266712677238618,0.061735821016001946,1.4254367919317223,6.6,3.6,0.9,0.5,0.3,0.8,0.446,5.2,0.806,1.4,0.8
2594,Kyle Korver,MIL,58,16.6,-5.406053468733934,-1.7421170128030348,-1.3972462146691422,-1.117401496567288,-1.6512069477851616,-0.7748775752790882,-0.023629657067971366,-0.24239342831277189,0.11738207181880163,1.4254367919317223,6.7,2.1,1.2,0.4,0.2,1.7,0.43,5.1,0.854,0.7,0.8
201163,Wilson Chandler,BKN,35,21.0,-5.4131636010245385,-1.8851969125610004,-0.6520482335122664,-1.1648025781524387,-1.3655310052617773,-0.5840210296438448,-0.6491205794554501,-0.4507831767701302,0.14838276864487393,1.1899571456874953,5.9,4.1,1.1,0.5,0.3,1.1,0.404,5.2,0.87,0.7,1.0
202734,E'Twaun Moore,NOP,56,18.2,-5.422885238822004,-1.4559572132871024,-1.3227264165534547,-1.0225993333969863,-1.079855062738393,-0.7748775752790882,-0.6491205794554501,-0.43156495098454833,-0.229360722180817,1.5431766150538362,8.3,2.3,1.4,0.6,0.2,1.1,0.426,7.8,0.689,0.8,0.7
203524,Solomon Hill,MIA,59,18.4,-5.424899159645012,-1.9567368624399835,-1.1364269212642357,-0.8329950070563832,-0.7941791202150085,-0.7748775752790882,-0.6491205794554501,-0.46138985860613796,-0.12687020413833436,1.307696968809609,5.5,2.8,1.8,0.7,0.2,1.1,0.396,4.7,0.741,0.9,0.9
1628396,Tony Bradley,UTA,58,11.4,-5.457186454082695,-2.064046787258458,-0.46574873822304746,-1.4966101492484942,-2.2225588328319303,-0.011451392738114614,-1.691605450101248,1.0274697702416844,-0.3112911352211507,1.7786562612980634,4.9,4.6,0.4,0.2,0.6,0.1,0.667,3.3,0.652,0.8,0.5
1629652,Luguentz Dort,OKC,36,22.8,-5.459544363457786,-1.7242320253332888,-1.3227264165534547,-1.307005822907891,-0.22282723516823943,-0.9657341209143316,-0.9618660406491896,-0.6250152030995183,0.008946062992175945,1.6609164381759496,6.8,2.3,0.8,0.9,0.1,0.8,0.394,6.1,0.792,1.5,0.6
1629655,Daniel Gafford,CHI,43,14.2,-5.461723847949342,-2.0282768123189667,-1.248206618437767,-1.4492090676633433,-1.9368828903085462,1.3245444267085893,-1.795853937165828,1.1251473943563972,-0.9961629581737148,1.5431766150538362,5.1,2.5,0.5,0.3,1.3,0.0,0.701,3.1,0.533,1.4,0.7
1629667,Jalen McDaniels,CHA,16,18.3,-5.499445077586861,-1.938851874970238,-0.6520482335122664,-1.307005822907891,-1.3655310052617773,-0.7748775752790882,-1.170363014778349,0.06552485531056881,0.10053097875834358,1.5431766150538362,5.6,4.1,0.8,0.5,0.2,0.6,0.471,4.4,0.824,1.1,0.7
1628436,Luke Kornet,CHI,36,15.5,-5.519697759640046,-1.8673119250912549,-1.3227264165534547,-1.2596047413227403,-1.9368828903085462,0.17940515289712874,-0.8576175535846098,-0.17735313510534356,-0.17400233499140214,1.896396084420177,6.0,2.3,0.9,0.3,0.7,0.9,0.439,5.2,0.714,0.8,0.4
1629647,Darius Bazley,OKC,61,18.5,-5.6715815196789485,-1.938851874970238,-0.68930813257011,-1.354406904493042,-1.6512069477851616,0.17940515289712874,-0.9618660406491896,-0.5289060458172122,-0.26961734134495946,1.5431766150538362,5.6,4.0,0.7,0.4,0.7,0.8,0.394,5.2,0.694,1.0,0.7
1627789,Timothe Luwawu-Cabarrot,BKN,47,18.1,-5.69000589886155,-1.5453821506358312,-1.1736868203220794,-1.4018079860781925,-1.6512069477851616,-0.9657341209143316,-0.4406236053262905,-0.23119782023317853,0.29419676050179216,1.4254367919317223,7.8,2.7,0.6,0.4,0.1,1.3,0.435,5.7,0.852,1.7,0.8
1629026,Kenrich Williams,NOP,39,21.3,-5.701412411540213,-2.3144366118348985,-0.39122894010735976,-0.9751982518118355,-0.7941791202150085,-0.20230793837335798,-1.170363014778349,-0.647724920186359,-0.8668900524089933,1.6609164381759496,3.5,4.8,1.5,0.7,0.5,0.6,0.347,3.8,0.346,0.7,0.6
201933,Blake Griffin,DET,18,28.5,-5.726370381114002,-0.1682381154654087,-0.4284888391652035,-0.1219787832791216,-1.6512069477851616,-0.3931644840086013,-0.23212663119713092,-2.33504067421963,-0.17320517421587522,-0.2229207317778685,15.5,4.7,3.3,0.4,0.4,1.5,0.352,13.9,0.776,5.4,2.2
1628392,Isaiah Hartenstein,HOU,23,11.6,-5.747792608287005,-2.0998167621979498,-0.7265680316279539,-1.307005822907891,-1.6512069477851616,-0.20230793837335798,-1.795853937165828,0.8625584031347595,-0.37076818641745796,1.5431766150538362,4.7,3.9,0.8,0.4,0.5,0.0,0.657,2.9,0.679,1.2,0.7
1628966,Keita Bates-Diop,DEN,44,16.9,-5.754191676349608,-1.777886987742526,-1.0991670222063918,-1.354406904493042,-1.6512069477851616,-0.20230793837335798,-0.9618660406491896,-0.27682157575667443,-0.3269243437634418,1.896396084420177,6.5,2.9,0.7,0.4,0.5,0.8,0.427,5.3,0.72,1.7,0.4
1626143,Jahlil Okafor,NOP,30,15.6,-5.75537055064355,-1.4917271882265941,-0.6147883344544224,-1.117401496567288,-2.2225588328319303,0.17940515289712874,-1.795853937165828,1.3075582841298685,-0.8367418747456383,0.8367376763211543,8.1,4.2,1.2,0.2,0.7,0.0,0.623,5.4,0.645,2.1,1.3
1629633,Jarrett Culver,MIN,63,23.9,-5.759347096919616,-1.294992326059391,-0.9128675269171729,-0.8803960886415341,-0.22282723516823943,-0.011451392738114614,-0.75336906652003,-0.7994876074875129,-1.7206935297087758,0.8367376763211543,9.2,3.4,1.7,0.9,0.6,1.0,0.404,9.0,0.462,1.9,1.3
202329,Al-Farouq Aminu,ORL,18,21.1,-5.802496923517015,-2.1713567120769324,-0.39122894010735976,-1.117401496567288,0.06284870735514494,-0.3931644840086013,-1.274611501842929,-1.2289590658966485,-0.5963203991820097,1.307696968809609,4.3,4.8,1.2,1.0,0.4,0.5,0.291,4.8,0.655,1.6,0.9
1626209,Mario Hezonja,POR,53,16.4,-5.804259724489042,-2.081931774728204,-0.8756076278593291,-1.2596047413227403,-0.7941791202150085,-0.7748775752790882,-1.274611501842929,-0.23896804097763064,0.07008386580416542,1.4254367919317223,4.8,3.5,0.9,0.7,0.2,0.5,0.422,4.1,0.814,1.1,0.8
203118,Mike Scott,PHI,68,17.8,-5.816173444090149,-1.8673119250912549,-0.8383477288014852,-1.307005822907891,-1.9368828903085462,-0.9657341209143316,-0.5448720923908704,-0.2730416307850887,0.020626682689142625,1.896396084420177,6.0,3.6,0.8,0.3,0.1,1.2,0.426,5.1,0.811,0.5,0.4
1628990,Chandler Hutchison,CHI,28,18.8,-5.829305189312488,-1.5453821506358312,-0.7265680316279539,-1.2596047413227403,0.06284870735514494,-0.5840210296438448,-1.3788599889075088,-0.05008497197618177,-1.537590128241068,1.1899571456874953,7.8,3.9,0.9,1.0,0.3,0.4,0.457,6.3,0.59,2.8,1.0
202687,Bismack Biyombo,CHA,53,19.4,-5.846467508959035,-1.6169221005148142,-0.01862994952892183,-1.2596047413227403,-2.2225588328319303,0.5611182441676157,-1.795853937165828,0.6351247029843089,-1.4368378635563333,1.307696968809609,7.4,5.8,0.9,0.2,0.9,0.0,0.543,5.2,0.603,2.8,0.9
1628998,Cody Martin,CHA,48,18.8,-5.847535075057076,-2.0461617997887123,-0.9501274259750168,-0.7381928438860816,-0.5085031776916238,-0.7748775752790882,-1.3788599889075088,-0.20023111683320832,-0.5582781155054438,1.307696968809609,5.0,3.3,2.0,0.8,0.2,0.4,0.43,4.3,0.646,1.4,0.9
1629234,Drew Eubanks,SAS,22,12.4,-5.8512631224704155,-2.064046787258458,-0.7265680316279539,-1.354406904493042,-2.2225588328319303,0.37026169853237234,-1.795853937165828,0.8237854222815464,-0.07183289559461814,1.1899571456874953,4.9,3.9,0.7,0.2,0.8,0.0,0.642,3.0,0.769,1.2,1.0
203960,JaKarr Sampson,IND,34,13.8,-5.892842496396296,-2.1177017496676953,-1.2109467193799233,-1.4018079860781925,-1.3655310052617773,-0.3931644840086013,-1.691605450101248,0.6695949165884669,-0.2780761029075018,1.896396084420177,4.6,2.6,0.6,0.5,0.4,0.1,0.591,3.4,0.667,0.8,0.4
1629628,RJ Barrett,NYK,56,30.4,-5.916486933784132,-0.3828579651023576,-0.3167091419916721,-0.45378635437517695,0.06284870735514494,-0.5840210296438448,-0.6491205794554501,-1.2056063375030357,-2.164313501289871,-0.2229207317778685,14.3,5.0,2.6,1.0,0.3,1.1,0.402,13.0,0.614,4.5,2.2
1629726,Garrison Mathews,WAS,18,12.6,-5.937188258715236,-1.9746218499097292,-1.6953254071318926,-1.4018079860781925,-1.6512069477851616,-0.9657341209143316,-0.6491205794554501,-0.14164497449936203,0.6458775226387067,1.896396084420177,5.4,1.3,0.6,0.4,0.1,1.1,0.429,3.1,0.912,1.9,0.4
1628411,Wes Iwundu,ORL,52,18.3,-5.9417173756903505,-1.9030819000307462,-1.248206618437767,-1.117401496567288,-1.3655310052617773,-0.5840210296438448,-1.274611501842929,-0.3054205552793717,0.077900470075311,1.7786562612980634,5.8,2.5,1.2,0.5,0.3,0.5,0.416,4.5,0.804,1.9,0.5
1628422,Damyean Dotson,NYK,48,17.4,-5.990017092528997,-1.7421170128030348,-1.4717660127848298,-1.117401496567288,-1.3655310052617773,-0.9657341209143316,-0.5448720923908704,-0.43405286389112474,-0.24493857233591806,1.896396084420177,6.7,1.9,1.2,0.5,0.1,1.2,0.414,6.0,0.667,0.7,0.4
203124,Kyle O'Quinn,PHI,29,10.8,-6.052456925380894,-2.3144366118348985,-0.68930813257011,-0.8329950070563832,-2.2225588328319303,0.37026169853237234,-1.5873569630366684,0.1523914762394589,-0.47163116787657167,1.5431766150538362,3.5,4.0,1.8,0.2,0.8,0.2,0.494,2.9,0.55,0.7,0.7
204020,Tyler Johnson,BKN,39,18.2,-6.118099977926579,-1.6884620503937973,-1.4717660127848298,-0.7855939254712325,-1.6512069477851616,-0.7748775752790882,-0.75336906652003,-0.7147423229258247,0.1787413081795488,1.5431766150538362,7.0,1.9,1.9,0.4,0.2,1.0,0.388,6.4,0.84,1.3,0.7
1626245,Cristiano Felicio,CHI,22,17.5,-6.142191577293454,-2.2428966619559154,-0.46574873822304746,-1.354406904493042,-1.3655310052617773,-0.9657341209143316,-1.795853937165828,0.6458155171408284,-0.02327251835206342,1.4254367919317223,3.9,4.6,0.7,0.5,0.1,0.0,0.63,2.5,0.783,1.0,0.8
1627846,Abdel Nader,OKC,55,15.8,-6.164740429830175,-1.8136569626820174,-1.5090259118426737,-1.354406904493042,-1.6512069477851616,-0.3931644840086013,-0.8576175535846098,0.04744842530336745,-0.05854688266915859,1.4254367919317223,6.3,1.8,0.7,0.4,0.4,0.9,0.468,4.8,0.773,1.2,0.8
1626246,Boban Marjanovic,DAL,44,9.6,-6.18415771467118,-1.7600020002727803,-0.5030086372808911,-1.4492090676633433,-2.2225588328319303,-0.7748775752790882,-1.691605450101248,0.8046393099135457,-0.1307120762092798,1.5431766150538362,6.6,4.5,0.5,0.2,0.2,0.1,0.573,4.8,0.754,1.3,0.7
200826,J.J. Barea,DAL,29,15.5,-6.203216073185199,-1.5632671381055772,-1.5090259118426737,0.16242770623178313,-2.2225588328319303,-0.9657341209143316,-0.6491205794554501,-0.5504679576742071,0.25779308508603344,0.8367376763211543,7.7,1.8,3.9,0.2,0.1,1.1,0.411,7.1,0.909,0.8,1.3
1627777,Georges Niang,UTA,66,14.0,-6.306402059262018,-1.8851969125610004,-1.4717660127848298,-1.354406904493042,-1.9368828903085462,-0.9657341209143316,-0.33637511826171085,-0.17296022608431152,0.03826386484769009,1.7786562612980634,5.9,1.9,0.7,0.3,0.1,1.4,0.438,4.9,0.833,0.4,0.5
1628425,Sterling Brown,MIL,52,14.7,-6.347861970433222,-2.0282768123189667,-0.8756076278593291,-1.2122036597375894,-1.079855062738393,-0.9657341209143316,-0.9618660406491896,-0.6661859550873308,0.016430516940184936,1.4254367919317223,5.1,3.5,1.0,0.6,0.1,0.8,0.371,4.9,0.8,0.8,0.8
1629723,John Konchar,MEM,19,9.5,-6.358985189685145,-2.4396315241231186,-1.248206618437767,-1.117401496567288,-1.6512069477851616,-0.7748775752790882,-1.4831084759720885,0.551389006268767,-0.0923376422095772,1.896396084420177,2.8,2.5,1.2,0.4,0.2,0.3,0.649,1.9,0.5,0.1,0.4
203920,Khem Birch,ORL,48,19.2,-6.38126760999206,-2.153471724607187,-0.46574873822304746,-1.2122036597375894,-1.6512069477851616,-0.20230793837335798,-1.795853937165828,0.22884972723069155,-0.7902408295065297,1.6609164381759496,4.4,4.6,1.0,0.4,0.5,0.0,0.51,3.0,0.653,2.1,0.6
1629103,Kelan Martin,MIN,31,16.0,-6.403969232182726,-1.7957719752122718,-1.0246472240907043,-1.354406904493042,-2.2225588328319303,-0.5840210296438448,-0.9618660406491896,-0.6104062265877142,0.48879256315002323,1.6609164381759496,6.4,3.1,0.7,0.2,0.3,0.8,0.392,5.8,0.968,1.0,0.6
1629014,Anfernee Simons,POR,70,20.7,-6.4065773226083245,-1.4559572132871024,-1.3599863156112983,-1.0225993333969863,-1.6512069477851616,-0.9657341209143316,-0.6491205794554501,-0.7380349568047853,0.12836517583718127,1.307696968809609,8.3,2.2,1.4,0.4,0.1,1.1,0.399,7.7,0.826,1.3,0.9
1628977,Hamidou Diallo,OKC,46,19.5,-6.427944583854884,-1.706347037863543,-0.8383477288014852,-1.307005822907891,-0.5085031776916238,-0.7748775752790882,-1.4831084759720885,-0.15706522695896283,-0.7249068609455825,1.0722173225653815,6.9,3.6,0.8,0.8,0.2,0.3,0.446,6.4,0.603,1.4,1.1
1629673,Jordan Poole,GSW,57,22.3,-6.4382060212942305,-1.3665322759383738,-1.3972462146691422,-0.5485885175454785,-1.079855062738393,-0.7748775752790882,-0.4406236053262905,-1.719811061570929,0.05259061545231052,0.8367376763211543,8.8,2.1,2.4,0.6,0.2,1.3,0.333,8.8,0.798,2.1,1.3
1629022,Lonnie Walker IV,SAS,61,16.2,-6.461542485194993,-1.7957719752122718,-1.3227264165534547,-1.1648025781524387,-1.3655310052617773,-0.7748775752790882,-1.0661145277137694,-0.3200115034367804,-0.19488351863924944,1.5431766150538362,6.4,2.3,1.1,0.5,0.2,0.7,0.426,5.9,0.721,1.0,0.7
1627853,Ryan Arcidiacono,CHI,58,16.0,-6.469169965101219,-2.135586737137441,-1.4717660127848298,-0.8803960886415341,-1.3655310052617773,-0.9657341209143316,-0.8576175535846098,-0.29376822888842613,-0.15968665606421942,1.6609164381759496,4.5,1.9,1.7,0.5,0.1,0.9,0.409,3.8,0.711,0.7,0.6
203998,Bruno Caboclo,HOU,30,8.1,-6.476204735959852,-2.4038615491836275,-1.4345061137269859,-1.4966101492484942,-1.3655310052617773,-0.011451392738114614,-1.5873569630366684,-0.1452386264755278,0.071954979291168,1.896396084420177,3.0,2.0,0.4,0.5,0.6,0.2,0.427,3.0,0.889,0.3,0.4
203488,Mike Muscala,OKC,47,12.2,-6.515890523395212,-2.081931774728204,-1.3227264165534547,-1.2596047413227403,-2.2225588328319303,-0.5840210296438448,-0.6491205794554501,-0.3226376337270555,0.03031440044729007,1.896396084420177,4.8,2.3,0.9,0.2,0.3,1.1,0.407,4.0,0.818,0.5,0.4
1627748,Thon Maker,DET,60,12.9,-6.5325385105816745,-2.0998167621979498,-1.1364269212642357,-1.354406904493042,-1.6512069477851616,0.17940515289712874,-1.3788599889075088,0.1077352424018538,-0.6243981731644809,1.4254367919317223,4.7,2.8,0.7,0.4,0.7,0.4,0.482,3.2,0.664,1.8,0.8
1629151,Ryan Broekhoff,PHI,17,10.6,-6.548082872607267,-2.1892416995466784,-1.248206618437767,-1.4018079860781925,-1.9368828903085462,-0.7748775752790882,-0.5448720923908704,-0.4577901971785072,0.10920010219220622,1.896396084420177,4.2,2.5,0.6,0.3,0.2,1.2,0.373,3.5,0.875,0.5,0.4
201961,Wayne Ellington,NYK,36,15.5,-6.5729856612802475,-2.0282768123189667,-1.5090259118426737,-1.117401496567288,-1.6512069477851616,-0.9657341209143316,-0.33637511826171085,-0.7962785604051178,0.05265704551693795,1.7786562612980634,5.1,1.8,1.2,0.4,0.1,1.4,0.351,4.8,0.846,0.4,0.5
1628408,PJ Dozier,DEN,29,14.2,-6.595901427366867,-1.9030819000307462,-1.4717660127848298,-0.64339068071578,-1.3655310052617773,-0.7748775752790882,-1.170363014778349,-0.3880084467650676,-0.1865797605608372,1.307696968809609,5.8,1.9,2.2,0.5,0.2,0.6,0.414,5.4,0.724,1.0,0.9
1629109,Gary Clark,ORL,42,13.5,-6.63041332617925,-2.278666636895407,-1.2109467193799233,-1.4966101492484942,-2.508234775355315,-0.20230793837335798,-0.8576175535846098,-0.25763940667988305,0.04973412267333694,2.1318757306644045,3.7,2.6,0.4,0.1,0.5,0.9,0.406,3.2,0.9,0.2,0.2
1626144,Emmanuel Mudiay,UTA,54,15.7,-6.655675982946541,-1.63480708798456,-1.3227264165534547,-0.6907917623009309,-1.6512069477851616,-0.7748775752790882,-1.170363014778349,-0.0018350861624109101,-0.1280659453016258,0.7189978531990409,7.3,2.3,2.1,0.4,0.2,0.6,0.462,6.1,0.759,1.5,1.4
1629164,Brandon Goodwin,ATL,34,12.7,-6.662697117987577,-1.8494269376215091,-1.3972462146691422,-0.9751982518118355,-1.6512069477851616,-0.9657341209143316,-0.9618660406491896,-0.5211418345242252,0.3514262611782096,1.307696968809609,6.1,2.1,1.5,0.4,0.1,0.8,0.4,5.6,0.933,0.9,0.9
1627823,Juancho Hernangomez,MIN,48,17.4,-6.706013268622463,-1.8673119250912549,-0.6520482335122664,-1.307005822907891,-1.6512069477851616,-0.7748775752790882,-0.8576175535846098,-0.4339446937647514,-0.705177131751275,1.5431766150538362,6.0,4.1,0.8,0.4,0.2,0.9,0.405,5.1,0.62,1.5,0.7
1627767,Cheick Diallo,PHX,47,10.2,-6.71801930979283,-2.0998167621979498,-1.1364269212642357,-1.4492090676633433,-2.2225588328319303,-0.5840210296438448,-1.795853937165828,0.8508279538747671,0.17586267204569947,1.5431766150538362,4.7,2.8,0.5,0.2,0.3,0.0,0.648,3.0,0.872,0.8,0.7
1713,Vince Carter,ATL,60,14.6,-6.731555865572631,-2.0461617997887123,-1.3972462146691422,-1.307005822907891,-1.6512069477851616,-0.3931644840086013,-0.75336906652003,-0.8400333765229487,-0.004284591546094056,1.6609164381759496,5.0,2.1,0.8,0.4,0.4,1.0,0.352,5.1,0.793,0.5,0.6
200757,Thabo Sefolosha,HOU,41,10.6,-6.824287868747531,-2.5469414489415936,-1.3227264165534547,-1.4018079860781925,-1.079855062738393,-0.5840210296438448,-1.3788599889075088,-0.16557461023362982,-0.24089741007109078,1.896396084420177,2.2,2.3,0.6,0.6,0.3,0.4,0.407,2.2,0.375,0.2,0.4
1626172,Kevon Looney,GSW,20,13.1,-6.8261921393209395,-2.332321599304644,-0.9501274259750168,-1.2122036597375894,-1.079855062738393,-0.5840210296438448,-1.691605450101248,-0.5630156923334614,-0.0739586576626916,1.6609164381759496,3.4,3.3,1.0,0.6,0.3,0.1,0.367,4.0,0.75,0.6,0.6
1628035,Alfonzo McKinnie,CLE,40,14.8,-6.843626106801636,-2.1177017496676953,-1.1364269212642357,-1.4966101492484942,-1.079855062738393,-0.7748775752790882,-1.3788599889075088,-0.2196115978083498,-0.1828596769417085,1.5431766150538362,4.6,2.8,0.4,0.6,0.2,0.4,0.427,4.3,0.71,0.8,0.7
203943,Noah Vonleh,DEN,36,10.5,-6.8515214103021265,-2.278666636895407,-0.9128675269171729,-1.307005822907891,-1.9368828903085462,-0.7748775752790882,-1.691605450101248,0.4166931611286672,-0.027225107197387625,1.6609164381759496,3.7,3.4,0.8,0.3,0.2,0.1,0.565,2.6,0.781,0.9,0.6
201158,Marco Belinelli,SAS,57,15.5,-6.863414524662962,-1.8136569626820174,-1.5462858109005173,-1.117401496567288,-2.2225588328319303,-1.156590666549575,-0.5448720923908704,-0.5774684231071713,0.10128385282411967,2.0141359075422907,6.3,1.7,1.2,0.2,0.0,1.2,0.392,5.5,0.828,1.0,0.3
1628382,Justin Jackson,DAL,65,16.1,-6.889161943568418,-1.9567368624399835,-1.2854665174956108,-1.307005822907891,-2.2225588328319303,-0.7748775752790882,-1.0661145277137694,-0.5132814720077958,0.10500393644324844,2.1318757306644045,5.5,2.4,0.8,0.2,0.2,0.7,0.396,5.2,0.84,0.8,0.2
1629684,Grant Williams,BOS,69,15.1,-6.9260258741425655,-2.332321599304644,-1.2109467193799233,-1.2122036597375894,-1.6512069477851616,-0.20230793837335798,-1.4831084759720885,-0.22081949755284708,-0.1562876510907894,1.5431766150538362,3.4,2.6,1.0,0.4,0.5,0.3,0.412,3.1,0.722,0.8,0.7
203658,Norvel Pelle,PHI,24,9.7,-6.965928313113106,-2.5111714740021016,-1.061907123148548,-1.544011230833645,-2.508234775355315,1.3245444267085893,-1.795853937165828,0.1944155703353239,-0.48914656158330255,1.4254367919317223,2.4,3.0,0.3,0.1,1.3,0.0,0.521,2.0,0.5,0.6,0.8
1628410,Edmond Sumner,IND,31,14.4,-7.012569595848113,-2.064046787258458,-1.6208056090162049,-0.8329950070563832,-1.3655310052617773,-0.5840210296438448,-1.274611501842929,-0.21604198363804464,-0.5976932871843071,1.5431766150538362,4.9,1.5,1.8,0.5,0.3,0.5,0.43,4.6,0.552,0.9,0.7
1628995,Kevin Knox II,NYK,65,17.9,-7.013252002529567,-1.7957719752122718,-1.1364269212642357,-1.2596047413227403,-1.6512069477851616,-0.3931644840086013,-0.75336906652003,-0.9617067403380464,-0.6051777411323161,1.5431766150538362,6.4,2.8,0.9,0.4,0.4,1.0,0.359,6.2,0.653,1.6,0.7
1628390,Terrance Ferguson,OKC,56,22.5,-7.016302118094833,-2.2428966619559154,-1.6953254071318926,-1.2596047413227403,-1.3655310052617773,-0.5840210296438448,-0.8576175535846098,-0.6185910994832625,-0.05363105788673843,1.6609164381759496,3.9,1.3,0.9,0.5,0.3,0.9,0.355,3.9,0.75,0.4,0.6
1629066,Rodions Kurucs,BKN,47,14.5,-7.027207713089638,-2.1177017496676953,-1.0991670222063918,-1.1648025781524387,-1.3655310052617773,-0.9657341209143316,-1.0661145277137694,-0.08253600988804673,-0.3555778449726826,1.1899571456874953,4.6,2.9,1.1,0.5,0.1,0.7,0.446,3.8,0.632,0.8,1.0
203526,Raul Neto,PHI,54,12.4,-7.05158234790448,-2.0282768123189667,-1.7698452052475804,-0.8329950070563832,-1.6512069477851616,-0.9657341209143316,-1.170363014778349,-0.03569834516858847,0.09484013655527183,1.307696968809609,5.1,1.1,1.8,0.4,0.1,0.6,0.455,4.1,0.83,0.9,0.9
1627790,Ante Zizic,CLE,22,10.0,-7.083577314593722,-2.153471724607187,-1.061907123148548,-1.544011230833645,-1.9368828903085462,-0.7748775752790882,-1.795853937165828,0.541605619283486,-0.136834713832429,1.7786562612980634,4.4,3.0,0.3,0.3,0.2,0.0,0.569,3.3,0.737,0.9,0.5
201577,Robin Lopez,MIL,66,14.5,-7.1197844986774435,-1.9746218499097292,-1.2854665174956108,-1.354406904493042,-2.2225588328319303,0.17940515289712874,-1.274611501842929,0.20838754499182116,-0.5858687356806481,1.1899571456874953,5.4,2.4,0.7,0.2,0.7,0.5,0.492,4.5,0.528,0.8,1.0
202335,Patrick Patterson,LAC,59,13.2,-7.124266167703837,-2.064046787258458,-1.2109467193799233,-1.354406904493042,-2.508234775355315,-0.9657341209143316,-0.6491205794554501,-0.3080526950211118,0.039880329753620866,1.896396084420177,4.9,2.6,0.7,0.1,0.1,1.1,0.408,3.9,0.814,0.7,0.4
1629010,Jerome Robinson,WAS,63,15.5,-7.147249614332501,-2.0282768123189667,-1.4345061137269859,-1.0225993333969863,-1.6512069477851616,-0.5840210296438448,-0.9618660406491896,-0.6661859550873308,-0.2240241736557574,1.4254367919317223,5.1,2.0,1.4,0.4,0.3,0.8,0.371,4.9,0.702,0.9,0.8
1629744,Matt Thomas,TOR,41,10.7,-7.161163771076515,-2.064046787258458,-1.6208056090162049,-1.4492090676633433,-2.2225588328319303,-1.156590666549575,-0.6491205794554501,0.1482389452770332,-0.04346725799876185,1.896396084420177,4.9,1.5,0.5,0.2,0.0,1.1,0.487,3.7,0.75,0.3,0.4
1626195,Willy Hernangomez,CHA,31,12.1,-7.169858346868306,-1.8494269376215091,-0.5775284353965787,-1.2596047413227403,-1.9368828903085462,-0.7748775752790882,-1.5873569630366684,0.4788128609240281,-0.8529508105146989,1.1899571456874953,6.1,4.3,0.9,0.3,0.2,0.2,0.532,4.5,0.627,1.9,1.0
1629140,Johnathan Williams,WAS,15,12.0,-7.204503142415443,-2.4038615491836275,-0.5775284353965787,-1.4492090676633433,-2.508234775355315,-0.20230793837335798,-1.795853937165828,0.3509257242939549,-0.6325690711136385,2.0141359075422907,3.0,4.3,0.5,0.1,0.5,0.0,0.559,2.3,0.538,0.9,0.3
1629598,Chris Clemons,HOU,33,8.8,-7.214395491208336,-2.064046787258458,-1.8443650033632677,-1.307005822907891,-1.9368828903085462,-0.7748775752790882,-0.6491205794554501,-0.3875757662595758,0.08856249544799244,1.6609164381759496,4.9,0.9,0.8,0.3,0.2,1.1,0.401,4.3,0.909,0.3,0.6
203459,Allen Crabbe,MIN,37,17.6,-7.2199175278583105,-2.1177017496676953,-1.3972462146691422,-1.2596047413227403,-1.6512069477851616,-0.9657341209143316,-0.75336906652003,-0.7602218516141569,-0.09348909666311712,1.7786562612980634,4.6,2.1,0.9,0.4,0.1,1.0,0.356,4.8,0.714,0.4,0.5
1629635,Sekou Doumbouya,DET,38,19.8,-7.228782706422729,-1.7957719752122718,-1.0246472240907043,-1.4492090676633433,-1.3655310052617773,-0.7748775752790882,-1.0661145277137694,-0.672952597437101,-0.38737570257428244,1.307696968809609,6.4,3.1,0.5,0.5,0.2,0.7,0.39,6.2,0.674,1.2,0.9
1628400,Semi Ojeleye,BOS,69,14.6,-7.237894746211775,-2.332321599304644,-1.3972462146691422,-1.4492090676633433,-1.9368828903085462,-0.9657341209143316,-1.0661145277137694,-0.21372233537249294,0.10920010219220622,2.0141359075422907,3.4,2.1,0.5,0.3,0.1,0.7,0.408,2.8,0.875,0.5,0.3
201229,Anthony Tolliver,MEM,55,15.9,-7.257671200954434,-2.296551624365153,-1.1364269212642357,-1.307005822907891,-1.9368828903085462,-0.7748775752790882,-0.8576175535846098,-0.5094474419730238,-0.09977780944783467,1.6609164381759496,3.6,2.8,0.8,0.3,0.2,0.9,0.357,3.3,0.724,0.5,0.6
1627812,Yogi Ferrell,SAC,50,10.6,-7.302134116021522,-2.153471724607187,-1.807105104305424,-1.0225993333969863,-1.6512069477851616,-0.9657341209143316,-1.274611501842929,-0.23096946107750255,0.14264763973205052,1.6609164381759496,4.4,1.0,1.4,0.4,0.1,0.5,0.42,3.8,0.857,0.8,0.6
1629048,Goga Bitadze,IND,54,8.7,-7.3329986406423675,-2.368091574244136,-1.4345061137269859,-1.4966101492484942,-2.2225588328319303,0.17940515289712874,-1.691605450101248,0.03446801013862143,-0.11215594482338785,1.7786562612980634,3.2,2.0,0.4,0.2,0.7,0.1,0.467,2.8,0.727,0.6,0.5
1628981,Bruno Fernando,ATL,56,12.7,-7.336376318613229,-2.1713567120769324,-0.8756076278593291,-1.2596047413227403,-1.9368828903085462,-0.5840210296438448,-1.691605450101248,0.31260946175209375,-0.555344120984405,1.4254367919317223,4.3,3.5,0.9,0.3,0.3,0.1,0.518,3.6,0.569,0.9,0.8
1629750,Javonte Green,BOS,48,9.7,-7.350825758785721,-2.332321599304644,-1.4717660127848298,-1.4492090676633433,-1.3655310052617773,-0.7748775752790882,-1.5873569630366684,0.16279383672565115,-0.31121363347908554,1.7786562612980634,3.4,1.9,0.5,0.5,0.2,0.2,0.5,2.6,0.667,0.9,0.5
203957,Dante Exum,CLE,35,13.9,-7.367642480473467,-2.135586737137441,-1.4717660127848298,-1.1648025781524387,-1.6512069477851616,-0.7748775752790882,-1.3788599889075088,0.056630867142131815,-0.15487047637874043,1.307696968809609,4.5,1.9,1.1,0.4,0.2,0.4,0.471,3.4,0.744,1.2,0.9
1629638,Nickeil Alexander-Walker,NOP,47,12.6,-7.385920274221953,-1.9209668875004922,-1.5090259118426737,-0.7855939254712325,-1.6512069477851616,-0.7748775752790882,-0.75336906652003,-0.8049501988693439,-0.2581470835193125,1.0722173225653815,5.7,1.8,1.9,0.4,0.2,1.0,0.368,5.7,0.676,0.8,1.1
202688,Brandon Knight,DET,25,18.5,-7.397221419259151,-1.63480708798456,-1.5835457099583612,-0.3589841912048755,-1.6512069477851616,-0.9657341209143316,0.08061882999660853,-1.1017870539909296,-0.7830331674944679,0.6012580300769271,7.3,1.6,2.8,0.4,0.1,1.8,0.353,6.7,0.588,1.4,1.5
1629019,Allonzo Trier,NYK,24,12.1,-7.425178199135674,-1.777886987742526,-1.7325853061897363,-1.117401496567288,-2.508234775355315,-0.7748775752790882,-0.9618660406491896,0.1316288214273305,0.008348192410530222,1.307696968809609,6.5,1.2,1.2,0.1,0.2,0.8,0.481,4.4,0.791,1.8,0.9
203585,Rodney McGruder,LAC,56,15.6,-7.42669253615305,-2.35020658677439,-1.1736868203220794,-1.4018079860781925,-1.3655310052617773,-0.9657341209143316,-1.3788599889075088,-0.29609989605690806,-0.39116221625803826,1.896396084420177,3.3,2.7,0.6,0.5,0.1,0.4,0.398,3.2,0.559,0.6,0.4
1629059,Elie Okobo,PHX,55,13.1,-7.464529682972907,-2.22501167448617,-1.5835457099583612,-0.6907917623009309,-1.6512069477851616,-0.9657341209143316,-1.274611501842929,-0.3061777461639816,-0.31062683457487805,1.5431766150538362,4.0,1.6,2.1,0.4,0.1,0.5,0.398,3.3,0.704,1.3,0.7
202334,Ed Davis,UTA,28,10.8,-7.483681757218802,-2.618481398820576,-0.7638279306857977,-1.4966101492484942,-1.6512069477851616,-0.5840210296438448,-1.795853937165828,0.05744815254139367,-0.40978477770855753,1.7786562612980634,1.8,3.8,0.4,0.4,0.3,0.0,0.478,1.6,0.5,0.5,0.5
204025,Tim Frazier,DET,27,13.1,-7.492555944080624,-2.296551624365153,-1.7325853061897363,-0.07457770169397077,-1.3655310052617773,-0.9657341209143316,-1.3788599889075088,-0.5156311675306736,0.00017729446137272305,0.8367376763211543,3.6,1.2,3.4,0.5,0.1,0.4,0.362,3.5,0.792,0.9,1.3
1628394,Anžejs Pasečņiks,WAS,27,16.2,-7.524744088780009,-1.9030819000307462,-0.68930813257011,-1.354406904493042,-1.9368828903085462,-0.3931644840086013,-1.795853937165828,0.4199442743713192,-1.1796870833840634,1.307696968809609,5.8,4.0,0.7,0.3,0.4,0.0,0.526,4.3,0.586,2.1,0.9
1629642,Nassir Little,POR,48,11.9,-7.583789830186322,-2.296551624365153,-1.3227264165534547,-1.4492090676633433,-1.9368828903085462,-0.5840210296438448,-1.4831084759720885,-0.13698764961386292,-0.38843858360831923,2.0141359075422907,3.6,2.3,0.5,0.3,0.3,0.3,0.43,3.1,0.636,0.9,0.3
1629741,Marko Guduric,MEM,44,11.0,-7.597358264619047,-2.2428966619559154,-1.5462858109005173,-1.2122036597375894,-1.9368828903085462,-0.7748775752790882,-1.170363014778349,-0.35263681544113473,0.21335137185037126,1.4254367919317223,3.9,1.7,1.0,0.3,0.2,0.6,0.395,3.6,0.923,0.6,0.8
1629735,Chris Silva,MIA,44,7.9,-7.620142776117179,-2.4038615491836275,-1.0991670222063918,-1.4492090676633433,-2.2225588328319303,-0.20230793837335798,-1.795853937165828,0.4318129410150103,-0.42217398476154855,1.5431766150538362,3.0,2.9,0.5,0.2,0.5,0.0,0.615,1.8,0.673,1.3,0.7
203521,Matthew Dellavedova,CLE,57,14.4,-7.6212988540358015,-2.3859765617138815,-1.6953254071318926,-0.1693798648642722,-1.6512069477851616,-1.156590666549575,-1.3788599889075088,-0.4909443409117958,0.11702777814078942,1.1899571456874953,3.1,1.3,3.2,0.4,0.0,0.4,0.354,3.1,0.865,0.6,1.0
1629660,Ty Jerome,PHX,31,10.6,-7.6741052650465225,-2.35020658677439,-1.6208056090162049,-1.0225993333969863,-1.3655310052617773,-0.9657341209143316,-1.274611501842929,-0.6717386882411387,-0.06379485777471501,1.6609164381759496,3.3,1.5,1.4,0.5,0.1,0.5,0.336,3.6,0.75,0.5,0.6
1629651,Nic Claxton,BKN,15,12.5,-7.692564095378804,-2.153471724607187,-1.0991670222063918,-1.1648025781524387,-2.508234775355315,-0.20230793837335798,-1.691605450101248,0.4971476973442312,-1.031038742103046,1.6609164381759496,4.4,2.9,1.1,0.1,0.5,0.1,0.563,3.2,0.524,1.4,0.6
202323,Evan Turner,MIN,19,13.2,-7.693052612329441,-2.35020658677439,-1.4345061137269859,-0.7381928438860816,-1.3655310052617773,-0.3931644840086013,-1.795853937165828,-0.4577901971785072,0.12319470247369019,0.7189978531990409,3.3,2.0,2.0,0.5,0.4,0.0,0.373,3.5,0.857,0.7,1.4
1626203,Treveon Graham,ATL,55,16.9,-7.721822587280387,-2.153471724607187,-1.1736868203220794,-1.307005822907891,-1.6512069477851616,-0.9657341209143316,-1.170363014778349,-0.6682291685854853,-0.41078122867796707,1.7786562612980634,4.4,2.7,0.8,0.4,0.1,0.6,0.36,4.4,0.643,1.0,0.5
1628402,Frank Jackson,NOP,59,13.5,-7.75794820708257,-1.8136569626820174,-1.6580655080740485,-1.2122036597375894,-1.9368828903085462,-0.9657341209143316,-0.9618660406491896,-0.47907567426810416,-0.15590014238046357,1.4254367919317223,6.3,1.4,1.0,0.3,0.1,0.8,0.405,5.6,0.747,1.3,0.8
1628980,Jacob Evans,MIN,29,14.4,-7.762144838701069,-2.153471724607187,-1.6580655080740485,-1.1648025781524387,-1.6512069477851616,-0.3931644840086013,-1.3788599889075088,-0.8656636870218566,0.19539311104612492,1.307696968809609,4.4,1.4,1.1,0.4,0.4,0.4,0.336,4.6,0.862,1.0,0.9
1628407,Dwayne Bacon,CHA,39,17.6,-7.800202186865967,-1.9209668875004922,-1.2109467193799233,-1.070000414982137,-1.079855062738393,-0.9657341209143316,-1.274611501842929,-1.0817575522575507,-0.5040268960598173,1.307696968809609,5.7,2.6,1.3,0.6,0.1,0.5,0.348,6.3,0.66,1.4,0.9
1629002,Chimezie Metu,SAS,18,5.8,-7.875361024296804,-2.368091574244136,-1.5090259118426737,-1.4018079860781925,-2.2225588328319303,-0.5840210296438448,-1.795853937165828,0.39239093940355957,-0.04730913006970729,1.6609164381759496,3.2,1.8,0.6,0.2,0.3,0.0,0.571,2.3,0.769,0.7,0.6
1629669,Jaylen Nowell,MIN,15,10.1,-7.898823301226098,-2.260781649425661,-1.8443650033632677,-1.070000414982137,-2.2225588328319303,-0.9657341209143316,-1.5873569630366684,-0.5366642476587341,0.45676220032222775,2.1318757306644045,3.8,0.9,1.3,0.2,0.1,0.2,0.358,3.5,0.941,1.1,0.2
1626188,Quinn Cook,LAL,44,11.5,-7.942050458884775,-2.0282768123189667,-1.7325853061897363,-1.1648025781524387,-1.9368828903085462,-1.156590666549575,-1.0661145277137694,-0.268660740666987,-0.013573728916477838,1.4254367919317223,5.1,1.2,1.1,0.3,0.0,0.7,0.425,4.9,0.786,0.3,0.8
203584,Troy Daniels,DEN,47,11.3,-7.955429076306181,-2.1713567120769324,-1.7698452052475804,-1.4966101492484942,-2.2225588328319303,-0.9657341209143316,-0.75336906652003,-0.4428266630302583,-0.1472642339789146,2.0141359075422907,4.3,1.1,0.4,0.2,0.1,1.0,0.387,4.0,0.625,0.3,0.3
1628982,Melvin Frazier Jr.,ORL,19,6.6,-8.056059090757458,-2.564826436411339,-1.993404599594643,-1.5914123124187955,-1.3655310052617773,-0.9657341209143316,-1.3788599889075088,-0.038727108707029306,-0.1716994260843223,2.0141359075422907,2.1,0.5,0.2,0.5,0.1,0.4,0.441,1.8,0.5,0.2,0.3
201162,Jared Dudley,LAL,45,8.1,-8.069821381868712,-2.6721363612298137,-1.7325853061897363,-1.4018079860781925,-1.9368828903085462,-0.9657341209143316,-1.3788599889075088,-0.10071460057015623,-0.012975858334832113,2.1318757306644045,1.5,1.2,0.6,0.3,0.1,0.4,0.4,1.3,1.0,0.0,0.2
1629611,Terance Mann,LAC,41,8.8,-8.080287341739798,-2.5111714740021016,-1.6953254071318926,-1.070000414982137,-1.9368828903085462,-0.9657341209143316,-1.5873569630366684,0.03472641655162327,-0.24493857233591806,1.896396084420177,2.4,1.3,1.3,0.3,0.1,0.2,0.468,1.9,0.667,0.7,0.4
1628476,Derrick Walton Jr.,DET,26,9.6,-8.09228394370872,-2.5827114238810847,-1.9561447005367993,-1.2122036597375894,-1.9368828903085462,-1.156590666549575,-1.3788599889075088,0.01945039092718614,-0.02021673537920762,2.1318757306644045,2.0,0.6,1.0,0.3,0.0,0.4,0.462,1.5,0.778,0.3,0.2
1629058,Dzanan Musa,BKN,40,12.2,-8.121786088200423,-2.081931774728204,-1.3599863156112983,-1.1648025781524387,-1.6512069477851616,-1.156590666549575,-1.274611501842929,-0.5749204156859437,-0.16543285665448082,1.307696968809609,4.8,2.2,1.1,0.4,0.0,0.5,0.372,4.3,0.75,1.5,0.9
1629117,Wenyen Gabriel,POR,30,7.8,-8.144487192911,-2.564826436411339,-1.5462858109005173,-1.544011230833645,-1.6512069477851616,-0.7748775752790882,-1.5873569630366684,-0.038703070901168674,-0.21587541906147525,1.7786562612980634,2.1,1.7,0.3,0.4,0.2,0.2,0.438,1.6,0.682,0.7,0.5
1628372,Dennis Smith Jr.,NYK,34,15.8,-8.155537057364493,-1.9567368624399835,-1.3227264165534547,-0.3115831096197247,-0.5085031776916238,-0.7748775752790882,-1.274611501842929,-1.1293704362160142,-1.2429063615543745,0.3657783838326999,5.5,2.3,2.9,0.8,0.2,0.5,0.341,6.2,0.509,1.6,1.7
1628388,T.J. Leaf,IND,28,7.9,-8.166572907758876,-2.4038615491836275,-1.248206618437767,-1.544011230833645,-1.6512069477851616,-0.9657341209143316,-1.5873569630366684,-0.18821822335435323,-0.5921131617556141,2.0141359075422907,3.0,2.5,0.3,0.4,0.1,0.2,0.419,3.1,0.438,0.6,0.3
1629033,Theo Pinson,NYK,33,11.1,-8.18989038187289,-2.296551624365153,-1.5835457099583612,-0.8803960886415341,-1.3655310052617773,-0.9657341209143316,-1.274611501842929,-1.2098670385918346,0.19638956201553445,1.1899571456874953,3.6,1.6,1.7,0.5,0.1,0.5,0.29,4.7,0.938,0.5,1.0
2199,Tyson Chandler,HOU,26,8.4,-8.2427235256106,-2.7079063361693048,-1.248206618437767,-1.5914123124187955,-2.2225588328319303,-0.5840210296438448,-1.795853937165828,0.355474879053081,-0.4623752455385015,2.0141359075422907,1.3,2.5,0.2,0.2,0.3,0.0,0.778,0.7,0.462,0.5,0.3
1629738,Vincent Poirier,BOS,22,5.9,-8.244161363970619,-2.6005964113508306,-1.4345061137269859,-1.4966101492484942,-2.508234775355315,-0.3931644840086013,-1.795853937165828,0.0430254690250093,0.045382953440248876,1.896396084420177,1.9,2.0,0.4,0.1,0.4,0.0,0.472,1.6,0.857,0.3,0.4
1629678,Admiral Schofield,WAS,33,11.2,-8.248087458063608,-2.4038615491836275,-1.6580655080740485,-1.4492090676633433,-2.2225588328319303,-0.9657341209143316,-1.170363014778349,-0.3315075840896317,-0.17866351119275065,2.1318757306644045,3.0,1.4,0.5,0.2,0.1,0.6,0.38,2.8,0.667,0.5,0.2
201960,DeMarre Carroll,HOU,24,12.1,-8.31374777441858,-2.296551624365153,-1.3227264165534547,-1.2122036597375894,-1.9368828903085462,-0.7748775752790882,-1.4831084759720885,-0.33571420011524383,-0.49485954714125074,1.5431766150538362,3.6,2.3,1.0,0.3,0.2,0.3,0.379,2.8,0.69,1.8,0.7
1629641,Romeo Langford,BOS,32,11.6,-8.345901829687651,-2.493286486532356,-1.6953254071318926,-1.4966101492484942,-1.9368828903085462,-0.5840210296438448,-1.5873569630366684,-0.4058384892621978,-0.16071632206594258,2.0141359075422907,2.5,1.3,0.4,0.3,0.3,0.2,0.35,2.5,0.72,0.8,0.3
1628993,Alize Johnson,IND,17,6.9,-8.356066439691098,-2.5827114238810847,-1.1364269212642357,-1.4966101492484942,-2.2225588328319303,-0.9657341209143316,-1.5873569630366684,-0.10406787448771565,-0.15699623844681387,1.896396084420177,2.0,2.8,0.4,0.2,0.1,0.2,0.414,1.7,0.7,0.6,0.4
1628395,Jordan Bell,CLE,29,8.8,-8.465839581835278,-2.368091574244136,-1.1364269212642357,-1.4018079860781925,-2.508234775355315,-0.5840210296438448,-1.691605450101248,0.22307464437267266,-0.541903104574815,1.5431766150538362,3.2,2.8,0.6,0.1,0.3,0.1,0.522,2.3,0.613,1.1,0.7
1629035,Carsen Edwards,BOS,37,9.5,-8.473472466821963,-2.35020658677439,-1.6953254071318926,-1.4018079860781925,-1.9368828903085462,-0.9657341209143316,-1.170363014778349,-0.694412348619188,-0.15513619663724937,1.896396084420177,3.3,1.3,0.6,0.3,0.1,0.6,0.328,3.5,0.684,0.5,0.4
1628391,D.J. Wilson,MIL,37,9.8,-8.483299859128183,-2.296551624365153,-1.248206618437767,-1.354406904493042,-2.508234775355315,-0.9657341209143316,-1.274611501842929,-0.35804532175977893,-0.25616525325793144,1.7786562612980634,3.6,2.5,0.7,0.1,0.1,0.5,0.394,3.6,0.611,0.5,0.5
1629599,Amir Coffey,LAC,18,8.8,-8.572950257242073,-2.368091574244136,-1.8443650033632677,-1.307005822907891,-1.9368828903085462,-0.9657341209143316,-1.4831084759720885,-0.14974571507439793,-0.4144127388775925,1.896396084420177,3.2,0.9,0.8,0.3,0.1,0.3,0.426,3.0,0.545,0.6,0.4
1629713,Justin James,SAC,36,6.5,-8.613423753538479,-2.493286486532356,-1.8443650033632677,-1.4492090676633433,-2.2225588328319303,-0.5840210296438448,-1.4831084759720885,-0.13974598783637143,-0.5290046003596813,2.1318757306644045,2.5,0.9,0.5,0.2,0.3,0.3,0.417,2.3,0.476,0.6,0.2
1629139,Yuta Watanabe,MEM,18,5.8,-8.648090040731745,-2.5827114238810847,-1.7698452052475804,-1.544011230833645,-1.9368828903085462,-0.9657341209143316,-1.5873569630366684,-0.04234479848905571,-0.4688189618073495,2.249615553786518,2.0,1.1,0.3,0.3,0.1,0.2,0.441,1.9,0.375,0.4,0.1
1628403,Caleb Swanigan,POR,27,10.7,-8.72639533925022,-2.5111714740021016,-0.8010878297436413,-1.1648025781524387,-2.508234775355315,-0.5840210296438448,-1.795853937165828,0.3607631963424218,-0.4409847647285116,0.7189978531990409,2.4,3.7,1.1,0.1,0.3,0.0,0.596,1.7,0.529,0.6,1.4
1629730,Rayjon Tucker,UTA,20,8.1,-8.75840299164093,-2.3859765617138815,-1.807105104305424,-1.544011230833645,-2.508234775355315,-0.9657341209143316,-1.5873569630366684,0.026126891504979103,0.11749278859318024,1.896396084420177,3.1,1.0,0.3,0.1,0.1,0.2,0.465,2.2,0.826,1.2,0.4
203077,Michael Kidd-Gilchrist,DAL,25,11.2,-8.799922875213102,-2.5111714740021016,-1.1736868203220794,-1.4018079860781925,-2.508234775355315,-0.7748775752790882,-1.5873569630366684,-0.489532119817483,-0.014171599498123561,1.6609164381759496,2.4,2.7,0.6,0.1,0.2,0.2,0.333,2.6,0.786,0.6,0.6
1629126,Deonte Burton,OKC,39,9.1,-8.893486630384032,-2.4575165115928645,-1.6208056090162049,-1.4966101492484942,-2.2225588328319303,-0.5840210296438448,-1.4831084759720885,-0.5557081993518268,-0.25181408402484345,1.7786562612980634,2.7,1.5,0.4,0.2,0.3,0.3,0.344,3.2,0.571,0.4,0.5
1629052,Oshae Brissett,TOR,19,7.1,-8.899826728989215,-2.6005964113508306,-1.6580655080740485,-1.4966101492484942,-2.2225588328319303,-0.9657341209143316,-1.5873569630366684,-0.2707039541651414,0.005403126212053542,1.896396084420177,1.9,1.4,0.4,0.2,0.1,0.2,0.361,1.9,0.8,0.5,0.4
1626169,Stanley Johnson,TOR,25,6.0,-8.948749428806387,-2.5111714740021016,-1.6208056090162049,-1.307005822907891,-2.2225588328319303,-0.7748775752790882,-1.4831084759720885,-0.30561886717772185,-0.3845192097953087,1.6609164381759496,2.4,1.5,0.8,0.2,0.2,0.3,0.373,2.4,0.563,0.6,0.6
1626259,Malcolm Miller,TOR,28,5.8,-8.9876546356663,-2.7079063361693048,-1.9561447005367993,-1.4966101492484942,-2.2225588328319303,-0.9657341209143316,-1.4831084759720885,-0.050349387840649074,-0.3548581859392201,2.249615553786518,1.3,0.6,0.4,0.2,0.1,0.3,0.414,1.0,0.375,0.3,0.1
203648,Thanasis Antetokounmpo,MIL,20,6.4,-9.025251012920258,-2.4396315241231186,-1.7325853061897363,-1.307005822907891,-1.6512069477851616,-0.9657341209143316,-1.795853937165828,0.15230133446748148,-0.9464511264776204,1.6609164381759496,2.8,1.2,0.8,0.4,0.1,0.0,0.5,2.4,0.412,0.9,0.6
1629752,Juwan Morgan,UTA,21,6.4,-9.080696314897125,-2.636366386290322,-1.6580655080740485,-1.544011230833645,-2.7939107178786995,-0.9657341209143316,-1.691605450101248,0.22816464976366316,-0.03330345811078527,2.0141359075422907,1.7,1.4,0.3,0.0,0.1,0.1,0.577,1.2,0.75,0.2,0.3
1628518,Amile Jefferson,ORL,18,4.1,-10.09918864976225,-2.797331273518034,-1.6953254071318926,-1.5914123124187955,-2.508234775355315,-0.7748775752790882,-1.795853937165828,-0.10350899550145574,-0.9645201040562453,2.1318757306644045,0.8,1.3,0.2,0.1,0.2,0.0,0.357,0.8,0.357,0.8,0.2
