PLAYER_ID,PLAYER_NAME,TEAM_ABBREVIATION,GP,MIN,Z_TOTAL,Z_PTS,Z_REB,Z_AST,Z_STL,Z_BLK,Z_FG3M,Z_FG_PCT,Z_FT_PCT,Z_TOV,PTS,REB,AST,STL,BLK,FG3M,FG_PCT,FGA,FT_PCT,FTA,TOV
203999,Nikola Jokić,DEN,74,33.5,9.750055293013558,1.8882490857789984,3.1016200637246203,1.8847394896890106,1.4545757873917602,0.7035337572979933,-0.6184969732616366,3.1038313564710567,0.27510889117235526,-2.0431061652506,27.1,13.8,7.9,1.5,0.9,1.3,0.583,17.7,0.81,6.3,3.8
201142,Kevin Durant,BKN,55,37.2,7.728353615968298,2.4052066609221954,0.6788737161447705,1.1729798636735234,-0.2862728943271018,0.7035337572979933,0.28994411353636057,1.633837168500692,2.832587278953499,-1.7023360487336359,29.9,7.4,6.4,0.9,0.9,2.1,0.518,20.3,0.91,7.4,3.5
203954,Joel Embiid,PHI,68,33.8,7.2115659606382,2.534446054707995,2.3066564184249816,0.12906574551747535,0.2940099995791857,1.9598440381872666,-0.504941837411887,1.0369430081679005,0.7035184268429678,-1.2479758933776832,30.6,11.7,4.2,1.1,1.5,1.4,0.499,19.6,0.814,11.8,3.1
2544,LeBron James,LAL,56,37.2,7.1377101777808845,2.4790577430855096,0.9817170095922513,1.0780785802047916,0.874292893485473,1.1223038509277512,1.1983852003343574,1.94198943463357,-0.835778485749182,-1.7023360487336359,30.3,8.2,6.2,1.3,1.1,2.9,0.524,21.8,0.756,6.0,3.5
202681,Kyrie Irving,BKN,29,37.6,6.752954791725972,1.9436373974014833,-0.4567886342832839,0.8882760132673282,1.1644343404386162,0.07537861685335646,1.7661608795831056,0.19286734615859386,1.7454244926505253,-0.566435660343754,27.4,4.4,5.8,1.4,0.6,3.4,0.469,21.2,0.915,4.4,2.5
201939,Stephen Curry,GSW,64,34.5,6.031161403861337,1.5928447571257425,-0.1539453408358028,1.1255292219391573,0.874292893485473,-0.34339147677640125,3.0152673739303517,-0.7117464020842583,1.993876309293747,-1.3615659322166715,25.5,5.2,6.3,1.3,0.4,4.5,0.437,19.1,0.923,4.7,3.2
1627749,Dejounte Murray,SAS,68,34.8,5.402971463941816,0.7804828533292899,1.019572421273187,2.501597832235766,2.9052830221574784,-0.5527765235912802,-0.504941837411887,-0.014531042151917192,-0.051689562716079086,-0.6800256991827424,21.1,8.3,9.2,2.0,0.3,1.4,0.462,18.3,0.794,3.6,2.6
1626157,Karl-Anthony Towns,MIN,74,33.5,5.033968374626912,1.4266798222582866,1.5874035964872142,-0.1556381048887196,0.0038685526260418116,1.1223038509277512,0.17638897768661083,1.5900415952029248,0.5308959777044857,-1.2479758933776832,24.6,9.8,3.6,1.0,1.1,2.0,0.529,16.4,0.822,6.3,3.1
203507,Giannis Antetokounmpo,MIL,67,32.9,4.863662051112268,2.4052066609221954,2.2688010067440465,0.8882760132673282,0.2940099995791857,1.7504589913723876,-0.8456072449611358,2.4476486380459472,-2.869976042802026,-1.4751559710556594,29.9,11.6,5.8,1.1,1.4,1.1,0.553,18.6,0.722,11.4,3.3
203076,Anthony Davis,LAL,40,35.1,4.777436247637549,1.1682010346866876,1.6252590081681493,-0.3928913135605487,0.5841514465323291,3.6349244127062974,-1.7540483317591329,1.7605517396920152,-1.7366362438404455,-0.11207550498780144,23.2,9.9,3.1,1.2,2.3,0.3,0.532,17.4,0.713,6.1,2.1
1629027,Trae Young,ATL,76,34.9,4.608892193075899,2.128265102809768,-0.72177651604983,2.738851040907595,-0.2862728943271018,-0.9715466172210381,1.4254954720338568,-0.07951038601786625,2.6456732338690925,-2.270286242928577,28.4,3.7,9.7,0.9,0.1,3.1,0.46,20.3,0.904,7.3,4.0
201935,James Harden,PHI,65,37.2,4.568076313507387,0.9466477881967459,0.7924399511875759,3.0235548913137906,0.874292893485473,0.07537861685335646,0.5170543852358596,-1.1634372433099722,2.2267914288290895,-2.72464639828453,22.0,7.7,10.3,1.3,0.6,2.3,0.41,15.3,0.877,8.2,4.4
202331,Paul George,LAC,31,34.8,4.395650996514265,1.371291510635801,0.4895966577400948,0.8408253715329626,3.485565916063766,-0.34339147677640125,1.1983852003343574,-1.244111359123716,0.9813654578749645,-2.3838762817675647,24.3,6.9,5.7,2.2,0.4,2.9,0.421,20.5,0.858,4.8,4.1
1628369,Jayson Tatum,BOS,76,35.9,4.232825830039088,1.851323544697341,0.9060061862303813,0.22396702898620707,0.0038685526260418116,0.07537861685335646,1.311940336184107,-0.2911074993246734,1.172244879486033,-1.0207958156997068,26.9,8.0,4.4,1.0,0.6,3.0,0.453,20.6,0.853,6.2,2.9
1627832,Fred VanVleet,TOR,65,37.9,4.227256997264281,0.6327806890026619,-0.4567886342832839,1.3153317888766207,2.0348586812980476,-0.13400642996152237,2.1068262871323546,-1.4613779153321738,0.8696582297143183,-0.6800256991827424,20.3,4.4,6.7,1.7,0.5,3.7,0.403,16.9,0.874,3.4,2.6
202710,Jimmy Butler III,MIA,57,33.9,4.023227300079101,0.8358711649517748,0.11104254093074331,0.7459240880642308,1.7447172343449042,-0.13400642996152237,-1.5269380600596336,0.3764820140418496,1.982210252754555,-0.11207550498780144,21.4,5.9,5.5,1.6,0.5,0.5,0.48,14.5,0.87,8.0,2.1
101108,Chris Paul,PHX,65,32.9,3.9710708230212255,-0.401134461283733,-0.4567886342832839,3.2608080999856197,2.6151415752043348,-0.5527765235912802,-0.9591623808108856,0.5158684304045229,0.4019603389006971,-0.4528456215047658,14.7,4.4,10.8,1.9,0.3,1.0,0.493,11.3,0.837,3.1,2.4
1630163,LaMelo Ball,CHA,75,32.3,3.859837884475564,0.5958551479210051,0.4138858343782244,1.7423875644859128,1.7447172343449042,-0.34339147677640125,1.1983852003343574,-0.8117707417372124,0.7949250925804329,-1.4751559710556594,20.1,6.7,7.6,1.6,0.4,2.9,0.429,16.7,0.872,3.2,3.3
1626164,Devin Booker,PHX,68,34.5,3.85179513786694,1.8328607741565128,-0.22965616419767315,0.4137695959236701,0.2940099995791857,-0.34339147677640125,0.9712749286348585,0.0994554162964795,1.266317685755073,-0.4528456215047658,26.8,5.0,4.8,1.1,0.4,2.7,0.466,20.9,0.868,5.3,2.4
1628378,Donovan Mitchell,UTA,67,33.8,3.665031892597896,1.6666958392890563,-0.5324994576451543,0.6510228045954991,1.4545757873917602,-0.7621615704061591,1.8797160154328554,-0.43866047461036217,0.8807288030890948,-1.134385854538695,25.9,4.2,5.3,1.5,0.2,3.5,0.448,20.5,0.853,4.7,3.0
1629057,Robert Williams III,BOS,61,29.6,3.5179978007615818,-1.2688846767026711,1.5116927731253436,-0.9148483726385727,-0.2862728943271018,3.425539365891419,-2.0947137393083817,2.41408600173083,-0.40601557925035253,1.1374149222410688,10.0,9.6,2.0,0.9,2.2,0.0,0.736,6.0,0.722,1.5,1.0
1629029,Luka Dončić,DAL,65,35.4,3.4393305149567666,2.128265102809768,1.3224157147206677,2.264344623563937,0.5841514465323291,0.07537861685335646,1.4254954720338568,-0.18142453997137026,-1.3410594844622603,-2.8382364371235176,28.4,9.1,8.7,1.2,0.6,3.1,0.457,21.6,0.744,7.5,4.5
204001,Kristaps Porziņģis,WAS,51,29.0,3.4034609803290645,0.6143179184618333,0.9438615979113163,-0.7724964474354753,-0.8665557882333893,2.1692290850021454,-0.39138670156213734,-0.07028250427924491,1.3208991312568767,0.45587468920713947,20.2,8.1,2.3,0.7,1.6,1.5,0.459,15.0,0.867,5.6,1.6
1630169,Tyrese Haliburton,IND,77,35.0,3.4023298093586254,-0.29035783803876186,-0.6082102810070247,2.0270914148921078,2.0348586812980476,0.07537861685335646,0.28994411353636057,0.1935231544066282,0.3601276466006538,-0.6800256991827424,15.3,4.0,8.2,1.7,0.6,2.1,0.473,11.8,0.842,2.5,2.6
1628366,Lonzo Ball,CHI,35,34.6,3.110341104857129,-0.7150015604778169,-0.07823451747393242,0.5561215211267675,2.325000128251191,0.7035337572979933,1.4254954720338568,-0.6113107270804673,-0.15600738615468643,-0.3392555826657775,13.0,5.4,5.1,1.8,0.9,3.1,0.423,10.9,0.75,0.8,2.3
201942,DeMar DeRozan,CHI,76,36.1,3.082529842389654,2.035951250105626,-0.1539453408358028,0.46122023765803616,-0.2862728943271018,-0.5527765235912802,-1.2998277883601346,1.2144536146656006,2.1165729085794767,-0.4528456215047658,27.9,5.2,4.9,0.9,0.3,0.7,0.504,20.2,0.877,7.8,2.4
1626167,Myles Turner,IND,42,29.4,2.916519200193797,-0.7334643310186453,0.5653074811019648,-1.389354789982231,-0.8665557882333893,4.681849646780692,-0.39138670156213734,0.6546223216522277,-0.4011434442687881,0.7966448057241041,12.9,7.1,1.0,0.7,2.8,1.5,0.509,9.4,0.752,2.5,1.3
203497,Rudy Gobert,UTA,66,32.1,2.7525880978205644,-0.2349695264162766,3.442318768853036,-1.341904148247865,-0.8665557882333893,3.21615431907654,-2.0947137393083817,2.829187399342805,-2.4256237987750673,0.22869461152916318,15.6,14.7,1.1,0.7,2.1,0.0,0.713,7.7,0.69,6.7,1.8
1626179,Terry Rozier,CHA,73,33.7,2.6538010965517835,0.4481529835943772,-0.49464404596421924,0.2714176707205727,0.874292893485473,-0.5527765235912802,1.311940336184107,-0.4268442845792003,0.425617260977849,0.7966448057241041,19.3,4.3,4.5,1.3,0.3,3.0,0.444,16.0,0.852,2.4,1.3
201950,Jrue Holiday,MIL,67,32.9,2.4465190085469697,0.26352527818609245,-0.4189332226023489,1.3627824306109864,1.7447172343449042,-0.34339147677640125,0.17638897768661083,0.8034481082122094,-0.34840258309335315,-0.7936157380217307,18.3,4.5,6.8,1.6,0.4,2.0,0.501,14.2,0.761,2.7,2.7
202696,Nikola Vučević,CHI,73,33.1,2.3659956546128007,0.13428588440029324,2.0416685366584355,-0.3454406718261828,0.0038685526260418116,0.9129188041128721,-0.504941837411887,0.24575498291876213,-0.23722316955570913,0.11510457269017513,17.6,11.0,3.2,1.0,1.0,1.4,0.473,15.8,0.76,1.7,1.9
1628983,Shai Gilgeous-Alexander,OKC,56,34.7,2.3545469405420443,1.408217051717458,-0.22965616419767315,0.9357266550016943,0.874292893485473,0.49414871048311443,-0.2778315657123876,-0.2622247727558913,0.31907990938097425,-0.9072057768607185,24.5,5.0,5.9,1.3,0.8,1.6,0.453,18.8,0.81,7.2,2.8
1629636,Darius Garland,CLE,68,35.7,2.2772671689093382,0.8912594765742604,-0.8731981627735708,2.216893981829571,0.874292893485473,-0.9715466172210381,0.8577197927851088,-0.011581845296848872,1.1093537370990063,-1.8159260875726242,21.7,3.3,8.6,1.3,0.1,2.6,0.462,17.3,0.892,3.5,3.6
1628970,Miles Bridges,CHA,80,35.5,2.1617358803378495,0.6143179184618333,0.5274520694210298,-0.06073682141998809,-0.2862728943271018,0.49414871048311443,0.0628338418368611,0.6360617840761853,0.05882669911574082,0.11510457269017513,20.2,7.0,3.8,0.9,0.8,1.9,0.491,15.2,0.802,4.2,1.9
1627783,Pascal Siakam,TOR,68,37.9,2.052058145596945,1.0943499525233737,1.095283244635057,0.6510228045954991,0.874292893485473,0.07537861685335646,-0.8456072449611358,0.8158230934369641,-0.9148694769499113,-0.7936157380217307,22.8,8.5,5.3,1.3,0.6,1.1,0.494,17.8,0.749,5.6,2.7
1630217,Desmond Bane,MEM,76,29.8,1.9976631660338033,0.2450625076452637,-0.4567886342832839,-0.5826938804980119,0.5841514465323291,-0.34339147677640125,1.311940336184107,-0.024424433444019157,0.694342572627692,0.5694647280461278,18.2,4.4,2.7,1.2,0.4,3.0,0.461,14.5,0.903,2.0,1.5
1630162,Anthony Edwards,MIN,72,34.2,1.9140832100080414,0.8174083944109467,-0.3053669875595435,-0.06073682141998809,1.4545757873917602,0.07537861685335646,1.311940336184107,-0.5402544854842047,-0.15883593118565026,-0.6800256991827424,21.3,4.8,3.8,1.5,0.6,3.0,0.441,17.3,0.786,3.9,2.6
203114,Khris Middleton,MIL,66,32.4,1.9092568968859067,0.5958551479210051,-0.07823451747393242,0.6984734463298652,0.5841514465323291,-0.5527765235912802,0.744164656935359,-0.4348284589598628,1.3732475148921308,-1.0207958156997068,20.1,5.4,5.4,1.2,0.3,2.5,0.443,15.5,0.89,4.4,2.9
1628386,Jarrett Allen,CLE,56,32.3,1.6995742324317091,-0.1426556737121339,1.9659577132965658,-1.104650939576036,-0.5764143412802454,1.541073944557509,-2.0947137393083817,3.045642926416121,-1.2769503083298415,0.3422846503681515,16.1,10.8,1.6,0.8,1.3,0.0,0.677,9.7,0.708,4.2,1.7
1628389,Bam Adebayo,MIA,56,32.6,1.63268799422227,0.41122744251272036,1.7009698315300192,-0.2505393883574513,1.1644343404386162,0.49414871048311443,-2.0947137393083817,1.798266534737292,-0.9110800386309167,-0.6800256991827424,19.1,10.1,3.4,1.4,0.8,0.0,0.557,13.0,0.753,6.1,2.6
1629018,Gary Trent Jr.,TOR,70,35.0,1.6217542216909788,0.26352527818609245,-1.1003306328591815,-0.9148483726385727,2.0348586812980476,-0.5527765235912802,1.311940336184107,-1.0889389785420718,0.5309095114127691,1.1374149222410688,18.3,2.7,2.0,1.7,0.3,3.0,0.414,15.5,0.853,2.9,1.0
1629630,Ja Morant,MEM,57,33.1,1.5766157306793744,1.9436373974014833,0.03533171756887295,1.3153317888766207,0.5841514465323291,-0.34339147677640125,-0.39138670156213734,0.9079738535913208,-0.8862862850580666,-1.5887460098946475,27.4,5.7,6.7,1.2,0.4,1.5,0.493,20.6,0.761,7.3,3.4
1628991,Jaren Jackson Jr.,MEM,78,27.3,1.5050427030443032,-0.10573013263047708,0.07318712924980796,-1.341904148247865,-0.2862728943271018,3.6349244127062974,-0.2778315657123876,-0.9094279628617563,0.3758132144996341,0.3422846503681515,16.3,5.8,1.1,0.9,2.3,1.6,0.415,13.3,0.823,4.4,1.7
1627734,Domantas Sabonis,SAC,62,34.4,1.4272018293902131,0.3743019014310629,2.4580780651487224,0.6035721628611335,0.0038685526260418116,-0.34339147677640125,-1.4133829242098839,2.021658495203282,-1.0295270535160612,-1.2479758933776832,18.9,12.1,5.2,1.0,0.4,0.6,0.573,12.5,0.741,5.4,3.1
203081,Damian Lillard,POR,29,36.4,1.384907413682846,1.3159031990133154,-0.5703548693260896,1.6000356392828154,-1.156697235186533,-0.34339147677640125,1.5390506078836066,-1.675518710926477,1.696676075418316,-1.0207958156997068,24.0,4.1,7.3,0.6,0.4,3.2,0.402,19.0,0.878,6.2,2.9
203897,Zach LaVine,CHI,67,34.7,1.3788991957530055,1.389754281176629,-0.38107781092141385,0.2714176707205727,-1.156697235186533,-0.5527765235912802,1.0848300644846076,0.3478359993259085,1.0556384489272574,-0.6800256991827424,24.4,4.6,4.5,0.6,0.3,2.8,0.476,17.7,0.853,5.6,2.6
202685,Jonas Valančiūnas,NOP,74,30.3,1.2397221699711385,0.17121142548195006,2.1930901833821763,-0.6301445222323777,-1.156697235186533,0.49414871048311443,-1.1862726525103848,1.5174253836912193,0.2898064983667399,-0.4528456215047658,17.8,11.4,2.6,0.6,0.8,0.8,0.544,12.7,0.82,3.9,2.4
1629028,Deandre Ayton,PHX,58,29.5,1.0650782614129013,0.06043480223697894,1.7388252432109543,-1.1995522230447677,-0.8665557882333893,0.2847636636682353,-1.9811586034586322,3.0075730635915825,-0.43512658576519997,0.45587468920713947,17.2,10.2,1.4,0.7,0.7,0.1,0.634,12.0,0.746,2.4,1.6
203468,CJ McCollum,NOP,62,34.6,1.0362977103655406,0.9651105587375747,-0.49464404596421924,0.5561215211267675,0.2940099995791857,-0.34339147677640125,1.1983852003343574,-0.07072100328532689,-1.070087577237584,0.0015145338511868467,22.1,4.3,5.1,1.1,0.4,2.9,0.46,18.8,0.682,2.7,2.0
201143,Al Horford,BOS,69,29.1,0.8791751040480497,-1.2319591356210144,0.7924399511875759,-0.2505393883574513,-0.8665557882333893,1.541073944557509,-0.6184969732616366,0.0749188745667435,0.1872886581296559,1.2510049610800569,10.2,7.7,3.4,0.7,1.3,1.3,0.467,8.2,0.842,1.4,0.9
1628384,OG Anunoby,TOR,48,36.0,0.876455082050113,0.04197203169615086,-0.040379105792997416,-0.6301445222323777,1.4545757873917602,-0.13400642996152237,0.6306095210856093,-0.4042305415885275,-0.3842263089161338,0.3422846503681515,17.1,5.5,2.6,1.5,0.5,2.4,0.443,14.5,0.754,2.5,1.7
203496,Robert Covington,LAC,71,27.3,0.8475671179647171,-1.5458262348150984,-0.040379105792997416,-1.2470028647791334,1.4545757873917602,1.541073944557509,-0.050721294012888385,-0.40903268778345925,0.121054689796944,1.0238248834020804,8.5,5.5,1.3,1.5,1.3,1.8,0.42,7.0,0.841,1.0,1.1
1628381,John Collins,ATL,54,30.8,0.7974289849650512,-0.12419290317130582,0.8302953628685109,-1.0097496561073043,-1.156697235186533,0.9129188041128721,-0.7320521091113863,1.112620951677828,-0.05953911351971067,1.0238248834020804,16.2,7.8,1.8,0.6,1.0,1.2,0.526,11.9,0.793,3.1,1.1
1628969,Mikal Bridges,PHX,82,34.8,0.6249933871316022,-0.49344831398787536,-0.5324994576451543,-0.7724964474354753,0.5841514465323291,-0.34339147677640125,-0.504941837411887,1.108600730701708,0.21442374323531316,1.364594999919045,14.2,4.2,2.3,1.2,0.4,1.4,0.534,10.5,0.834,1.9,0.8
1627759,Jaylen Brown,BOS,66,33.6,0.5545252648928679,1.2420521168500018,0.18675336429261333,-0.20308874662308546,0.2940099995791857,-0.5527765235912802,0.744164656935359,0.27970567145164915,-0.642679535979845,-0.7936157380217307,23.6,6.1,3.5,1.1,0.3,2.5,0.473,18.4,0.758,4.8,2.7
1627763,Malcolm Brogdon,IND,36,33.5,0.4407041399555484,0.41122744251272036,-0.19180075251673814,0.9357266550016943,-0.5764143412802454,-0.34339147677640125,-0.2778315657123876,-0.31272200785458387,0.9079856915692914,-0.11207550498780144,19.1,5.1,5.9,0.8,0.4,1.6,0.448,15.1,0.856,4.6,2.1
202691,Klay Thompson,GSW,32,29.4,0.3495927682266422,0.65124345954349,-0.6460656926879598,-0.5352432387636462,-1.4468386821396766,-0.13400642996152237,1.9932711512826051,-0.872935532302461,0.5435229275317087,0.7966448057241041,20.4,3.9,2.8,0.5,0.5,3.6,0.429,17.9,0.902,1.6,1.3
200768,Kyle Lowry,MIA,63,33.9,0.28185747184450916,-0.641150478314503,-0.4189332226023489,1.6949369227515472,0.2940099995791857,-0.5527765235912802,0.5170543852358596,-0.31019578791688784,0.4925279147246671,-0.7936157380217307,13.4,4.5,7.5,1.1,0.3,2.3,0.44,10.0,0.851,2.8,2.7
1630178,Tyrese Maxey,PHI,75,35.3,0.23000770774359358,0.1158231138594645,-0.9110535744545057,0.176516387251841,-0.8665557882333893,-0.34339147677640125,-0.050721294012888385,0.4453593424353203,0.7537961531110597,0.9102348445630923,17.5,3.2,4.3,0.7,0.4,1.8,0.485,13.3,0.866,3.3,1.2
1628964,Mo Bamba,ORL,71,25.7,0.2152276475659436,-1.1581080534577004,0.9438615979113163,-1.2944535065134994,-1.4468386821396766,2.3786141318170246,-0.39138670156213734,0.241664912543443,-0.08195093443490703,1.0238248834020804,10.6,8.1,1.2,0.5,1.7,1.5,0.48,8.7,0.781,1.0,1.1
1629673,Jordan Poole,GSW,76,30.0,0.10387995132965022,0.30045081926774925,-0.8353427510926356,0.03416446204874363,-0.5764143412802454,-0.5527765235912802,1.0848300644846076,-0.28473568190885545,1.5001395637453203,-0.566435660343754,18.5,3.4,4.0,0.8,0.3,2.8,0.448,13.9,0.925,3.5,2.5
203924,Jerami Grant,DET,47,31.9,0.024464402800077806,0.4296902130535485,-0.5703548693260896,-0.7250458057011094,-0.2862728943271018,0.9129188041128721,0.0628338418368611,-0.7850708088933988,0.7570713105153327,0.22869461152916318,19.2,4.1,2.4,0.9,1.0,1.9,0.426,14.9,0.838,5.5,1.8
202699,Tobias Harris,PHI,73,34.8,-0.00842757933193089,0.06043480223697894,0.45174124605915944,-0.20308874662308546,-1.156697235186533,0.07537861685335646,-0.504941837411887,0.4056053329856507,0.4072655525472895,0.45587468920713947,17.2,6.8,3.5,0.6,0.6,1.4,0.482,14.0,0.842,2.8,1.6
1626156,D'Angelo Russell,MIN,65,31.9,-0.06769455714247496,0.22659973710443562,-0.8731981627735708,1.5051343558140837,0.0038685526260418116,-0.5527765235912802,0.9712749286348585,-1.1180234922640957,0.33586170765080603,-0.566435660343754,18.1,3.3,7.1,1.0,0.3,2.7,0.411,15.0,0.825,3.7,2.5
203992,Bogdan Bogdanović,ATL,63,29.3,-0.11132747041904323,-0.327283379120419,-0.6082102810070247,-0.3928913135605487,0.2940099995791857,-0.7621615704061591,0.9712749286348585,-0.5661201060598092,0.2562293681187925,1.0238248834020804,15.1,4.0,3.1,1.1,0.2,2.7,0.431,12.6,0.843,1.8,1.1
203078,Bradley Beal,WAS,40,36.0,-0.11644361273546222,1.1682010346866876,-0.34322239924047854,1.2678811471422546,-0.2862728943271018,-0.34339147677640125,-0.2778315657123876,-0.3264183108808519,0.6133568622674641,-1.5887460098946475,23.2,4.7,6.6,0.9,0.4,1.6,0.451,19.3,0.833,5.1,3.4
1626171,Bobby Portis,MIL,72,28.2,-0.19291544803351723,-0.4195972318245614,1.3224157147206677,-1.2944535065134994,-0.8665557882333893,0.2847636636682353,-0.050721294012888385,0.30308775783351066,-0.2684995693956964,0.7966448057241041,14.6,9.1,1.2,0.7,0.7,1.8,0.479,12.1,0.752,1.6,1.3
201144,Mike Conley,UTA,72,28.6,-0.1951076251609608,-0.5857621666920177,-0.9867643978163761,0.6510228045954991,0.874292893485473,-0.5527765235912802,0.5170543852358596,-0.42519506265366935,-0.02926420809260055,0.3422846503681515,13.7,3.0,5.3,1.3,0.3,2.3,0.435,11.0,0.796,2.3,1.7
1627742,Brandon Ingram,NOP,55,34.0,-0.22480497205723982,1.075887181982545,0.07318712924980796,0.7933747297985966,-1.156697235186533,-0.13400642996152237,-0.6184969732616366,-0.03939936852784656,0.5749617318710797,-0.7936157380217307,22.7,5.8,5.6,0.6,0.5,1.3,0.461,17.9,0.826,5.9,2.7
203935,Marcus Smart,BOS,71,32.3,-0.22859957909218281,-0.8811664953452732,-0.683921104368895,0.9357266550016943,2.0348586812980476,-0.5527765235912802,-0.16427642986263813,-0.6370366488576732,-0.05434216953937527,-0.22566554382678972,12.1,3.8,5.9,1.7,0.3,1.7,0.418,10.1,0.793,2.5,2.2
1630567,Scottie Barnes,TOR,74,35.4,-0.23007766807881355,-0.29035783803876186,0.7167291278257055,-0.20308874662308546,0.2940099995791857,0.2847636636682353,-1.1862726525103848,0.5523433986140178,-0.626899232122889,0.22869461152916318,15.3,7.5,3.5,1.1,0.7,0.8,0.492,12.6,0.735,2.9,1.8
202330,Gordon Hayward,CHA,49,31.9,-0.33769177232150305,-0.17958121479379105,-0.38107781092141385,-0.1556381048887196,0.0038685526260418116,-0.34339147677640125,-0.050721294012888385,-0.05272702194723243,0.47929194802475034,0.3422846503681515,15.9,4.6,3.6,1.0,0.4,1.8,0.459,12.6,0.846,3.0,1.7
1626181,Norman Powell,LAC,45,32.4,-0.38651095369803823,0.39276467197189163,-0.9110535744545057,-0.8673977309042068,-0.2862728943271018,-0.13400642996152237,0.6306095210856093,-0.019579601505133822,0.23896035635080362,0.5694647280461278,19.0,3.2,2.1,0.9,0.5,2.4,0.461,13.4,0.811,5.2,1.5
1630529,Herbert Jones,NOP,78,29.9,-0.43525275371972694,-1.3611985294068136,-0.683921104368895,-0.8673977309042068,2.0348586812980476,0.49414871048311443,-1.2998277883601346,0.16837349017281375,0.2830667116422431,0.7966448057241041,9.5,3.8,2.1,1.7,0.8,0.7,0.476,7.4,0.84,2.1,1.3
1626174,Christian Wood,HOU,68,30.8,-0.527430601516069,0.18967419602277813,1.7009698315300192,-0.7724964474354753,-0.5764143412802454,0.9129188041128721,0.0628338418368611,0.733503636219865,-2.893524695212919,0.11510457269017513,17.9,10.1,2.3,0.8,1.0,1.9,0.501,12.9,0.623,4.9,1.9
1627751,Jakob Poeltl,SAS,68,29.0,-0.5314168085488822,-0.6226877077736745,1.3981265380825385,-0.5352432387636462,-0.8665557882333893,2.3786141318170246,-2.0947137393083817,2.2352404956039944,-2.8800721891804875,0.45587468920713947,13.5,9.3,2.8,0.7,1.7,0.0,0.618,9.8,0.495,2.8,1.6
203991,Clint Capela,ATL,74,27.6,-0.5320338434025329,-1.0657942007535581,2.382367241786852,-1.2944535065134994,-0.8665557882333893,1.541073944557509,-2.0947137393083817,1.817079306254885,-2.542812178789972,1.5917750775970214,11.1,11.9,1.2,0.7,1.3,0.0,0.613,8.2,0.473,2.3,0.6
1628374,Lauri Markkanen,CLE,61,30.8,-0.6148081794894962,-0.38267169074290425,0.03533171756887295,-1.2470028647791334,-0.8665557882333893,-0.13400642996152237,0.4034992493861103,-0.2789672856916725,0.604559951884085,1.2510049610800569,14.8,5.7,1.3,0.7,0.5,2.2,0.445,11.5,0.868,2.6,0.9
1628368,De'Aaron Fox,SAC,59,35.3,-0.6305882079596045,1.1682010346866876,-0.6460656926879598,0.7933747297985966,0.5841514465323291,-0.34339147677640125,-0.6184969732616366,0.2810114671644525,-0.9421669665549542,-0.9072057768607185,23.2,3.9,5.6,1.2,0.4,1.3,0.473,18.5,0.75,5.9,2.8
1629639,Tyler Herro,MIA,66,32.6,-0.6413583546936648,0.7066317711659756,-0.22965616419767315,0.03416446204874363,-0.8665557882333893,-0.9715466172210381,0.9712749286348585,-0.381772019484963,0.7761267717765633,-0.6800256991827424,20.7,5.0,4.0,0.7,0.1,2.7,0.447,17.0,0.868,3.3,2.6
1628404,Josh Hart,POR,54,33.2,-0.6426919556920121,-0.3642089202020758,0.6031628927829001,0.08161510378310928,0.2940099995791857,-0.7621615704061591,-0.504941837411887,0.6502140484583359,-0.5283061672876198,-0.11207550498780144,14.9,7.2,4.1,1.1,0.2,1.4,0.504,10.5,0.758,3.9,2.1
1628401,Derrick White,BOS,75,29.3,-0.6873376834605138,-0.6780760193961601,-0.7974873394117004,0.46122023765803616,-0.2862728943271018,0.49414871048311443,-0.39138670156213734,-0.630511550815834,0.6851531847041298,0.45587468920713947,13.2,3.5,4.9,0.9,0.8,1.5,0.421,10.7,0.864,3.1,1.6
1630596,Evan Mobley,CLE,69,33.8,-0.7253603504889716,-0.3457461496612474,1.019572421273187,-0.6775951639667436,-0.5764143412802454,2.3786141318170246,-1.7540483317591329,0.8073169888233978,-1.6921644784253869,0.11510457269017513,15.0,8.3,2.5,0.8,1.7,0.3,0.508,12.0,0.663,3.7,1.9
1628976,Wendell Carter Jr.,ORL,62,29.9,-0.8157183382554012,-0.3457461496612474,1.85239147825376,-0.5352432387636462,-1.156697235186533,0.2847636636682353,-0.8456072449611358,1.0154487958254996,-1.2001329801205087,0.11510457269017513,15.0,10.5,2.8,0.6,0.7,1.1,0.525,11.0,0.691,3.3,1.9
1630170,Devin Vassell,SAS,71,27.3,-0.878501174308594,-0.8442409542636161,-0.49464404596421924,-0.9622990143729385,0.2940099995791857,0.07537861685335646,0.0628338418368611,-0.5424760844309514,0.16834146653468307,1.364594999919045,12.3,4.3,1.9,1.1,0.6,1.9,0.427,10.8,0.838,1.4,0.8
203552,Seth Curry,BKN,64,33.3,-0.9232720397010484,-0.3457461496612474,-0.948908986135441,-0.1556381048887196,-0.5764143412802454,-0.7621615704061591,0.744164656935359,0.4238922937481639,0.3552555116190897,0.3422846503681515,15.0,3.1,3.6,0.8,0.2,2.5,0.487,11.5,0.872,1.5,1.7
203110,Draymond Green,GSW,46,28.9,-0.9440423593357715,-1.7304539402233832,0.6410183044638351,1.457683714079718,0.874292893485473,1.1223038509277512,-1.7540483317591329,0.5363168420200268,-0.9567698377913646,-1.134385854538695,7.5,7.3,7.0,1.3,1.1,0.3,0.525,5.6,0.659,2.0,3.0
1630595,Cade Cunningham,DET,64,32.6,-0.9444961607118794,0.09736034331863576,-0.040379105792997416,0.7933747297985966,0.5841514465323291,0.2847636636682353,-0.050721294012888385,-1.0857608308785176,0.40223101306633974,-1.9295161264116125,17.4,5.5,5.6,1.2,0.7,1.8,0.416,16.1,0.845,2.6,3.7
1629680,Matisse Thybulle,PHI,66,25.5,-0.9758121927290819,-2.0627838099582956,-1.2517522795829221,-1.341904148247865,2.0348586812980476,1.1223038509277512,-1.2998277883601346,0.2750063590944273,-0.043488135497112244,1.5917750775970214,5.7,2.3,1.1,1.7,1.1,0.7,0.5,4.5,0.791,0.7,0.6
203109,Jae Crowder,PHX,67,28.1,-0.9981562998672746,-1.379661299947642,-0.11608992915486778,-0.9622990143729385,1.1644343404386162,-0.34339147677640125,0.0628338418368611,-0.7270356594644827,-0.06154210234546491,1.364594999919045,9.4,5.3,1.9,1.4,0.4,1.9,0.399,8.1,0.789,1.3,0.8
1627827,Dorian Finney-Smith,DAL,80,33.0,-1.0017317674740485,-1.0842569712943864,-0.34322239924047854,-0.9622990143729385,0.2940099995791857,-0.13400642996152237,0.4034992493861103,0.12772308010009048,-0.4405942039111775,1.1374149222410688,11.0,4.7,1.9,1.1,0.5,2.2,0.471,8.7,0.675,1.0,1.0
1629661,Cameron Johnson,PHX,66,26.2,-1.0323661542208582,-0.8073154131819593,-0.5703548693260896,-1.1521015813104019,-0.2862728943271018,-0.7621615704061591,0.744164656935359,-0.014468953797075003,0.33795943243453586,1.4781850387580333,12.5,4.1,1.5,0.9,0.2,2.5,0.46,9.2,0.86,1.7,0.7
1630180,Saddiq Bey,DET,82,33.0,-1.0760903758008447,-0.1426556737121339,-0.07823451747393242,-0.5352432387636462,-0.2862728943271018,-0.7621615704061591,0.8577197927851088,-1.3365512181803128,0.2970740997142405,0.9102348445630923,16.1,5.4,2.8,0.9,0.2,2.6,0.396,13.9,0.827,3.1,1.2
1627741,Buddy Hield,IND,81,30.8,-1.1288971929262845,-0.2349695264162766,-0.4567886342832839,-0.5352432387636462,-0.2862728943271018,-0.5527765235912802,1.5390506078836066,-1.1089469508904037,0.39194539477192625,0.11510457269017513,15.6,4.4,2.8,0.9,0.3,3.2,0.406,13.6,0.874,1.6,1.9
1629640,Keldon Johnson,SAS,75,31.9,-1.1649445807015484,0.02350926115532212,0.18675336429261333,-0.8673977309042068,-0.5764143412802454,-0.7621615704061591,0.28994411353636057,0.07820567685127454,-0.4476181985095999,0.9102348445630923,17.0,6.1,2.1,0.8,0.2,2.1,0.466,13.5,0.756,3.1,1.2
1628973,Jalen Brunson,DAL,79,31.9,-1.2515174448907802,-0.10573013263047708,-0.6460656926879598,0.4137695959236701,-0.5764143412802454,-1.1809316640359169,-0.7320521091113863,0.746749798673518,0.37328241105087767,0.45587468920713947,16.3,3.9,4.8,0.8,0.0,1.2,0.502,12.8,0.84,2.7,1.6
1629643,Chuma Okeke,ORL,70,25.0,-1.264130823773615,-1.52736346427427,-0.22965616419767315,-1.0572002978416704,1.1644343404386162,0.07537861685335646,-0.16427642986263813,-1.0109482438142219,0.12090581900584069,1.364594999919045,8.6,5.0,1.7,1.4,0.6,1.7,0.376,8.2,0.846,0.9,0.8
203084,Harrison Barnes,SAC,77,33.6,-1.2837440766520258,-0.087267362089649,-0.0025236941120624014,-0.7250458057011094,-0.8665557882333893,-0.7621615704061591,-0.050721294012888385,0.11760073799950366,0.5234659718576002,0.5694647280461278,16.4,5.6,2.4,0.7,0.2,1.8,0.469,10.8,0.826,5.4,1.5
201976,Patrick Beverley,MIN,58,25.4,-1.2876706803632048,-1.4165868410292992,-0.5703548693260896,0.31886831245493835,0.5841514465323291,0.7035337572979933,-0.504941837411887,-0.5938619591083416,-0.6051234954969523,0.7966448057241041,9.2,4.1,4.6,1.2,0.9,1.4,0.406,7.5,0.722,2.3,1.3
1630532,Franz Wagner,ORL,79,30.7,-1.2910295258385376,-0.3088206085795906,-0.4189332226023489,-0.4877925970292804,-0.2862728943271018,-0.34339147677640125,-0.7320521091113863,0.11055759024693991,0.6062110642945039,0.5694647280461278,15.2,4.5,2.9,0.9,0.4,1.2,0.468,12.3,0.863,2.8,1.5
1629011,Mitchell Robinson,NYK,72,25.7,-1.2951717739213453,-1.5458262348150984,1.133138656315992,-1.62660799865406,-0.5764143412802454,2.5879991786319034,-2.0947137393083817,2.1137801514413055,-2.6511224461718057,1.364594999919045,8.5,8.6,0.5,0.8,1.8,0.0,0.761,4.8,0.486,2.5,0.8
1628398,Kyle Kuzma,WAS,66,33.4,-1.310927430668835,0.04197203169615086,1.095283244635057,-0.20308874662308546,-1.156697235186533,0.7035337572979933,0.0628338418368611,-0.20907714100981598,-0.9656614841327206,-0.6800256991827424,17.1,8.5,3.5,0.6,0.9,1.9,0.452,14.2,0.712,3.3,2.6
1629023,P.J. Washington,CHA,65,27.2,-1.3353030084285806,-1.2134963650801855,-0.1539453408358028,-0.7724964474354753,-0.2862728943271018,0.7035337572979933,-0.16427642986263813,0.11071669165622523,-0.3557107855656997,0.7966448057241041,10.3,5.2,2.3,0.9,0.9,1.7,0.47,8.2,0.716,1.2,1.3
2546,Carmelo Anthony,LAL,69,26.0,-1.3764485591966569,-0.6596132488553313,-0.5324994576451543,-1.389354789982231,-0.8665557882333893,0.49414871048311443,0.4034992493861103,-0.31239798425274484,0.23531978882291157,1.2510049610800569,13.3,4.2,1.0,0.7,0.8,2.2,0.441,10.5,0.83,2.3,0.9
203115,Will Barton,DEN,71,32.1,-1.4325488016613654,-0.401134461283733,-0.3053669875595435,-0.01328617968562223,-0.5764143412802454,-0.34339147677640125,0.4034992493861103,-0.4377718350316651,0.012622619040571471,0.22869461152916318,14.7,4.8,3.9,0.8,0.4,2.2,0.438,12.6,0.803,1.8,1.8
203484,Kentavious Caldwell-Pope,WAS,77,30.2,-1.458269086692244,-0.6780760193961601,-0.8353427510926356,-0.9622990143729385,0.2940099995791857,-0.5527765235912802,0.28994411353636057,-0.4167471658727694,0.6063734687938898,0.7966448057241041,13.2,3.4,1.9,1.1,0.3,2.1,0.435,10.8,0.89,2.0,1.3
203994,Jusuf Nurkić,POR,56,28.2,-1.4686446800674728,-0.3457461496612474,2.0795239483393706,-0.5352432387636462,0.2940099995791857,0.07537861685335646,-1.7540483317591329,1.1445363063284997,-1.7470301318011163,-0.6800256991827424,15.0,11.1,2.8,1.1,0.6,0.3,0.535,10.7,0.69,4.8,2.6
1629001,De'Anthony Melton,MEM,73,22.7,-1.5298006759367717,-1.1211825123760433,-0.4189332226023489,-0.5826938804980119,1.1644343404386162,-0.13400642996152237,0.0628338418368611,-0.7903910047990553,-0.2793265360213951,0.5694647280461278,10.8,4.5,2.7,1.4,0.5,1.9,0.404,9.5,0.75,1.6,1.5
203490,Otto Porter Jr.,GSW,63,22.2,-1.553035129277188,-1.601214546437584,0.03533171756887295,-1.1521015813104019,0.2940099995791857,-0.13400642996152237,-0.6184969732616366,0.0391831458321044,-0.007515538883228179,1.5917750775970214,8.2,5.7,1.5,1.1,0.5,1.3,0.464,6.6,0.803,1.0,0.6
203952,Andrew Wiggins,GSW,73,31.9,-1.619100810087529,0.06043480223697894,-0.4189332226023489,-0.8199470891698409,0.0038685526260418116,0.2847636636682353,0.4034992493861103,0.07964147005703164,-1.7818929643358652,0.5694647280461278,17.2,4.5,2.2,1.0,0.7,2.2,0.466,14.0,0.634,3.2,1.5
201937,Ricky Rubio,IND,34,28.5,-1.6199727638265435,-0.6965387899369885,-0.5703548693260896,1.2678811471422546,1.1644343404386162,-0.7621615704061591,-0.16427642986263813,-1.739425090410288,0.5604941977174909,-0.6800256991827424,13.1,4.1,6.6,1.4,0.2,1.7,0.363,12.1,0.854,3.0,2.6
1628420,Monte Morris,DEN,75,29.9,-1.6277804368141038,-0.7888526426411309,-0.9867643978163761,0.22396702898620707,-0.8665557882333893,-0.7621615704061591,-0.16427642986263813,0.33880990474052736,0.2406385361777866,1.1374149222410688,12.6,3.0,4.4,0.7,0.2,1.7,0.484,10.3,0.869,1.1,1.0
1628415,Dillon Brooks,MEM,32,27.7,-1.63304045217073,0.2819880487269205,-0.9110535744545057,-0.5352432387636462,0.2940099995791857,-0.5527765235912802,-0.504941837411887,-0.7248839099169354,0.5639858944542786,0.45587468920713947,18.4,3.2,2.8,1.1,0.3,1.4,0.432,16.4,0.849,3.3,1.6
1627936,Alex Caruso,CHI,41,28.0,-1.6513907768760032,-1.7489167107642114,-0.7596319277307652,0.03416446204874363,2.0348586812980476,-0.34339147677640125,-0.9591623808108856,-0.5562674602505745,-0.03609873077507287,0.683054766885116,7.4,3.6,4.0,1.7,0.4,1.0,0.398,6.2,0.795,1.8,1.4
1628370,Malik Monk,LAL,76,28.1,-1.6910708099225773,-0.567299396151189,-0.8353427510926356,-0.4877925970292804,-0.5764143412802454,-0.34339147677640125,0.5170543852358596,0.18177099299139804,-0.03553031502722368,0.45587468920713947,13.8,3.4,2.9,0.8,0.4,2.3,0.473,10.9,0.795,1.5,1.6
201587,Nicolas Batum,LAC,59,24.8,-1.7008640782022917,-1.582751775896755,-0.49464404596421924,-1.0572002978416704,0.0038685526260418116,0.2847636636682353,-0.050721294012888385,0.02957885344224327,-0.31194277298131234,1.4781850387580333,8.3,4.3,1.7,1.0,0.7,1.8,0.463,6.6,0.658,0.6,0.7
1629652,Luguentz Dort,OKC,51,32.7,-1.7122206761371506,0.06043480223697894,-0.5324994576451543,-1.0572002978416704,-0.2862728943271018,-0.34339147677640125,0.744164656935359,-1.2009386096354735,0.5611979505481611,0.3422846503681515,17.2,4.2,1.7,0.9,0.4,2.5,0.404,14.2,0.843,3.7,1.7
202692,Alec Burks,NYK,81,28.6,-1.7795714501747641,-0.9550175775085873,-0.2675115758786082,-0.44034195529491454,0.0038685526260418116,-0.5527765235912802,0.0628338418368611,-0.9169736382363362,0.26252254246997925,1.0238248834020804,11.7,4.9,3.0,1.0,0.3,1.9,0.391,9.0,0.822,3.3,1.1
1629014,Anfernee Simons,POR,57,29.5,-1.860041767314696,0.07889757277780768,-1.1381860445401166,-0.01328617968562223,-1.4468386821396766,-0.9715466172210381,1.4254954720338568,-0.38893158290285995,0.5928397605117663,0.0015145338511868467,17.3,2.6,3.9,0.5,0.1,3.1,0.443,14.0,0.888,2.0,2.0
201567,Kevin Love,CLE,74,22.5,-1.8948994740670613,-0.6042249372328461,0.6031628927829001,-0.8199470891698409,-1.7369801290928202,-0.7621615704061591,0.744164656935359,-0.470570008477769,0.35501190487001105,0.7966448057241041,13.6,7.2,2.2,0.4,0.2,2.5,0.43,10.3,0.838,2.7,1.3
1626192,Pat Connaughton,MIL,65,26.0,-1.96498028587908,-1.2873474472434996,-0.5324994576451543,-1.2470028647791334,-0.2862728943271018,-0.7621615704061591,0.4034992493861103,-0.027212588628713206,0.06865217132856218,1.7053651164360095,9.9,4.2,1.3,0.9,0.2,2.2,0.458,7.6,0.833,0.8,0.5
1630175,Cole Anthony,ORL,65,31.7,-1.9759735213939909,-0.10573013263047708,-0.07823451747393242,0.8408253715329626,-0.8665557882333893,-0.5527765235912802,0.17638897768661083,-1.4483141374208746,0.7384489279191315,-0.6800256991827424,16.3,5.4,5.7,0.7,0.3,2.0,0.391,14.0,0.854,3.9,2.6
1629634,Brandon Clarke,MEM,64,19.5,-1.9862030155345558,-1.1950335945393573,-0.11608992915486778,-1.2470028647791334,-1.156697235186533,1.1223038509277512,-1.9811586034586322,1.8727143527168808,-0.9906041084966732,1.7053651164360095,10.4,5.3,1.3,0.6,1.1,0.1,0.644,7.0,0.654,2.0,0.5
1628971,Bruce Brown,BKN,72,24.6,-2.0042862773030947,-1.453512382110956,-0.3053669875595435,-0.8673977309042068,0.2940099995791857,0.2847636636682353,-1.5269380600596336,0.46699519383720706,-0.26143497367242796,1.364594999919045,9.0,4.8,2.1,1.1,0.7,0.5,0.506,7.0,0.758,1.8,0.8
1629020,Jarred Vanderbilt,MIN,74,25.4,-2.0047694524422983,-1.841230563468354,1.057427832954122,-1.2470028647791334,0.874292893485473,0.07537861685335646,-2.0947137393083817,0.9162956334014432,-0.8826321838218926,1.1374149222410688,6.9,8.4,1.3,1.3,0.6,0.0,0.587,4.9,0.656,1.8,1.0
200746,LaMarcus Aldridge,BKN,47,22.3,-2.031168344385809,-0.7334643310186453,-0.040379105792997416,-1.4368054317165968,-2.027121576045964,0.9129188041128721,-1.7540483317591329,1.2529871998903759,0.5437394668642225,1.2510049610800569,12.9,5.5,0.9,0.3,1.0,0.3,0.55,9.7,0.873,2.2,0.9
203944,Julius Randle,NYK,72,35.3,-2.054089230844662,0.5958551479210051,1.6252590081681493,0.5561215211267675,-0.8665557882333893,-0.13400642996152237,-0.16427642986263813,-1.2955011143232849,-0.7822391357851016,-1.5887460098946475,20.1,9.9,5.1,0.7,0.5,1.7,0.411,17.3,0.756,5.6,3.4
1626220,Royce O'Neale,UTA,77,31.2,-2.0677978281103506,-1.7489167107642114,-0.3053669875595435,-0.6775951639667436,0.2940099995791857,-0.34339147677640125,-0.39138670156213734,-0.01986676014628636,-0.012698949155281448,1.1374149222410688,7.4,4.8,2.5,1.1,0.4,1.5,0.457,5.8,0.804,0.7,1.0
201565,Derrick Rose,NYK,26,24.5,-2.0819692816520594,-0.8996292658861017,-0.9867643978163761,0.03416446204874363,-0.5764143412802454,-0.13400642996152237,-0.504941837411887,-0.25127975995362856,0.6674375605628305,0.5694647280461278,12.0,3.0,4.0,0.8,0.5,1.4,0.445,10.5,0.968,1.2,1.5
202711,Bojan Bogdanovic,UTA,69,30.9,-2.119483583296211,0.22659973710443562,-0.49464404596421924,-1.0572002978416704,-1.4468386821396766,-1.1809316640359169,0.8577197927851088,-0.13657734516344217,0.7701042715910182,0.3422846503681515,18.1,4.3,1.7,0.5,0.0,2.6,0.455,13.4,0.858,3.8,1.7
203932,Aaron Gordon,DEN,75,31.7,-2.1373869561036125,-0.3457461496612474,0.11104254093074331,-0.6775951639667436,-1.156697235186533,0.07537861685335646,-0.7320521091113863,0.9435582419610279,-0.5839703094519935,0.22869461152916318,15.0,5.9,2.5,0.6,0.6,1.2,0.52,11.1,0.743,3.1,1.8
1626162,Kelly Oubre Jr.,CHA,76,26.3,-2.1509474308134884,-0.3457461496612474,-0.6082102810070247,-1.341904148247865,0.0038685526260418116,-0.34339147677640125,0.744164656935359,-0.3906118490058137,-1.1201216967565943,1.2510049610800569,15.0,4.0,1.1,1.0,0.4,2.5,0.44,12.3,0.667,2.5,0.9
203095,Evan Fournier,NYK,80,29.5,-2.1938600931460233,-0.5119110845287037,-1.1381860445401166,-0.8673977309042068,0.0038685526260418116,-0.5527765235912802,1.311940336184107,-0.7886001438140369,-0.4474422603019323,0.7966448057241041,14.1,2.6,2.1,1.0,0.3,3.0,0.417,12.1,0.708,1.4,1.3
1630168,Onyeka Okongwu,ATL,48,20.7,-2.272656434603439,-1.601214546437584,0.11104254093074331,-1.341904148247865,-1.156697235186533,1.541073944557509,-2.0947137393083817,1.5849658721944626,-0.5662140841858475,1.2510049610800569,8.2,5.9,1.1,0.6,1.3,0.0,0.69,4.7,0.727,2.3,0.9
1628960,Grayson Allen,MIL,66,27.3,-2.2991542370520595,-1.0657942007535581,-0.8353427510926356,-1.1521015813104019,-0.8665557882333893,-0.5527765235912802,0.6306095210856093,-0.16112940898188785,0.22575145706745084,1.4781850387580333,11.1,3.4,1.5,0.7,0.3,2.4,0.448,8.6,0.865,1.1,0.7
1628989,Kevin Huerter,ATL,74,29.6,-2.3094872539572737,-0.8811664953452732,-0.8353427510926356,-0.5826938804980119,-0.8665557882333893,-0.34339147677640125,0.4034992493861103,-0.11084560260297023,-0.0032253533577950503,0.9102348445630923,12.1,3.4,2.7,0.7,0.4,2.2,0.454,10.3,0.808,0.7,1.2
204456,T.J. McConnell,IND,27,24.2,-2.3342242254118037,-1.5458262348150984,-0.8731981627735708,0.46122023765803616,0.2940099995791857,-0.34339147677640125,-1.6404931959093834,0.22962559248706146,0.06000413173628526,1.0238248834020804,8.5,3.3,4.9,1.1,0.4,0.4,0.481,7.7,0.826,0.9,1.1
1628379,Luke Kennard,LAC,70,27.4,-2.383073668819276,-0.91809203642693,-0.8731981627735708,-0.8673977309042068,-1.156697235186533,-0.9715466172210381,0.9712749286348585,-0.1595480961944662,0.34112632017255307,1.2510049610800569,11.9,3.3,2.1,0.6,0.1,2.7,0.449,9.1,0.896,1.1,0.9
1629655,Daniel Gafford,WAS,72,20.1,-2.3914458039868287,-1.379661299947642,0.03533171756887295,-1.4368054317165968,-1.7369801290928202,1.7504589913723876,-2.0947137393083817,1.9386851699992371,-0.7187660439419429,1.2510049610800569,9.4,5.7,0.9,0.4,1.4,0.0,0.693,5.7,0.699,2.1,0.9
1627747,Caris LeVert,CLE,58,30.7,-2.4045991235176256,0.02350926115532212,-0.72177651604983,0.176516387251841,-0.2862728943271018,-0.34339147677640125,-0.504941837411887,-0.3889587465581038,-0.47438787349164013,0.11510457269017513,17.0,3.7,4.3,0.9,0.4,1.4,0.444,14.7,0.756,3.3,1.9
1626158,Richaun Holmes,SAC,45,23.9,-2.428782723182369,-1.1950335945393573,0.5274520694210298,-1.341904148247865,-1.7369801290928202,0.7035337572979933,-2.0947137393083817,1.950142411728961,-0.15151419500502147,0.9102348445630923,10.4,7.0,1.1,0.4,0.9,0.0,0.66,6.7,0.778,2.0,1.2
1627826,Ivica Zubac,LAC,76,24.4,-2.4391162441828627,-1.2134963650801855,1.095283244635057,-1.104650939576036,-1.4468386821396766,0.9129188041128721,-2.0947137393083817,1.5715082212821248,-0.7285915161547645,0.5694647280461278,10.3,8.5,1.6,0.5,1.0,0.0,0.626,6.5,0.727,3.0,1.5
203903,Jordan Clarkson,UTA,79,27.1,-2.5639421011362686,-0.16111844425296265,-0.7974873394117004,-0.6775951639667436,-0.5764143412802454,-0.7621615704061591,0.6306095210856093,-0.8844296389928734,0.20878018688166763,0.45587468920713947,16.0,3.5,2.5,0.8,0.2,2.4,0.419,14.1,0.828,2.2,1.6
202694,Marcus Morris Sr.,LAC,54,29.0,-2.5904601210455067,-0.2718950674979334,-0.4567886342832839,-0.8673977309042068,-1.4468386821396766,-0.5527765235912802,0.0628338418368611,-0.5198526401348338,0.6656105099447437,0.7966448057241041,15.4,4.4,2.1,0.5,0.3,1.9,0.434,12.8,0.872,2.7,1.3
1628998,Cody Martin,CHA,71,26.3,-2.6671273379344425,-1.6935283991417263,-0.6082102810070247,-0.6775951639667436,0.5841514465323291,-0.13400642996152237,-1.072717516660635,0.19636757716289777,-0.5125935319720745,1.2510049610800569,7.7,4.0,2.5,1.2,0.5,0.9,0.482,6.0,0.701,1.5,0.9
1628392,Isaiah Hartenstein,LAC,68,17.9,-2.682405120024009,-1.582751775896755,-0.2675115758786082,-0.7250458057011094,-0.8665557882333893,1.1223038509277512,-1.8676034676088826,1.3122350124998292,-0.7177104146959371,0.9102348445630923,8.3,4.9,2.4,0.7,1.1,0.2,0.626,5.4,0.689,1.9,1.2
1627780,Gary Payton II,GSW,71,17.6,-2.701482369873685,-1.804305022386697,-0.7974873394117004,-1.4368054317165968,1.1644343404386162,-0.5527765235912802,-1.4133829242098839,1.1009638630559506,-0.553898409649115,1.5917750775970214,7.1,3.5,0.9,1.4,0.3,0.6,0.616,4.8,0.603,0.8,0.6
1629645,Kevin Porter Jr.,HOU,61,31.3,-2.764443148302599,-0.2349695264162766,-0.4567886342832839,1.0780785802047916,0.2940099995791857,-0.34339147677640125,0.744164656935359,-0.902293622838015,-1.6952772313302755,-1.2479758933776832,15.6,4.4,6.2,1.1,0.4,2.5,0.415,13.2,0.642,3.2,3.1
1629750,Javonte Green,CHI,65,23.4,-2.829206195645198,-1.7858422518458688,-0.5324994576451543,-1.4368054317165968,0.0038685526260418116,-0.13400642996152237,-1.4133829242098839,0.6067716026787414,0.15732502799303458,1.7053651164360095,7.2,4.2,0.9,1.0,0.5,0.6,0.542,5.0,0.833,1.5,0.5
1626196,Josh Richardson,SAS,65,24.6,-2.840629331101267,-1.2319591356210144,-1.0624752211782464,-1.0097496561073043,-0.2862728943271018,-0.34339147677640125,-0.2778315657123876,-0.27112669063158634,0.5047623870117071,1.1374149222410688,10.2,2.8,1.8,0.9,0.4,1.6,0.438,8.2,0.889,1.7,1.0
1628449,Chris Boucher,TOR,80,21.1,-2.841317433228716,-1.379661299947642,0.2246087759735487,-1.7215092821227918,-1.156697235186533,0.7035337572979933,-1.072717516660635,0.039159862699038164,-0.18339961171770428,1.7053651164360095,9.4,6.2,0.3,0.6,0.9,0.9,0.464,7.2,0.777,2.4,0.5
203457,Nerlens Noel,NYK,25,22.5,-2.8813810836601954,-2.4874275323973505,-0.0025236941120624014,-1.4368054317165968,0.5841514465323291,1.3316888977426298,-2.0947137393083817,0.2803265550000836,-0.42067258531989216,1.364594999919045,3.4,5.6,0.9,1.2,1.2,0.0,0.533,2.4,0.7,1.2,0.8
203915,Spencer Dinwiddie,DAL,67,29.6,-2.891025198426121,-0.5857621666920177,-0.5324994576451543,0.6035721628611335,-0.8665557882333893,-0.7621615704061591,-0.16427642986263813,-0.7293309883326052,-0.30988564932242985,0.45587468920713947,13.7,4.2,5.2,0.7,0.2,1.7,0.416,11.0,0.774,3.8,1.6
203501,Tim Hardaway Jr.,DAL,42,29.6,-2.901169911418184,-0.49344831398787536,-0.72177651604983,-0.8199470891698409,-0.2862728943271018,-0.9715466172210381,0.6306095210856093,-1.244532395779999,-0.3588506058871524,1.364594999919045,14.2,3.7,2.2,0.9,0.1,2.4,0.394,12.6,0.757,2.5,0.8
1628997,Caleb Martin,MIA,60,22.9,-2.911428866242042,-1.4165868410292992,-0.683921104368895,-1.341904148247865,0.0038685526260418116,-0.13400642996152237,-0.8456072449611358,0.46467464157492944,-0.2089512529543533,1.2510049610800569,9.2,3.8,1.1,1.0,0.5,1.1,0.507,6.8,0.763,1.6,0.9
1628984,Devonte' Graham,NOP,76,28.4,-2.939370317912479,-0.91809203642693,-1.2517522795829221,0.12906574551747535,-0.2862728943271018,-0.7621615704061591,0.744164656935359,-1.5336060746261087,0.2562293681187925,0.683054766885116,11.9,2.3,4.2,0.9,0.2,2.5,0.363,10.7,0.843,1.8,1.4
1630581,Josh Giddey,OKC,54,31.5,-2.9994664680391514,-0.8073154131819593,0.8302953628685109,1.1729798636735234,-0.2862728943271018,-0.34339147677640125,-0.9591623808108856,-0.773041190142462,-0.4719924071257042,-1.3615659322166715,12.5,7.8,6.4,0.9,0.4,1.0,0.419,12.4,0.709,1.5,3.2
1626149,Montrezl Harrell,CHA,71,23.1,-2.9996641169937153,-0.6965387899369885,0.18675336429261333,-0.9148483726385727,-1.7369801290928202,0.07537861685335646,-1.9811586034586322,2.0935820335062645,-1.1632671587600047,1.1374149222410688,13.1,6.1,2.0,0.4,0.6,0.1,0.645,7.8,0.716,4.2,1.0
203083,Andre Drummond,BKN,73,19.7,-3.0142873339807434,-1.6566028580600691,1.3981265380825385,-1.0097496561073043,0.2940099995791857,0.7035337572979933,-2.0947137393083817,0.9492897732175213,-2.0540558378893667,0.45587468920713947,7.9,9.3,1.8,1.1,0.9,0.0,0.57,5.9,0.524,2.2,1.6
201568,Danilo Gallinari,ATL,66,25.3,-3.0279285076384426,-0.9550175775085873,-0.34322239924047854,-1.1521015813104019,-1.7369801290928202,-0.7621615704061591,-0.16427642986263813,-0.3538128571944796,0.8478689593800999,1.5917750775970214,11.7,4.7,1.5,0.4,0.2,1.7,0.434,9.0,0.904,2.4,0.6
1630224,Jalen Green,HOU,67,31.9,-3.0493242936527114,0.07889757277780768,-0.8353427510926356,-0.6301445222323777,-0.8665557882333893,-0.5527765235912802,0.5170543852358596,-0.7463354365153809,-0.015635763852502274,0.0015145338511868467,17.3,3.4,2.6,0.7,0.3,2.3,0.426,14.2,0.797,3.5,2.0
1630537,Chris Duarte,IND,55,28.0,-3.0637601819496236,-0.6965387899369885,-0.5703548693260896,-0.8673977309042068,0.0038685526260418116,-0.7621615704061591,-0.16427642986263813,-0.4871980460093062,0.024424012662583094,0.45587468920713947,13.1,4.1,2.1,1.0,0.2,1.7,0.432,11.3,0.804,2.0,1.6
1629642,Nassir Little,POR,42,25.9,-3.0985576261053565,-1.305810217784328,-0.0025236941120624014,-1.2470028647791334,-1.156697235186533,0.7035337572979933,-0.7320521091113863,-0.004507653366863737,-0.4909125313041128,1.1374149222410688,9.8,5.6,1.3,0.6,0.9,1.2,0.46,7.5,0.734,2.2,1.0
1629726,Garrison Mathews,HOU,65,26.3,-3.11068062804513,-1.2688846767026711,-1.0246198094973114,-1.389354789982231,-0.2862728943271018,-0.34339147677640125,0.28994411353636057,-0.63240912616074,-0.04746704573205656,1.5917750775970214,10.0,2.9,1.0,0.9,0.4,2.1,0.399,7.1,0.794,2.8,0.6
1629611,Terance Mann,LAC,81,28.6,-3.111395063670874,-1.1211825123760433,-0.1539453408358028,-0.6301445222323777,-0.8665557882333893,-0.5527765235912802,-1.072717516660635,0.2864927047404837,-0.13798048672289803,1.1374149222410688,10.8,5.2,2.6,0.7,0.3,0.9,0.484,8.5,0.78,2.0,1.0
1629676,Isaiah Roby,OKC,45,21.1,-3.1210570492313447,-1.250421906161843,-0.3053669875595435,-1.104650939576036,-0.5764143412802454,0.49414871048311443,-0.9591623808108856,0.563030356691463,-1.119634483258438,1.1374149222410688,10.1,4.8,1.6,0.8,0.8,1.0,0.514,7.2,0.672,2.6,1.0
1629647,Darius Bazley,OKC,69,27.9,-3.1351019810752727,-1.1211825123760433,0.2624641876544837,-1.1995522230447677,-0.5764143412802454,0.9129188041128721,-0.7320521091113863,-0.5354368172005646,-0.9424917755537252,0.7966448057241041,10.8,6.3,1.4,0.8,1.0,1.2,0.422,9.4,0.688,2.5,1.3
203914,Gary Harris,ORL,61,28.4,-3.1745286023983246,-1.0657942007535581,-1.3653185146257276,-1.0097496561073043,0.0038685526260418116,-0.9715466172210381,0.0628338418368611,-0.35818232516659415,0.39194539477192625,1.1374149222410688,11.1,2.0,1.8,1.0,0.1,1.9,0.434,9.1,0.874,1.6,1.0
1630256,Jae'Sean Tate,HOU,78,26.4,-3.180493999085419,-0.9365548069677585,-0.07823451747393242,-0.5352432387636462,-0.2862728943271018,-0.13400642996152237,-1.1862726525103848,0.4992112889566525,-0.7518153595668883,0.22869461152916318,11.8,5.4,2.8,0.9,0.5,0.8,0.498,9.3,0.707,2.4,1.8
1629632,Coby White,CHI,61,27.5,-3.186644004576216,-0.7703898721003025,-0.9867643978163761,-0.4877925970292804,-1.4468386821396766,-0.7621615704061591,0.4034992493861103,-0.4391494204047566,0.27912840253214544,1.0238248834020804,12.7,3.0,2.9,0.5,0.2,2.2,0.433,10.6,0.857,1.5,1.1
203937,Kyle Anderson,MEM,69,21.5,-3.1927924272134938,-1.7119911696825547,-0.11608992915486778,-0.5826938804980119,0.2940099995791857,0.2847636636682353,-1.5269380600596336,-0.1389405831696756,-0.8323273901372399,1.1374149222410688,7.6,5.3,2.7,1.1,0.7,0.5,0.446,6.8,0.638,1.5,1.0
202355,Hassan Whiteside,UTA,65,17.9,-3.2248998671319997,-1.601214546437584,0.7545845395066405,-1.674058640388426,-2.027121576045964,2.1692290850021454,-2.0947137393083817,1.4344831026645948,-1.5506830920440688,1.364594999919045,8.2,7.6,0.4,0.3,1.6,0.0,0.652,5.1,0.623,2.6,0.8
202704,Reggie Jackson,LAC,75,31.2,-3.2425559404572266,-0.013416279926334701,-0.7596319277307652,0.4137695959236701,-0.8665557882333893,-0.7621615704061591,0.4034992493861103,-1.6690110752344387,0.3502074384298574,-0.3392555826657775,16.8,3.6,4.8,0.7,0.2,2.2,0.392,16.3,0.847,2.2,2.3
1626145,Tyus Jones,MEM,73,21.2,-3.2888528076221517,-1.5089006937334415,-1.213896867901987,0.22396702898620707,-0.2862728943271018,-1.1809316640359169,-0.8456072449611358,-0.1046290060742605,0.0356434568284631,1.5917750775970214,8.7,2.4,4.4,0.9,0.0,1.1,0.451,7.6,0.818,0.9,0.6
1629002,Chimezie Metu,SAC,60,21.3,-3.3093572460842875,-1.4719751526517844,-0.0025236941120624014,-1.389354789982231,-0.2862728943271018,-0.13400642996152237,-0.9591623808108856,-0.0918194023656013,-0.11165742411416797,1.1374149222410688,8.9,5.6,1.0,0.9,0.5,1.0,0.452,7.5,0.78,1.5,1.0
1627736,Malik Beasley,MIN,79,25.0,-3.3324945991957087,-0.8811664953452732,-1.0246198094973114,-1.1521015813104019,-1.4468386821396766,-0.7621615704061591,1.311940336184107,-1.10825621794277,0.02534430482576721,1.7053651164360095,12.1,2.9,1.5,0.5,0.2,3.0,0.391,10.8,0.817,0.8,0.5
203500,Steven Adams,MEM,76,26.3,-3.345238906946585,-1.841230563468354,1.6631144198490841,-0.2505393883574513,-0.2862728943271018,0.49414871048311443,-2.0947137393083817,0.655225742850863,-2.254435922714486,0.5694647280461278,6.9,10.0,3.4,0.9,0.8,0.0,0.547,5.1,0.543,2.6,1.5
203200,Justin Holiday,SAC,74,27.8,-3.355922537777722,-1.250421906161843,-1.1381860445401166,-1.0572002978416704,-0.5764143412802454,-0.34339147677640125,0.6306095210856093,-0.8674930999482073,-0.004429853394904036,1.2510049610800569,10.1,2.6,1.7,0.8,0.4,2.4,0.394,8.9,0.806,0.8,0.9
202689,Kemba Walker,NYK,37,25.6,-3.3824979387840717,-0.9734803480494156,-0.9867643978163761,-0.20308874662308546,-0.8665557882333893,-0.7621615704061591,0.17638897768661083,-0.8486182400757687,0.28513736900940806,0.7966448057241041,11.6,3.0,3.5,0.7,0.2,2.0,0.403,10.0,0.845,1.9,1.3
202339,Eric Bledsoe,POR,54,25.2,-3.4427401212133604,-1.2873474472434996,-0.8353427510926356,0.12906574551747535,0.874292893485473,-0.34339147677640125,-1.072717516660635,-0.5052871001407561,-0.2899369633145799,-0.11207550498780144,9.9,3.4,4.2,1.3,0.4,0.9,0.421,8.7,0.761,2.2,2.1
1630191,Isaiah Stewart,DET,71,25.6,-3.4936630477819763,-1.582751775896755,1.170994067996927,-1.2944535065134994,-2.027121576045964,1.1223038509277512,-1.8676034676088826,0.5010506564688925,-0.42631614167353765,0.9102348445630923,8.3,8.7,1.2,0.3,1.1,0.2,0.51,6.9,0.718,1.5,1.2
1630183,Jaden McDaniels,MIN,70,25.8,-3.4995469138770847,-1.4165868410292992,-0.5324994576451543,-1.341904148247865,-0.8665557882333893,0.49414871048311443,-0.8456072449611358,-0.006851488762207567,-0.007515538883228179,1.0238248834020804,9.2,4.2,1.1,0.7,0.8,1.1,0.46,7.9,0.803,1.0,1.1
201988,Patty Mills,BKN,81,29.0,-3.517667497615505,-1.0104058891310725,-1.4031739263066627,-0.7724964474354753,-1.156697235186533,-0.7621615704061591,1.0848300644846076,-0.7595524950527017,0.010985040338434286,1.2510049610800569,11.4,1.9,2.3,0.6,0.2,2.8,0.408,9.8,0.814,0.7,0.9
203471,Dennis Schröder,HOU,64,28.7,-3.5418732810066493,-0.6226877077736745,-0.8731981627735708,0.31886831245493835,-0.5764143412802454,-0.9715466172210381,-0.6184969732616366,-0.5036417587374018,0.5309095114127691,-0.22566554382678972,13.5,3.3,4.6,0.8,0.1,1.3,0.431,11.3,0.853,2.9,2.2
200782,P.J. Tucker,MIA,71,27.9,-3.547079567234355,-1.7119911696825547,-0.040379105792997416,-0.8673977309042068,-0.5764143412802454,-0.7621615704061591,-0.8456072449611358,0.21382992696264527,-0.20796329224975826,1.2510049610800569,7.6,5.5,2.1,0.8,0.2,1.1,0.484,6.0,0.738,0.9,0.9
1628467,Maxi Kleber,DAL,59,24.6,-3.576062986469652,-1.8227677929275254,0.11104254093074331,-1.2944535065134994,-1.4468386821396766,0.9129188041128721,-0.504941837411887,-0.5370511144264968,-0.3585663980132278,1.364594999919045,7.0,5.9,1.2,0.5,1.0,1.4,0.398,6.0,0.708,1.1,0.8
1629684,Grant Williams,BOS,77,24.4,-3.585961714888229,-1.6750656286008976,-0.7596319277307652,-1.389354789982231,-1.4468386821396766,0.2847636636682353,-0.504941837411887,0.12886201335925157,0.41165047403069815,1.364594999919045,7.8,3.6,1.0,0.5,0.7,1.4,0.475,5.6,0.905,1.2,0.8
1628365,Markelle Fultz,ORL,18,20.0,-3.620046921399736,-1.1211825123760433,-1.1003306328591815,0.7459240880642308,0.2940099995791857,-0.5527765235912802,-1.8676034676088826,0.18021684385922043,0.02736082735980388,-0.22566554382678972,10.8,2.7,5.5,1.1,0.3,0.2,0.474,9.7,0.806,1.7,2.2
1626204,Larry Nance Jr.,NOP,46,22.6,-3.6203147162318263,-1.8227677929275254,-0.07823451747393242,-1.0097496561073043,-0.2862728943271018,-0.34339147677640125,-1.5269380600596336,0.49499704187164656,-0.41255236035061815,1.364594999919045,7.0,5.4,1.8,0.9,0.4,0.5,0.522,5.4,0.702,1.2,0.8
1630322,Lindy Waters III,OKC,25,18.6,-3.6537319139230258,-1.6381400875192407,-1.0246198094973114,-1.389354789982231,-0.5764143412802454,-0.5527765235912802,0.28994411353636057,-0.55164187781473,-0.02968375304934634,1.8189551552749978,8.0,2.9,1.0,0.8,0.3,2.1,0.406,7.0,0.8,0.2,0.4
1630193,Immanuel Quickley,NYK,78,23.1,-3.660975881532157,-1.0288686596719008,-0.9110535744545057,-0.20308874662308546,-0.8665557882333893,-1.1809316640359169,-0.050721294012888385,-0.9353207470926042,0.7189197868680279,0.7966448057241041,11.3,3.2,3.5,0.7,0.0,1.8,0.392,9.3,0.881,2.6,1.3
201980,Danny Green,PHI,62,21.8,-3.7277098896683754,-2.0258582688766387,-1.176041456221052,-1.389354789982231,0.0038685526260418116,0.07537861685335646,-0.16427642986263813,-0.49045380411641515,-0.03915734884683274,1.4781850387580333,5.9,2.5,1.0,1.0,0.6,1.7,0.394,5.2,0.786,0.2,0.7
1629651,Nic Claxton,BKN,47,20.7,-3.7369356195284054,-1.5089006937334415,-0.0025236941120624014,-1.4368054317165968,-1.4468386821396766,1.1223038509277512,-2.0947137393083817,1.750532231429136,-1.4845844607941783,1.364594999919045,8.7,5.6,0.9,0.5,1.1,0.0,0.674,5.6,0.581,2.0,0.8
201566,Russell Westbrook,LAL,78,34.3,-3.738785861712338,0.30045081926774925,0.6788737161447705,1.5051343558140837,0.0038685526260418116,-0.5527765235912802,-0.9591623808108856,-0.42101574026826244,-2.2510524956439553,-2.0431061652506,18.5,7.4,7.1,1.0,0.3,1.0,0.444,15.8,0.667,5.1,3.8
1629637,Jaxson Hayes,NOP,70,20.0,-3.7410845450748784,-1.3981240704884703,-0.4189332226023489,-1.5791573569196942,-1.4468386821396766,0.49414871048311443,-1.7540483317591329,1.2999997260734728,-0.30272631764118657,1.364594999919045,9.3,4.5,0.6,0.5,0.8,0.3,0.616,5.7,0.766,2.7,0.8
1629130,Duncan Robinson,MIA,79,25.9,-3.745929228044565,-1.1027197418352148,-1.1381860445401166,-1.104650939576036,-1.4468386821396766,-0.7621615704061591,1.1983852003343574,-0.8311248460985996,0.07677239629783622,1.364594999919045,10.9,2.6,1.6,0.5,0.2,2.9,0.399,9.2,0.836,0.8,0.8
1628978,Donte DiVincenzo,SAC,42,23.9,-3.7615909919153765,-1.453512382110956,-0.6082102810070247,-0.5352432387636462,0.2940099995791857,-0.7621615704061591,-0.050721294012888385,-1.2763681997260288,0.28833132416398916,0.3422846503681515,9.0,4.0,2.8,1.1,0.2,1.8,0.351,8.0,0.843,2.0,1.7
203939,Dwight Powell,DAL,82,21.9,-3.782642555087037,-1.5089006937334415,-0.2675115758786082,-1.2944535065134994,-1.4468386821396766,-0.13400642996152237,-1.8676034676088826,1.5152542315327826,-0.14317743070323344,1.364594999919045,8.7,4.9,1.2,0.5,0.5,0.2,0.671,4.9,0.783,2.6,0.8
1629622,Max Strus,MIA,68,23.3,-3.788700386291336,-1.1581080534577004,-0.9867643978163761,-1.1995522230447677,-1.7369801290928202,-0.7621615704061591,0.9712749286348585,-0.23867970444256664,-0.042324236584849635,1.364594999919045,10.6,3.0,1.4,0.4,0.2,2.7,0.441,8.3,0.792,0.8,0.8
203482,Kelly Olynyk,DET,40,19.1,-3.84140601354435,-1.4350496115701274,-0.4567886342832839,-0.5352432387636462,-0.5764143412802454,-0.13400642996152237,-0.9591623808108856,-0.12847869537853795,-0.18572740954222952,0.5694647280461278,9.1,4.4,2.8,0.8,0.5,1.0,0.448,7.2,0.775,2.2,1.5
1628977,Hamidou Diallo,DET,58,21.9,-3.8601592025909692,-1.0842569712943864,-0.3053669875595435,-1.2470028647791334,0.5841514465323291,-0.5527765235912802,-1.6404931959093834,0.4628391545848673,-1.2146681828155086,1.1374149222410688,11.0,4.8,1.3,1.2,0.3,0.4,0.496,9.1,0.65,2.4,1.0
1626153,Delon Wright,ATL,77,18.9,-3.9300978531544084,-2.302799826989066,-1.0246198094973114,-0.7250458057011094,0.5841514465323291,-0.7621615704061591,-1.4133829242098839,-0.011628411562983599,0.13361397108275463,1.5917750775970214,4.4,2.9,2.4,1.2,0.2,0.6,0.454,3.5,0.857,0.8,0.6
201580,JaVale McGee,PHX,74,15.8,-3.9429767060728667,-1.4165868410292992,0.4138858343782244,-1.5791573569196942,-2.027121576045964,1.1223038509277512,-2.0947137393083817,1.527863988349289,-0.6860956721488969,0.7966448057241041,9.2,6.7,0.6,0.3,1.1,0.0,0.629,6.2,0.699,2.0,1.3
1629056,Terence Davis,SAC,30,17.9,-3.9754670865867663,-1.1950335945393573,-0.948908986135441,-1.2470028647791334,-0.5764143412802454,-0.34339147677640125,-0.2778315657123876,-0.4919070596719718,0.08119791890609031,1.0238248834020804,10.4,3.1,1.3,0.8,0.4,1.6,0.423,8.9,0.818,1.5,1.1
1630538,Bones Hyland,DEN,69,19.0,-3.9846477536059126,-1.250421906161843,-1.1003306328591815,-0.5352432387636462,-1.156697235186533,-0.5527765235912802,0.0628338418368611,-0.6976484650125964,0.3354015615692145,0.9102348445630923,10.1,2.7,2.8,0.6,0.3,1.9,0.403,8.3,0.856,1.8,1.2
1630245,Ayo Dosunmu,CHI,77,27.4,-3.9859730701064557,-1.4904379231926128,-1.0624752211782464,-0.2979900300918172,-0.5764143412802454,-0.34339147677640125,-1.072717516660635,0.6014591678174406,-0.42706049562905407,0.683054766885116,8.8,2.8,3.3,0.8,0.4,0.9,0.52,6.9,0.679,1.0,1.4
1629659,Talen Horton-Tucker,LAL,60,25.2,-3.986683636389356,-1.2688846767026711,-0.9110535744545057,-0.5826938804980119,0.0038685526260418116,-0.13400642996152237,-1.1862726525103848,-0.5895545794910709,-0.0011411622823480614,0.683054766885116,10.0,3.2,2.7,1.0,0.5,0.8,0.416,9.0,0.8,2.1,1.4
1630543,Isaiah Jackson,IND,36,15.0,-4.042482358197098,-1.582751775896755,-0.5703548693260896,-1.7215092821227918,-0.8665557882333893,1.7504589913723876,-1.9811586034586322,0.8603850698648293,-0.9548209837987386,1.0238248834020804,8.3,4.1,0.3,0.7,1.4,0.1,0.563,5.7,0.682,2.4,1.1
1630165,Killian Hayes,DET,66,25.0,-4.044361589924259,-1.841230563468354,-0.9110535744545057,0.12906574551747535,0.5841514465323291,-0.13400642996152237,-1.2998277883601346,-0.7859284042946759,-0.12781667180302334,0.3422846503681515,6.9,3.2,4.2,1.2,0.5,0.7,0.383,7.0,0.77,1.1,1.7
201569,Eric Gordon,HOU,57,29.3,-4.047927730808396,-0.641150478314503,-1.3653185146257276,-0.5826938804980119,-1.4468386821396766,-0.5527765235912802,0.4034992493861103,0.19752591303294795,-0.17527938674843022,0.11510457269017513,13.4,2.0,2.7,0.5,0.3,2.2,0.475,9.9,0.778,2.4,1.9
1630188,Jalen Smith,IND,51,18.1,-4.057666005539786,-1.4165868410292992,0.14889795261167832,-1.62660799865406,-2.027121576045964,0.49414871048311443,-1.1862726525103848,0.43076469852490873,-0.23948329883882374,1.364594999919045,9.2,6.0,0.5,0.3,0.8,0.8,0.503,6.9,0.765,2.0,0.8
1629629,Cam Reddish,NYK,49,20.7,-4.1143649267842655,-1.250421906161843,-1.3274631029447923,-1.389354789982231,0.0038685526260418116,-0.5527765235912802,-0.6184969732616366,-0.6855703397344377,0.7956153117028215,0.9102348445630923,10.1,2.1,1.0,1.0,0.3,1.3,0.404,8.3,0.902,2.3,1.2
1630166,Deni Avdija,WAS,82,24.2,-4.114917828370105,-1.5642890053559269,-0.1539453408358028,-0.9148483726385727,-0.8665557882333893,-0.13400642996152237,-0.9591623808108856,-0.29145674632067037,-0.2544786476154165,1.0238248834020804,8.4,5.2,2.0,0.7,0.5,1.0,0.432,7.1,0.757,1.7,1.1
203488,Mike Muscala,OKC,43,13.8,-4.115131240896263,-1.6381400875192407,-0.9867643978163761,-1.62660799865406,-1.7369801290928202,0.07537861685335646,-0.2778315657123876,-0.02830689588283099,0.17157602281411063,1.932545194113986,8.0,3.0,0.5,0.4,0.6,1.6,0.456,5.8,0.842,1.3,0.3
1626166,Cameron Payne,PHX,58,22.0,-4.130653996481039,-1.1211825123760433,-0.9867643978163761,0.46122023765803616,-0.8665557882333893,-0.5527765235912802,-0.7320521091113863,-0.7693139485907605,0.20807643405099743,0.22869461152916318,10.8,3.0,4.9,0.7,0.3,1.2,0.409,10.1,0.843,1.5,1.8
1629599,Amir Coffey,LAC,69,22.7,-4.1479558037652176,-1.453512382110956,-1.0246198094973114,-1.0097496561073043,-1.156697235186533,-0.7621615704061591,-0.504941837411887,-0.06967326229734382,0.35521491049424325,1.4781850387580333,9.0,2.9,1.8,0.6,0.2,1.4,0.453,6.8,0.863,1.7,0.7
1629216,Gabe Vincent,MIA,68,23.4,-4.174944408183847,-1.5089006937334415,-1.4031739263066627,-0.3928913135605487,-0.2862728943271018,-0.7621615704061591,-0.050721294012888385,-0.47380830423507814,0.019930821512917835,0.683054766885116,8.7,1.9,3.1,0.9,0.2,1.8,0.417,7.5,0.815,0.8,1.4
2738,Andre Iguodala,GSW,31,19.4,-4.235946104689896,-2.3766509091523798,-0.9110535744545057,-0.10818746315435374,-0.2862728943271018,0.2847636636682353,-1.5269380600596336,-0.43743422960220424,-0.12517759868800926,1.2510049610800569,4.0,3.2,3.7,0.9,0.7,0.5,0.38,3.9,0.75,0.6,0.9
203493,Reggie Bullock Jr.,DAL,68,28.0,-4.239719492347793,-1.52736346427427,-0.7974873394117004,-1.2944535065134994,-1.156697235186533,-0.7621615704061591,0.28994411353636057,-0.6392601880655076,0.05598462037649467,1.5917750775970214,8.6,3.5,1.2,0.6,0.2,2.1,0.401,7.4,0.833,0.7,0.6
1628380,Zach Collins,SAS,28,17.9,-4.309963011760127,-1.6750656286008976,-0.040379105792997416,-0.8199470891698409,-1.4468386821396766,0.49414871048311443,-1.5269380600596336,0.24731883335638324,0.0018633209562833365,0.45587468920713947,7.8,5.5,2.2,0.5,0.8,0.5,0.49,5.5,0.8,2.3,1.6
1630578,Alperen Sengun,HOU,72,20.7,-4.327949890296882,-1.3427357588659852,-0.040379105792997416,-0.6301445222323777,-0.5764143412802454,0.7035337572979933,-1.6404931959093834,0.14538527679199056,-0.9482165341570635,0.0015145338511868467,9.6,5.5,2.6,0.8,0.9,0.4,0.474,7.3,0.711,3.2,2.0
1628963,Marvin Bagley III,DET,48,23.9,-4.332387797707097,-1.0288686596719008,0.5274520694210298,-1.4842560734509624,-1.4468386821396766,-0.34339147677640125,-1.5269380600596336,0.5804112155254785,-0.9745531304740748,1.364594999919045,11.3,7.0,0.8,0.5,0.4,0.5,0.504,9.3,0.663,2.1,0.8
1629631,De'Andre Hunter,ATL,53,29.8,-4.3395507479409305,-0.641150478314503,-0.8731981627735708,-1.2470028647791334,-0.8665557882333893,-0.34339147677640125,-0.504941837411887,-0.30673436213436006,-0.35322058324178907,0.7966448057241041,13.4,3.3,1.3,0.7,0.4,1.4,0.442,10.8,0.765,3.1,1.3
1626172,Kevon Looney,GSW,82,21.1,-4.3934709495937865,-2.00739549833581,0.6410183044638351,-0.9148483726385727,-1.156697235186533,0.07537861685335646,-2.0947137393083817,0.7243747077967737,-1.0251827331574987,1.364594999919045,6.0,7.3,2.0,0.6,0.6,0.0,0.571,4.4,0.6,1.5,0.8
1627745,Damian Jones,SAC,56,18.2,-4.409307698492688,-1.6196773169784122,-0.4567886342832839,-1.2944535065134994,-1.4468386821396766,0.49414871048311443,-1.8676034676088826,1.3943313396917087,-0.6362510245458363,1.0238248834020804,8.1,4.4,1.2,0.5,0.8,0.2,0.658,4.8,0.718,2.3,1.1
202709,Cory Joseph,DET,65,24.6,-4.416568475479679,-1.6381400875192407,-1.1003306328591815,-0.1556381048887196,-1.156697235186533,-0.5527765235912802,-0.9591623808108856,-0.1322233992800395,0.4817550829320973,0.7966448057241041,8.0,2.7,3.6,0.6,0.3,1.0,0.445,6.2,0.885,1.7,1.3
1630678,Terry Taylor,IND,33,21.6,-4.438151230769931,-1.3427357588659852,-0.1539453408358028,-1.2944535065134994,-1.7369801290928202,-0.7621615704061591,-1.6404931959093834,1.501651061038779,-0.48721782894309307,1.4781850387580333,9.6,5.2,1.2,0.4,0.2,0.4,0.614,6.7,0.706,1.5,0.7
1630631,Jose Alvarado,NOP,54,15.4,-4.4890773189614785,-1.9889327277949818,-1.4031739263066627,-0.5352432387636462,0.874292893485473,-0.9715466172210381,-1.4133829242098839,-0.10221532127971798,-0.42706049562905407,1.4781850387580333,6.1,1.9,2.8,1.3,0.1,0.6,0.446,5.4,0.679,1.0,0.7
1630587,Isaiah Livers,DET,19,20.2,-4.5151393565303515,-1.9335444161724962,-0.9867643978163761,-1.341904148247865,-0.8665557882333893,-0.34339147677640125,-0.504941837411887,-0.015458486952394705,0.11282619516141307,1.364594999919045,6.4,3.0,1.1,0.7,0.4,1.4,0.456,4.7,0.857,0.7,0.8
1626168,Trey Lyles,SAC,75,20.5,-4.5804856961538425,-1.1765708239985289,-0.19180075251673814,-1.2944535065134994,-1.7369801290928202,-0.34339147677640125,-1.072717516660635,0.060976158382189435,0.037037428781522115,1.1374149222410688,10.5,5.1,1.2,0.4,0.4,0.9,0.466,7.5,0.802,3.2,1.0
201145,Jeff Green,DEN,75,24.7,-4.582857399566029,-1.2134963650801855,-0.948908986135441,-1.2470028647791334,-1.7369801290928202,-0.34339147677640125,-1.2998277883601346,0.6590771611122519,0.29666808846577697,1.2510049610800569,10.3,3.1,1.3,0.4,0.4,0.7,0.524,7.1,0.833,2.6,0.9
1630171,Isaac Okoro,CLE,67,29.6,-4.610364486351964,-1.4904379231926128,-0.9867643978163761,-1.0097496561073043,-0.5764143412802454,-0.5527765235912802,-1.1862726525103848,0.1882029585009714,-0.24715691143478768,1.2510049610800569,8.8,3.0,1.8,0.8,0.3,0.8,0.48,6.4,0.768,2.3,0.9
1629675,Naz Reid,MIN,77,15.8,-4.649320256311443,-1.582751775896755,-0.6460656926879598,-1.4368054317165968,-1.4468386821396766,0.7035337572979933,-1.2998277883601346,0.26475401950088673,-0.22914354571128145,1.0238248834020804,8.3,3.9,0.9,0.5,0.9,0.7,0.489,6.2,0.765,1.9,1.1
1627777,Georges Niang,PHI,76,22.8,-4.661543176385353,-1.4165868410292992,-1.1003306328591815,-1.2470028647791334,-1.7369801290928202,-0.7621615704061591,0.28994411353636057,-0.25159602251111335,0.19857577083694708,1.364594999919045,9.2,2.7,1.3,0.4,0.2,2.1,0.437,7.4,0.881,0.8,0.8
1629022,Lonnie Walker IV,SAS,70,23.0,-4.669111220660011,-0.8811664953452732,-1.1381860445401166,-0.8199470891698409,-1.156697235186533,-0.5527765235912802,-0.2778315657123876,-0.8650968775034643,-0.11482431185218485,1.1374149222410688,12.1,2.6,2.2,0.6,0.3,1.6,0.407,10.9,0.784,2.1,1.0
1629060,Rui Hachimura,WAS,42,22.5,-4.687209544852011,-1.0288686596719008,-0.683921104368895,-1.341904148247865,-1.4468386821396766,-0.7621615704061591,-0.6184969732616366,0.3966277449274913,-0.5662411516024118,1.364594999919045,11.3,3.8,1.1,0.5,0.2,1.3,0.491,9.1,0.697,1.6,0.8
1630557,Corey Kispert,WAS,77,23.4,-4.719736845401807,-1.601214546437584,-1.1003306328591815,-1.341904148247865,-1.4468386821396766,-0.5527765235912802,-0.39138670156213734,-0.048569042433804555,0.17150835427270023,1.5917750775970214,8.2,2.7,1.1,0.5,0.3,1.5,0.455,6.7,0.871,0.8,0.6
1629628,RJ Barrett,NYK,70,34.5,-4.745829288562667,0.5773923773801763,0.07318712924980796,-0.44034195529491454,-1.156697235186533,-0.7621615704061591,0.17638897768661083,-1.3547198230164064,-1.6332116451484584,-0.22566554382678972,20.0,5.8,3.0,0.6,0.2,2.0,0.408,17.1,0.714,5.8,2.2
1626224,Cedi Osman,CLE,66,22.1,-4.771388922001601,-1.139645282916872,-1.2896076912638572,-0.9148483726385727,-0.5764143412802454,-0.7621615704061591,0.0628338418368611,-0.36602486048776967,-0.9229355670860561,1.1374149222410688,10.7,2.2,2.0,0.8,0.2,1.9,0.432,8.7,0.664,2.0,1.0
1630172,Patrick Williams,CHI,17,24.8,-4.805307288713491,-1.453512382110956,-0.5703548693260896,-1.4368054317165968,-1.4468386821396766,-0.13400642996152237,-1.072717516660635,0.6067327974569643,-0.5488097353350369,1.2510049610800569,9.0,4.1,0.9,0.5,0.5,0.9,0.529,6.0,0.732,2.4,0.9
1626195,Willy Hernangomez,NOP,50,16.8,-4.831960771242867,-1.4350496115701274,0.45174124605915944,-1.2470028647791334,-1.7369801290928202,-0.34339147677640125,-1.9811586034586322,0.5688783036132894,-0.24641255747927096,1.1374149222410688,9.1,6.8,1.3,0.4,0.4,0.1,0.52,6.5,0.773,2.8,1.0
1629052,Oshae Brissett,IND,67,23.3,-4.8667146567077,-1.4350496115701274,-0.11608992915486778,-1.341904148247865,-0.8665557882333893,-0.34339147677640125,-0.7320521091113863,-0.5470085343345308,-0.8492580591981769,1.364594999919045,9.1,5.3,1.1,0.7,0.4,1.2,0.411,7.6,0.695,2.4,0.8
1630558,Davion Mitchell,SAC,75,27.7,-4.872494981415542,-0.9919431185902441,-1.2896076912638572,0.12906574551747535,-0.8665557882333893,-0.5527765235912802,-0.6184969732616366,-0.7107122429238967,-0.5409331171148405,0.5694647280461278,11.5,2.2,4.2,0.7,0.3,1.3,0.418,11.2,0.659,1.1,1.5
1630526,Jeremiah Robinson-Earl,OKC,49,22.2,-4.87604276130174,-1.7304539402233832,-0.0025236941120624014,-1.389354789982231,-1.156697235186533,-0.5527765235912802,-0.7320521091113863,-0.44103147366095213,-0.23574799535295765,1.364594999919045,7.5,5.6,1.0,0.6,0.3,1.2,0.414,6.6,0.741,1.1,0.8
203463,Ben McLemore,POR,64,20.1,-4.880119873290244,-1.2319591356210144,-1.516740161349468,-1.4368054317165968,-1.156697235186533,-0.7621615704061591,0.6306095210856093,-0.7309763297359588,0.07360550855981911,1.2510049610800569,10.2,1.6,0.9,0.6,0.2,2.4,0.401,8.4,0.818,1.4,0.9
1629234,Drew Eubanks,POR,71,17.5,-4.88414207250163,-1.6935283991417263,-0.07823451747393242,-1.2944535065134994,-1.7369801290928202,0.07537861685335646,-1.9811586034586322,1.0380838816881486,-0.23707429876460576,1.0238248834020804,7.7,5.4,1.2,0.4,0.6,0.1,0.596,5.2,0.762,1.8,1.1
1626169,Stanley Johnson,LAL,48,22.8,-4.889197057616094,-1.878156104550011,-0.9110535744545057,-1.0572002978416704,-0.2862728943271018,-0.5527765235912802,-1.2998277883601346,0.05437150963570681,-0.4364664228851302,1.4781850387580333,6.7,3.2,1.7,0.9,0.3,0.7,0.466,5.2,0.716,1.5,0.7
1628418,Thomas Bryant,WAS,27,16.3,-4.921447816615785,-1.7489167107642114,-0.6082102810070247,-1.4368054317165968,-2.3172630229991076,0.49414871048311443,-1.6404931959093834,0.48742614310291155,0.3704809334364786,1.4781850387580333,7.4,4.0,0.9,0.2,0.8,0.4,0.52,5.5,0.875,1.5,0.7
1630846,Olivier Sarr,OKC,22,19.1,-4.924811107007028,-1.8227677929275254,-0.5324994576451543,-1.4368054317165968,-2.027121576045964,0.2847636636682353,-1.4133829242098839,0.7755898394983441,0.10999765013044906,1.1374149222410688,7.0,4.2,0.9,0.3,0.7,0.6,0.574,4.6,0.828,1.3,1.0
1629026,Kenrich Williams,OKC,49,21.9,-4.925903342529708,-1.7489167107642114,-0.4189332226023489,-0.8199470891698409,-0.2862728943271018,-0.7621615704061591,-1.1862726525103848,0.010810707929692402,-0.9652148717594097,1.2510049610800569,7.4,4.5,2.2,0.9,0.2,0.8,0.461,6.5,0.545,1.1,0.9
1630267,Facundo Campazzo,DEN,65,18.2,-4.930690523649217,-2.1735604332032668,-1.441029337987598,-0.2505393883574513,0.0038685526260418116,-0.34339147677640125,-1.072717516660635,-0.6502110216510386,-0.14052482387993723,1.1374149222410688,5.1,1.8,3.4,1.0,0.4,0.9,0.361,4.6,0.769,1.2,1.0
203926,Doug McDermott,SAS,51,24.0,-4.930951968154155,-1.0288686596719008,-1.2517522795829221,-1.2470028647791334,-2.027121576045964,-0.9715466172210381,0.28994411353636057,0.012601568914711342,-0.07180065322331447,1.364594999919045,11.3,2.3,1.3,0.3,0.1,2.1,0.462,9.1,0.784,1.0,0.8
201588,George Hill,MIL,54,23.2,-4.97845954156342,-1.9704699572541535,-1.0246198094973114,-0.8199470891698409,-0.5764143412802454,-0.9715466172210381,-1.1862726525103848,-0.22051109960647422,0.4267270250569838,1.364594999919045,6.2,2.9,2.2,0.8,0.1,0.8,0.429,5.1,0.919,1.1,0.8
1628470,Torrey Craig,PHX,78,20.5,-4.982464330928693,-1.8966188750908395,-0.6082102810070247,-1.2944535065134994,-1.156697235186533,-0.13400642996152237,-0.9591623808108856,-0.043728091017096925,-0.14059249242134783,1.2510049610800569,6.6,4.0,1.2,0.6,0.5,1.0,0.454,5.7,0.75,0.7,0.9
1628464,Daniel Theis,BOS,47,20.8,-4.998836788267466,-1.601214546437584,-0.2675115758786082,-1.4368054317165968,-1.7369801290928202,0.2847636636682353,-1.2998277883601346,0.5354204413969732,-0.6140963440879996,1.1374149222410688,8.2,4.9,0.9,0.4,0.7,0.7,0.519,6.2,0.681,1.5,1.0
1630559,Austin Reaves,LAL,61,23.2,-5.0343617131852465,-1.7673794813050399,-0.9110535744545057,-1.0097496561073043,-1.4468386821396766,-0.5527765235912802,-1.072717516660635,0.0014023819098060218,0.2465663004053563,1.4781850387580333,7.3,3.2,1.8,0.5,0.3,0.9,0.459,5.2,0.839,1.9,0.7
204060,Joe Ingles,POR,45,24.9,-5.0405201398855235,-1.7858422518458688,-1.0246198094973114,-0.20308874662308546,-1.4468386821396766,-0.9715466172210381,-0.16427642986263813,-0.5108692312934086,-0.07085329364356582,1.1374149222410688,7.2,2.9,3.5,0.5,0.1,1.7,0.404,6.3,0.773,0.5,1.0
1630570,Trendon Watford,POR,48,18.1,-5.0413962308823645,-1.7119911696825547,-0.5703548693260896,-1.0572002978416704,-1.4468386821396766,0.07537861685335646,-1.8676034676088826,0.5933605180325353,-0.30715184024944087,1.2510049610800569,7.6,4.1,1.7,0.5,0.6,0.2,0.532,5.6,0.755,2.0,0.9
1630544,Tre Mann,OKC,60,22.8,-5.09620833719114,-1.1950335945393573,-1.0246198094973114,-1.1521015813104019,-0.5764143412802454,-0.7621615704061591,-0.2778315657123876,-0.9734662800996079,-0.04481443890876035,0.9102348445630923,10.4,2.9,1.5,0.8,0.2,1.6,0.393,9.8,0.793,1.4,1.2
202326,DeMarcus Cousins,DEN,48,14.9,-5.121575274470423,-1.453512382110956,-0.0025236941120624014,-1.1521015813104019,-0.8665557882333893,-0.34339147677640125,-1.1862726525103848,-0.00040594142501203646,-0.3455063695209787,0.22869461152916318,9.0,5.6,1.5,0.7,0.4,0.8,0.46,6.8,0.76,2.6,1.8
1627761,DeAndre' Bembry,MIL,56,18.3,-5.124468912147535,-2.1735604332032668,-1.0246198094973114,-1.2944535065134994,-0.2862728943271018,-0.34339147677640125,-1.7540483317591329,0.5897884973679425,-0.4296860350357861,1.5917750775970214,5.1,2.9,1.2,0.9,0.4,0.3,0.561,3.9,0.6,0.6,0.6
203210,JaMychal Green,DEN,67,16.2,-5.158096095540026,-1.9335444161724962,-0.5324994576451543,-1.4368054317165968,-1.156697235186533,-0.34339147677640125,-1.5269380600596336,0.19611922374352353,0.3246557971932087,1.2510049610800569,6.4,4.2,0.9,0.6,0.4,0.5,0.486,4.9,0.871,1.4,0.9
201609,Goran Dragic,BKN,21,23.7,-5.160164718207641,-1.7304539402233832,-0.948908986135441,0.08161510378310928,-0.2862728943271018,-0.7621615704061591,-1.1862726525103848,-0.8723747968477814,0.08879032925236151,0.45587468920713947,7.5,3.1,4.1,0.9,0.2,0.8,0.377,7.2,0.818,1.6,1.6
1630167,Obi Toppin,NYK,72,17.1,-5.179609926499942,-1.453512382110956,-0.72177651604983,-1.341904148247865,-2.027121576045964,-0.13400642996152237,-1.2998277883601346,0.6826707359527997,-0.24872682159551404,1.364594999919045,9.0,3.7,1.1,0.3,0.5,0.7,0.531,6.6,0.758,1.7,0.8
1630197,Aleksej Pokusevski,OKC,61,20.2,-5.181284139204827,-1.7119911696825547,-0.1539453408358028,-0.8673977309042068,-1.156697235186533,0.07537861685335646,-1.072717516660635,-0.5720340218586578,-0.2913444689759207,0.5694647280461278,7.6,5.2,2.1,0.6,0.6,0.9,0.408,7.5,0.7,0.8,1.5
203486,Mason Plumlee,CHA,73,24.6,-5.21941228074616,-1.915081645631668,0.7924399511875759,-0.3928913135605487,-0.5764143412802454,0.2847636636682353,-2.0947137393083817,1.1725750193236266,-3.17314464202987,0.683054766885116,6.5,7.7,3.1,0.8,0.7,0.0,0.641,4.4,0.392,2.3,1.4
202340,Avery Bradley,LAL,62,22.7,-5.224684605194882,-1.9335444161724962,-1.2896076912638572,-1.4842560734509624,-0.2862728943271018,-0.9715466172210381,-0.6184969732616366,-0.29489100844795424,0.062155991353143134,1.5917750775970214,6.4,2.2,0.8,0.9,0.1,1.3,0.423,5.6,0.889,0.3,0.6
201152,Thaddeus Young,TOR,52,16.3,-5.238304518951646,-1.9704699572541535,-0.6082102810070247,-0.9148483726385727,0.0038685526260418116,-0.5527765235912802,-1.7540483317591329,0.44785645845668365,-1.027090986025278,1.1374149222410688,6.2,4.0,2.0,1.0,0.3,0.3,0.518,5.2,0.469,0.9,1.0
1629723,John Konchar,MEM,72,17.9,-5.257904898833241,-2.2289487448257517,-0.38107781092141385,-1.1521015813104019,-1.156697235186533,-0.5527765235912802,-1.2998277883601346,0.30647351343357226,-0.6119038833462956,1.8189551552749978,4.8,4.6,1.5,0.6,0.3,0.7,0.515,3.6,0.551,0.7,0.4
203473,Dewayne Dedmon,MIA,67,15.9,-5.2751520536714676,-1.9520071867133246,0.07318712924980796,-1.5317067151853285,-1.7369801290928202,0.07537861685335646,-1.7540483317591329,0.6775212830229622,-0.2639116422880565,1.1374149222410688,6.3,5.8,0.7,0.4,0.6,0.3,0.566,4.3,0.75,1.5,1.0
1630231,KJ Martin,HOU,79,21.0,-5.319437383565724,-1.4904379231926128,-0.683921104368895,-1.2470028647791334,-1.7369801290928202,-0.13400642996152237,-1.1862726525103848,0.7018793207325219,-0.9072906003119215,1.364594999919045,8.8,3.8,1.3,0.4,0.5,0.8,0.533,6.6,0.634,1.6,0.8
201959,Taj Gibson,NYK,52,18.2,-5.330085934952937,-2.302799826989066,-0.4567886342832839,-1.5791573569196942,-1.7369801290928202,0.49414871048311443,-1.7540483317591329,0.2907729207025104,0.009401596469426106,1.7053651164360095,4.4,4.4,0.6,0.4,0.8,0.3,0.518,3.2,0.808,1.0,0.5
1627752,Taurean Prince,MIN,69,17.1,-5.3565995257226495,-1.7673794813050399,-1.176041456221052,-1.389354789982231,-0.8665557882333893,-0.5527765235912802,-0.7320521091113863,-0.043728091017096925,-0.1933062861802186,1.364594999919045,7.3,2.5,1.0,0.7,0.3,1.2,0.454,5.7,0.756,1.2,0.8
202357,Nemanja Bjelica,GSW,71,16.1,-5.372299453751788,-1.9889327277949818,-0.5703548693260896,-0.8199470891698409,-1.156697235186533,-0.34339147677640125,-1.1862726525103848,0.06719275491089913,-0.28413100246154893,0.9102348445630923,6.1,4.1,2.2,0.6,0.4,0.8,0.468,4.8,0.728,1.1,1.2
200752,Rudy Gay,UTA,55,18.9,-5.378507833732339,-1.6196773169784122,-0.4567886342832839,-1.389354789982231,-1.4468386821396766,-0.5527765235912802,-0.6184969732616366,-0.4628710524771697,-0.08270882209870595,1.2510049610800569,8.1,4.4,1.0,0.5,0.3,1.3,0.414,6.9,0.785,1.4,0.9
1630240,Saben Lee,DET,37,16.3,-5.3874141202002415,-2.081246580499124,-1.213896867901987,-0.4877925970292804,0.0038685526260418116,-0.5527765235912802,-1.6404931959093834,-0.4776325588412228,-0.07485927129507436,1.1374149222410688,5.6,2.4,2.9,1.0,0.3,0.4,0.39,4.8,0.789,1.9,1.0
1627814,Damion Lee,GSW,63,19.9,-5.39976999354,-1.7489167107642114,-0.9110535744545057,-1.389354789982231,-1.156697235186533,-0.9715466172210381,-0.9591623808108856,-0.16496142463238836,0.31014766191477244,1.5917750775970214,7.4,3.2,1.0,0.6,0.1,1.0,0.441,6.1,0.88,1.2,0.6
1630591,Jalen Suggs,ORL,48,27.2,-5.400467780599414,-0.9365548069677585,-0.7596319277307652,0.22396702898620707,0.5841514465323291,-0.34339147677640125,-1.072717516660635,-1.6696940471377189,-0.2922106263059766,-1.134385854538695,11.8,3.6,4.4,1.2,0.4,0.9,0.361,11.4,0.773,3.4,3.0
1629638,Nickeil Alexander-Walker,UTA,65,22.6,-5.4141892977997355,-1.1581080534577004,-1.0246198094973114,-0.7250458057011094,-0.8665557882333893,-0.34339147677640125,-0.2778315657123876,-1.3666873534125,-0.3350042118940509,0.683054766885116,10.6,2.9,2.4,0.7,0.4,1.6,0.372,10.5,0.743,1.7,1.4
1629003,Shake Milton,PHI,55,21.4,-5.425749870578868,-1.601214546437584,-1.1381860445401166,-0.6775951639667436,-1.4468386821396766,-0.5527765235912802,-1.1862726525103848,-0.33264654897609697,0.14518529166396996,1.364594999919045,8.2,2.6,2.5,0.5,0.3,0.8,0.429,7.3,0.836,1.3,0.8
203087,Jeremy Lamb,SAC,56,16.7,-5.449078838903093,-1.7673794813050399,-1.0624752211782464,-1.1995522230447677,-1.156697235186533,-0.34339147677640125,-0.9591623808108856,-0.6916006711986176,0.25299481183936495,1.4781850387580333,7.3,2.8,1.4,0.6,0.4,1.0,0.383,6.2,0.84,1.9,0.7
2730,Dwight Howard,LAL,60,16.2,-5.450012468006783,-1.9704699572541535,0.11104254093074331,-1.5791573569196942,-1.156697235186533,0.07537861685335646,-1.9811586034586322,0.8361609101704017,-1.1497063830613161,1.364594999919045,6.2,5.9,0.6,0.6,0.6,0.1,0.612,3.7,0.658,2.4,0.8
1630249,Vít Krejčí,OKC,30,23.0,-5.481649370029996,-1.9704699572541535,-0.8353427510926356,-0.9622990143729385,-1.156697235186533,-0.5527765235912802,-0.8456072449611358,-0.42527655361940236,0.12940498780701426,1.1374149222410688,6.2,3.4,1.9,0.6,0.3,1.1,0.407,5.6,0.864,0.7,1.0
1629021,Moritz Wagner,ORL,63,15.2,-5.492593968764536,-1.453512382110956,-0.72177651604983,-1.1995522230447677,-2.027121576045964,-0.7621615704061591,-0.9591623808108856,0.34172999767926265,0.03795772094470652,1.2510049610800569,9.0,3.7,1.4,0.3,0.2,1.0,0.497,6.3,0.806,2.0,0.9
1627884,Derrick Jones Jr.,CHI,51,17.6,-5.516944273314799,-2.081246580499124,-0.8731981627735708,-1.5791573569196942,-1.4468386821396766,0.07537861685335646,-1.6404931959093834,0.44849286409382993,-0.011656853617557954,1.5917750775970214,5.6,3.3,0.6,0.5,0.6,0.4,0.538,3.8,0.8,1.4,0.6
1629669,Jaylen Nowell,MIN,62,15.7,-5.595076288357947,-1.5458262348150984,-1.3653185146257276,-0.8673977309042068,-1.7369801290928202,-0.7621615704061591,-0.9591623808108856,0.14642719699670878,-0.0964320022967791,1.5917750775970214,8.5,2.0,2.1,0.4,0.2,1.0,0.475,6.7,0.783,1.5,0.6
1630173,Precious Achiuwa,TOR,73,23.6,-5.603245053200316,-1.4350496115701274,0.33817501101635405,-1.341904148247865,-1.4468386821396766,0.07537861685335646,-1.1862726525103848,-0.262835954998884,-1.2541324761661807,0.9102348445630923,9.1,6.5,1.1,0.5,0.6,0.8,0.439,8.3,0.595,1.8,1.2
1629656,Quentin Grimes,NYK,46,17.1,-5.666561501810822,-2.00739549833581,-1.3653185146257276,-1.389354789982231,-0.8665557882333893,-0.7621615704061591,-0.2778315657123876,-0.40604856622879115,-0.18367028588334655,1.5917750775970214,6.0,2.0,1.0,0.7,0.2,1.6,0.404,5.1,0.684,0.4,0.6
1628402,Frank Jackson,DET,53,22.0,-5.674723473356387,-1.1581080534577004,-1.516740161349468,-1.389354789982231,-1.4468386821396766,-0.7621615704061591,-0.2778315657123876,-0.7819353469737998,0.18006165790700177,1.4781850387580333,10.6,1.6,1.0,0.5,0.2,1.6,0.402,9.1,0.827,2.0,0.7
1630533,Ziaire Williams,MEM,62,21.7,-5.682559923065131,-1.6196773169784122,-1.3274631029447923,-1.389354789982231,-1.156697235186533,-0.7621615704061591,-0.7320521091113863,-0.09935925695691461,-0.07397958025673633,1.4781850387580333,8.1,2.1,1.0,0.6,0.2,1.2,0.45,6.8,0.782,0.9,0.7
1630556,Kessler Edwards,BKN,48,20.6,-5.717877404185103,-2.0258582688766387,-0.7596319277307652,-1.5791573569196942,-1.156697235186533,-0.13400642996152237,-0.9591623808108856,-0.3845310707533248,0.030162304974203302,1.2510049610800569,5.9,3.6,0.6,0.6,0.5,1.0,0.412,5.6,0.842,0.4,0.9
1626147,Justin Anderson,IND,16,19.7,-5.733037482462346,-1.9335444161724962,-1.0246198094973114,-0.8673977309042068,-1.4468386821396766,-0.34339147677640125,-1.072717516660635,-0.6905703925604326,-0.059322574187196664,1.7053651164360095,6.4,2.9,2.1,0.5,0.4,0.9,0.379,5.9,0.789,1.2,0.5
1628372,Dennis Smith Jr.,POR,37,17.3,-5.741515991618407,-2.081246580499124,-1.213896867901987,-0.1556381048887196,0.5841514465323291,-0.5527765235912802,-1.8676034676088826,-0.3021475849202938,-0.835413075625564,0.683054766885116,5.6,2.4,3.6,1.2,0.3,0.2,0.418,5.1,0.656,1.7,1.4
201586,Serge Ibaka,MIL,54,16.3,-5.745601612214595,-1.8596933340091824,-0.38107781092141385,-1.4368054317165968,-2.3172630229991076,0.07537861685335646,-1.2998277883601346,0.3273546032718927,-0.2182624442524542,1.364594999919045,6.8,4.6,0.9,0.2,0.6,0.7,0.5,5.5,0.727,0.8,0.8
1629162,Jordan McLaughlin,MIN,62,14.5,-5.750738757159589,-2.4135764502340367,-1.5545955730304033,-0.4877925970292804,-0.2862728943271018,-0.7621615704061591,-1.6404931959093834,-0.07244395513223766,-0.12517759868800926,1.5917750775970214,3.8,1.5,2.9,0.9,0.2,0.4,0.44,3.2,0.75,0.6,0.6
201961,Wayne Ellington,LAL,43,18.8,-5.7583524832224455,-1.878156104550011,-1.441029337987598,-1.5317067151853285,-1.4468386821396766,-0.9715466172210381,0.0628338418368611,-0.36095301800148794,-0.009911005249164127,1.8189551552749978,6.7,1.8,0.7,0.5,0.1,1.9,0.414,5.5,0.818,0.3,0.4
202397,Ish Smith,WAS,65,17.3,-5.7934392759243,-1.9520071867133246,-1.2896076912638572,-0.06073682141998809,-0.8665557882333893,-0.34339147677640125,-1.6404931959093834,-0.28736279542317406,-0.2635191647478748,0.9102348445630923,6.3,2.2,3.8,0.7,0.4,0.4,0.43,6.6,0.625,0.4,1.2
1629048,Goga Bitadze,IND,50,14.6,-5.8033622414966555,-1.8227677929275254,-0.7974873394117004,-1.341904148247865,-1.7369801290928202,0.49414871048311443,-1.5269380600596336,0.44670006284772257,-0.7691385061680054,1.2510049610800569,7.0,3.5,1.1,0.4,0.8,0.5,0.52,5.0,0.681,1.9,0.9
1629013,Landry Shamet,PHX,69,20.8,-5.822040180073785,-1.582751775896755,-1.441029337987598,-1.104650939576036,-1.7369801290928202,-0.9715466172210381,-0.050721294012888385,-0.6738783264129626,0.14774316252929132,1.5917750775970214,8.3,1.8,1.6,0.4,0.1,1.8,0.394,7.0,0.84,1.2,0.6
201933,Blake Griffin,BKN,56,17.1,-5.824112525589159,-1.9335444161724962,-0.5703548693260896,-0.9622990143729385,-1.4468386821396766,-0.5527765235912802,-1.2998277883601346,-0.2785928153015232,-0.3716534939220411,1.5917750775970214,6.4,4.1,1.9,0.5,0.3,0.7,0.425,5.6,0.724,1.4,0.6
1630528,Josh Christopher,HOU,74,18.0,-5.871923747555508,-1.6566028580600691,-1.176041456221052,-0.9148483726385727,-0.2862728943271018,-0.7621615704061591,-1.1862726525103848,-0.11914992006329511,-0.3400387513750008,0.5694647280461278,7.9,2.5,2.0,0.9,0.2,0.8,0.448,6.8,0.735,1.5,1.5
200765,Rajon Rondo,CLE,39,17.9,-5.9071220181506146,-2.2289487448257517,-1.0624752211782464,0.22396702898620707,-0.5764143412802454,-0.7621615704061591,-1.1862726525103848,-0.4715090948447781,-0.18559207245940823,0.3422846503681515,4.8,2.8,4.4,0.8,0.2,0.8,0.386,4.5,0.731,0.7,1.7
203526,Raul Neto,WAS,70,19.6,-5.924435279088467,-1.7304539402233832,-1.4031739263066627,-0.3928913135605487,-0.5764143412802454,-1.1809316640359169,-1.5269380600596336,0.030027053753770083,-0.1674839707779271,1.0238248834020804,7.5,1.9,3.1,0.8,0.0,0.5,0.463,6.3,0.769,1.5,1.1
1630314,Brandon Williams,POR,24,26.7,-5.959739927073667,-0.7334643310186453,-0.948908986135441,-0.01328617968562223,0.0038685526260418116,-0.34339147677640125,-0.6184969732616366,-1.5407792198716272,-1.312435691445569,-0.4528456215047658,12.9,3.1,3.9,1.0,0.4,1.3,0.372,11.8,0.701,4.0,2.4
1630202,Payton Pritchard,BOS,71,14.1,-5.96606688089364,-1.9704699572541535,-1.4031739263066627,-0.9148483726385727,-1.7369801290928202,-0.9715466172210381,-0.504941837411887,-0.230705231367349,0.17482411280182053,1.5917750775970214,6.2,1.9,2.0,0.4,0.1,1.4,0.429,5.3,1.0,0.3,0.6
1629667,Jalen McDaniels,CHA,55,16.3,-5.9946774562536245,-1.9704699572541535,-0.948908986135441,-1.341904148247865,-1.4468386821396766,-0.34339147677640125,-1.2998277883601346,0.17313877140705575,-0.29466022750504095,1.4781850387580333,6.2,3.1,1.1,0.5,0.4,0.7,0.484,4.6,0.736,1.3,0.7
1630598,Aaron Wiggins,OKC,50,24.2,-6.009342824207568,-1.582751775896755,-0.7596319277307652,-1.1995522230447677,-1.156697235186533,-0.7621615704061591,-1.1862726525103848,0.029429453338401,-0.4155297761726853,1.0238248834020804,8.3,3.6,1.4,0.6,0.2,0.8,0.463,6.7,0.729,1.7,1.1
1629731,Dean Wade,CLE,51,19.2,-6.009929135756487,-2.1366348921216094,-1.0246198094973114,-1.389354789982231,-1.156697235186533,-0.9715466172210381,-0.9591623808108856,-0.010786338250417879,-0.29367226680044567,1.932545194113986,5.3,2.9,1.0,0.6,0.1,1.0,0.456,4.3,0.667,0.6,0.3
1629670,Jordan Nwora,MIL,62,19.1,-6.023983889447633,-1.6566028580600691,-0.7596319277307652,-1.389354789982231,-1.7369801290928202,-0.5527765235912802,-0.6184969732616366,-0.6266038649828682,0.06545821617398108,1.2510049610800569,7.9,3.6,1.0,0.4,0.3,1.3,0.403,7.5,0.837,0.7,0.9
1630200,Tre Jones,SAS,69,16.6,-6.055247132386187,-2.00739549833581,-1.2896076912638572,-0.2505393883574513,-1.156697235186533,-0.9715466172210381,-1.9811586034586322,0.22464106174977777,-0.10112819907067594,1.4781850387580333,6.0,2.2,3.4,0.6,0.1,0.1,0.49,4.9,0.78,1.3,0.7
203082,Terrence Ross,ORL,63,23.0,-6.117283978246662,-1.2688846767026711,-1.1381860445401166,-1.0097496561073043,-1.7369801290928202,-0.7621615704061591,-0.7320521091113863,-0.8188856791500656,0.43938104230076874,0.9102348445630923,10.0,2.6,1.8,0.4,0.2,1.2,0.397,8.8,0.862,2.1,1.2
203085,Austin Rivers,DEN,67,22.1,-6.160179233179595,-2.00739549833581,-1.478884749668533,-1.2470028647791334,-0.5764143412802454,-0.9715466172210381,-0.7320521091113863,-0.3164123844455987,-0.19506566825689461,1.364594999919045,6.0,1.7,1.3,0.8,0.1,1.2,0.417,5.2,0.727,0.7,0.8
1628988,Aaron Holiday,PHX,63,16.2,-6.165327862452956,-1.9520071867133246,-1.4031739263066627,-0.7250458057011094,-0.8665557882333893,-0.9715466172210381,-1.4133829242098839,-0.09435726386983158,0.23691676640020265,1.0238248834020804,6.3,1.9,2.4,0.7,0.1,0.6,0.447,5.4,0.868,1.1,1.1
202066,Garrett Temple,NOP,59,18.6,-6.207238149572573,-2.1550976626624383,-1.213896867901987,-1.2470028647791334,-0.8665557882333893,-0.34339147677640125,-0.9591623808108856,-0.6010409251371274,-0.2992752220292447,1.4781850387580333,5.2,2.4,1.3,0.7,0.4,1.0,0.376,5.0,0.683,0.7,0.7
202324,Derrick Favors,OKC,39,16.7,-6.237371723472915,-2.1366348921216094,-0.34322239924047854,-1.5791573569196942,-1.7369801290928202,-0.5527765235912802,-1.9811586034586322,0.3949067333416715,-0.3484837853430456,2.0461352329529743,5.3,4.7,0.6,0.4,0.3,0.1,0.516,4.7,0.64,0.6,0.2
1630194,Paul Reed,PHI,38,8.0,-6.238325767974709,-2.5428158440198363,-1.213896867901987,-1.674058640388426,-0.2862728943271018,-0.34339147677640125,-1.9811586034586322,0.3995032118611822,-0.5287798470774938,1.932545194113986,3.1,2.4,0.4,0.9,0.4,0.1,0.563,2.5,0.429,0.4,0.3
203920,Khem Birch,TOR,55,18.0,-6.239892937720554,-2.2843370564482375,-0.49464404596421924,-1.389354789982231,-1.4468386821396766,-0.13400642996152237,-2.0947137393083817,0.14931236523584462,-0.2506756755881398,1.7053651164360095,4.5,4.3,1.0,0.5,0.5,0.0,0.485,3.6,0.746,1.3,0.5
1627854,Bryn Forbes,DEN,75,17.1,-6.249987913080459,-1.4904379231926128,-1.6681618080732088,-1.389354789982231,-2.027121576045964,-0.9715466172210381,-0.2778315657123876,-0.32754948309565957,0.42383081148460916,1.4781850387580333,8.8,1.2,1.0,0.3,0.1,1.6,0.429,7.2,0.908,1.2,0.7
1628432,Davon Reed,DEN,48,13.9,-6.290097929477298,-2.302799826989066,-1.2517522795829221,-1.341904148247865,-1.4468386821396766,-0.7621615704061591,-1.1862726525103848,0.23226628782900074,-0.1631802515442117,1.932545194113986,4.4,2.3,1.1,0.5,0.2,0.8,0.503,3.4,0.667,0.3,0.3
1628408,PJ Dozier,DEN,18,18.9,-6.294596553061004,-2.118172121580781,-0.7974873394117004,-1.104650939576036,-1.156697235186533,-0.5527765235912802,-1.1862726525103848,-0.7611318675790348,-0.09559291238328745,1.4781850387580333,5.4,3.5,1.6,0.6,0.3,0.8,0.364,5.5,0.769,0.7,0.7
202362,Lance Stephenson,IND,46,17.7,-6.305440390030903,-1.582751775896755,-1.0624752211782464,-0.1556381048887196,-1.4468386821396766,-0.9715466172210381,-1.4133829242098839,-0.05250971270528086,-0.07617204099844033,0.45587468920713947,8.3,2.8,3.6,0.5,0.1,0.6,0.455,7.0,0.788,1.7,1.6
1627788,Furkan Korkmaz,PHI,67,21.1,-6.312641198907998,-1.7119911696825547,-1.1381860445401166,-0.9622990143729385,-1.4468386821396766,-0.9715466172210381,-0.8456072449611358,-0.7451829214285983,0.030825456680027487,1.4781850387580333,7.6,2.6,1.9,0.5,0.1,1.1,0.387,7.0,0.81,1.3,0.7
1630214,Xavier Tillman,MEM,53,13.2,-6.327151611055564,-2.2289487448257517,-0.9867643978163761,-1.2944535065134994,-0.2862728943271018,-0.5527765235912802,-1.8676034676088826,-0.020382869595923586,-0.6817242843737704,1.5917750775970214,4.8,3.0,1.2,0.9,0.3,0.2,0.454,4.1,0.648,1.3,0.6
1628021,David Nwaba,HOU,46,13.2,-6.371896081184092,-2.1735604332032668,-0.8731981627735708,-1.4842560734509624,-1.156697235186533,-0.34339147677640125,-1.7540483317591329,0.14435693841489408,-0.4364664228851302,1.7053651164360095,5.1,3.3,0.8,0.6,0.4,0.3,0.483,3.8,0.716,1.5,0.5
1630553,Keon Johnson,POR,37,18.8,-6.383376615143621,-1.7858422518458688,-1.2896076912638572,-0.8673977309042068,-0.5764143412802454,-0.5527765235912802,-1.072717516660635,-1.156145742138034,0.007290337977414842,0.9102348445630923,7.2,2.2,2.1,0.8,0.3,0.9,0.353,7.4,0.804,1.4,1.2
201599,DeAndre Jordan,PHI,48,13.0,-6.3847697147488045,-2.3212625975298944,-0.040379105792997416,-1.674058640388426,-2.027121576045964,0.2847636636682353,-2.0947137393083817,0.8207629981692022,-0.697355717439623,1.364594999919045,4.3,5.5,0.4,0.3,0.7,0.0,0.643,3.0,0.55,0.8,0.8
1630613,Duane Washington Jr.,IND,48,20.2,-6.388926201232817,-1.2873474472434996,-1.478884749668533,-1.0097496561073043,-1.4468386821396766,-0.9715466172210381,-0.16427642986263813,-0.7250294294986004,-0.2154880340546189,0.9102348445630923,9.9,1.7,1.8,0.5,0.1,1.7,0.405,8.9,0.754,1.3,1.2
201949,James Johnson,BKN,62,19.2,-6.396188692787876,-2.0997093510399525,-0.7974873394117004,-0.8673977309042068,-1.4468386821396766,-0.13400642996152237,-1.6404931959093834,0.07562512960308795,-0.8504760929435673,1.364594999919045,5.5,3.5,2.1,0.5,0.5,0.4,0.469,5.0,0.527,0.9,0.8
203090,Maurice Harkless,SAC,47,18.4,-6.406073589118775,-2.265874285907409,-1.213896867901987,-1.62660799865406,-1.156697235186533,-0.13400642996152237,-1.2998277883601346,0.010911601506312778,-0.19825962341147574,1.4781850387580333,4.6,2.4,0.5,0.6,0.5,0.7,0.459,3.9,0.714,0.6,0.7
1626159,Justise Winslow,POR,48,16.1,-6.46753652053629,-2.0627838099582956,-0.5324994576451543,-1.0097496561073043,-0.8665557882333893,-0.13400642996152237,-1.7540483317591329,-0.24366035465767283,-1.001647614454886,1.1374149222410688,5.7,4.2,1.8,0.7,0.5,0.3,0.428,5.4,0.591,1.4,1.0
1629660,Ty Jerome,OKC,48,16.7,-6.5018358338679585,-1.804305022386697,-1.516740161349468,-0.7724964474354753,-1.156697235186533,-0.9715466172210381,-0.8456072449611358,-0.8118231287866124,0.012785023539956962,1.364594999919045,7.1,1.6,2.3,0.6,0.1,1.1,0.378,6.8,0.809,1.0,0.8
1627863,Danuel House Jr.,UTA,42,17.3,-6.515170555213519,-2.0258582688766387,-1.1381860445401166,-1.389354789982231,-1.4468386821396766,-0.34339147677640125,-0.9591623808108856,-0.37110834454058533,-0.20586556746602913,1.364594999919045,5.9,2.6,1.0,0.5,0.4,1.0,0.404,4.7,0.759,1.4,0.8
1630182,Josh Green,DAL,67,15.5,-6.5307889223689255,-2.2289487448257517,-1.213896867901987,-1.2944535065134994,-0.8665557882333893,-0.7621615704061591,-1.6404931959093834,0.2826005409962285,-0.2850648283330154,1.4781850387580333,4.8,2.4,1.2,0.7,0.2,0.4,0.508,3.8,0.689,0.7,0.7
1630560,Cam Thomas,BKN,67,17.6,-6.558640857576288,-1.5458262348150984,-1.213896867901987,-1.2944535065134994,-1.4468386821396766,-0.9715466172210381,-1.2998277883601346,-0.299184806237603,0.1483386456937046,1.364594999919045,8.5,2.4,1.2,0.5,0.1,0.7,0.433,7.5,0.829,1.6,0.8
1628966,Keita Bates-Diop,SAS,59,16.2,-6.62598442848893,-2.0627838099582956,-0.6460656926879598,-1.5317067151853285,-1.4468386821396766,-0.7621615704061591,-1.7540483317591329,0.3863288390678177,-0.17330346533924018,1.364594999919045,5.7,3.9,0.7,0.5,0.2,0.3,0.517,4.5,0.754,1.0,0.8
1629719,Devontae Cacok,SAS,15,8.1,-6.631085893694609,-2.5428158440198363,-1.0624752211782464,-1.674058640388426,-1.4468386821396766,-0.13400642996152237,-2.0947137393083817,0.6902668581156892,-0.41257942776718215,2.0461352329529743,3.1,2.8,0.4,0.5,0.5,0.0,0.677,2.1,0.571,0.5,0.2
1630192,Zeke Nnaji,DEN,41,17.0,-6.644759127315301,-1.8966188750908395,-0.7596319277307652,-1.674058640388426,-1.7369801290928202,-0.5527765235912802,-1.072717516660635,0.37978045789291237,-0.9235310502504698,1.5917750775970214,6.6,3.6,0.4,0.4,0.3,0.9,0.516,4.5,0.631,1.6,0.6
1630530,Trey Murphy III,NOP,62,13.9,-6.750654676515634,-2.118172121580781,-1.213896867901987,-1.5791573569196942,-1.7369801290928202,-0.9715466172210381,-0.8456072449611358,-0.41912204544553555,0.20128251249337178,1.932545194113986,5.4,2.4,0.6,0.4,0.1,1.1,0.394,4.5,0.882,0.8,0.3
1629604,CJ Elleby,POR,58,20.2,-6.755308140255264,-2.044321039417467,-0.6460656926879598,-1.1521015813104019,-1.156697235186533,-0.5527765235912802,-1.4133829242098839,-0.508356593183334,-0.4190214729094731,1.1374149222410688,5.8,3.9,1.5,0.6,0.3,0.6,0.393,5.3,0.714,1.4,1.0
202738,Isaiah Thomas,CHA,22,15.2,-6.761791642976814,-1.5642890053559269,-1.6303063963922737,-1.1521015813104019,-2.027121576045964,-0.7621615704061591,-0.6184969732616366,-0.6576034163995977,0.1721038374371135,1.4781850387580333,8.4,1.3,1.5,0.3,0.2,1.3,0.401,7.6,0.846,1.2,0.7
202693,Markieff Morris,MIA,17,17.5,-6.772231130056183,-1.7119911696825547,-1.1381860445401166,-1.1995522230447677,-1.7369801290928202,-0.9715466172210381,-1.1862726525103848,0.13667738502518312,0.1253854764472237,0.9102348445630923,7.6,2.6,1.4,0.4,0.1,0.8,0.474,6.7,0.889,0.5,1.2
1629717,Armoni Brooks,TOR,54,15.6,-6.7828545369380215,-2.1366348921216094,-1.4031739263066627,-1.341904148247865,-1.4468386821396766,-0.7621615704061591,-0.504941837411887,-0.94302746413756,0.05046286739738844,1.7053651164360095,5.3,1.9,1.1,0.5,0.2,1.4,0.339,5.4,0.857,0.4,0.5
1630177,Theo Maledon,OKC,51,17.8,-6.791460001642399,-1.804305022386697,-1.1381860445401166,-0.8199470891698409,-1.156697235186533,-0.7621615704061591,-1.072717516660635,-0.7637783837042407,-0.07031194531228091,0.7966448057241041,7.1,2.6,2.2,0.6,0.2,0.9,0.375,6.2,0.79,2.0,1.3
202083,Wesley Matthews,MIL,49,20.5,-6.808762655162403,-2.1735604332032668,-1.4031739263066627,-1.5317067151853285,-1.4468386821396766,-0.7621615704061591,-0.8456072449611358,-0.41257366427063025,-0.05209557396454274,1.8189551552749978,5.1,1.9,0.7,0.5,0.2,1.1,0.395,4.5,0.786,0.6,0.4
1630228,Jonathan Kuminga,GSW,70,16.9,-6.81591082074221,-1.3981240704884703,-0.8731981627735708,-1.4368054317165968,-1.7369801290928202,-0.5527765235912802,-1.2998277883601346,0.5097934729352993,-1.0518170710567172,1.0238248834020804,9.3,3.3,0.9,0.4,0.3,0.7,0.513,6.6,0.684,2.7,1.1
202722,Davis Bertans,DAL,56,14.4,-6.837198153582726,-2.081246580499124,-1.3274631029447923,-1.5791573569196942,-2.027121576045964,-0.7621615704061591,-0.504941837411887,-0.7023186734534852,0.21466734998439185,1.932545194113986,5.6,2.1,0.6,0.3,0.2,1.4,0.36,4.9,0.9,0.7,0.3
1628972,Troy Brown Jr.,CHI,66,16.0,-6.843517017469121,-2.3212625975298944,-0.948908986135441,-1.389354789982231,-1.4468386821396766,-0.9715466172210381,-1.2998277883601346,-0.21609894589040488,-0.06863376548529757,1.8189551552749978,4.3,3.1,1.0,0.5,0.1,0.7,0.419,3.9,0.769,0.4,0.4
1630549,Day'Ron Sharpe,BKN,32,12.2,-6.864731355968226,-1.9704699572541535,-0.22965616419767315,-1.62660799865406,-2.027121576045964,-0.13400642996152237,-1.9811586034586322,0.8121113739739715,-0.9588269614502478,1.2510049610800569,6.2,5.0,0.5,0.3,0.5,0.1,0.577,4.7,0.585,1.3,0.9
1630527,Brandon Boston,LAC,51,14.9,-6.8830002938511745,-1.878156104550011,-1.2896076912638572,-1.389354789982231,-1.4468386821396766,-0.5527765235912802,-1.2998277883601346,-0.6965560980195682,0.0783423064585623,1.5917750775970214,6.7,2.2,1.0,0.5,0.3,0.7,0.385,6.4,0.819,1.4,0.6
1630209,Omer Yurtseven,MIA,56,12.6,-6.915242899372711,-2.1366348921216094,-0.11608992915486778,-1.4368054317165968,-2.027121576045964,-0.34339147677640125,-2.0947137393083817,0.43624593610094037,-0.6749168291078625,1.4781850387580333,5.3,5.3,0.9,0.3,0.4,0.0,0.526,4.4,0.623,1.1,0.7
1630561,David Duke Jr.,BKN,22,15.5,-6.92846354938755,-2.2474115153665806,-0.9867643978163761,-1.4842560734509624,-1.156697235186533,-0.5527765235912802,-1.6404931959093834,-0.6951882139519218,0.016168450610487817,1.8189551552749978,4.7,3.0,0.8,0.6,0.3,0.4,0.361,4.9,0.81,1.0,0.4
203585,Rodney McGruder,DET,51,14.8,-6.9752709888156605,-2.118172121580781,-1.2896076912638572,-1.4368054317165968,-1.7369801290928202,-0.9715466172210381,-0.8456072449611358,-0.14001160729072717,-0.1419052621247138,1.7053651164360095,5.4,2.2,0.9,0.4,0.1,1.1,0.436,4.4,0.731,0.5,0.5
203458,Alex Len,SAC,39,15.9,-6.985335482527083,-2.00739549833581,-0.5703548693260896,-1.2944535065134994,-2.027121576045964,0.07537861685335646,-1.8676034676088826,0.4976513190412081,-0.8152613839934824,1.0238248834020804,6.0,4.1,1.2,0.3,0.6,0.2,0.534,4.5,0.651,1.6,1.1
1630586,Usman Garuba,HOU,24,10.0,-7.041069005107099,-2.7459063199689493,-0.7974873394117004,-1.5317067151853285,-1.7369801290928202,-0.13400642996152237,-1.8676034676088826,-0.04444986814215373,-0.11547392984972674,1.932545194113986,2.0,3.5,0.7,0.4,0.5,0.2,0.432,1.8,0.714,0.3,0.3
203469,Cody Zeller,POR,27,13.1,-7.044123069482698,-2.1550976626624383,-0.38107781092141385,-1.4842560734509624,-2.027121576045964,-0.7621615704061591,-2.0947137393083817,0.5339322611418161,-0.15181193658722816,1.4781850387580333,5.2,4.6,0.8,0.3,0.2,0.0,0.567,3.3,0.776,1.8,0.7
1630181,R.J. Hampton,ORL,64,21.9,-7.052879789688901,-1.7119911696825547,-0.9867643978163761,-0.6775951639667436,-0.8665557882333893,-0.7621615704061591,-0.9591623808108856,-0.797719370931683,-0.9739847147262257,0.683054766885116,7.6,3.0,2.5,0.7,0.2,1.0,0.383,7.1,0.641,1.8,1.4
1628962,Udoka Azubuike,UTA,17,11.5,-7.066299387530249,-2.2474115153665806,-0.5324994576451543,-1.8638612073258891,-2.607404469952251,0.07537861685335646,-2.0947137393083817,1.267366474819922,-0.5413391283633042,1.4781850387580333,4.7,4.2,0.0,0.1,0.6,0.0,0.755,2.9,0.545,0.6,0.7
101150,Lou Williams,ATL,56,14.3,-7.083139136603784,-1.9520071867133246,-1.516740161349468,-0.9622990143729385,-1.4468386821396766,-0.9715466172210381,-1.2998277883601346,-0.5662889087745407,0.2678142224082903,1.364594999919045,6.3,1.6,1.9,0.5,0.1,0.7,0.391,5.7,0.859,1.4,0.8
1630205,Lamar Stevens,CLE,63,16.1,-7.10177696389283,-1.9889327277949818,-1.1381860445401166,-1.5317067151853285,-1.4468386821396766,-0.5527765235912802,-1.7540483317591329,0.22477882028708687,-0.392251797927433,1.4781850387580333,6.1,2.6,0.7,0.5,0.3,0.3,0.489,5.1,0.707,1.2,0.7
1628975,Jevon Carter,MIL,66,13.7,-7.1048347418527165,-2.339725368070723,-1.478884749668533,-1.1521015813104019,-1.7369801290928202,-0.7621615704061591,-0.9591623808108856,-0.38649849549742965,0.005314416568224726,1.7053651164360095,4.2,1.7,1.5,0.4,0.2,1.0,0.387,3.8,0.833,0.3,0.5
1629646,Charles Bassey,PHI,23,7.3,-7.141779344977621,-2.5612786145606643,-1.1003306328591815,-1.7215092821227918,-2.3172630229991076,0.2847636636682353,-2.0947137393083817,0.5457697940449563,-0.10976270495467068,1.932545194113986,3.0,2.7,0.3,0.2,0.7,0.0,0.638,2.0,0.75,0.5,0.3
1629681,Killian Tillie,MEM,36,12.8,-7.1767870470055,-2.505890302938179,-1.478884749668533,-1.5791573569196942,-1.156697235186533,-0.34339147677640125,-1.1862726525103848,-0.5973447277628474,-0.14810370051792626,1.8189551552749978,3.3,1.7,0.6,0.6,0.4,0.8,0.339,3.5,0.625,0.2,0.4
1628367,Josh Jackson,SAC,51,16.3,-7.247420242619276,-1.9335444161724962,-1.0624752211782464,-1.341904148247865,-1.4468386821396766,-0.34339147677640125,-1.4133829242098839,-0.5102716308780396,-0.44661670409672277,1.2510049610800569,6.4,2.8,1.1,0.5,0.4,0.6,0.4,5.9,0.714,1.5,0.9
203476,Gorgui Dieng,ATL,44,8.4,-7.2817213422232445,-2.468964761856522,-1.0624752211782464,-1.4842560734509624,-2.027121576045964,-0.5527765235912802,-1.2998277883601346,0.07208415311591676,-0.16374866729206103,1.7053651164360095,3.5,2.8,0.8,0.3,0.3,0.7,0.473,2.5,0.731,0.6,0.5
1629308,Juan Toscano-Anderson,GSW,73,13.6,-7.284230768152675,-2.3581881386115513,-1.213896867901987,-1.0572002978416704,-0.8665557882333893,-0.7621615704061591,-1.6404931959093834,0.15573074891779626,-0.7924706192463866,1.2510049610800569,4.1,2.4,1.7,0.7,0.2,0.4,0.489,3.2,0.571,1.0,0.9
1630792,Malcolm Hill,CHI,19,11.2,-7.3053523849730215,-2.4135764502340367,-1.441029337987598,-1.674058640388426,-1.7369801290928202,-0.7621615704061591,-1.2998277883601346,0.03147642878714858,-0.055330130243970245,2.0461352329529743,3.8,1.8,0.4,0.4,0.2,0.7,0.462,2.7,0.786,0.7,0.2
1630563,Joshua Primo,SAS,50,19.3,-7.336061452557199,-2.044321039417467,-1.2517522795829221,-1.104650939576036,-1.7369801290928202,-0.13400642996152237,-1.1862726525103848,-0.667995454791537,-0.23390741102658885,1.0238248834020804,5.8,2.3,1.6,0.4,0.5,0.8,0.374,5.4,0.746,1.2,1.1
203107,Tomas Satoransky,WAS,55,16.5,-7.356641280566909,-2.4505019913156936,-1.2517522795829221,-0.2979900300918172,-1.4468386821396766,-0.9715466172210381,-1.8676034676088826,-0.4038036841489795,-0.031199528376944178,1.364594999919045,3.6,2.3,3.3,0.5,0.1,0.2,0.377,3.5,0.796,1.0,0.8
1630230,Naji Marshall,NOP,55,13.4,-7.358621479866533,-2.0627838099582956,-1.1381860445401166,-1.341904148247865,-1.156697235186533,-0.9715466172210381,-1.6404931959093834,-0.3814479958831247,-0.030157432839220684,1.364594999919045,5.7,2.6,1.1,0.6,0.1,0.4,0.405,4.9,0.796,1.7,0.8
202687,Bismack Biyombo,PHX,36,14.1,-7.369137490671802,-2.044321039417467,-0.38107781092141385,-1.5791573569196942,-2.027121576045964,0.2847636636682353,-2.0947137393083817,0.7901650807978667,-1.7958597512830161,1.4781850387580333,5.8,4.6,0.6,0.3,0.7,0.0,0.593,4.0,0.535,2.0,0.7
1629111,Jock Landale,SAS,54,10.9,-7.3695915489722035,-2.210485974284923,-1.1381860445401166,-1.4842560734509624,-2.3172630229991076,-0.5527765235912802,-1.5269380600596336,0.21071386765393463,0.05782520470286344,1.5917750775970214,4.9,2.6,0.8,0.2,0.3,0.5,0.495,3.8,0.829,0.8,0.6
1628373,Frank Ntilikina,DAL,58,11.8,-7.388222104676359,-2.3581881386115513,-1.5924509847113386,-1.2944535065134994,-1.4468386821396766,-0.9715466172210381,-1.2998277883601346,-0.32014156625838913,0.1898600627032596,1.7053651164360095,4.1,1.4,1.2,0.5,0.1,0.7,0.399,3.8,0.96,0.4,0.5
2772,Trevor Ariza,LAL,24,19.3,-7.457841332033107,-2.3766509091523798,-0.8353427510926356,-1.341904148247865,-1.4468386821396766,-0.5527765235912802,-1.1862726525103848,-0.7423055142338179,-0.6811152675010749,1.7053651164360095,4.0,3.4,1.1,0.5,0.3,0.8,0.333,4.1,0.556,0.8,0.5
1630535,Greg Brown III,POR,48,13.3,-7.474525479706075,-2.2474115153665806,-1.0624752211782464,-1.5317067151853285,-1.4468386821396766,-0.13400642996152237,-1.6404931959093834,-0.18190572472141037,-0.594282995162971,1.364594999919045,4.7,2.8,0.7,0.5,0.5,0.4,0.426,4.0,0.677,1.4,0.8
202683,Enes Freedom,BOS,35,11.8,-7.496689857616409,-2.432039220774865,-0.38107781092141385,-1.7689599238571574,-2.607404469952251,-0.34339147677640125,-1.9811586034586322,0.2919525994445377,0.13361397108275463,1.5917750775970214,3.7,4.6,0.2,0.1,0.4,0.1,0.526,2.8,0.857,0.8,0.6
1629103,Kelan Martin,BOS,30,15.0,-7.509568324983794,-2.0627838099582956,-1.441029337987598,-1.5317067151853285,-1.7369801290928202,-0.5527765235912802,-1.2998277883601346,-0.4169858179867,-0.17284331925764798,1.7053651164360095,5.7,1.8,0.7,0.4,0.3,0.7,0.409,5.7,0.692,0.4,0.5
1630201,Malachi Flynn,TOR,44,12.2,-7.519922426446335,-2.3212625975298944,-1.5924509847113386,-1.104650939576036,-1.4468386821396766,-0.9715466172210381,-1.2998277883601346,-0.394663114159356,-0.32122689686284905,1.932545194113986,4.3,1.4,1.6,0.5,0.1,0.7,0.393,4.2,0.625,0.5,0.3
201571,D.J. Augustin,LAL,55,16.1,-7.562458220234891,-2.1366348921216094,-1.6681618080732088,-0.9622990143729385,-2.027121576045964,-1.1809316640359169,-0.7320521091113863,-0.19936807452115787,0.2066959958062211,1.1374149222410688,5.3,1.2,1.9,0.3,0.0,1.2,0.423,4.0,0.884,0.8,1.0
1627737,Marquese Chriss,DAL,34,10.2,-7.574368374190206,-2.2843370564482375,-0.9867643978163761,-1.62660799865406,-1.7369801290928202,-0.34339147677640125,-1.8676034676088826,0.03361265624598454,-0.46766162047542437,1.7053651164360095,4.5,3.0,0.5,0.4,0.4,0.2,0.463,3.9,0.667,1.0,0.5
1629641,Romeo Langford,SAS,48,16.1,-7.606648908879141,-2.2843370564482375,-1.2517522795829221,-1.674058640388426,-1.4468386821396766,-0.5527765235912802,-1.4133829242098839,-0.12951867532216785,-0.7865293213105341,1.932545194113986,4.5,2.3,0.4,0.5,0.3,0.6,0.435,4.0,0.548,0.9,0.3
1628396,Tony Bradley,CHI,55,10.0,-7.611800907770369,-2.5612786145606643,-0.8353427510926356,-1.62660799865406,-2.3172630229991076,0.07537861685335646,-2.0947137393083817,0.42672701519898865,-0.2704754908048862,1.5917750775970214,3.0,3.4,0.5,0.2,0.6,0.0,0.585,2.2,0.655,0.5,0.6
203145,Kent Bazemore,LAL,39,14.0,-7.646750158508468,-2.4874275323973505,-1.441029337987598,-1.4368054317165968,-1.156697235186533,-0.7621615704061591,-1.2998277883601346,-0.6941191300919592,-0.07404724879814695,1.7053651164360095,3.4,1.8,0.9,0.6,0.2,0.7,0.324,3.6,0.765,0.4,0.5
1629164,Brandon Goodwin,CLE,36,13.9,-7.649229345010102,-2.2289487448257517,-1.4031739263066627,-0.6775951639667436,-0.8665557882333893,-1.1809316640359169,-1.5269380600596336,-0.26108001871346553,-0.641420901109607,1.1374149222410688,4.8,1.9,2.5,0.7,0.0,0.5,0.416,4.3,0.632,1.1,1.0
1629004,Svi Mykhailiuk,TOR,56,12.8,-7.680645547954284,-2.265874285907409,-1.516740161349468,-1.4842560734509624,-1.4468386821396766,-0.9715466172210381,-1.2998277883601346,-0.4191104038790025,0.13177338675638586,1.5917750775970214,4.6,1.6,0.8,0.5,0.1,0.7,0.389,4.2,0.865,0.7,0.6
1627789,Timothe Luwawu-Cabarrot,ATL,52,13.2,-7.850742970715969,-2.302799826989066,-1.516740161349468,-1.4842560734509624,-2.027121576045964,-0.9715466172210381,-1.1862726525103848,-0.3064549645375649,0.12549374611348058,1.8189551552749978,4.4,1.6,0.8,0.3,0.1,0.8,0.398,3.6,0.854,0.8,0.4
203503,Tony Snell,NOP,53,15.5,-7.858947296972613,-2.468964761856522,-1.4031739263066627,-1.62660799865406,-2.027121576045964,-0.7621615704061591,-1.1862726525103848,-0.2400825132098135,0.03648254674195503,1.8189551552749978,3.5,1.9,0.5,0.3,0.2,0.8,0.404,3.2,1.0,0.1,0.4
1630579,Jericho Sims,NYK,41,13.5,-7.86533332474704,-2.7089807788872924,-0.5703548693260896,-1.62660799865406,-2.027121576045964,-0.13400642996152237,-2.0947137393083817,0.5274614904104653,-0.9363745394102048,1.7053651164360095,2.2,4.1,0.5,0.3,0.5,0.0,0.722,1.3,0.414,0.7,0.5
201577,Robin Lopez,ORL,36,17.0,-7.875393135492093,-1.804305022386697,-0.7974873394117004,-1.1521015813104019,-2.607404469952251,-0.13400642996152237,-1.9811586034586322,0.7515441838240926,-1.0607087173980727,0.9102348445630923,7.1,3.5,1.5,0.1,0.5,0.1,0.553,5.5,0.593,1.5,1.2
200794,Paul Millsap,PHI,33,11.4,-7.922163313247347,-2.468964761856522,-0.7974873394117004,-1.4368054317165968,-2.027121576045964,-0.34339147677640125,-1.8676034676088826,-0.33249908913334386,-0.240065248294955,1.5917750775970214,3.5,3.5,0.9,0.3,0.4,0.2,0.391,3.5,0.708,0.7,0.6
1630235,Trent Forrest,UTA,60,12.8,-7.9340882442747125,-2.505890302938179,-1.478884749668533,-1.0097496561073043,-1.4468386821396766,-0.9715466172210381,-1.9811586034586322,0.13770960392445677,-0.042324236584849635,1.364594999919045,3.3,1.7,1.8,0.5,0.1,0.1,0.49,2.6,0.792,0.8,0.8
1629672,Eric Paschall,UTA,58,12.7,-7.960841779758816,-2.044321039417467,-1.441029337987598,-1.5791573569196942,-2.3172630229991076,-0.9715466172210381,-1.2998277883601346,0.1645725186997351,-0.17763425198951968,1.7053651164360095,5.8,1.8,0.6,0.2,0.1,0.7,0.485,4.1,0.767,1.5,0.5
202684,Tristan Thompson,CHI,57,15.7,-7.968625614182888,-2.00739549833581,-0.19180075251673814,-1.5791573569196942,-1.7369801290928202,-0.34339147677640125,-2.0947137393083817,0.47697977740048475,-1.8567614385525717,1.364594999919045,6.0,5.1,0.6,0.4,0.4,0.0,0.528,4.7,0.526,2.0,0.8
1628425,Sterling Brown,DAL,49,12.8,-7.971415113611542,-2.505890302938179,-0.9867643978163761,-1.5317067151853285,-2.027121576045964,-0.9715466172210381,-1.4133829242098839,-0.34718492531493156,0.10681722868415042,1.7053651164360095,3.3,3.0,0.7,0.3,0.1,0.6,0.381,3.2,0.933,0.3,0.5
202954,Brad Wanamaker,WAS,23,13.9,-7.9749738132849135,-2.4505019913156936,-1.478884749668533,-0.7250458057011094,-2.027121576045964,-0.5527765235912802,-1.8676034676088826,-0.4409034164290876,0.43044879483456766,1.1374149222410688,3.6,1.7,2.4,0.3,0.3,0.2,0.364,3.3,0.92,1.1,1.0
1630264,Anthony Gill,WAS,44,10.5,-7.996642879733801,-2.3581881386115513,-1.4031739263066627,-1.5791573569196942,-2.607404469952251,-0.5527765235912802,-1.7540483317591329,0.4213311491108666,0.01781956302090687,1.8189551552749978,4.1,1.9,0.6,0.1,0.3,0.3,0.569,2.5,0.808,1.2,0.4
1629109,Gary Clark,NOP,38,10.0,-8.001950432365039,-2.61666692618315,-1.213896867901987,-1.62660799865406,-2.027121576045964,-0.7621615704061591,-1.2998277883601346,-0.2585285753816136,-0.12968432354595635,1.932545194113986,2.7,2.4,0.5,0.3,0.2,0.7,0.375,2.3,0.7,0.3,0.3
1630572,Sandro Mamukelashvili,MIL,41,9.9,-8.017920495414044,-2.4135764502340367,-1.3653185146257276,-1.62660799865406,-2.3172630229991076,-0.7621615704061591,-1.5269380600596336,0.16971615084630512,0.00527381544337828,1.8189551552749978,3.8,2.0,0.5,0.2,0.2,0.5,0.496,2.8,0.818,0.5,0.4
1629644,KZ Okpala,MIA,21,11.6,-8.042085112987511,-2.432039220774865,-1.3653185146257276,-1.5317067151853285,-2.3172630229991076,-0.5527765235912802,-1.6404931959093834,-0.09995103658901766,-0.14867211626577553,2.0461352329529743,3.7,2.0,0.7,0.2,0.3,0.4,0.435,3.3,0.727,0.5,0.2
1630184,Kira Lewis Jr.,NOP,24,14.2,-8.051079927674772,-2.0258582688766387,-1.516740161349468,-0.9148483726385727,-1.4468386821396766,-1.1809316640359169,-1.5269380600596336,-0.4933991204493057,0.030649518472359707,1.0238248834020804,5.9,1.6,2.0,0.5,0.0,0.5,0.404,6.1,0.833,0.5,1.1
1627823,Juancho Hernangomez,UTA,40,11.1,-8.098945493089738,-2.505890302938179,-1.176041456221052,-1.62660799865406,-1.7369801290928202,-0.5527765235912802,-1.4133829242098839,-0.15318792034518136,-0.7530333933122787,1.8189551552749978,3.3,2.5,0.5,0.4,0.3,0.6,0.415,2.7,0.559,0.9,0.4
1629139,Yuta Watanabe,TOR,38,11.7,-8.104355406108528,-2.3212625975298944,-1.213896867901987,-1.5791573569196942,-2.027121576045964,-0.34339147677640125,-1.2998277883601346,-0.2645453250181708,-0.7605175339922932,1.7053651164360095,4.3,2.4,0.6,0.3,0.4,0.7,0.406,3.6,0.6,1.1,0.5
1626208,Keifer Sykes,IND,32,17.7,-8.10777845211799,-2.081246580499124,-1.5924509847113386,-0.9622990143729385,-1.7369801290928202,-0.9715466172210381,-1.1862726525103848,-0.8279408776517799,0.1135434817003657,1.1374149222410688,5.6,1.4,1.9,0.4,0.1,0.8,0.363,5.9,0.882,0.5,1.0
1630215,Jared Butler,UTA,42,8.6,-8.159349276707166,-2.4135764502340367,-1.7060172197541437,-1.1521015813104019,-1.7369801290928202,-0.7621615704061591,-1.2998277883601346,-0.2750227348980193,-0.17825680257049734,1.364594999919045,3.8,1.1,1.5,0.4,0.2,0.7,0.404,3.6,0.688,0.4,0.8
1629744,Matt Thomas,CHI,40,11.5,-8.202000885712264,-2.3766509091523798,-1.6303063963922737,-1.62660799865406,-2.3172630229991076,-0.9715466172210381,-1.072717516660635,-0.2278666293943459,-0.025177028191399244,2.0461352329529743,4.0,1.3,0.5,0.2,0.1,0.9,0.41,3.4,0.8,0.5,0.2
1629117,Wenyen Gabriel,LAL,26,13.8,-8.203605355763354,-2.118172121580781,-0.72177651604983,-1.62660799865406,-2.3172630229991076,-0.34339147677640125,-1.7540483317591329,0.20429548397198302,-1.118416449513047,1.5917750775970214,5.4,3.7,0.5,0.2,0.4,0.3,0.491,4.2,0.595,1.6,0.6
1630198,Isaiah Joe,PHI,55,11.1,-8.267085175519128,-2.4505019913156936,-1.743872631435079,-1.5791573569196942,-2.027121576045964,-0.9715466172210381,-1.1862726525103848,-0.4915403503261777,0.2503828061409156,1.932545194113986,3.6,1.0,0.6,0.3,0.1,0.8,0.35,3.2,0.935,0.6,0.3
203918,Rodney Hood,LAC,52,13.6,-8.268551021003525,-2.5428158440198363,-1.5545955730304033,-1.5317067151853285,-2.027121576045964,-0.9715466172210381,-1.4133829242098839,-0.37540796311350133,0.10189095886945747,2.0461352329529743,3.1,1.5,0.7,0.3,0.1,0.6,0.369,3.0,0.895,0.4,0.2
1630541,Moses Moody,GSW,52,11.7,-8.327237423655045,-2.302799826989066,-1.5545955730304033,-1.674058640388426,-2.607404469952251,-0.7621615704061591,-1.1862726525103848,-0.09821256265339834,-0.07427732183894303,1.932545194113986,4.4,1.5,0.4,0.1,0.2,0.8,0.437,3.5,0.778,0.7,0.3
1629033,Theo Pinson,DAL,19,7.8,-8.35782340732677,-2.653592467264807,-1.7060172197541437,-1.4368054317165968,-2.027121576045964,-0.9715466172210381,-1.5269380600596336,-0.28151290824025915,0.31316567886168606,1.932545194113986,2.5,1.1,0.9,0.3,0.1,0.5,0.359,2.1,1.0,0.5,0.3
1628427,Vlatko Čančar,DEN,15,11.8,-8.409080448828853,-2.3581881386115513,-1.3274631029447923,-1.341904148247865,-2.607404469952251,-0.7621615704061591,-1.5269380600596336,0.42045027057652423,-0.49724630678014625,1.5917750775970214,4.1,2.1,1.1,0.1,0.2,0.5,0.561,2.7,0.643,0.9,0.6
1630174,Aaron Nesmith,BOS,52,11.0,-8.415330915469038,-2.4135764502340367,-1.478884749668533,-1.674058640388426,-1.7369801290928202,-0.9715466172210381,-1.4133829242098839,-0.3070331623420454,-0.011643319909275817,1.5917750775970214,3.8,1.7,0.4,0.4,0.1,0.6,0.396,3.5,0.808,0.5,0.6
1630190,Elijah Hughes,POR,36,12.1,-8.472962833023983,-2.468964761856522,-1.516740161349468,-1.5791573569196942,-1.7369801290928202,-0.7621615704061591,-1.2998277883601346,-0.7639840513796602,-0.0505121300955343,1.7053651164360095,3.5,1.6,0.6,0.4,0.2,0.7,0.326,4.0,0.778,0.3,0.5
1630568,Luka Garza,DET,32,12.2,-8.499973435800733,-2.044321039417467,-0.948908986135441,-1.5791573569196942,-2.027121576045964,-0.7621615704061591,-1.5269380600596336,-0.06114775507288965,-1.141992169340506,1.5917750775970214,5.8,3.1,0.6,0.3,0.2,0.5,0.449,4.6,0.623,1.9,0.6
1630210,Markus Howard,DEN,31,5.7,-8.524429506416311,-2.3581881386115513,-1.9710051015206898,-1.7689599238571574,-2.027121576045964,-1.1809316640359169,-1.072717516660635,-0.33525620014061513,0.14361538150324385,2.0461352329529743,4.1,0.4,0.2,0.3,0.0,0.9,0.386,3.3,0.87,0.7,0.2
1630551,Justin Champagnie,TOR,36,7.8,-8.562643772996639,-2.690518008346464,-1.3653185146257276,-1.7215092821227918,-2.3172630229991076,-0.9715466172210381,-1.7540483317591329,0.03660065832282993,0.17482411280182053,2.0461352329529743,2.3,2.0,0.3,0.2,0.1,0.3,0.463,1.9,1.0,0.3,0.2
1630208,Nick Richards,CHA,50,7.3,-8.570344473489794,-2.5612786145606643,-1.478884749668533,-1.7215092821227918,-2.3172630229991076,-0.34339147677640125,-2.0947137393083817,0.5710979622989456,-0.3297666667888691,1.7053651164360095,3.0,1.7,0.3,0.2,0.4,0.0,0.667,1.8,0.698,0.9,0.5
1629649,Ignas Brazdeikis,ORL,42,12.8,-8.578223838116905,-2.192023203744095,-1.478884749668533,-1.4368054317165968,-2.3172630229991076,-0.9715466172210381,-1.4133829242098839,-0.1768319419740392,-0.4104411018586066,1.8189551552749978,5.0,1.7,0.9,0.2,0.1,0.6,0.431,4.5,0.656,0.8,0.4
1629685,Dylan Windler,CLE,50,9.2,-8.581283090213095,-2.7089807788872924,-1.441029337987598,-1.5317067151853285,-2.027121576045964,-0.9715466172210381,-1.6404931959093834,-0.2109320306107686,0.01798196752029222,1.932545194113986,2.2,1.8,0.7,0.3,0.1,0.4,0.378,2.0,0.833,0.4,0.3
203648,Thanasis Antetokounmpo,MIL,48,9.9,-8.601224368801907,-2.4505019913156936,-1.3274631029447923,-1.62660799865406,-2.027121576045964,-0.5527765235912802,-2.0947137393083817,0.36544386870731954,-0.592848422085066,1.7053651164360095,3.6,2.1,0.5,0.3,0.3,0.0,0.547,2.7,0.63,1.0,0.5
203504,Trey Burke,DAL,42,10.5,-8.631642327334944,-2.1735604332032668,-1.8195834547969494,-1.1995522230447677,-2.027121576045964,-1.1809316640359169,-1.4133829242098839,-0.5025280488723961,0.09324291927718055,1.5917750775970214,5.1,0.8,1.4,0.3,0.0,0.6,0.391,5.1,0.87,0.5,0.6
1629006,Josh Okogie,MIN,49,10.5,-8.640782787120093,-2.61666692618315,-1.5924509847113386,-1.62660799865406,-1.4468386821396766,-0.7621615704061591,-1.7540483317591329,-0.1439969035672475,-0.40337650613533804,1.7053651164360095,2.7,1.4,0.5,0.5,0.2,0.3,0.404,2.1,0.686,1.0,0.5
1627756,Denzel Valentine,UTA,24,9.2,-8.676033732874185,-2.5797413851014928,-1.441029337987598,-1.62660799865406,-2.027121576045964,-1.1809316640359169,-1.1862726525103848,-0.30700599868680145,-0.03268823628797774,1.7053651164360095,2.9,1.8,0.5,0.3,0.0,0.8,0.379,2.8,0.0,0.0,0.5
1629678,Admiral Schofield,ORL,38,12.3,-8.694056150154395,-2.4135764502340367,-1.2517522795829221,-1.5317067151853285,-2.607404469952251,-0.9715466172210381,-1.2998277883601346,-0.18333763740498976,-0.026679269810714945,1.5917750775970214,3.8,2.3,0.7,0.1,0.1,0.7,0.419,3.4,0.8,0.4,0.6
1629657,Kyle Guy,MIA,19,9.8,-8.714832204402521,-2.395113679693208,-1.781728043116014,-1.4368054317165968,-1.7369801290928202,-0.9715466172210381,-1.2998277883601346,-0.2773432871602969,-0.29367226680044567,1.4781850387580333,3.9,0.9,0.9,0.4,0.1,0.7,0.4,3.4,0.667,0.6,0.7
1630606,Javonte Smart,MIA,17,11.8,-8.716252551074458,-2.5612786145606643,-1.5924509847113386,-1.4368054317165968,-1.7369801290928202,-0.7621615704061591,-1.5269380600596336,-0.7093948056445607,0.01798196752029222,1.5917750775970214,3.0,1.4,0.9,0.4,0.2,0.5,0.317,3.5,0.833,0.4,0.6
1629718,Charlie Brown Jr.,PHI,22,8.1,-8.751828134788704,-2.85668294321392,-1.5545955730304033,-1.7215092821227918,-1.4468386821396766,-0.7621615704061591,-2.0947137393083817,-0.5054559028554876,0.1439943253351434,2.0461352329529743,1.4,1.5,0.3,0.5,0.2,0.0,0.256,1.8,0.9,0.5,0.2
1628436,Luke Kornet,BOS,15,6.9,-8.75183981235497,-2.7459063199689493,-1.4031739263066627,-1.5791573569196942,-2.3172630229991076,-0.7621615704061591,-2.0947137393083817,0.08389840288599033,-0.20667758996295638,2.2733153106309505,2.0,1.9,0.6,0.2,0.2,0.0,0.481,1.8,0.667,0.4,0.0
1629650,Moses Brown,CLE,40,8.6,-8.766242628173861,-2.3212625975298944,-0.8353427510926356,-1.8638612073258891,-2.3172630229991076,-0.34339147677640125,-2.0947137393083817,0.5461791891347059,-1.2419521387122696,1.7053651164360095,4.3,3.4,0.0,0.2,0.4,0.0,0.593,2.7,0.597,1.8,0.5
1630233,Nathan Knight,MIN,37,7.2,-8.786030474164011,-2.432039220774865,-1.2517522795829221,-1.5791573569196942,-2.3172630229991076,-0.7621615704061591,-1.9811586034586322,0.2034922158811945,-0.3713557523398344,1.7053651164360095,3.7,2.3,0.6,0.2,0.2,0.1,0.511,2.4,0.733,1.6,0.5
1630625,Dalano Banton,TOR,64,10.9,-8.80643280057327,-2.524353073479008,-1.4031739263066627,-1.1521015813104019,-1.7369801290928202,-0.7621615704061591,-1.8676034676088826,-0.20748612691695176,-0.5171679253714319,1.364594999919045,3.2,1.9,1.5,0.4,0.2,0.2,0.411,3.2,0.591,0.7,0.8
1628400,Semi Ojeleye,LAC,30,13.5,-8.852442644541325,-2.505890302938179,-1.176041456221052,-1.7215092821227918,-2.3172630229991076,-0.7621615704061591,-1.5269380600596336,-0.7338343343198519,-0.04134980958853675,1.932545194113986,3.3,2.5,0.3,0.2,0.2,0.5,0.303,3.3,0.793,1.0,0.3
1626161,Willie Cauley-Stein,PHI,20,9.1,-8.856362602684667,-2.8012946315914347,-1.3653185146257276,-1.62660799865406,-2.027121576045964,-0.7621615704061591,-1.9811586034586322,0.021033943606899436,-0.1326888067845877,1.8189551552749978,1.7,2.0,0.5,0.3,0.2,0.1,0.457,1.8,0.5,0.1,0.4
1630219,Skylar Mays,ATL,28,7.9,-8.861776988446072,-2.5797413851014928,-1.781728043116014,-1.5791573569196942,-2.027121576045964,-1.1809316640359169,-1.7540483317591329,0.15984022190400343,0.062155991353143134,1.8189551552749978,2.9,0.9,0.6,0.3,0.0,0.3,0.5,2.3,0.889,0.3,0.4
1630688,Ish Wainright,PHX,45,8.0,-8.921580208026683,-2.6720552378056355,-1.6681618080732088,-1.7215092821227918,-1.7369801290928202,-0.9715466172210381,-1.6404931959093834,-0.1949365181941998,-0.2484426137215893,1.932545194113986,2.4,1.2,0.3,0.4,0.1,0.4,0.394,2.3,0.583,0.3,0.3
1630583,Santi Aldama,MEM,32,11.2,-8.962899559561812,-2.3581881386115513,-1.1003306328591815,-1.5317067151853285,-2.3172630229991076,-0.5527765235912802,-1.8676034676088826,-0.3306306177047707,-0.6097655574377203,1.7053651164360095,4.1,2.7,0.7,0.2,0.3,0.2,0.402,4.1,0.625,1.0,0.5
1630540,Miles McBride,NYK,40,9.3,-8.986955093647456,-2.7089807788872924,-1.7060172197541437,-1.389354789982231,-1.7369801290928202,-1.1809316640359169,-1.6404931959093834,-0.6207423362334206,-0.1631802515442117,2.159725271791962,2.2,1.1,1.0,0.4,0.0,0.4,0.296,2.7,0.667,0.3,0.1
1630547,James Bouknight,CHA,31,9.8,-9.046572817263863,-2.265874285907409,-1.478884749668533,-1.4842560734509624,-2.3172630229991076,-1.1809316640359169,-1.5269380600596336,-0.7203475794911801,0.22255750191286972,1.7053651164360095,4.6,1.7,0.8,0.2,0.0,0.5,0.348,4.5,0.871,1.0,0.5
1630573,Sam Hauser,BOS,26,6.1,-9.04724557222201,-2.653592467264807,-1.7060172197541437,-1.674058640388426,-2.8975459169053948,-0.9715466172210381,-1.2998277883601346,0.02830604216794986,-0.03268823628797774,2.159725271791962,2.5,1.1,0.4,0.0,0.1,0.7,0.46,1.9,0.0,0.0,0.1
1628539,Mychal Mulder,MIA,17,14.1,-9.065191282056588,-2.3581881386115513,-1.5924509847113386,-1.7215092821227918,-2.3172630229991076,-0.9715466172210381,-0.9591623808108856,-0.9560893017877713,0.10565332977188778,1.7053651164360095,4.1,1.4,0.3,0.2,0.1,1.0,0.312,4.5,1.0,0.2,0.5
1629076,Tyler Cook,CHI,20,10.0,-9.070882744327756,-2.4874275323973505,-1.1003306328591815,-1.7689599238571574,-2.3172630229991076,-0.7621615704061591,-2.0947137393083817,0.42921248965381936,-0.7881939674292354,1.8189551552749978,3.4,2.7,0.2,0.2,0.2,0.0,0.605,1.9,0.656,1.6,0.4
1629674,Neemias Queta,SAC,15,8.0,-9.188067771252937,-2.5612786145606643,-1.3274631029447923,-1.674058640388426,-2.607404469952251,-0.13400642996152237,-2.0947137393083817,-0.022503574966048726,-0.5855943544458478,1.8189551552749978,3.0,2.1,0.4,0.1,0.5,0.0,0.447,2.5,0.647,1.1,0.4
1630550,JT Thor,CHA,33,7.9,-9.220047957855506,-2.7459063199689493,-1.6303063963922737,-1.5791573569196942,-2.3172630229991076,-0.5527765235912802,-1.8676034676088826,-0.029894029453519762,-0.4296860350357861,1.932545194113986,2.0,1.3,0.6,0.2,0.3,0.2,0.436,1.7,0.6,0.6,0.3
1629185,Chris Chiozza,GSW,34,10.9,-9.231641846419015,-2.7459063199689493,-1.7060172197541437,-0.9622990143729385,-1.7369801290928202,-1.1809316640359169,-1.5269380600596336,-0.5473888255079479,-0.0761855747067224,1.2510049610800569,2.0,1.1,1.9,0.4,0.0,0.5,0.296,2.4,0.667,0.1,0.9
203901,Elfrid Payton,PHX,50,11.0,-9.325388528482998,-2.5612786145606643,-1.441029337987598,-0.9148483726385727,-1.4468386821396766,-0.9715466172210381,-1.9811586034586322,-0.37324457199942135,-0.8864486895574513,1.2510049610800569,3.0,1.8,2.0,0.5,0.1,0.1,0.383,3.5,0.375,0.6,0.9
1629833,Keljin Blevins,POR,31,11.3,-9.349147889038253,-2.5428158440198363,-1.5545955730304033,-1.5791573569196942,-1.7369801290928202,-1.1809316640359169,-1.2998277883601346,-0.7884158190105958,-0.37178883100486204,1.7053651164360095,3.1,1.5,0.6,0.4,0.0,0.7,0.306,3.6,0.545,0.4,0.5
1628981,Bruno Fernando,HOU,30,5.1,-9.37470102404879,-2.5797413851014928,-1.441029337987598,-1.7689599238571574,-2.8975459169053948,-0.34339147677640125,-2.0947137393083817,0.5396657326594001,-0.49435009320777185,1.7053651164360095,2.9,1.8,0.2,0.0,0.4,0.0,0.655,1.8,0.625,0.8,0.5
1629633,Jarrett Culver,MEM,37,9.1,-9.435374985283602,-2.468964761856522,-1.6303063963922737,-1.4368054317165968,-1.4468386821396766,-0.9715466172210381,-1.7540483317591329,-0.4112290633360499,-1.0210008172983225,1.7053651164360095,3.5,1.3,0.9,0.5,0.1,0.3,0.378,3.6,0.471,0.9,0.5
1628995,Kevin Knox II,ATL,30,7.4,-9.437789956409185,-2.5428158440198363,-1.5545955730304033,-1.7215092821227918,-2.607404469952251,-0.9715466172210381,-1.5269380600596336,-0.36404967469931,-0.19506566825689461,2.0461352329529743,3.1,1.5,0.3,0.1,0.1,0.5,0.365,2.8,0.727,0.7,0.2
1629067,Isaac Bonga,TOR,15,4.6,-9.448914293466025,-2.9674595664588908,-1.9331496898397549,-1.7215092821227918,-1.4468386821396766,-0.9715466172210381,-1.9811586034586322,-0.2657502271543538,-0.32122689686284905,2.159725271791962,0.8,0.5,0.3,0.5,0.1,0.1,0.231,0.9,0.625,0.5,0.1
1629620,Justin Robinson,DET,25,12.1,-9.519979570148282,-2.5428158440198363,-1.8195834547969494,-1.2470028647791334,-1.7369801290928202,-1.1809316640359169,-1.2998277883601346,-0.8383329160437186,-0.3326899477778075,1.4781850387580333,3.1,0.8,1.3,0.4,0.0,0.7,0.301,3.7,0.5,0.3,0.7
1630206,Jay Scrubb,LAC,18,6.7,-9.550509589661054,-2.61666692618315,-1.781728043116014,-1.674058640388426,-2.3172630229991076,-0.7621615704061591,-1.7540483317591329,-0.23685779928012693,-0.22668041080393497,1.8189551552749978,2.7,0.9,0.4,0.2,0.2,0.3,0.391,2.6,0.7,0.6,0.4
1627774,Jake Layman,MIN,34,6.8,-9.603185862402274,-2.6720552378056355,-1.7060172197541437,-1.7215092821227918,-2.3172630229991076,-0.9715466172210381,-1.8676034676088826,-0.12260552506255697,-0.15713068394210267,1.932545194113986,2.4,1.1,0.3,0.2,0.1,0.2,0.411,2.1,0.722,0.5,0.3
1630227,Daishen Nix,HOU,24,10.9,-9.638620174837868,-2.524353073479008,-1.5924509847113386,-1.0572002978416704,-1.156697235186533,-1.1809316640359169,-1.7540483317591329,-0.20921683980821543,-1.187546631418133,1.0238248834020804,3.2,1.4,1.7,0.6,0.0,0.3,0.403,2.8,0.533,1.3,1.1
1629312,Haywood Highsmith,MIA,19,8.6,-9.65482029012997,-2.690518008346464,-1.5924509847113386,-1.7215092821227918,-2.607404469952251,-0.7621615704061591,-1.5269380600596336,-0.365780387590574,-0.43419275989373307,2.0461352329529743,2.3,1.4,0.3,0.1,0.2,0.5,0.348,2.4,0.4,0.3,0.2
202334,Ed Davis,CLE,31,6.5,-9.704580283244571,-2.9489967959180623,-1.3274631029447923,-1.7689599238571574,-2.607404469952251,-0.5527765235912802,-2.0947137393083817,0.2024017891492544,-0.6528027497748727,2.0461352329529743,0.9,2.1,0.2,0.1,0.3,0.0,0.688,0.5,0.429,0.5,0.2
1630552,Jalen Johnson,ATL,22,5.5,-9.772054886533818,-2.6720552378056355,-1.6681618080732088,-1.8164105655915233,-2.607404469952251,-0.9715466172210381,-1.9811586034586322,0.2412011901432048,-0.11547392984972674,1.8189551552749978,2.4,1.2,0.1,0.1,0.1,0.1,0.537,1.9,0.714,0.3,0.4
1628993,Alize Johnson,NOP,23,7.3,-9.866937339003126,-2.782831861050606,-1.1003306328591815,-1.674058640388426,-2.3172630229991076,-1.1809316640359169,-2.0947137393083817,-0.029894029453519762,-0.39227886534399703,1.7053651164360095,1.8,2.7,0.4,0.2,0.0,0.0,0.436,1.7,0.583,0.5,0.5
1629623,Lindell Wigginton,MIL,19,10.5,-9.90677442439194,-2.339725368070723,-1.6303063963922737,-1.2944535065134994,-2.027121576045964,-0.9715466172210381,-1.5269380600596336,-0.1376367277179617,-1.5708212499678682,1.5917750775970214,4.2,1.3,1.2,0.3,0.1,0.5,0.426,3.2,0.543,1.8,0.6
1628035,Alfonzo McKinnie,CHI,17,12.1,-9.959464877253595,-2.468964761856522,-1.4031739263066627,-1.7215092821227918,-2.607404469952251,-0.7621615704061591,-1.5269380600596336,-0.3326484892371861,-0.9556194725873841,1.8189551552749978,3.5,1.9,0.3,0.1,0.2,0.5,0.393,3.6,0.25,0.5,0.4
1630580,Joe Wieskamp,SAS,29,7.1,-9.966004602783574,-2.727443549428121,-1.9331496898397549,-1.7215092821227918,-2.607404469952251,-0.9715466172210381,-1.5269380600596336,-0.25647577914959896,-0.38126242680234845,2.159725271791962,2.1,0.5,0.3,0.1,0.1,0.5,0.357,1.9,0.538,0.4,0.1
1630195,Leandro Bolmaro,MIN,35,6.9,-10.014679667695559,-2.85668294321392,-1.6681618080732088,-1.5791573569196942,-2.3172630229991076,-1.1809316640359169,-1.9811586034586322,-0.2858552125571297,0.03557578828705267,1.8189551552749978,1.4,1.2,0.6,0.2,0.0,0.1,0.315,1.5,0.846,0.4,0.4
1630698,Kevin Pangos,CLE,24,6.9,-10.015454064889148,-2.819757402132263,-1.9331496898397549,-1.2470028647791334,-2.607404469952251,-1.1809316640359169,-1.7540483317591329,-0.34218681275002616,-0.06351802375465491,1.932545194113986,1.6,0.5,1.3,0.1,0.0,0.3,0.326,1.9,0.75,0.2,0.3
1630238,Malik Fitts,BOS,15,4.2,-10.031654954930286,-2.85668294321392,-1.7060172197541437,-1.7215092821227918,-2.8975459169053948,-1.1809316640359169,-1.7540483317591329,-0.04195663264296764,-0.03268823628797774,2.159725271791962,1.4,1.1,0.3,0.0,0.0,0.3,0.421,1.3,0.0,0.0,0.1
1626246,Boban Marjanovic,DAL,23,5.6,-10.193938487480587,-2.3212625975298944,-1.478884749668533,-1.8164105655915233,-2.8975459169053948,-0.9715466172210381,-2.0947137393083817,0.6330427378219166,-0.7248020778357694,1.4781850387580333,4.3,1.7,0.1,0.0,0.1,0.0,0.6,3.0,0.591,1.0,0.7
1630186,Jahmi'us Ramsey,SAC,19,7.0,-10.375233422399749,-2.524353073479008,-1.8574388664778845,-1.674058640388426,-2.607404469952251,-0.9715466172210381,-1.7540483317591329,-0.1862363874717479,-0.7326922297642472,1.932545194113986,3.2,0.7,0.4,0.1,0.1,0.3,0.414,3.1,0.5,0.7,0.3
1630539,Kai Jones,CHA,21,3.0,-11.04401845772965,-2.930534025377234,-1.9331496898397549,-1.7689599238571574,-2.8975459169053948,-0.9715466172210381,-2.0947137393083817,0.22174813246628583,-0.6018618718009603,1.932545194113986,1.0,0.5,0.2,0.0,0.1,0.0,0.643,0.7,0.375,0.4,0.3
1629671,Miye Oni,UTA,16,2.8,-11.125937331139806,-3.059773419163033,-1.9710051015206898,-1.7215092821227918,-2.8975459169053948,-1.1809316640359169,-1.9811586034586322,-0.17187845541417793,-0.3018601603111304,2.159725271791962,0.3,0.4,0.3,0.0,0.0,0.1,0.222,0.6,0.0,0.1,0.1
