PLAYER_ID,PLAYER_NAME,TEAM_ABBREVIATION,GP,MIN,Z_TOTAL,Z_PTS,Z_REB,Z_AST,Z_STL,Z_BLK,Z_FG3M,Z_FG_PCT,Z_FT_PCT,Z_TOV,PTS,REB,AST,STL,BLK,FG3M,FG_PCT,FGA,FT_PCT,FTA,TOV
203954,Joel Embiid,PHI,39,33.6,10.51773809862241,3.008695021687876,2.1450482595625835,0.7503117969749853,0.7169433442594656,2.059402608448231,-0.541128427008701,1.7661261696805015,3.0072857665787325,-2.3949464415612662,34.7,11.0,5.6,1.2,1.7,1.4,0.529,21.8,0.883,11.6,3.8
1628983,Shai Gilgeous-Alexander,OKC,75,34.0,9.780617699419876,2.2096804866387516,-0.0020820657700192646,1.039511204802603,3.247331618116404,0.5119491769279575,-0.6520153997563854,1.784096865279837,1.9820792194373702,-0.3399334062566404,30.1,5.5,6.2,2.0,0.9,1.3,0.535,19.8,0.874,8.7,2.2
203999,Nikola Jokić,DEN,79,34.6,9.367509673733899,1.566994882360108,2.691590524192701,2.3891084413314845,1.3495404127237,0.5119491769279575,-0.8737893452517544,2.9179150540396286,0.1816404513190274,-1.3674399239089532,26.4,12.4,9.0,1.4,0.9,1.1,0.583,17.9,0.817,5.5,3.0
203076,Anthony Davis,LAL,76,35.5,8.12645291731309,1.271706902015867,2.769667990568432,-0.26188613042167563,0.7169433442594656,3.219992682088436,-1.6499981544855464,2.0612376101588072,0.21028376467940402,-0.2114950915501012,24.7,12.6,3.5,1.2,2.3,0.4,0.556,16.9,0.816,6.8,2.1
1629029,Luka Dončić,DAL,70,37.5,7.780349503924429,2.8697359721141145,1.4423510621810043,2.774707651768308,1.3495404127237,-0.26177753883217936,2.4528198371787813,0.4062834310779514,-0.6014882533129084,-2.6518230709743444,33.9,9.2,9.8,1.4,0.5,4.1,0.487,23.6,0.786,8.7,4.0
202695,Kawhi Leonard,LAC,68,34.3,6.3934924049349515,1.098008090048666,0.23215033335717364,-0.2136862291170727,1.982137481187935,0.5119491769279575,0.23508038222509095,1.2802072725111264,1.0938260452245583,0.17381985256951626,23.7,6.1,3.6,1.6,0.9,2.1,0.525,17.1,0.885,4.2,1.8
1641705,Victor Wembanyama,SAS,71,29.7,6.234582971833623,0.698500822524104,1.9888933268111215,-0.06908652520326405,0.7169433442594656,5.734604508308881,-0.09758053601796272,-0.27241625508393014,-0.19876758691006394,-2.2665081268547276,21.4,10.6,3.9,1.2,3.6,1.8,0.465,16.7,0.796,5.2,3.7
1628378,Donovan Mitchell,CLE,55,35.3,5.963754047116955,1.6017346447535488,-0.15823699852148143,0.9913113034979998,2.6147345496521694,-0.26177753883217936,1.565724055197305,-0.4121976741180605,1.1330249999835278,-1.1105632944958748,26.6,5.1,6.1,1.8,0.5,3.3,0.462,19.8,0.865,5.8,2.8
202681,Kyrie Irving,DAL,58,35.0,5.772946698170905,1.428035832786348,-0.1972757317093468,0.5575121917565738,1.033241878491583,-0.26177753883217936,1.2330631369542517,0.6310255175256249,1.1753015586285327,0.17381985256951626,25.6,5.0,5.2,1.3,0.5,3.0,0.497,19.5,0.905,3.6,1.8
1630169,Tyrese Haliburton,IND,69,32.2,5.082052319563138,0.47269236696674327,-0.6267017967758675,3.3049065661189396,0.7169433442594656,0.12508581904788896,1.0112891914588824,0.028704326673700938,0.5175042227765642,-0.46837172096317914,20.1,3.9,10.9,1.2,0.7,2.8,0.477,15.2,0.855,3.3,2.3
202331,Paul George,LAC,74,33.8,4.4666008303418065,0.9069393968847455,-0.11919826533361572,-0.26188613042167563,1.6658389469558175,-0.26177753883217936,1.565724055197305,-0.12016171457772597,1.302617172019236,-0.2114950915501012,22.6,5.2,3.5,1.5,0.5,3.3,0.471,16.7,0.907,3.9,2.1
1628374,Lauri Markkanen,UTA,55,33.1,4.377099425456059,1.0111586840650655,1.0519637303023492,-0.9848846499907192,-0.2319522584368861,-0.26177753883217936,1.454837082449621,0.10481133684157322,1.5453699276615616,0.687573111395673,23.2,8.2,2.0,0.9,0.5,3.2,0.48,16.2,0.899,5.0,1.4
201142,Kevin Durant,PHX,75,37.2,4.32571170409742,1.6885840507371492,0.4273439992965012,0.461112389147368,-0.2319522584368861,1.09224421374806,0.3459673549727756,1.3725527409911373,0.9226140816698841,-1.7527548680285705,27.1,6.6,5.0,0.9,1.2,2.2,0.523,19.1,0.856,5.6,3.3
1628369,Jayson Tatum,BOS,74,35.7,4.167407094153041,1.6538442883437086,1.0129249971144838,0.41291248784276524,0.08434627579523112,-0.06834585989214519,1.3439501097019364,-0.13799261558897205,0.5910157612122905,-0.7252483503762576,26.9,8.1,4.9,1.0,0.6,3.1,0.471,19.3,0.833,6.7,2.5
204001,Kristaps Porziņģis,BOS,57,29.6,3.8885284837255236,0.47269236696674327,0.6615763984236944,-0.9848846499907192,-0.8645493269011209,2.4462659663282995,0.013306436729721665,0.8064282184117867,0.9069965917745234,0.43069648198259447,20.1,7.2,2.0,0.7,1.9,1.9,0.516,13.2,0.858,5.3,1.6
1627832,Fred VanVleet,HOU,73,36.8,3.8811450323619843,0.0037055746553004937,-0.665740529963733,1.955309329590058,1.3495404127237,0.31851749798792334,1.3439501097019364,-1.262621842692532,0.5362263130832761,0.3022581672760555,17.4,3.8,8.1,1.4,0.8,3.1,0.416,13.9,0.86,3.1,1.7
2544,LeBron James,LAL,71,35.3,3.8438249886252565,1.4454057139830676,0.7006151316115599,2.051709132199264,1.033241878491583,-0.26177753883217936,0.23508038222509095,1.7483509839036397,-1.0991691975151192,-2.009631497441649,25.7,7.3,8.3,1.3,0.5,2.1,0.54,17.9,0.75,5.7,3.5
1626164,Devin Booker,PHX,68,36.0,3.7428265750469945,1.6885840507371492,-0.39246939764867433,1.3769105139348234,-0.2319522584368861,-0.4552092177722135,0.3459673549727756,0.4753581656623641,1.7893240286804533,-0.8536866650827969,27.1,4.5,6.9,0.9,0.4,2.2,0.492,19.2,0.886,6.7,2.6
1630178,Tyrese Maxey,PHI,70,37.5,3.4871785758576523,1.4801454763765076,-0.7047792631515983,1.039511204802603,0.08434627579523112,-0.26177753883217936,1.2330631369542517,-0.792616229467348,1.1070273461041287,0.3022581672760555,25.9,3.7,6.2,1.0,0.5,3.0,0.45,20.3,0.868,5.4,1.7
1630567,Scottie Barnes,TOR,60,34.9,3.4699150528454332,0.4379526045733026,1.0519637303023492,0.9913113034979998,1.033241878491583,1.6725392505681627,-0.20846750876564737,-0.0178786742922197,-0.38018423703422205,-1.1105632944958748,19.9,8.2,6.1,1.3,1.5,1.7,0.475,15.7,0.781,4.2,2.8
201939,Stephen Curry,GSW,74,32.7,3.4328269872213006,1.566994882360108,-0.39246939764867433,0.5093122904519707,-0.8645493269011209,-0.4552092177722135,3.2290286464125733,-0.7616020909967027,1.7118844958112351,-1.1105632944958748,26.4,4.5,5.1,0.7,0.4,4.8,0.45,19.5,0.923,4.4,2.8
1628368,De'Aaron Fox,SAC,74,35.9,3.3897266084266193,1.6017346447535488,-0.35343066446080895,0.7503117969749853,3.247331618116404,-0.4552092177722135,1.122176164206567,-0.33951157934133563,-1.3299894889677306,-0.8536866650827969,26.6,4.6,5.6,2.0,0.4,2.9,0.465,20.9,0.738,5.7,2.6
1630163,LaMelo Ball,CHA,22,32.3,3.379428773045911,1.132747852442106,-0.15823699852148143,1.9071094282854553,2.6147345496521694,-0.8420725756522819,1.454837082449621,-1.2459386755095867,0.9111945514611762,-2.3949464415612662,23.9,5.1,8.0,1.8,0.2,3.2,0.433,19.2,0.865,4.7,3.8
203081,Damian Lillard,MIL,73,35.3,3.116267314093995,1.2022273772289866,-0.4315081308365397,1.4251104152394263,0.08434627579523112,-0.8420725756522819,1.2330631369542517,-1.3754421533063521,2.6742296337540696,-0.8536866650827969,24.3,4.4,7.0,1.0,0.2,3.0,0.424,17.5,0.92,7.0,2.6
1631096,Chet Holmgren,OKC,82,29.4,2.918328029154241,-0.15262335611518002,0.934847530738753,-0.7920850447723077,-1.180847861133238,3.219992682088436,-0.3193544815133318,0.9547644584344396,-0.1770623805559242,0.43069648198259447,16.5,7.9,2.4,0.6,2.3,1.6,0.53,11.6,0.793,3.4,1.6
201935,James Harden,LAC,72,34.3,2.822867061437741,-0.13525347491845968,-0.15823699852148143,2.14810893480847,0.4006448100273487,0.31851749798792334,0.7895152459635136,-0.8286761421646158,1.1419338533378394,-0.8536866650827969,16.6,5.1,8.5,1.1,0.8,2.6,0.428,11.4,0.878,4.8,2.6
1628973,Jalen Brunson,NYK,77,35.4,2.7198728591195653,1.9665021498846702,-0.7438179963394639,1.2805107113256176,-0.2319522584368861,-0.8420725756522819,0.9004022187111983,0.10774499718292961,0.8793656481135002,-0.5968100356697184,28.7,3.6,6.7,0.9,0.2,2.7,0.479,21.4,0.847,6.5,2.4
1628401,Derrick White,BOS,73,32.6,2.688364341157317,-0.37843181167254125,-0.5095855972122708,0.5575121917565738,0.08434627579523112,1.09224421374806,0.9004022187111983,-0.25924314766714546,0.641985201009078,0.5591347966891337,15.2,4.2,5.2,1.0,1.2,2.7,0.461,11.5,0.901,2.1,1.5
1627750,Jamal Murray,DEN,59,31.5,2.5724070060517725,0.6637610601306638,-0.5486243304001365,1.1841109087164117,0.08434627579523112,0.12508581904788896,0.678628273215829,0.13359585293261658,0.46299823816336866,-0.2114950915501012,21.2,4.1,6.5,1.0,0.7,2.5,0.481,16.7,0.853,3.1,2.1
202710,Jimmy Butler III,MIA,60,34.0,2.477165801863742,0.5942815353437838,-0.08015953214575035,0.461112389147368,1.033241878491583,-0.6486408967122478,-0.9846763179994391,0.4654509839847155,1.3342975944776734,0.3022581672760555,20.8,5.3,5.0,1.3,0.3,1.0,0.499,13.2,0.858,7.7,1.7
203507,Giannis Antetokounmpo,MIL,73,35.2,2.4571171805433565,2.2617901302289116,2.3402419255019113,1.1841109087164117,0.7169433442594656,0.898812534808026,-1.5391111817378618,3.8647772283106456,-5.389254526809045,-1.8811931827351096,30.4,11.5,6.5,1.2,1.1,0.5,0.611,18.8,0.657,10.7,3.4
1627734,Domantas Sabonis,SAC,82,35.7,2.406563396671916,0.3511031985897022,3.1990940556349523,2.003509230894661,-0.2319522584368861,-0.06834585989214519,-1.6499981544855464,2.3349037504207684,-1.778995698025021,-1.7527548680285705,19.4,13.7,8.2,0.9,0.6,0.4,0.594,13.0,0.704,5.1,3.3
1630217,Desmond Bane,MEM,42,34.4,2.239311064331802,1.098008090048666,-0.4315081308365397,0.7021118956703826,0.08434627579523112,-0.26177753883217936,1.565724055197305,-0.3292822623085234,0.7938136593867955,-0.9821249797893361,23.7,4.4,5.5,1.0,0.5,3.3,0.464,18.5,0.87,3.8,2.7
201942,DeMar DeRozan,CHI,79,37.8,2.1402824612552913,1.1501177336388264,-0.47054686402440543,0.6057120930611767,0.4006448100273487,-0.06834585989214519,-1.0955632907471236,0.11162885552159146,1.2043768163939668,0.3022581672760555,24.0,4.3,5.3,1.1,0.6,0.9,0.48,17.2,0.853,7.7,1.7
1629027,Trae Young,ATL,54,36.0,2.050292679339822,1.4454057139830676,-1.056127861842388,3.2567066648143372,1.033241878491583,-0.8420725756522819,1.454837082449621,-1.2988833432378424,1.2227614501342272,-3.1655763298005017,25.7,2.8,10.8,1.3,0.2,3.2,0.43,18.7,0.855,7.5,4.4
1630162,Anthony Edwards,MIN,79,35.1,1.9792898180916834,1.4801454763765076,-0.04112079895788463,0.5093122904519707,1.033241878491583,-0.26177753883217936,0.5677413004681444,-0.4400785904078296,0.6277040391168635,-1.4958782386154925,25.9,5.4,5.1,1.3,0.5,2.4,0.461,19.7,0.836,6.4,3.1
1627749,Dejounte Murray,ATL,78,35.7,1.9390959922881335,0.8895695156880251,-0.08015953214575035,1.1359110074118088,1.3495404127237,-0.6486408967122478,0.7895152459635136,-0.4773642382615349,-0.16558885729658385,-0.8536866650827969,22.5,5.3,6.4,1.4,0.3,2.6,0.459,18.8,0.794,3.4,2.6
203468,CJ McCollum,NOP,66,32.7,1.8639048101062223,0.45532248577002293,-0.47054686402440543,0.2683127839289562,-0.2319522584368861,-0.06834585989214519,1.898384973440359,-0.40710631469966924,0.11757769674393441,0.3022581672760555,20.0,4.3,4.6,0.9,0.6,3.6,0.459,16.0,0.827,2.1,1.7
1629655,Daniel Gafford,DAL,74,24.5,1.5999993292886947,-1.1079668219347847,0.8177313311751563,-1.177684255209131,-0.2319522584368861,2.833129324208368,-2.0935460454762844,2.4584953353473136,-1.0995336506068865,1.2013263702218293,11.0,7.6,1.6,0.9,2.1,0.0,0.725,6.5,0.674,2.4,1.0
1631114,Jalen Williams,OKC,71,31.3,1.5569704517686542,0.29899355499954244,-0.5876630635880019,0.22011288262435344,0.4006448100273487,-0.06834585989214519,-0.4302414542610164,1.3661981652586335,0.0550132493238844,0.3022581672760555,19.1,4.0,4.5,1.1,0.6,1.5,0.54,14.0,0.814,3.1,1.7
1626157,Karl-Anthony Towns,MIN,62,32.7,1.418315949494316,0.7679803473109846,1.0910024634902151,-0.5028856369446902,-0.8645493269011209,0.12508581904788896,0.3459673549727756,0.656638317273855,1.0380782204468222,-1.239001609202414,21.8,8.3,3.0,0.7,0.7,2.2,0.504,15.3,0.873,4.7,2.9
1629028,Deandre Ayton,POR,55,32.4,1.3658970819379714,-0.11788359372173998,2.184086992750449,-1.177684255209131,0.08434627579523112,0.31851749798792334,-2.0935460454762844,1.9469616124211837,0.04727874482082331,0.17381985256951626,16.7,11.1,1.6,1.0,0.8,0.0,0.57,13.6,0.823,1.4,1.8
1630596,Evan Mobley,CLE,50,30.6,1.3080514692711405,-0.29158240568894084,1.5204285285567356,-0.4064858343354843,-0.2319522584368861,1.4791075716281283,-1.6499981544855464,1.7408172712107268,-1.026103101747109,0.17381985256951626,15.7,9.4,3.2,0.9,1.4,0.4,0.58,11.0,0.719,3.4,1.8
1630552,Jalen Johnson,ATL,56,33.7,1.3053387139478514,-0.23947276209878046,1.2471573962416767,-0.2136862291170727,0.7169433442594656,0.31851749798792334,-0.6520153997563854,0.6683952447330371,-0.7143202308715292,0.17381985256951626,16.0,8.7,3.6,1.2,0.8,1.3,0.511,12.5,0.728,2.6,1.8
202699,Tobias Harris,PHI,70,33.8,1.207729998125749,-0.031034187738139554,0.3883052661086358,-0.45468573564008724,0.08434627579523112,0.12508581904788896,-0.6520153997563854,0.23174279681834378,0.6999737373880497,0.8160114261022119,17.2,6.5,3.1,1.0,0.7,1.3,0.487,13.6,0.878,3.0,1.3
201572,Brook Lopez,MIL,79,30.5,1.1731465758927109,-0.8474186039839834,-0.11919826533361572,-1.177684255209131,-1.4971463953653554,3.4134243610284702,0.013306436729721665,0.13275202038277276,0.05378490742200216,1.2013263702218293,12.5,5.2,1.6,0.5,2.4,1.9,0.485,9.6,0.821,1.7,1.0
1627936,Alex Caruso,CHI,71,28.7,1.1700177527513502,-1.2642957527052656,-0.665740529963733,-0.26188613042167563,2.298436015420052,0.7053808558679916,0.013306436729721665,-0.09239830678229115,-0.2503579467891225,0.687573111395673,10.1,3.8,3.5,1.7,1.0,1.9,0.468,7.6,0.76,1.4,1.4
1628386,Jarrett Allen,CLE,77,31.7,1.156637668431161,-0.15262335611518002,1.949854593623256,-0.6474853408584988,-0.8645493269011209,0.898812534808026,-2.0935460454762844,2.547075466987261,-0.9115973396188922,0.43069648198259447,16.5,10.5,2.7,0.7,1.1,0.0,0.634,10.6,0.742,4.1,1.6
1628991,Jaren Jackson Jr.,MEM,66,32.2,1.1093733106805876,0.8895695156880251,-0.0020820657700192646,-0.8402849460769106,0.7169433442594656,1.865970929508197,-0.09758053601796272,-0.848403387153424,0.02205049191293468,-0.5968100356697184,22.5,5.5,2.3,1.2,1.6,1.8,0.444,17.6,0.808,6.3,2.4
202696,Nikola Vučević,CHI,76,34.3,1.0801841598314117,0.10792486183562125,1.949854593623256,-0.3582859330308816,-0.8645493269011209,0.31851749798792334,-0.7629023725040701,0.19940668778641674,0.059521669051672325,0.43069648198259447,18.0,10.5,3.3,0.7,0.8,1.2,0.484,15.9,0.822,1.7,1.6
1628389,Bam Adebayo,MIA,71,34.0,0.7615710274986421,0.33373331739298245,1.9108158604353909,-0.06908652520326405,0.4006448100273487,0.5119491769279575,-1.8717720999809155,0.9827446491418371,-0.9690864402795158,-0.46837172096317914,19.3,10.4,3.9,1.1,0.9,0.2,0.521,14.3,0.755,5.5,2.3
1626167,Myles Turner,IND,77,27.0,0.7612753287604365,-0.04840406893485927,0.544460198860098,-1.3222839591229398,-1.4971463953653554,2.4462659663282995,-0.4302414542610164,0.8637419735199712,-0.48269004365943435,0.687573111395673,17.1,6.9,1.3,0.5,1.9,1.5,0.524,11.8,0.773,4.1,1.4
1626179,Terry Rozier,MIA,61,33.4,0.7249675911344254,0.4205827233765829,-0.5876630635880019,0.7503117969749853,0.08434627579523112,-0.6486408967122478,0.5677413004681444,-0.8158616382564089,0.6518929258000847,0.3022581672760555,19.8,4.0,5.6,1.0,0.3,2.4,0.443,16.4,0.869,3.2,1.7
1628970,Miles Bridges,CHA,69,37.4,0.6565337859676592,0.6290212977372238,0.7006151316115599,-0.3582859330308816,-0.2319522584368861,-0.26177753883217936,0.45685432772045975,-0.3649704024418142,0.17008593848373893,-0.08305677684356196,21.0,7.3,3.3,0.9,0.5,2.3,0.462,17.5,0.825,3.1,2.0
203497,Rudy Gobert,MIN,76,34.1,0.6458235353412185,-0.5868703860331822,2.8867841901320284,-1.3222839591229398,-0.8645493269011209,2.833129324208368,-2.0935460454762844,2.277337757251467,-2.9148745006997125,0.43069648198259447,14.0,12.9,1.3,0.7,2.1,0.0,0.661,8.1,0.638,5.1,1.6
1631099,Keegan Murray,SAC,77,33.6,0.6004784958375191,-0.37843181167254125,-0.0020820657700192646,-1.1294843539045278,0.08434627579523112,0.31851749798792334,0.5677413004681444,-0.4207909892685202,0.10245964256692129,1.4582029996349075,15.2,5.5,1.7,1.0,0.8,2.4,0.454,12.7,0.831,1.6,0.8
1626156,D'Angelo Russell,LAL,76,32.7,0.5131774052416118,0.10792486183562125,-0.9390116622787914,1.0877111061072058,-0.2319522584368861,-0.26177753883217936,1.2330631369542517,-0.4266714790066342,0.15538633044912528,-0.2114950915501012,18.0,3.1,6.3,0.9,0.5,3.0,0.456,14.2,0.828,2.5,2.1
1628978,Donte DiVincenzo,NYK,81,29.1,0.4775679354248044,-0.3263221680823809,-0.7047792631515983,-0.6474853408584988,1.033241878491583,-0.4552092177722135,1.7874980006926744,-0.6182447669194123,-0.2787042983710221,0.687573111395673,15.5,3.7,2.7,1.3,0.4,3.5,0.443,12.4,0.754,1.4,1.4
203992,Bogdan Bogdanović,ATL,79,30.4,0.4037624486714919,-0.08314383132829993,-0.821895462715195,-0.45468573564008724,0.7169433442594656,-0.6486408967122478,1.2330631369542517,-1.0091681764606448,0.7837169589185763,0.687573111395673,16.9,3.4,3.1,1.2,0.3,3.0,0.428,13.9,0.921,2.1,1.4
1630530,Trey Murphy III,NOP,57,29.7,0.3865704022680403,-0.4479113364594213,-0.23631446489721217,-0.8884848473815133,-0.2319522584368861,-0.26177753883217936,1.2330631369542517,-0.5441384401680386,0.04900652244105332,1.7150796290479857,14.8,4.9,2.2,0.9,0.5,3.0,0.443,10.9,0.815,2.6,0.6
1628960,Grayson Allen,PHX,75,33.5,0.3863782498234284,-0.6737197920167826,-0.6267017967758675,-0.5028856369446902,-0.2319522584368861,-0.06834585989214519,0.9004022187111983,0.3191296094382234,0.45444033963816666,0.8160114261022119,13.5,3.9,3.0,0.9,0.6,2.7,0.499,9.1,0.878,2.0,1.3
201144,Mike Conley,MIN,76,28.9,0.3519261547356523,-1.0384872971479042,-1.0170891286545225,0.8949115008887943,0.7169433442594656,-0.8420725756522819,0.5677413004681444,-0.24474705668481797,0.49871464115656233,0.8160114261022119,11.4,2.9,5.9,1.2,0.2,2.4,0.457,8.5,0.911,1.5,1.3
1630578,Alperen Sengun,HOU,63,32.5,0.33230113268705186,0.6463911789339442,1.4813897953688704,0.461112389147368,0.7169433442594656,0.12508581904788896,-1.5391111817378618,1.4518659096467157,-2.157689456896542,-0.8536866650827969,21.1,9.3,5.0,1.2,0.7,0.5,0.537,15.6,0.693,5.6,2.6
1626145,Tyus Jones,WAS,66,29.3,0.3283628298196578,-0.9342680099675839,-1.0951665950302534,1.5697101191532348,0.4006448100273487,-0.6486408967122478,-0.3193544815133318,0.20134760395148665,-0.04723609031082468,1.2013263702218293,12.0,2.7,7.3,1.1,0.3,1.6,0.489,10.1,0.8,0.6,1.0
1630170,Devin Vassell,SAS,68,33.1,0.3125568730034318,0.3684730797864225,-0.665740529963733,0.02731327740594164,0.4006448100273487,-0.6486408967122478,0.5677413004681444,-0.08837971887684962,-0.07955093111418952,0.43069648198259447,19.5,3.8,4.1,1.1,0.3,2.4,0.472,15.5,0.801,3.0,1.6
1630529,Herbert Jones,NOP,76,30.5,0.29330336341601837,-1.1079668219347847,-0.7438179963394639,-0.6956852421631018,1.3495404127237,0.31851749798792334,-0.4302414542610164,0.2574660140310796,0.40104121256293096,0.9444497408087512,11.0,3.6,2.6,1.4,0.8,1.5,0.498,7.7,0.867,2.1,1.2
1630532,Franz Wagner,ORL,72,32.5,0.26852952944018504,0.4032128421798626,-0.08015953214575035,-0.16548632781246975,0.4006448100273487,-0.4552092177722135,-0.6520153997563854,0.14418681248679097,0.6279740043700246,0.04538153786297729,19.7,5.3,3.7,1.1,0.4,1.3,0.482,15.2,0.85,4.4,1.9
1629008,Michael Porter Jr.,DEN,81,31.7,0.11553499237513398,-0.11788359372173998,0.5834989320479633,-1.2258841565137337,-1.4971463953653554,0.12508581904788896,0.9004022187111983,0.1658782727386833,0.10869583991493921,1.0728880555152902,16.7,7.0,1.5,0.5,0.7,2.7,0.484,13.3,0.836,1.4,1.1
203078,Bradley Beal,PHX,53,33.3,0.09786444990155663,0.1426646242290613,-0.4315081308365397,0.461112389147368,0.08434627579523112,-0.26177753883217936,0.013306436729721665,0.7861286260152207,0.028840118029930424,-0.7252483503762576,18.2,4.4,5.0,1.0,0.5,1.9,0.513,13.9,0.813,2.5,2.5
1631109,Mark Williams,CHA,19,26.8,0.09197822207335493,-0.8126788415905434,1.6375447281203317,-1.3704838604275424,-0.5482507926690033,0.898812534808026,-2.0935460454762844,2.076918916127111,-1.026103101747109,1.3297646849283686,12.7,9.7,1.2,0.8,1.1,0.0,0.649,7.9,0.719,3.4,0.9
1628384,OG Anunoby,NYK,50,34.0,-0.005941144103708829,-0.46528121765614167,-0.5095855972122708,-0.9366847486861163,1.3495404127237,0.12508581904788896,0.1241934094774063,0.2300379106462087,-0.3539436144269785,0.43069648198259447,14.7,4.2,2.1,1.4,0.7,2.0,0.489,11.5,0.753,1.8,1.6
201950,Jrue Holiday,BOS,69,32.8,-0.019654106795036486,-0.8474186039839834,-0.04112079895788463,0.3647125865381621,-0.2319522584368861,0.31851749798792334,0.1241934094774063,0.06254272102546005,0.05705148698524969,0.17381985256951626,12.5,5.4,4.8,0.9,0.8,2.0,0.48,10.0,0.833,1.0,1.8
1627759,Jaylen Brown,BOS,70,33.5,-0.032921486703902936,0.9764189216716255,-0.0020820657700192646,-0.2136862291170727,0.7169433442594656,-0.26177753883217936,0.23508038222509095,0.633185242611182,-1.5201935080822775,-0.5968100356697184,23.0,5.5,3.6,1.2,0.5,2.1,0.499,17.9,0.703,4.3,2.4
1627783,Pascal Siakam,IND,80,33.2,-0.21665779998263668,0.7506104661142643,0.6225376652358288,0.12371308001514754,-0.5482507926690033,-0.6486408967122478,-0.8737893452517544,1.4557345729214544,-1.2723924022058424,0.17381985256951626,21.7,7.1,4.3,0.8,0.3,1.1,0.536,15.9,0.732,5.0,1.8
1630595,Cade Cunningham,DET,62,33.5,-0.2881196324814759,0.9243092780814651,-0.47054686402440543,1.6661099217624407,-0.2319522584368861,-0.4552092177722135,0.013306436729721665,-0.763031440009705,0.9100876939232163,-1.8811931827351096,22.7,4.3,7.5,0.9,0.4,1.9,0.449,18.8,0.869,4.4,3.4
1628392,Isaiah Hartenstein,NYK,75,25.3,-0.33399026392884734,-1.6638030202298273,1.0910024634902151,-0.7438851434677047,0.7169433442594656,0.898812534808026,-2.0935460454762844,1.2488487125915657,-0.7328128507130544,0.9444497408087512,7.8,8.3,2.5,1.2,1.1,0.0,0.644,4.9,0.707,2.1,1.2
1629651,Nic Claxton,BKN,71,29.8,-0.3474046499529294,-0.9690077723610239,1.7156221944960632,-0.9366847486861163,-1.180847861133238,2.833129324208368,-2.0935460454762844,1.9068040974860756,-2.438885264588986,0.8160114261022119,11.8,9.9,2.1,0.6,2.1,0.0,0.629,8.2,0.551,2.8,1.3
1628381,John Collins,UTA,68,28.0,-0.47015504856726753,-0.39580169286926126,1.169079929865946,-1.4186837617321455,-1.180847861133238,0.5119491769279575,-0.6520153997563854,0.9385178960882087,-0.1299264473540227,0.687573111395673,15.1,8.5,1.1,0.6,0.9,1.3,0.532,11.0,0.795,2.7,1.4
1627742,Brandon Ingram,NOP,64,32.9,-0.47192188297352927,0.5942815353437838,-0.15823699852148143,0.7985116982795885,-0.5482507926690033,-0.06834585989214519,-0.6520153997563854,0.39268790088411487,-0.10530561626574349,-0.7252483503762576,20.8,5.1,5.7,0.8,0.6,1.3,0.492,15.9,0.801,4.8,2.5
201143,Al Horford,BOS,65,26.8,-0.5615060257240683,-1.5248439706560668,0.3492665329207704,-0.6956852421631018,-1.180847861133238,0.7053808558679916,-0.20846750876564737,0.33946972200525044,0.06758013185852674,1.5866413143414468,8.6,6.4,2.6,0.6,1.0,1.7,0.511,6.4,0.867,0.5,0.7
203897,Zach LaVine,CHI,25,34.9,-0.5640163480197089,0.3684730797864225,-0.11919826533361572,-0.06908652520326405,-0.5482507926690033,-0.6486408967122478,0.5677413004681444,-0.5415623703309976,0.6380032135249538,-0.2114950915501012,19.5,5.2,3.9,0.8,0.3,2.4,0.452,15.0,0.854,4.1,2.1
1629001,De'Anthony Melton,PHI,38,26.9,-0.5693286444300178,-1.0905969407380647,-0.7047792631515983,-0.5028856369446902,1.982137481187935,-0.4552092177722135,0.1241934094774063,-1.2977852466183555,0.17427039990773371,1.2013263702218293,11.1,3.7,3.0,1.6,0.4,2.0,0.386,9.5,0.835,2.1,1.0
1628969,Mikal Bridges,BKN,82,34.8,-0.6494444749329178,0.38584296098314286,-0.39246939764867433,-0.2136862291170727,0.08434627579523112,-0.4552092177722135,0.9004022187111983,-0.9542765145417511,0.07866220550078348,-0.08305677684356196,19.6,4.5,3.6,1.0,0.4,2.7,0.436,15.8,0.814,3.9,2.0
1629639,Tyler Herro,MIA,42,33.5,-0.6764557715515316,0.5942815353437838,-0.08015953214575035,0.22011288262435344,-0.8645493269011209,-1.035504254592316,1.3439501097019364,-0.9233890016037956,0.4087352222780179,-0.3399334062566404,20.8,5.3,4.5,0.7,0.1,3.1,0.441,17.5,0.856,2.6,2.2
1631105,Jalen Duren,DET,61,29.1,-0.7087626864301408,-0.6216101484266222,2.3792806586897766,-0.7920850447723077,-1.4971463953653554,0.31851749798792334,-2.0935460454762844,2.000233480525911,-0.190911598043081,-0.2114950915501012,13.8,11.6,2.4,0.5,0.8,0.0,0.619,9.2,0.79,3.0,2.1
1630559,Austin Reaves,LAL,82,32.1,-0.7475109263477331,-0.2568426432955005,-0.47054686402440543,0.7021118956703826,-0.5482507926690033,-0.6486408967122478,0.013306436729721665,0.17761494011263496,0.49523208939078595,-0.2114950915501012,15.9,4.3,5.5,0.8,0.3,1.9,0.486,11.5,0.853,3.3,2.1
1631117,Walker Kessler,UTA,64,23.3,-0.7925041198071239,-1.6116933766396673,0.7786925979872908,-1.5150835643413514,-1.4971463953653554,3.4134243610284702,-1.9826590727286,1.4860315043749448,-1.0653965443446851,1.2013263702218293,8.1,7.5,0.9,0.5,2.4,0.1,0.654,5.5,0.602,1.5,1.0
1629014,Anfernee Simons,POR,46,34.4,-0.8161713215136654,0.9069393968847455,-0.7438179963394639,0.7021118956703826,-1.4971463953653554,-1.035504254592316,1.6766110279449897,-1.2643044427709142,1.4210644268436026,-0.9821249797893361,22.6,3.6,5.5,0.5,0.1,3.4,0.43,18.2,0.916,3.9,2.7
1631095,Jabari Smith Jr.,HOU,76,31.9,-0.8580969604416714,-0.6389800296233425,1.0129249971144838,-1.177684255209131,-0.8645493269011209,0.31851749798792334,-0.09758053601796272,-0.3652185884858859,0.01002353988461318,0.9444497408087512,13.7,8.1,1.6,0.7,0.8,1.8,0.454,11.0,0.811,2.4,1.2
202691,Klay Thompson,GSW,77,29.7,-0.981265063796,0.09055498063890093,-0.8609341959030605,-0.8402849460769106,-1.180847861133238,-0.26177753883217936,1.7874980006926744,-0.9775786515694572,0.7029703516981364,0.5591347966891337,17.9,3.3,2.3,0.6,0.5,3.5,0.432,14.7,0.927,1.8,1.5
203935,Marcus Smart,MEM,20,30.2,-1.0343925595380117,-0.5000209800495817,-1.0951665950302534,0.12371308001514754,3.5636301523485217,-0.6486408967122478,0.23508038222509095,-0.828610296887617,-0.38849916683157965,-1.4958782386154925,14.5,2.7,4.3,2.1,0.3,2.1,0.43,11.9,0.768,2.8,3.1
1629632,Coby White,CHI,79,36.5,-1.0530974187710547,0.29899355499954244,-0.39246939764867433,0.5093122904519707,-0.8645493269011209,-0.8420725756522819,0.7895152459635136,-0.668523207431352,0.32819108899744875,-0.2114950915501012,19.1,4.5,5.1,0.7,0.2,2.6,0.447,15.3,0.838,3.3,2.1
1627751,Jakob Poeltl,TOR,50,26.4,-1.1124328821754066,-1.0905969407380647,1.2081186630538114,-0.7438851434677047,-0.8645493269011209,1.6725392505681627,-2.0935460454762844,2.0786724265037995,-1.8383205624071393,0.5591347966891337,11.1,8.6,2.5,0.7,1.5,0.0,0.656,7.6,0.551,2.1,1.5
1631106,Tari Eason,HOU,22,21.8,-1.1418303838011425,-1.3164053962954256,0.5834989320479633,-1.3704838604275424,1.3495404127237,0.5119491769279575,-1.2064502634948082,-0.12995037475677582,-0.8932936954545802,1.3297646849283686,9.8,7.0,1.2,1.4,0.9,0.8,0.466,8.6,0.636,1.5,0.9
1630590,Scotty Pippen Jr.,MEM,21,25.1,-1.1610514602770916,-0.777939079197103,-0.8999729290909259,0.31651268523355935,2.298436015420052,-0.26177753883217936,-0.541128427008701,0.2521072214876473,-0.5651644285001048,-0.9821249797893361,12.9,3.2,4.7,1.7,0.5,1.4,0.493,9.7,0.745,2.6,2.7
203114,Khris Middleton,MIL,55,27.0,-1.1871994725106205,-0.39580169286926126,-0.31439193127294324,0.6057120930611767,-0.2319522584368861,-0.6486408967122478,-0.20846750876564737,0.30524942504689884,0.16946501840146883,-0.46837172096317914,15.1,4.7,5.3,0.9,0.3,1.7,0.493,11.7,0.833,2.2,2.3
203484,Kentavious Caldwell-Pope,DEN,76,31.6,-1.1962740244012944,-1.2642957527052656,-1.2122827945938501,-0.7920850447723077,1.033241878491583,-0.06834585989214519,-0.3193544815133318,-0.18714155634931637,0.4126632167115098,1.2013263702218293,10.1,2.4,2.4,1.3,0.6,1.6,0.46,7.7,0.894,1.5,1.0
1629636,Darius Garland,CLE,57,33.3,-1.2495295968548557,0.10792486183562125,-1.0951665950302534,1.1841109087164117,1.033241878491583,-1.035504254592316,0.45685432772045975,-0.6693488059044893,0.26423632052361995,-1.4958782386154925,18.0,2.7,6.5,1.3,0.1,2.3,0.446,14.8,0.834,3.1,3.1
203991,Clint Capela,ATL,73,25.8,-1.2585641536933865,-1.0211174159511842,1.9888933268111215,-1.3704838604275424,-1.180847861133238,1.6725392505681627,-2.0935460454762844,1.2276546374320778,-1.6829825557383291,1.2013263702218293,11.5,10.6,1.2,0.6,1.5,0.0,0.571,8.5,0.631,2.8,1.0
1630193,Immanuel Quickley,TOR,68,29.2,-1.2692871606620137,-0.0657739501315796,-0.665740529963733,0.41291248784276524,-0.8645493269011209,-1.035504254592316,0.678628273215829,-0.831977523052904,0.5435828662319119,0.5591347966891337,17.0,3.8,4.9,0.7,0.1,2.5,0.434,13.1,0.853,3.6,1.5
101108,Chris Paul,GSW,58,26.4,-1.2741423472832527,-1.4206246834757463,-0.6267017967758675,1.3287106126302202,0.7169433442594656,-1.035504254592316,-0.6520153997563854,-0.43042263378703627,0.029461038112200702,0.8160114261022119,9.2,3.9,6.8,1.2,0.1,1.3,0.441,8.1,0.827,0.9,1.3
1630591,Jalen Suggs,ORL,75,27.0,-1.293691789735135,-0.8300487227872634,-0.9390116622787914,-0.6474853408584988,1.3495404127237,-0.06834585989214519,0.1241934094774063,-0.07078383485427536,-0.3855700438347836,0.17381985256951626,12.6,3.1,2.7,1.4,0.6,2.0,0.471,9.5,0.756,2.1,1.8
203110,Draymond Green,GSW,55,27.1,-1.2949902308813206,-1.5248439706560668,0.6615763984236944,0.9431114021933971,0.08434627579523112,0.5119491769279575,-1.0955632907471236,0.21638160019668068,-0.3666994726388335,-0.7252483503762576,8.6,7.2,6.0,1.0,0.9,0.9,0.497,6.8,0.73,1.3,2.5
1629627,Zion Williamson,NOP,70,31.5,-1.3083849605536675,0.9590490404749051,0.11503413379357719,0.461112389147368,0.4006448100273487,0.12508581904788896,-1.9826590727286,2.23410780039117,-2.510196586211451,-1.1105632944958748,22.9,5.8,5.0,1.1,0.7,0.1,0.57,15.6,0.702,7.1,2.8
1629012,Collin Sexton,UTA,78,26.6,-1.3704133740349127,0.22951403021266173,-1.134205328218119,0.41291248784276524,-0.5482507926690033,-0.8420725756522819,-0.3193544815133318,0.22650657779055555,0.8160317997219417,-0.2114950915501012,18.7,2.6,4.9,0.8,0.2,1.6,0.487,13.3,0.859,4.7,2.1
1641706,Brandon Miller,CHA,74,32.2,-1.385370827502443,-0.013664306541419221,-0.47054686402440543,-0.7920850447723077,-0.2319522584368861,-0.06834585989214519,0.678628273215829,-0.7934884261365149,0.13226380651589,0.17381985256951626,17.3,4.3,2.4,0.9,0.6,2.5,0.44,14.6,0.827,2.3,1.8
1628398,Kyle Kuzma,WAS,70,32.6,-1.4145843078154334,0.8374598720978647,0.4273439992965012,0.0755131787105448,-1.4971463953653554,0.12508581904788896,0.3459673549727756,-0.36309735756226696,-0.3835857992240502,-0.9821249797893361,22.2,6.6,4.2,0.5,0.7,2.2,0.463,18.8,0.775,3.4,2.7
203994,Jusuf Nurkić,PHX,76,27.3,-1.4341759791170854,-1.1253367031315047,2.1450482595625835,-0.0208866238986611,0.4006448100273487,0.898812534808026,-1.7608851272332309,0.4293100309465267,-1.9325114392349942,-0.46837172096317914,10.9,11.0,4.0,1.1,1.1,0.3,0.51,8.3,0.64,3.4,2.3
1626171,Bobby Portis,MIL,82,24.5,-1.4642426490727674,-0.6216101484266222,0.7396538647994255,-1.3222839591229398,-0.5482507926690033,-0.4552092177722135,-0.7629023725040701,0.547240948059706,-0.11376902695234029,1.0728880555152902,13.8,7.4,1.3,0.8,0.4,1.2,0.508,11.2,0.79,1.5,1.1
1630174,Aaron Nesmith,IND,72,27.7,-1.478685505246765,-0.8995282475741438,-0.665740529963733,-1.2258841565137337,-0.2319522584368861,0.12508581904788896,0.013306436729721665,0.2683081986421102,-0.19204545210635732,1.3297646849283686,12.2,3.8,1.5,0.9,0.7,1.9,0.496,8.8,0.781,1.9,0.9
1630168,Onyeka Okongwu,ATL,55,25.5,-1.6241552877929093,-1.2469258715085456,0.5054214656722322,-1.3222839591229398,-1.4971463953653554,0.898812534808026,-1.6499981544855464,1.3531283842765238,-0.12336629170221183,1.4582029996349075,10.2,6.8,1.3,0.5,1.1,0.4,0.611,6.6,0.793,2.1,0.8
1629675,Naz Reid,MIN,81,24.2,-1.667968433345934,-0.6737197920167826,-0.11919826533361572,-1.3222839591229398,-0.5482507926690033,0.5119491769279575,0.23508038222509095,0.01808702900872791,-0.4572053237610416,0.687573111395673,13.5,5.2,1.3,0.8,0.9,2.1,0.477,10.5,0.736,1.8,1.4
1627826,Ivica Zubac,LAC,68,26.4,-1.7095562459697957,-0.9863776535577442,1.4423510621810043,-1.2740840578183368,-2.12974346382959,1.09224421374806,-2.0935460454762844,1.9978346864346364,-0.7026847284602923,0.9444497408087512,11.7,9.2,1.4,0.3,1.2,0.0,0.649,7.6,0.723,2.4,1.2
203924,Jerami Grant,POR,54,33.9,-1.743014997149116,0.6290212977372238,-0.7828567295273294,-0.5992854395538961,-0.5482507926690033,-0.06834585989214519,0.23508038222509095,-0.5904286829023805,0.1935459189834252,-0.2114950915501012,21.0,3.5,2.8,0.8,0.6,2.1,0.451,15.7,0.817,5.8,2.1
1627763,Malcolm Brogdon,POR,39,28.7,-1.755901374667479,-0.29158240568894084,-0.665740529963733,0.7021118956703826,-0.8645493269011209,-0.8420725756522819,0.23508038222509095,-0.6909592258154598,0.10267561476944996,0.5591347966891337,15.7,3.8,5.5,0.7,0.2,2.1,0.44,12.7,0.819,3.0,1.5
1629680,Matisse Thybulle,POR,65,22.9,-1.804284747349304,-2.080680168951109,-1.3293989941574464,-1.2740840578183368,2.298436015420052,0.31851749798792334,-0.7629023725040701,-0.5902098739818916,-0.09904242239241087,1.7150796290479857,5.4,2.1,1.4,1.7,0.8,1.2,0.397,4.9,0.759,0.4,0.6
1641726,Dereck Lively II,DAL,55,23.5,-1.8428784355069001,-1.4901042082626264,0.544460198860098,-1.4186837617321455,-0.8645493269011209,1.4791075716281283,-2.0935460454762844,2.2220064514830744,-1.551334000034393,1.3297646849283686,8.8,6.9,1.1,0.7,1.4,0.0,0.747,5.4,0.506,1.5,0.9
1629622,Max Strus,CLE,70,32.0,-1.8887283777176656,-0.8995282475741438,-0.2753531980850779,-0.0208866238986611,-0.2319522584368861,-0.4552092177722135,0.5677413004681444,-0.9145079932430641,-0.08972862115835781,0.43069648198259447,12.2,4.8,4.0,0.9,0.4,2.4,0.418,10.4,0.794,1.4,1.6
1630200,Tre Jones,SAS,77,27.8,-1.9422075044080094,-1.2816656339019856,-0.665740529963733,1.039511204802603,0.08434627579523112,-1.035504254592316,-1.2064502634948082,0.3438479264235324,0.2203129738343336,0.5591347966891337,10.0,3.8,6.2,1.0,0.1,0.8,0.505,7.8,0.856,1.5,1.5
1627747,Caris LeVert,CLE,68,28.8,-1.9462078981047983,-0.5868703860331822,-0.5486243304001365,0.5093122904519707,0.4006448100273487,-0.26177753883217936,-0.3193544815133318,-1.007916103193408,-0.4338803258879351,0.3022581672760555,14.0,4.1,5.1,1.1,0.5,1.6,0.421,12.1,0.766,3.0,1.7
1627741,Buddy Hield,PHI,84,25.7,-1.9619304995204687,-0.9168981287708639,-0.8999729290909259,-0.5992854395538961,-0.5482507926690033,-0.26177753883217936,0.7895152459635136,-0.6120441678346584,0.1423335104587935,0.9444497408087512,12.1,3.2,2.8,0.8,0.5,2.6,0.436,10.1,0.881,0.7,1.2
1630560,Cam Thomas,BKN,66,31.4,-1.9620538581174733,0.8895695156880251,-0.8999729290909259,-0.5510855382492932,-0.8645493269011209,-0.8420725756522819,0.3459673549727756,-0.9222595018522027,0.8369676051045731,0.04538153786297729,22.5,3.2,2.9,0.7,0.2,2.2,0.442,18.0,0.856,5.1,1.9
203944,Julius Randle,NYK,46,35.4,-1.9896018389645584,1.1501177336388264,1.4423510621810043,0.461112389147368,-1.4971463953653554,-0.6486408967122478,-0.20846750876564737,-0.10279375651399435,-0.5765029691328634,-2.009631497441649,24.0,9.2,5.0,0.5,0.3,1.7,0.472,18.2,0.781,6.6,3.5
202685,Jonas Valančiūnas,NOP,82,23.5,-1.993139304747598,-0.8995282475741438,1.2861961294295428,-0.9366847486861163,-1.8134449295974726,0.31851749798792334,-1.5391111817378618,1.1107225425207565,-0.20737947848589905,0.687573111395673,12.2,8.8,2.1,0.4,0.8,0.5,0.559,8.8,0.785,2.5,1.4
1629673,Jordan Poole,WAS,78,30.1,-2.0046660786980857,0.0037055746553004937,-1.0951665950302534,0.17191298131975072,0.4006448100273487,-0.6486408967122478,0.5677413004681444,-1.44947149173385,0.6414182739774398,-0.5968100356697184,17.4,2.7,4.4,1.1,0.3,2.4,0.413,15.2,0.877,2.8,2.4
1629661,Cameron Johnson,BKN,58,27.6,-2.0077790961163515,-0.6910896732135026,-0.47054686402440543,-0.7920850447723077,-0.5482507926690033,-0.6486408967122478,0.5677413004681444,-0.4854814414090809,-0.140752054005777,1.2013263702218293,13.4,4.3,2.4,0.8,0.3,2.4,0.446,10.7,0.789,1.9,1.0
1630166,Deni Avdija,WAS,75,30.1,-2.044565824954107,-0.46528121765614167,0.6615763984236944,-0.11728642650786701,-0.5482507926690033,-0.26177753883217936,-0.7629023725040701,0.49004166243307345,-0.8291904460915127,-0.2114950915501012,14.7,7.2,3.8,0.8,0.5,1.2,0.506,10.7,0.74,3.6,2.1
203482,Kelly Olynyk,TOR,78,22.5,-2.1266866142056076,-1.3164053962954256,-0.08015953214575035,0.17191298131975072,-0.2319522584368861,-0.4552092177722135,-1.2064502634948082,0.7673627220705945,0.17883281268615372,0.04538153786297729,9.8,5.3,4.4,0.9,0.4,0.8,0.555,6.4,0.833,2.3,1.9
1630245,Ayo Dosunmu,CHI,76,29.1,-2.13951597446722,-0.8995282475741438,-1.056127861842388,-0.4064858343354843,-0.2319522584368861,-0.26177753883217936,-0.3193544815133318,0.3622754869448122,-0.014138350273292074,0.687573111395673,12.2,2.8,3.2,0.9,0.5,1.6,0.501,9.5,0.81,1.4,1.4
1629023,P.J. Washington,DAL,73,30.4,-2.186497499143484,-0.777939079197103,0.036956667417846104,-1.0330845512953222,0.08434627579523112,0.31851749798792334,-0.09758053601796272,-0.6720849304148501,-0.8616402695214584,0.8160114261022119,12.9,5.6,1.9,1.0,0.8,1.8,0.436,11.1,0.683,2.0,1.3
1626162,Kelly Oubre Jr.,PHI,68,30.2,-2.2079253580506033,-0.3436920492791009,-0.1972757317093468,-1.2258841565137337,0.4006448100273487,0.12508581904788896,-0.4302414542610164,-0.6821501407572964,-0.6704238807075585,0.8160114261022119,15.4,5.0,1.5,1.1,0.7,1.5,0.441,12.9,0.75,3.4,1.3
1628404,Josh Hart,NYK,81,33.4,-2.2131082324334908,-1.385884921082306,1.0910024634902151,0.02731327740594164,-0.2319522584368861,-0.6486408967122478,-0.9846763179994391,-0.5355025788385946,-0.10390179694930762,0.5591347966891337,9.4,8.3,4.1,0.9,0.3,1.0,0.434,8.4,0.791,1.4,1.5
1631246,Vince Williams Jr.,MEM,52,27.6,-2.331922371331484,-1.2816656339019856,0.036956667417846104,-0.3100860317262786,-0.2319522584368861,0.12508581904788896,-0.4302414542610164,-0.33300606597386423,-0.08083326606670418,0.17381985256951626,10.0,5.6,3.4,0.9,0.7,1.5,0.446,7.3,0.8,2.5,1.8
1630224,Jalen Green,HOU,82,31.7,-2.3347970776729943,0.38584296098314286,-0.11919826533361572,-0.26188613042167563,-0.5482507926690033,-0.6486408967122478,0.678628273215829,-1.2983008657874693,-0.054619639984775474,-0.46837172096317914,19.6,5.2,3.5,0.8,0.3,2.5,0.423,16.2,0.804,4.3,2.3
1630180,Saddiq Bey,ATL,63,32.7,-2.3377760871857043,-0.6389800296233425,0.3883052661086358,-1.2258841565137337,-0.5482507926690033,-0.8420725756522819,-0.09758053601796272,-1.0094153495004552,0.3063374017540699,1.3297646849283686,13.7,6.5,1.5,0.8,0.2,1.8,0.416,11.1,0.837,3.2,0.9
1630581,Josh Giddey,OKC,80,25.1,-2.3436694338320865,-0.8821583663774235,0.3492665329207704,0.3647125865381621,-0.8645493269011209,-0.06834585989214519,-0.9846763179994391,-0.013900606557236527,-0.032522984013552636,-0.2114950915501012,12.3,6.4,4.8,0.7,0.6,1.0,0.475,10.6,0.806,1.6,2.1
1629652,Luguentz Dort,OKC,79,28.4,-2.364840259762136,-1.1253367031315047,-0.7438179963394639,-1.2740840578183368,-0.2319522584368861,-0.06834585989214519,0.1241934094774063,-0.47874698907850693,0.10348551052893287,1.3297646849283686,10.9,3.6,1.4,0.9,0.6,2.0,0.438,8.3,0.826,2.0,0.9
1629018,Gary Trent Jr.,TOR,71,28.1,-2.3715880054693472,-0.6389800296233425,-1.134205328218119,-1.1294843539045278,0.4006448100273487,-1.035504254592316,0.678628273215829,-0.9009388011600261,-0.1983896355556398,1.5866413143414468,13.7,2.6,1.7,1.1,0.1,2.5,0.426,11.9,0.771,1.4,0.7
1629640,Keldon Johnson,SAS,69,29.5,-2.4100006729488324,-0.29158240568894084,-0.0020820657700192646,-0.5992854395538961,-0.8645493269011209,-0.6486408967122478,-0.09758053601796272,-0.4142530597646809,-0.1796000539356372,0.687573111395673,15.7,5.5,2.8,0.7,0.3,1.8,0.454,12.5,0.792,3.2,1.4
1641708,Amen Thompson,HOU,62,22.4,-2.4988232028796613,-1.3685150398855859,0.4273439992965012,-0.6956852421631018,1.033241878491583,-0.06834585989214519,-1.9826590727286,0.6561186460876972,-1.0594573087751435,0.5591347966891337,9.5,6.6,2.6,1.3,0.6,0.1,0.536,7.2,0.684,2.5,1.5
203471,Dennis Schröder,BKN,80,31.1,-2.6031124313737206,-0.5868703860331822,-0.978050395466657,0.9913113034979998,-0.5482507926690033,-0.8420725756522819,-0.20846750876564737,-0.719731585855365,0.24363797170743953,0.04538153786297729,14.0,3.0,6.1,0.8,0.2,1.7,0.435,11.6,0.836,2.7,1.9
1631094,Paolo Banchero,ORL,80,35.0,-2.6073856690080373,0.9069393968847455,0.544460198860098,0.6539119943657798,-0.2319522584368861,-0.06834585989214519,-0.4302414542610164,-0.5542269496084999,-1.9320524983046208,-1.4958782386154925,22.6,6.9,5.4,0.9,0.6,1.5,0.455,17.6,0.725,7.0,3.1
1629130,Duncan Robinson,MIA,68,28.0,-2.616837358989022,-0.777939079197103,-1.1732440614059845,-0.5992854395538961,-0.8645493269011209,-0.8420725756522819,1.0112891914588824,-0.38943242934895855,0.33082325021576814,0.687573111395673,12.9,2.5,2.8,0.7,0.2,2.8,0.45,9.9,0.889,1.3,1.4
203932,Aaron Gordon,DEN,73,31.5,-2.628097611288226,-0.6042402672299022,0.3883052661086358,-0.26188613042167563,-0.5482507926690033,-0.06834585989214519,-1.5391111817378618,1.1929075782577387,-1.875049335099686,0.687573111395673,13.9,6.5,3.5,0.8,0.6,0.5,0.556,9.8,0.658,3.7,1.4
1629060,Rui Hachimura,LAL,68,26.8,-2.652295315621195,-0.6563499108200626,-0.47054686402440543,-1.3704838604275424,-1.180847861133238,-0.4552092177722135,-0.541128427008701,0.9193184263196517,-0.48368891509613055,1.5866413143414468,13.6,4.3,1.2,0.6,0.4,1.4,0.537,9.9,0.739,2.0,0.7
1630208,Nick Richards,CHA,67,26.2,-2.688851902430031,-1.3337752774921459,0.9738862639266185,-1.5632834656459542,-1.8134449295974726,0.898812534808026,-2.0935460454762844,1.8279943919484722,-0.6583834304165804,1.0728880555152902,9.7,8.0,0.8,0.4,1.1,0.0,0.691,5.6,0.737,2.7,1.1
1628370,Malik Monk,SAC,72,26.0,-2.7008771150244466,-0.3436920492791009,-1.0170891286545225,0.5093122904519707,-1.180847861133238,-0.26177753883217936,0.23508038222509095,-0.6182447669194123,0.18787664866704548,-0.2114950915501012,15.4,2.9,5.1,0.6,0.5,2.1,0.443,12.4,0.829,2.8,2.1
1629631,De'Andre Hunter,ATL,57,29.5,-2.7347064156712624,-0.30895228688566084,-0.6267017967758675,-1.2258841565137337,-0.8645493269011209,-0.6486408967122478,0.23508038222509095,-0.2967010062453089,0.44250787544845255,0.5591347966891337,15.6,3.9,1.5,0.7,0.3,2.1,0.459,11.6,0.847,3.4,1.5
200768,Kyle Lowry,PHI,60,28.2,-2.74511485284365,-1.6116933766396673,-0.8999729290909259,0.0755131787105448,0.08434627579523112,-0.4552092177722135,-0.3193544815133318,-0.42218083111532306,0.11586341738636244,0.687573111395673,8.1,3.2,4.2,1.0,0.4,1.6,0.432,6.3,0.84,1.3,1.4
1630194,Paul Reed,PHI,82,19.4,-2.7839042566963883,-1.7506524262134278,0.19311160016930828,-1.3222839591229398,-0.5482507926690033,0.7053808558679916,-1.7608851272332309,0.5724961573036204,-0.3310235644336142,1.4582029996349075,7.3,6.0,1.3,0.8,1.0,0.3,0.54,5.9,0.718,1.0,0.8
204456,T.J. McConnell,IND,71,18.2,-2.8541133067582547,-1.2469258715085456,-1.0951665950302534,0.7021118956703826,0.08434627579523112,-1.035504254592316,-1.7608851272332309,1.0216875719673872,-0.082911998516044,0.5591347966891337,10.2,2.7,5.5,1.0,0.1,0.3,0.556,8.4,0.79,0.9,1.5
1630583,Santi Aldama,MEM,61,26.5,-2.8586982733536157,-1.1600764655249451,0.11503413379357719,-0.8402849460769106,-0.8645493269011209,0.5119491769279575,-0.20846750876564737,-0.5781429672186859,-0.9070484251031306,1.0728880555152902,10.7,5.8,2.3,0.7,0.9,1.7,0.435,9.3,0.621,1.4,1.1
1630167,Obi Toppin,IND,82,21.1,-2.91449491613964,-1.2295559903118252,-0.6267017967758675,-1.177684255209131,-1.180847861133238,-0.26177753883217936,-0.7629023725040701,1.0461019876742395,-0.17933008868247685,1.4582029996349075,10.3,3.9,1.6,0.6,0.5,1.2,0.573,7.1,0.77,1.2,0.8
1627736,Malik Beasley,MIL,79,29.6,-2.9518390274276807,-1.0558571783446242,-0.7047792631515983,-1.2740840578183368,-0.8645493269011209,-1.035504254592316,1.0112891914588824,-0.45521084806638995,-0.1597846043536244,1.5866413143414468,11.3,3.7,1.4,0.7,0.1,2.8,0.443,9.1,0.714,0.4,0.7
1626181,Norman Powell,LAC,76,26.2,-2.992269704229631,-0.6042402672299022,-1.134205328218119,-1.4186837617321455,-1.180847861133238,-0.6486408967122478,0.3459673549727756,0.1553065602654784,0.16330981062939914,1.3297646849283686,13.9,2.6,1.1,0.6,0.3,2.2,0.486,10.1,0.831,2.3,0.9
201569,Eric Gordon,PHX,68,27.8,-3.008237280031473,-1.1079668219347847,-1.4465151937210432,-0.9848846499907192,0.08434627579523112,-0.4552092177722135,0.3459673549727756,-0.45521084806638995,-0.06165223482961926,1.0728880555152902,11.0,1.8,2.0,1.0,0.4,2.2,0.443,9.1,0.797,0.9,1.1
1626220,Royce O'Neale,PHX,79,24.7,-3.0492111178011885,-1.6811729014265477,-0.2753531980850779,-0.5992854395538961,-0.8645493269011209,-0.06834585989214519,0.1241934094774063,-0.8168827465520184,-0.19757973979615712,1.3297646849283686,7.7,4.8,2.8,0.7,0.6,2.0,0.397,6.8,0.686,0.4,0.9
1628989,Kevin Huerter,SAC,64,24.4,-3.1434255597582093,-1.2469258715085456,-0.7828567295273294,-0.6956852421631018,-0.8645493269011209,-0.4552092177722135,0.013306436729721665,-0.4403895827161153,-0.1293190255344112,1.4582029996349075,10.2,3.5,2.6,0.7,0.4,1.9,0.443,8.8,0.766,0.7,0.8
203496,Robert Covington,PHI,29,16.8,-3.166187584020106,-2.25437898091831,-0.8609341959030605,-1.5632834656459542,1.033241878491583,-0.06834585989214519,-1.3173372362424929,-0.1942720933461437,0.08716611097535355,1.9719562584610644,4.4,3.3,0.8,1.3,0.6,0.7,0.439,3.4,0.846,0.9,0.4
1631170,Jaime Jaquez Jr.,MIA,75,28.2,-3.220753845221217,-0.9516378911643039,-0.665740529963733,-0.6956852421631018,0.08434627579523112,-0.6486408967122478,-1.0955632907471236,0.18495314298307408,0.008079790061854313,0.5591347966891337,11.9,3.8,2.6,1.0,0.3,0.9,0.489,9.3,0.811,2.3,1.5
1630700,Dyson Daniels,NOP,61,22.3,-3.266067644223728,-2.011200644164229,-0.6267017967758675,-0.6474853408584988,1.3495404127237,-0.4552092177722135,-1.3173372362424929,-0.22659604632693228,-0.5324041450290239,1.2013263702218293,5.8,3.9,2.7,1.4,0.4,0.7,0.447,5.1,0.642,0.9,1.0
1630228,Jonathan Kuminga,GSW,74,26.3,-3.298033897802159,-0.22210288090206012,-0.2753531980850779,-0.8884848473815133,-0.8645493269011209,-0.26177753883217936,-1.3173372362424929,0.9371381842840205,-0.8362635357243294,0.43069648198259447,16.1,4.8,2.2,0.7,0.5,0.7,0.529,11.6,0.746,4.0,1.6
1630172,Patrick Williams,CHI,43,27.3,-3.3123835462919056,-1.2816656339019856,-0.6267017967758675,-1.2258841565137337,-0.2319522584368861,0.31851749798792334,-0.541128427008701,-0.4156874737989907,-0.12389272394587587,0.8160114261022119,10.0,3.9,1.5,0.9,0.8,1.4,0.443,8.3,0.788,1.5,1.3
1628976,Wendell Carter Jr.,ORL,55,25.6,-3.318252114364697,-1.1079668219347847,0.544460198860098,-1.1294843539045278,-1.180847861133238,-0.26177753883217936,-0.7629023725040701,0.573371392985572,-0.9375544987103179,0.9444497408087512,11.0,6.9,1.7,0.6,0.5,1.2,0.525,7.7,0.694,2.4,1.2
1630191,Isaiah Stewart,DET,46,30.9,-3.3279800872852534,-1.1253367031315047,0.4273439992965012,-1.177684255209131,-1.8134449295974726,0.31851749798792334,-0.4302414542610164,0.13923626066075181,-0.3539436144269785,0.687573111395673,10.9,6.6,1.6,0.4,0.8,1.5,0.487,8.3,0.753,1.8,1.4
1628971,Bruce Brown,TOR,67,27.8,-3.3508512437582025,-1.1427065843282247,-0.5095855972122708,-0.5510855382492932,-0.2319522584368861,-0.6486408967122478,-1.2064502634948082,0.027240535515807806,0.09631793305750967,0.8160114261022119,10.8,4.2,2.9,0.9,0.3,0.8,0.478,8.7,0.824,2.1,1.3
1630544,Tre Mann,CHA,41,24.1,-3.3646397226871874,-1.403254802279026,-0.7438179963394639,-0.0208866238986611,0.7169433442594656,-1.035504254592316,-0.8737893452517544,-0.19884175556985312,-0.23618477099817262,0.43069648198259447,9.3,3.6,4.0,1.2,0.1,1.1,0.459,7.7,0.763,1.4,1.6
1628371,Jonathan Isaac,ORL,58,15.8,-3.372171613626121,-1.8375018321970282,-0.39246939764867433,-1.707883169559763,-0.8645493269011209,1.09224421374806,-1.3173372362424929,0.2511408154221595,-0.4393336240017868,1.843517943754525,6.8,4.5,0.5,0.7,1.2,0.7,0.51,4.9,0.72,1.4,0.5
1628379,Luke Kennard,MEM,39,25.6,-3.373326133996868,-1.1079668219347847,-1.0170891286545225,-0.26188613042167563,-1.4971463953653554,-1.035504254592316,0.9004022187111983,-0.34426662134490205,0.3025578882098167,0.687573111395673,11.0,2.9,3.5,0.5,0.1,2.7,0.448,8.1,0.889,1.2,1.4
1627732,Ben Simmons,BKN,15,23.9,-3.3864129734765283,-1.959091000574069,0.934847530738753,0.7985116982795885,-0.5482507926690033,-0.06834585989214519,-2.0935460454762844,0.7797770892955012,-1.4041354457483854,0.17381985256951626,6.1,7.9,5.7,0.8,0.6,0.0,0.581,4.9,0.4,1.0,1.8
1631101,Shaedon Sharpe,POR,32,33.1,-3.3919672225677484,-0.2568426432955005,-0.1972757317093468,-0.5510855382492932,-0.2319522584368861,-0.4552092177722135,0.013306436729721665,-1.4421454449145483,0.19760889604349768,-0.46837172096317914,15.9,5.0,2.9,0.9,0.4,1.9,0.406,13.6,0.824,3.7,2.3
1627827,Dorian Finney-Smith,BKN,68,28.4,-3.4015387968178357,-1.5422138518527868,-0.31439193127294324,-1.177684255209131,-0.5482507926690033,-0.06834585989214519,-0.20846750876564737,-0.6268826542573789,-0.24506662782716812,1.3297646849283686,8.5,4.7,1.6,0.8,0.6,1.7,0.421,7.5,0.717,0.7,0.9
1629723,John Konchar,MEM,55,21.3,-3.4369902454655508,-2.27174886211503,-0.31439193127294324,-0.9848846499907192,-0.2319522584368861,0.5119491769279575,-1.3173372362424929,-0.3088509793579594,0.022023495387616582,1.4582029996349075,4.3,4.7,2.0,0.9,0.9,0.7,0.423,3.8,0.84,0.5,0.8
1641709,Ausar Thompson,DET,63,25.1,-3.4971701272952513,-1.4901042082626264,0.3492665329207704,-1.0330845512953222,0.4006448100273487,0.5119491769279575,-1.7608851272332309,0.08082542193734324,-1.371793608419704,0.8160114261022119,8.8,6.4,1.9,1.1,0.9,0.3,0.483,7.6,0.597,1.9,1.3
1630573,Sam Hauser,BOS,79,22.0,-3.5003907781286374,-1.4553644458691863,-0.7828567295273294,-1.4668836630367483,-1.4971463953653554,-0.6486408967122478,0.678628273215829,-0.3240369262423809,0.02395374694771739,1.9719562584610644,9.0,3.5,1.0,0.5,0.3,2.5,0.446,7.1,0.895,0.2,0.4
1631323,Simone Fontecchio,DET,66,24.9,-3.5080022113289147,-1.1948162279183852,-0.7047792631515983,-1.2258841565137337,-0.8645493269011209,-0.6486408967122478,0.1241934094774063,-0.2012851218486354,0.006433002017571745,1.2013263702218293,10.5,3.7,1.5,0.7,0.3,2.0,0.46,8.3,0.818,1.0,1.0
1641707,Taylor Hendricks,UTA,40,21.4,-3.5825507094280264,-1.7506524262134278,-0.35343066446080895,-1.5632834656459542,-0.8645493269011209,0.31851749798792334,-0.6520153997563854,-0.23823850430456256,-0.065539734475137,1.5866413143414468,7.3,4.6,0.8,0.7,0.8,1.3,0.45,6.0,0.793,0.7,0.7
1626204,Larry Nance Jr.,NOP,61,19.9,-3.5836727471396914,-2.028570525360949,-0.1972757317093468,-1.0330845512953222,0.08434627579523112,-0.6486408967122478,-1.6499981544855464,0.58689398687258,-0.15554614987899731,1.4582029996349075,5.7,5.0,1.9,1.0,0.3,0.4,0.573,4.0,0.77,1.0,0.8
1641764,Brandin Podziemski,GSW,74,26.6,-3.6262566531141327,-1.4206246834757463,0.11503413379357719,-0.16548632781246975,-0.5482507926690033,-0.8420725756522819,-0.7629023725040701,-0.27041861068021555,-0.6759851649226746,0.9444497408087512,9.2,5.8,3.7,0.8,0.2,1.2,0.454,8.1,0.633,1.1,1.2
1629628,RJ Barrett,TOR,58,31.7,-3.6357771928213705,0.490062248163463,-0.04112079895788463,-0.3582859330308816,-1.4971463953653554,-0.4552092177722135,-0.3193544815133318,0.4444412756008251,-1.5592304836893507,-0.3399334062566404,20.2,5.4,3.3,0.5,0.4,1.6,0.495,15.2,0.715,5.0,2.2
1641717,Cason Wallace,OKC,82,20.6,-3.6788452709311437,-1.8375018321970282,-1.2513215277817156,-1.2258841565137337,-0.2319522584368861,-0.26177753883217936,-0.7629023725040701,0.12144081479865962,-0.0724643432187154,1.843517943754525,6.8,2.3,1.5,0.9,0.5,1.2,0.491,5.4,0.784,0.5,0.5
1631110,Jeremy Sochan,SAS,74,29.6,-3.6850901563062917,-1.0037475347544642,0.3492665329207704,-0.3100860317262786,-0.5482507926690033,-0.26177753883217936,-1.0955632907471236,-0.6041508386289076,-0.2561621997320827,0.04538153786297729,11.6,6.4,3.4,0.8,0.5,0.9,0.438,10.5,0.771,1.9,1.9
201587,Nicolas Batum,PHI,60,25.5,-3.6887332719055386,-2.0980500501478296,-0.5486243304001365,-0.9366847486861163,-0.5482507926690033,-0.06834585989214519,-0.7629023725040701,-0.15273182759406143,-0.1597846043536244,1.5866413143414468,5.3,4.1,2.1,0.8,0.6,1.2,0.453,4.3,0.714,0.4,0.7
1630202,Payton Pritchard,BOS,82,22.3,-3.697732201175986,-1.3511451586888659,-0.8999729290909259,-0.3100860317262786,-1.4971463953653554,-1.035504254592316,-0.09758053601796272,-0.09353996258502233,0.0006017525492952604,1.5866413143414468,9.6,3.2,3.4,0.5,0.1,1.8,0.468,7.7,0.821,0.7,0.7
1630183,Jaden McDaniels,MIN,72,29.2,-3.699620587150062,-1.1948162279183852,-0.9390116622787914,-1.2740840578183368,-0.2319522584368861,-0.06834585989214519,-0.7629023725040701,0.1726572972567646,-0.3456151863669635,0.9444497408087512,10.5,3.1,1.4,0.9,0.6,1.2,0.489,8.7,0.722,1.1,1.2
1628415,Dillon Brooks,HOU,72,30.9,-3.737814464559048,-0.8126788415905434,-0.821895462715195,-1.1294843539045278,-0.2319522584368861,-1.035504254592316,-0.09758053601796272,-0.7781383725617274,0.22496987445135994,0.9444497408087512,12.7,3.4,1.7,0.9,0.1,1.8,0.428,10.7,0.844,2.0,1.2
203084,Harrison Barnes,SAC,82,29.0,-3.756119533572146,-0.8995282475741438,-0.978050395466657,-1.3704838604275424,-0.8645493269011209,-1.035504254592316,-0.09758053601796272,-0.026098190870178558,-0.07096603606367152,1.5866413143414468,12.2,3.0,1.2,0.7,0.1,1.8,0.474,8.9,0.801,2.4,0.7
1626196,Josh Richardson,MIA,43,25.6,-3.7701695674113225,-1.2990355150987056,-1.056127861842388,-0.7920850447723077,-1.180847861133238,-0.6486408967122478,-0.4302414542610164,-0.3934986284546931,0.5721046952283658,1.4582029996349075,9.9,2.8,2.4,0.6,0.3,1.5,0.444,8.1,0.944,1.3,0.8
1628963,Marvin Bagley III,WAS,50,21.1,-3.7799446790929,-0.9863776535577442,0.2711890665450394,-1.4186837617321455,-1.8134449295974726,0.12508581904788896,-1.8717720999809155,1.371026143569029,-0.40141700419533116,0.9444497408087512,11.7,6.2,1.1,0.4,0.7,0.2,0.586,8.2,0.762,2.5,1.2
1629011,Mitchell Robinson,NYK,31,24.8,-3.786579854679907,-2.045940406557669,1.169079929865946,-1.6596832682551599,0.7169433442594656,0.898812534808026,-2.0935460454762844,0.614167100605438,-2.844616043564576,1.4582029996349075,5.6,8.5,0.6,1.2,1.1,0.0,0.575,4.1,0.409,2.1,0.8
1628436,Luke Kornet,BOS,63,15.6,-3.808227828196524,-2.0980500501478296,-0.5486243304001365,-1.4186837617321455,-1.8134449295974726,0.7053808558679916,-2.0935460454762844,1.0859160941646953,0.27242976595705487,2.1003945731676033,5.3,4.1,1.1,0.4,1.0,0.0,0.7,3.2,0.907,0.9,0.3
203501,Tim Hardaway Jr.,DAL,79,26.8,-3.897151411877742,-0.5173908612463017,-0.8999729290909259,-1.0812844525999252,-1.4971463953653554,-1.035504254592316,0.9004022187111983,-1.3907618167532925,0.2947423941308072,1.3297646849283686,14.4,3.2,1.8,0.5,0.1,2.7,0.402,12.4,0.852,2.1,0.9
1630175,Cole Anthony,ORL,81,22.4,-3.905469093088147,-1.0037475347544642,-0.665740529963733,-0.5510855382492932,-0.5482507926690033,-0.26177753883217936,-0.8737893452517544,-0.5842989941159328,0.15252469876561922,0.43069648198259447,11.6,3.8,2.9,0.8,0.5,1.1,0.435,9.4,0.826,2.7,1.6
1630188,Jalen Smith,IND,61,17.2,-3.9055008548672334,-1.2990355150987056,-0.0020820657700192646,-1.4668836630367483,-2.12974346382959,-0.06834585989214519,-0.9846763179994391,1.1448820592234155,-0.6862573428054488,1.5866413143414468,9.9,5.5,1.0,0.3,0.6,1.0,0.592,6.5,0.692,1.7,0.7
1629638,Nickeil Alexander-Walker,MIN,82,23.4,-3.9635921640996767,-1.6290632578363873,-1.368437727345312,-0.7438851434677047,-0.5482507926690033,-0.26177753883217936,-0.3193544815133318,-0.3718152722368931,-0.05077263512723305,1.3297646849283686,8.0,2.0,2.5,0.8,0.5,1.6,0.439,6.6,0.8,0.8,0.9
203915,Spencer Dinwiddie,LAL,76,28.3,-3.9720437000552757,-1.1948162279183852,-1.0951665950302534,0.31651268523355935,-0.8645493269011209,-0.6486408967122478,-0.3193544815133318,-1.071584434034096,-0.03889416398815066,0.9444497408087512,10.5,2.7,4.7,0.7,0.3,1.6,0.392,8.4,0.805,2.8,1.2
1630557,Corey Kispert,WAS,80,25.8,-4.089325061049735,-0.6910896732135026,-1.056127861842388,-0.9848846499907192,-1.4971463953653554,-0.8420725756522819,0.45685432772045975,0.15211964885874174,-0.571427622373439,0.9444497408087512,13.4,2.8,2.0,0.5,0.2,2.3,0.486,9.9,0.726,2.0,1.2
1629684,Grant Williams,CHA,76,28.0,-4.115430616230747,-1.2295559903118252,-0.5095855972122708,-0.8402849460769106,-1.180847861133238,-0.26177753883217936,-0.20846750876564737,-0.2428375436518559,-0.3296467416424931,0.687573111395673,10.3,4.2,2.3,0.6,0.5,1.7,0.456,8.0,0.757,1.8,1.4
203952,Andrew Wiggins,GSW,71,27.0,-4.117300574232134,-0.7258294356069429,-0.39246939764867433,-1.1294843539045278,-1.180847861133238,-0.06834585989214519,-0.6520153997563854,-0.38193315880093837,-0.5308248482980321,0.9444497408087512,13.2,4.5,1.7,0.6,0.6,1.3,0.453,11.0,0.751,2.7,1.2
1628997,Caleb Martin,MIA,64,27.4,-4.204147974000989,-1.2816656339019856,-0.4315081308365397,-0.8884848473815133,-0.8645493269011209,-0.26177753883217936,-0.6520153997563854,-0.5940856282864614,-0.17451120891355382,0.9444497408087512,10.0,4.4,2.2,0.7,0.5,1.3,0.431,8.7,0.778,1.5,1.2
1630631,Jose Alvarado,NOP,56,18.4,-4.218123172358798,-1.785392188606868,-1.2513215277817156,-0.9366847486861163,0.4006448100273487,-0.6486408967122478,-0.541128427008701,-0.6039877449428029,-0.43825376298914287,1.5866413143414468,7.1,2.3,2.1,1.1,0.3,1.4,0.412,6.2,0.673,0.9,0.7
1630171,Isaac Okoro,CLE,69,27.3,-4.251928754607354,-1.385884921082306,-0.978050395466657,-1.0330845512953222,-0.5482507926690033,-0.26177753883217936,-0.7629023725040701,0.14845561244483033,-0.8886367948375534,1.4582029996349075,9.4,3.0,1.9,0.8,0.5,1.2,0.49,7.0,0.679,2.0,0.8
201566,Russell Westbrook,LAC,68,22.5,-4.267614432790374,-1.0905969407380647,-0.1972757317093468,0.22011288262435344,0.4006448100273487,-0.6486408967122478,-1.428224208990177,-0.32599101146285,-0.9861482442792888,-0.2114950915501012,11.1,5.0,4.5,1.1,0.3,0.6,0.454,9.8,0.688,2.4,2.1
1629614,Andrew Nembhard,IND,68,25.0,-4.309103418284159,-1.4206246834757463,-1.3293989941574464,0.02731327740594164,-0.2319522584368861,-1.035504254592316,-1.0955632907471236,0.2574660140310796,-0.03997402500079509,0.5591347966891337,9.2,2.1,4.1,0.9,0.1,0.9,0.498,7.7,0.804,0.8,1.5
203903,Jordan Clarkson,UTA,55,30.6,-4.318302679986996,-0.04840406893485927,-0.821895462715195,0.461112389147368,-1.180847861133238,-1.035504254592316,-0.20846750876564737,-1.4114757278928205,0.9093047946890496,-0.9821249797893361,17.1,3.4,5.0,0.6,0.1,1.7,0.413,14.8,0.881,3.7,2.7
1629731,Dean Wade,CLE,54,20.5,-4.321565394999869,-2.080680168951109,-0.5876630635880019,-1.5632834656459542,-0.8645493269011209,-0.26177753883217936,-0.4302414542610164,-0.40755304957899824,-0.09777358570255437,1.9719562584610644,5.4,4.0,0.8,0.7,0.5,1.5,0.414,4.3,0.769,0.5,0.4
1630198,Isaiah Joe,OKC,78,18.5,-4.3351178212643795,-1.5943234954429473,-1.2513215277817156,-1.3222839591229398,-1.180847861133238,-0.6486408967122478,0.013306436729721665,-0.17062452186525986,0.10453837501626063,1.7150796290479857,8.2,2.3,1.3,0.6,0.3,1.9,0.458,6.2,0.865,0.7,0.6
1628372,Dennis Smith Jr.,BKN,56,18.9,-4.3403232856956855,-1.8722415945904685,-1.0170891286545225,-0.2136862291170727,0.7169433442594656,-0.8420725756522819,-1.428224208990177,-0.3749940796095376,-0.2534085541498413,0.9444497408087512,6.6,2.9,3.6,1.2,0.2,0.6,0.435,6.0,0.741,1.0,1.2
1627739,Kris Dunn,UTA,66,18.9,-4.349143557802871,-2.080680168951109,-1.0170891286545225,-0.11728642650786701,0.08434627579523112,-0.4552092177722135,-1.428224208990177,-0.045006928415679215,-0.23444349511528484,0.9444497408087512,5.4,2.9,3.8,1.0,0.4,0.6,0.47,4.7,0.688,0.5,1.2
1629021,Moritz Wagner,ORL,80,17.7,-4.356539208846958,-1.1253367031315047,-0.47054686402440543,-1.3704838604275424,-1.4971463953653554,-0.6486408967122478,-1.5391111817378618,1.3100443000298876,0.040232651713322465,0.9444497408087512,10.9,4.3,1.2,0.5,0.3,0.5,0.601,6.9,0.814,2.6,1.2
1641713,GG Jackson,MEM,48,25.7,-4.383610841298489,-0.4826510988528617,-0.5486243304001365,-1.3704838604275424,-1.180847861133238,-0.26177753883217936,0.23508038222509095,-0.850335186280139,-0.6115444589931557,0.687573111395673,14.6,4.1,1.2,0.6,0.5,2.1,0.428,11.7,0.752,3.2,1.4
1628380,Zach Collins,SAS,69,22.1,-4.386280312603898,-1.0732270595413447,-0.04112079895788463,-0.5992854395538961,-1.4971463953653554,0.31851749798792334,-1.2064502634948082,0.109137878042519,-0.44208726958402816,0.04538153786297729,11.2,5.4,2.8,0.5,0.8,0.8,0.484,8.9,0.753,2.3,1.9
1631165,Keon Ellis,SAC,57,17.2,-4.397173550341769,-2.080680168951109,-1.290360260969581,-1.2258841565137337,-0.2319522584368861,-0.26177753883217936,-0.7629023725040701,-0.09605018714506458,-0.16264623603713038,1.7150796290479857,5.4,2.2,1.5,0.9,0.5,1.2,0.461,4.1,0.743,0.6,0.6
203083,Andre Drummond,CHI,79,17.1,-4.406798665057271,-1.5595837330495068,1.3642735958052734,-1.707883169559763,-0.2319522584368861,-0.06834585989214519,-2.0935460454762844,0.7403975616332381,-2.051485126303025,1.2013263702218293,8.4,9.0,0.5,0.9,0.6,0.0,0.556,6.1,0.592,2.8,1.0
1629312,Haywood Highsmith,MIA,66,20.7,-4.409788657339137,-1.959091000574069,-0.8999729290909259,-1.4186837617321455,-0.5482507926690033,-0.26177753883217936,-0.7629023725040701,-0.08550785179544333,-0.31712035389582527,1.843517943754525,6.1,3.2,1.1,0.8,0.5,1.2,0.465,5.0,0.639,0.5,0.5
1629611,Terance Mann,LAC,75,25.0,-4.421950956066671,-1.4901042082626264,-0.821895462715195,-1.177684255209131,-1.180847861133238,-0.8420725756522819,-1.0955632907471236,0.3903691341295006,0.08076793447543905,1.7150796290479857,8.8,3.4,1.6,0.6,0.2,0.9,0.515,6.6,0.832,1.3,0.6
1627752,Taurean Prince,LAL,78,27.0,-4.430610659534841,-1.4727343270659063,-1.0170891286545225,-1.2258841565137337,-0.8645493269011209,-0.4552092177722135,-0.09758053601796272,-0.37737565262836725,-0.24995299890938125,1.3297646849283686,8.9,2.9,1.5,0.7,0.4,1.8,0.442,7.3,0.735,0.9,0.9
1630543,Isaiah Jackson,IND,60,12.8,-4.471594967205748,-1.9069813569839085,-0.5876630635880019,-1.5632834656459542,-1.180847861133238,0.7053808558679916,-2.0935460454762844,1.1172797191055646,-0.5485750636933647,1.5866413143414468,6.4,4.0,0.8,0.6,1.0,0.0,0.665,3.9,0.716,1.7,0.7
1629007,Jontay Porter,DET,26,13.8,-4.499444130616032,-2.25437898091831,-0.8999729290909259,-0.8402849460769106,-0.5482507926690033,0.31851749798792334,-1.2064502634948082,-0.5557748201200989,0.02894810413119491,1.4582029996349075,4.4,3.2,2.3,0.8,0.8,0.8,0.385,4.0,0.833,0.7,0.8
1629659,Talen Horton-Tucker,UTA,51,19.8,-4.501774893540788,-1.2642957527052656,-1.2122827945938501,-0.26188613042167563,-0.2319522584368861,-0.4552092177722135,-0.7629023725040701,-1.105103732043476,-0.02415406116556306,0.8160114261022119,10.1,2.4,3.5,0.9,0.4,1.2,0.396,9.1,0.807,2.1,1.3
1631097,Bennedict Mathurin,IND,59,26.1,-4.548355833523032,-0.5000209800495817,-0.5876630635880019,-0.9848846499907192,-1.180847861133238,-0.8420725756522819,-0.541128427008701,-0.5079042907377892,0.16546953265468664,0.43069648198259447,14.5,4.0,2.0,0.6,0.2,1.4,0.446,11.2,0.821,3.8,1.6
1631218,Trayce Jackson-Davis,GSW,68,16.6,-4.557651327689763,-1.6464331390331073,-0.1972757317093468,-1.3704838604275424,-1.8134449295974726,0.898812534808026,-2.0935460454762844,1.6806924292768304,-1.6026138998723147,1.5866413143414468,7.9,5.0,1.2,0.4,1.1,0.0,0.702,4.9,0.561,1.9,0.7
1641739,Toumani Camara,POR,70,24.8,-4.588116845980676,-1.7159126638199877,-0.23631446489721217,-1.3704838604275424,-0.2319522584368861,-0.26177753883217936,-1.2064502634948082,-0.24986880623105456,-0.2598067306497557,0.9444497408087512,7.5,4.9,1.2,0.9,0.5,0.8,0.45,6.3,0.758,1.4,1.2
1630173,Precious Achiuwa,NYK,74,21.9,-4.595673593407474,-1.6985427826232677,0.4273439992965012,-1.3222839591229398,-1.180847861133238,0.5119491769279575,-1.6499981544855464,0.2383485976077058,-0.994530665389936,1.0728880555152902,7.6,6.6,1.3,0.6,0.9,0.4,0.501,6.3,0.616,1.5,1.1
1641998,Trey Jemison III,MEM,25,23.0,-4.607178854991599,-1.8375018321970282,-0.04112079895788463,-1.4186837617321455,-1.4971463953653554,0.898812534808026,-2.0935460454762844,0.6137608858965699,0.08067344663683274,0.687573111395673,6.8,5.4,1.1,0.5,1.1,0.0,0.551,5.4,0.84,1.0,1.4
1641731,Bilal Coulibaly,WAS,63,27.2,-4.64687449628209,-1.5595837330495068,-0.5486243304001365,-1.1294843539045278,-0.2319522584368861,0.31851749798792334,-0.9846763179994391,-0.4303983216847598,-0.7682457901904289,0.687573111395673,8.4,4.1,1.7,0.9,0.8,1.0,0.435,6.9,0.702,2.1,1.4
203914,Gary Harris,ORL,54,24.0,-4.653639666924393,-1.8201319510003082,-1.4855539269089084,-1.177684255209131,-0.2319522584368861,-0.6486408967122478,-0.541128427008701,-0.2940702341781455,-0.16955734651805063,1.7150796290479857,6.9,1.7,1.6,0.9,0.3,1.4,0.441,5.5,0.756,0.8,0.6
1627884,Derrick Jones Jr.,DAL,76,23.5,-4.664750559749519,-1.5248439706560668,-0.8609341959030605,-1.4668836630367483,-0.8645493269011209,0.12508581904788896,-0.8737893452517544,0.06831178029480742,-0.5969123422718327,1.3297646849283686,8.6,3.3,1.0,0.7,0.7,1.1,0.483,6.5,0.713,1.8,0.9
1630540,Miles McBride,NYK,68,19.5,-4.6698082606004885,-1.5769536142462268,-1.5636313932846395,-1.1294843539045278,-0.8645493269011209,-1.035504254592316,-0.3193544815133318,-0.24501448980985874,0.09272739519046912,1.9719562584610644,8.3,1.5,1.7,0.7,0.1,1.6,0.452,6.7,0.86,0.7,0.4
203937,Kyle Anderson,MIN,79,22.6,-4.682583330965447,-1.9069813569839085,-0.7828567295273294,0.0755131787105448,-0.2319522584368861,-0.06834585989214519,-1.9826590727286,-0.13528181618514667,-0.5944691567307261,0.9444497408087512,6.4,3.5,4.2,0.9,0.6,0.1,0.46,5.5,0.708,1.7,1.2
1628998,Cody Martin,CHA,28,26.9,-4.684683580520097,-1.7159126638199877,-0.6267017967758675,-0.16548632781246975,0.4006448100273487,-0.06834585989214519,-0.9846763179994391,-1.1114572947717192,-0.8434446114584111,0.43069648198259447,7.5,3.9,3.7,1.1,0.6,1.0,0.381,7.7,0.606,1.2,1.6
1630182,Josh Green,DAL,57,26.4,-4.720456464875816,-1.5943234954429473,-0.8999729290909259,-0.8402849460769106,-0.5482507926690033,-0.8420725756522819,-0.6520153997563854,0.02933441532436648,-0.44575879702701715,1.0728880555152902,8.2,3.2,2.3,0.8,0.2,1.3,0.479,6.6,0.684,1.0,1.1
1631222,Jake LaRavia,MEM,35,23.0,-4.7568580909053395,-1.1427065843282247,-0.7047792631515983,-1.1294843539045278,-0.5482507926690033,-0.6486408967122478,-0.4302414542610164,-1.1493132640246593,0.18054709204372574,0.8160114261022119,10.8,3.7,1.7,0.8,0.3,1.5,0.389,8.7,0.826,3.1,1.3
201567,Kevin Love,MIA,55,16.8,-4.783052300055834,-1.4901042082626264,0.23215033335717364,-0.9366847486861163,-2.12974346382959,-0.8420725756522819,-0.4302414542610164,-0.3563902563467534,-0.1597306113029917,1.3297646849283686,8.8,6.1,2.1,0.3,0.2,1.5,0.44,6.5,0.787,2.0,0.9
1626153,Delon Wright,MIA,47,15.8,-4.78869513642802,-2.23700909972159,-1.4465151937210432,-0.7438851434677047,0.4006448100273487,-0.8420725756522819,-1.5391111817378618,-0.5010725899981089,0.019931264675619197,2.1003945731676033,4.5,1.8,2.5,1.1,0.2,0.5,0.394,4.0,0.822,1.0,0.3
1629020,Jarred Vanderbilt,LAL,29,20.0,-4.7962246786646565,-2.1154199313445496,-0.2753531980850779,-1.3704838604275424,0.7169433442594656,-0.8420725756522819,-1.7608851272332309,0.24614670441287423,-0.5964264048161426,1.2013263702218293,5.2,4.8,1.2,1.2,0.2,0.3,0.518,3.9,0.667,1.2,1.0
1630165,Killian Hayes,DET,42,24.0,-4.81857282970812,-1.8201319510003082,-1.056127861842388,0.41291248784276524,-0.2319522584368861,-0.26177753883217936,-1.5391111817378618,-0.6420615101119695,-0.6247727563980423,0.9444497408087512,6.9,2.8,4.9,0.9,0.5,0.5,0.413,6.7,0.66,1.2,1.2
1629048,Goga Bitadze,ORL,62,15.4,-4.831095658558448,-2.1501596937379897,-0.35343066446080895,-1.3222839591229398,-1.4971463953653554,1.09224421374806,-2.0935460454762844,0.6530046709877897,-0.7464190994723658,1.5866413143414468,5.0,4.6,1.3,0.5,1.2,0.0,0.603,3.4,0.655,1.4,0.7
1631133,Jabari Walker,POR,72,23.6,-4.8696436406447265,-1.4727343270659063,0.6225376652358288,-1.4668836630367483,-1.180847861133238,-0.6486408967122478,-1.428224208990177,-0.17299799084999734,-0.4516170430206096,1.3297646849283686,8.9,7.1,1.0,0.6,0.3,0.6,0.46,7.1,0.754,2.4,0.9
1641871,Duop Reath,POR,68,17.9,-4.870979263794091,-1.4379945646724663,-0.7047792631515983,-1.4668836630367483,-1.4971463953653554,-0.06834585989214519,-0.6520153997563854,-0.16662011601947793,-0.33539700153482144,1.4582029996349075,9.1,3.7,1.0,0.5,0.6,1.3,0.461,7.3,0.742,1.4,0.8
1629674,Neemias Queta,BOS,28,11.9,-4.937851779557008,-2.063310287754389,-0.4315081308365397,-1.611483366950557,-1.4971463953653554,0.31851749798792334,-2.0935460454762844,0.9416288321753318,-0.3445218270916616,1.843517943754525,5.5,4.4,0.7,0.5,0.8,0.0,0.644,3.7,0.714,1.0,0.5
1627780,Gary Payton II,GSW,44,15.5,-4.942430204437842,-2.063310287754389,-1.134205328218119,-1.4186837617321455,-0.2319522584368861,-0.4552092177722135,-1.5391111817378618,0.5527010410292902,-0.3677388388635032,1.7150796290479857,5.5,2.6,1.1,0.9,0.4,0.5,0.563,4.2,0.609,0.5,0.6
202330,Gordon Hayward,OKC,51,24.4,-4.94480957132938,-1.3164053962954256,-0.7828567295273294,-0.45468573564008724,-0.5482507926690033,-0.6486408967122478,-1.3173372362424929,-0.14383967618645369,-0.5488045341585513,0.8160114261022119,9.8,3.5,3.1,0.8,0.3,0.7,0.464,7.9,0.742,2.4,1.3
203967,Dario Saric,GSW,64,17.2,-4.967459350832945,-1.6290632578363873,-0.4315081308365397,-0.8402849460769106,-1.4971463953653554,-0.8420725756522819,-0.7629023725040701,-0.09381144772710916,0.18488003435695904,0.9444497408087512,8.0,4.4,2.3,0.5,0.2,1.2,0.466,6.1,0.849,1.5,1.2
1629002,Chimezie Metu,DET,51,16.8,-4.997572159308343,-1.8896114757871885,-0.665740529963733,-1.5150835643413514,-0.5482507926690033,-0.6486408967122478,-1.5391111817378618,0.20213876027973315,0.4054011514014803,1.2013263702218293,6.5,3.8,0.9,0.8,0.3,0.5,0.504,4.8,0.906,1.3,1.0
1628464,Daniel Theis,LAC,60,16.9,-5.048526956313067,-1.9243512381806285,-0.5486243304001365,-1.4668836630367483,-1.8134449295974726,0.5119491769279575,-1.6499981544855464,0.41494360450967416,-0.15875873639161267,1.5866413143414468,6.3,4.1,1.0,0.4,0.9,0.4,0.532,4.9,0.76,0.8,0.7
1630577,Julian Champagnie,SAS,74,19.8,-5.056538393275883,-1.8375018321970282,-1.056127861842388,-1.2740840578183368,-1.180847861133238,-0.06834585989214519,-0.541128427008701,-0.5596019502201156,0.0028964572011632964,1.4582029996349075,6.8,2.8,1.4,0.6,0.6,1.4,0.408,5.4,0.815,1.2,0.8
1630249,Vít Krejčí,ATL,22,24.6,-5.074094614467471,-1.959091000574069,-1.2122827945938501,-0.8402849460769106,-1.180847861133238,-0.6486408967122478,-0.6520153997563854,0.09782667245840583,-0.008523073007544792,1.3297646849283686,6.1,2.4,2.3,0.6,0.3,1.3,0.49,4.7,0.833,0.3,0.9
202711,Bojan Bogdanovic,NYK,57,25.9,-5.113908100919052,-0.37843181167254125,-1.0951665950302534,-1.1294843539045278,-1.4971463953653554,-1.035504254592316,0.45685432772045975,-0.3946392712531629,-0.21420959939087106,0.17381985256951626,15.2,2.7,1.7,0.5,0.1,2.3,0.454,11.9,0.785,2.6,1.8
1630551,Justin Champagnie,WAS,15,15.7,-5.1183794901879995,-1.993830762967509,-0.7828567295273294,-1.3222839591229398,-0.8645493269011209,-0.06834585989214519,-1.0955632907471236,-0.5232816954276373,-0.054309179943641414,1.5866413143414468,5.9,3.5,1.3,0.7,0.6,0.9,0.41,5.2,0.8,1.0,0.7
1631093,Jaden Ivey,DET,77,28.8,-5.126760364662037,-0.3436920492791009,-0.821895462715195,-0.11728642650786701,-0.8645493269011209,-0.26177753883217936,-0.3193544815133318,-0.8961665380840131,-0.7767901904529724,-0.7252483503762576,15.4,3.4,3.8,0.7,0.5,1.6,0.429,12.6,0.749,3.9,2.5
1628365,Markelle Fultz,ORL,43,21.2,-5.140607500051582,-1.6638030202298273,-0.8999729290909259,-0.5992854395538961,0.08434627579523112,-0.6486408967122478,-1.9826590727286,-0.04620531245705579,-0.32883684588301054,0.9444497408087512,7.8,3.2,2.8,1.0,0.3,0.1,0.472,7.6,0.697,0.8,1.2
1631107,Nikola Jović,MIA,46,19.5,-5.141388091480886,-1.6811729014265477,-0.5095855972122708,-0.9848846499907192,-1.4971463953653554,-0.6486408967122478,-0.541128427008701,-0.2235772936276077,-0.385016615065804,1.3297646849283686,7.7,4.2,2.0,0.5,0.3,1.4,0.452,6.1,0.702,1.0,0.9
203109,Jae Crowder,MIL,50,23.1,-5.151668719627359,-1.941721119377349,-0.8999729290909259,-1.3222839591229398,-0.5482507926690033,-0.8420725756522819,-0.7629023725040701,-0.4447272669639366,-0.2332556480013766,1.843517943754525,6.2,3.2,1.3,0.8,0.2,1.2,0.422,5.4,0.722,0.7,0.5
1641715,Cam Whitmore,HOU,47,18.7,-5.190879319588498,-0.8821583663774235,-0.665740529963733,-1.611483366950557,-1.180847861133238,-0.4552092177722135,-0.20846750876564737,-0.3292599762147696,-1.059038862632744,1.2013263702218293,12.3,3.8,0.7,0.6,0.4,1.7,0.454,9.9,0.679,2.4,1.0
1630241,Sam Merrill,CLE,61,17.5,-5.235130525104607,-1.6290632578363873,-1.368437727345312,-1.0812844525999252,-2.12974346382959,-1.035504254592316,0.45685432772045975,-0.7205379372475329,0.17219166745839448,2.1003945731676033,8.0,2.0,1.8,0.3,0.1,2.3,0.402,6.4,0.929,0.5,0.3
1630598,Aaron Wiggins,OKC,78,15.7,-5.238309126757384,-1.8201319510003082,-1.2122827945938501,-1.4186837617321455,-0.8645493269011209,-0.8420725756522819,-1.2064502634948082,0.6251693398897893,-0.08594910761410467,1.5866413143414468,6.9,2.4,1.1,0.7,0.2,0.8,0.562,4.8,0.789,0.9,0.7
1627777,Georges Niang,CLE,82,22.3,-5.2483359128007265,-1.385884921082306,-0.821895462715195,-1.3704838604275424,-1.8134449295974726,-0.8420725756522819,-0.09758053601796272,-0.3158437477752207,0.06910543553888608,1.3297646849283686,9.4,3.4,1.2,0.4,0.2,1.8,0.449,7.7,0.85,0.7,0.9
1628470,Torrey Craig,CHI,53,19.8,-5.2884337037432445,-2.028570525360949,-0.5486243304001365,-1.4186837617321455,-1.180847861133238,-0.4552092177722135,-0.8737893452517544,-0.3306741301638489,-0.16711416097694407,1.7150796290479857,5.7,4.1,1.1,0.6,0.4,1.1,0.43,4.7,0.75,0.7,0.6
1630541,Moses Moody,GSW,66,17.5,-5.297328077407615,-1.6116933766396673,-0.978050395466657,-1.5150835643413514,-1.180847861133238,-0.4552092177722135,-0.8737893452517544,-0.1370474826129732,-0.13224814853120725,1.5866413143414468,8.1,3.0,0.9,0.6,0.4,1.1,0.462,6.4,0.785,1.4,0.7
201976,Patrick Beverley,MIL,73,20.0,-5.303212364967267,-1.941721119377349,-0.8609341959030605,-0.5510855382492932,-1.180847861133238,-0.4552092177722135,-1.2064502634948082,-0.46797166274873625,0.03124280878306294,1.3297646849283686,6.2,3.3,2.9,0.6,0.4,0.8,0.417,5.2,0.822,1.2,0.9
1630214,Xavier Tillman,BOS,54,18.0,-5.326736671137243,-2.0980500501478296,-0.6267017967758675,-1.2740840578183368,-0.2319522584368861,0.31851749798792334,-1.6499981544855464,-0.3336472976714053,-1.1459001828372801,1.7150796290479857,5.3,3.9,1.4,0.9,0.8,0.4,0.434,5.2,0.44,0.9,0.6
1631212,Peyton Watson,DEN,80,18.6,-5.338453652011568,-1.8548717133937485,-0.8999729290909259,-1.4186837617321455,-1.4971463953653554,0.898812534808026,-1.428224208990177,-0.09509289811792983,-0.6299155944707583,1.5866413143414468,6.7,3.2,1.1,0.5,1.1,0.6,0.465,5.6,0.67,1.3,0.7
1630230,Naji Marshall,NOP,66,19.0,-5.374361344474832,-1.785392188606868,-0.7438179963394639,-1.0330845512953222,-0.8645493269011209,-0.8420725756522819,-1.0955632907471236,-0.11211136971143781,-0.09909641544304278,1.2013263702218293,7.1,3.6,1.9,0.7,0.2,0.9,0.463,5.6,0.791,1.3,1.0
1629022,Lonnie Walker IV,BKN,58,17.4,-5.406776620103344,-1.3337752774921459,-1.290360260969581,-1.3222839591229398,-1.180847861133238,-0.6486408967122478,-0.09758053601796272,-0.6838844040530155,-0.17916810953058035,1.3297646849283686,9.7,2.2,1.3,0.6,0.3,1.8,0.423,8.5,0.763,1.0,0.9
202722,Davis Bertans,CHA,43,15.7,-5.415130818090983,-1.8548717133937485,-1.602670126472505,-1.5632834656459542,-1.180847861133238,-0.6486408967122478,-0.09758053601796272,-0.6826819679945927,0.24348949081820115,1.9719562584610644,6.7,1.4,0.8,0.6,0.3,1.8,0.393,5.4,0.909,0.8,0.4
203957,Dante Exum,DAL,55,19.8,-5.482000749961712,-1.6638030202298273,-1.0951665950302534,-0.5510855382492932,-1.8134449295974726,-1.035504254592316,-0.9846763179994391,0.4748000003142693,-0.1428847795057487,1.3297646849283686,7.8,2.7,2.9,0.4,0.1,1.0,0.533,5.5,0.779,1.2,0.9
1631204,Marcus Sasser,DET,71,19.0,-5.578737964773777,-1.5769536142462268,-1.4465151937210432,-0.3582859330308816,-1.180847861133238,-0.8420725756522819,-0.6520153997563854,-0.5254495245472867,0.1873907112113559,0.8160114261022119,8.3,1.8,3.3,0.6,0.2,1.3,0.428,7.2,0.879,0.9,1.3
1631367,Jacob Gilyard,BKN,41,17.0,-5.594015102437071,-2.2891187433117506,-1.7197863260361017,-0.3582859330308816,-0.5482507926690033,-1.035504254592316,-0.7629023725040701,-0.4301815387727944,-0.03662645586159957,1.5866413143414468,4.2,1.1,3.3,0.8,0.1,1.2,0.4,3.7,1.0,0.0,0.7
1629646,Charles Bassey,SAS,19,10.8,-5.606686008640726,-2.445447674082231,-0.5876630635880019,-1.4186837617321455,-1.8134449295974726,0.5119491769279575,-2.0935460454762844,0.7904703622800893,-0.008523073007544792,1.4582029996349075,3.3,4.0,1.1,0.4,0.9,0.0,0.725,2.1,0.833,0.3,0.8
1630692,Jordan Goodwin,MEM,57,18.5,-5.6080552232668,-1.8896114757871885,-0.4315081308365397,-0.6474853408584988,-0.5482507926690033,-0.6486408967122478,-1.3173372362424929,-1.0900119945553761,-0.23653572582728202,1.2013263702218293,6.5,4.4,2.7,0.8,0.3,0.7,0.369,6.7,0.746,1.0,1.0
1629599,Amir Coffey,LAC,70,20.9,-5.671938095313669,-1.8722415945904685,-1.3293989941574464,-1.4186837617321455,-1.180847861133238,-0.8420725756522819,-0.9846763179994391,-0.032325128065731235,0.14479019426255813,1.843517943754525,6.6,2.1,1.1,0.6,0.2,1.0,0.472,5.0,0.859,1.0,0.5
1626192,Pat Connaughton,MIL,76,22.1,-5.6764019177752525,-2.045940406557669,-0.9390116622787914,-0.9366847486861163,-1.4971463953653554,-0.6486408967122478,-0.8737893452517544,-0.28880970304808073,-0.16145838892322217,1.7150796290479857,5.6,3.1,2.1,0.5,0.3,1.1,0.435,4.6,0.759,0.8,0.6
1628964,Mo Bamba,PHI,57,13.0,-5.699019605982349,-2.25437898091831,-0.5095855972122708,-1.611483366950557,-1.8134449295974726,0.898812534808026,-1.6499981544855464,0.07141157333505392,-0.4169939993027181,1.5866413143414468,4.4,4.2,0.7,0.4,1.1,0.4,0.49,3.5,0.68,0.9,0.7
202692,Alec Burks,NYK,66,18.4,-5.746041060492701,-1.2121861091151052,-1.2513215277817156,-1.3222839591229398,-1.8134449295974726,-0.8420725756522819,0.013306436729721665,-1.3975226071946658,0.4928428969003116,1.5866413143414468,10.4,2.3,1.3,0.4,0.2,1.9,0.369,8.6,0.868,2.5,0.7
1641718,Keyonte George,UTA,75,27.0,-5.787621505108486,-0.760569198000383,-1.056127861842388,0.17191298131975072,-1.4971463953653554,-1.035504254592316,0.1241934094774063,-1.4053946633109249,0.39626282758198206,-0.7252483503762576,13.0,2.8,4.4,0.5,0.1,2.0,0.391,10.9,0.848,3.0,2.5
1629629,Cam Reddish,LAL,48,20.5,-5.790672969889644,-2.080680168951109,-1.3293989941574464,-1.4668836630367483,0.08434627579523112,-0.6486408967122478,-1.2064502634948082,-0.6497745245591697,-0.20827036382133063,1.7150796290479857,5.4,2.1,1.0,1.0,0.3,0.8,0.389,4.9,0.759,1.1,0.6
1629234,Drew Eubanks,PHX,75,15.6,-5.817350765635072,-2.1327898125412696,-0.47054686402440543,-1.5632834656459542,-1.8134449295974726,0.31851749798792334,-2.0935460454762844,0.6426720275203027,-0.16313217349281992,1.4582029996349075,5.1,4.3,0.8,0.4,0.8,0.0,0.601,3.4,0.774,1.2,0.8
1630205,Lamar Stevens,MEM,38,14.7,-5.839739815001186,-1.768022307410148,-0.8609341959030605,-1.611483366950557,-1.180847861133238,-0.06834585989214519,-1.6499981544855464,-0.24986880623105456,-0.16531889204342354,1.7150796290479857,7.2,3.3,0.7,0.6,0.6,0.4,0.45,6.3,0.778,1.4,0.6
202704,Reggie Jackson,DEN,82,22.2,-5.912683982441936,-1.2469258715085456,-1.4074764605331775,-0.11728642650786701,-1.4971463953653554,-1.035504254592316,-0.7629023725040701,-0.627904775557251,-0.03354885197556438,0.8160114261022119,10.2,1.9,3.8,0.5,0.1,1.2,0.431,9.2,0.806,1.2,1.3
1630625,Dalano Banton,POR,54,19.4,-5.92280240855585,-1.2295559903118252,-0.8609341959030605,-0.7920850447723077,-1.180847861133238,-0.4552092177722135,-0.8737893452517544,-1.0162166601122884,-0.20173720469483533,0.687573111395673,10.3,3.3,2.4,0.6,0.4,1.1,0.404,9.3,0.783,2.2,1.4
1626172,Kevon Looney,GSW,74,16.1,-5.97131045083017,-2.23700909972159,0.07599540060571182,-1.0812844525999252,-1.8134449295974726,-0.4552092177722135,-2.0935460454762844,0.566626810612383,-0.5200802312222265,1.5866413143414468,4.5,5.7,1.8,0.4,0.4,0.0,0.597,3.1,0.675,1.1,0.7
1631200,Kris Murray,POR,62,21.7,-5.975647235493261,-1.959091000574069,-0.7438179963394639,-1.3222839591229398,-0.2319522584368861,-0.6486408967122478,-1.2064502634948082,-0.718476473575343,-0.474699072165871,1.3297646849283686,6.1,3.6,1.3,0.9,0.3,0.8,0.396,5.9,0.661,0.9,0.9
1626224,Cedi Osman,SAS,72,17.6,-5.982266527631632,-1.8375018321970282,-1.1732440614059845,-1.1294843539045278,-1.4971463953653554,-0.8420725756522819,-0.7629023725040701,0.022446999350303504,-0.3490032502941332,1.5866413143414468,6.8,2.5,1.7,0.5,0.2,1.2,0.479,5.3,0.673,0.7,0.7
1626166,Cameron Payne,PHI,78,16.7,-5.986722889907425,-1.7332825450167078,-1.5636313932846395,-0.6956852421631018,-1.4971463953653554,-1.035504254592316,-0.6520153997563854,-0.4155689523003929,0.1479082929365671,1.4582029996349075,7.4,1.5,2.6,0.5,0.1,1.3,0.432,6.2,0.866,0.9,0.8
1631128,Christian Braun,DEN,82,20.2,-5.987236517810526,-1.7506524262134278,-0.7047792631515983,-1.177684255209131,-1.4971463953653554,-0.4552092177722135,-1.2064502634948082,-0.14471085985135934,-0.6372451510940785,1.5866413143414468,7.3,3.7,1.6,0.5,0.4,0.8,0.46,5.9,0.694,1.6,0.7
1630215,Jared Butler,WAS,40,14.1,-5.991345020479389,-1.9243512381806285,-1.5636313932846395,-0.4064858343354843,-0.8645493269011209,-0.8420725756522819,-1.428224208990177,0.0892353833164688,0.13272274744626372,0.8160114261022119,6.3,1.5,3.2,0.7,0.2,0.6,0.488,5.0,0.861,0.9,1.3
1630549,Day'Ron Sharpe,BKN,61,15.1,-6.023964325361502,-1.8375018321970282,0.3492665329207704,-1.2740840578183368,-1.8134449295974726,0.12508581904788896,-1.9826590727286,0.6908120160361765,-1.3543268565401905,1.0728880555152902,6.8,6.4,1.4,0.4,0.7,0.1,0.571,4.8,0.61,2.0,1.1
1626168,Trey Lyles,SAC,58,20.0,-6.026320469932836,-1.768022307410148,-0.4315081308365397,-1.3704838604275424,-2.12974346382959,-0.6486408967122478,-0.541128427008701,-0.2606410935480405,-0.46279360450147333,1.5866413143414468,7.2,4.4,1.2,0.3,0.3,1.4,0.445,5.5,0.7,1.2,0.7
1629656,Quentin Grimes,DET,51,20.1,-6.067830747939004,-1.8027620698035882,-1.368437727345312,-1.3222839591229398,-0.8645493269011209,-1.035504254592316,-0.3193544815133318,-1.012283164564813,-0.18617370785010703,1.843517943754525,7.0,2.0,1.3,0.7,0.1,1.6,0.372,6.4,0.756,0.9,0.5
1641711,Gradey Dick,TOR,60,21.1,-6.067905087403354,-1.5422138518527868,-1.290360260969581,-1.4186837617321455,-1.180847861133238,-1.2289359335323504,-0.4302414542610164,-0.5736219291995295,0.13879696564238506,1.4582029996349075,8.5,2.2,1.1,0.6,0.0,1.5,0.425,7.4,0.863,0.9,0.8
1628420,Monte Morris,MIN,33,14.4,-6.160111948542392,-2.1501596937379897,-1.4855539269089084,-0.9366847486861163,-1.180847861133238,-0.6486408967122478,-1.2064502634948082,-0.49850158518237536,-0.2821058605608501,2.2288328878741424,5.0,1.7,2.1,0.6,0.3,0.8,0.405,4.6,0.684,0.6,0.2
1629626,Bol Bol,PHX,43,10.9,-6.170052454619327,-2.1154199313445496,-0.8999729290909259,-1.7560830708643658,-2.446041998061707,-0.06834585989214519,-1.5391111817378618,0.741513892329431,-0.058547634418268504,1.9719562584610644,5.2,3.2,0.4,0.2,0.6,0.5,0.616,3.5,0.789,0.4,0.4
1630533,Ziaire Williams,MEM,51,20.3,-6.182408489438315,-1.5943234954429473,-0.7828567295273294,-1.2258841565137337,-0.8645493269011209,-0.8420725756522819,-0.8737893452517544,-0.8884636536794269,0.07351936742806756,0.8160114261022119,8.2,3.5,1.5,0.7,0.2,1.1,0.397,7.4,0.827,1.5,1.3
203095,Evan Fournier,DET,32,18.1,-6.246593119956822,-1.8201319510003082,-1.4465151937210432,-1.2258841565137337,-0.2319522584368861,-0.8420725756522819,-0.9846763179994391,-1.24819666200851,-0.0338053189660673,1.5866413143414468,6.9,1.8,1.5,0.9,0.2,1.0,0.357,6.9,0.806,1.1,0.7
1628988,Aaron Holiday,HOU,78,16.3,-6.265346735616662,-1.8722415945904685,-1.524592660096774,-1.0812844525999252,-1.4971463953653554,-1.035504254592316,-0.8737893452517544,-0.24331466865903087,0.275885321197515,1.5866413143414468,6.6,1.6,1.8,0.5,0.1,1.1,0.446,5.3,0.921,0.8,0.7
1629006,Josh Okogie,PHX,60,16.0,-6.290160019527659,-2.21963921852487,-1.134205328218119,-1.4186837617321455,-0.5482507926690033,-0.4552092177722135,-1.5391111817378618,-0.30793117148850074,-0.3822089764329299,1.7150796290479857,4.6,2.6,1.1,0.8,0.4,0.5,0.417,3.4,0.745,1.7,0.6
1631119,Jaylin Williams,OKC,69,13.0,-6.2911771171419275,-2.3238585057051906,-0.821895462715195,-1.177684255209131,-1.8134449295974726,-0.4552092177722135,-1.2064502634948082,-0.2990400330851543,-0.03711239331728909,1.843517943754525,4.0,3.4,1.6,0.4,0.4,0.8,0.417,3.3,0.805,0.6,0.5
204060,Joe Ingles,ORL,68,17.2,-6.295105687741443,-2.25437898091831,-1.3293989941574464,-0.5028856369446902,-1.180847861133238,-1.035504254592316,-0.9846763179994391,-0.20376698228935503,-0.004973029928478323,1.2013263702218293,4.4,2.1,3.0,0.6,0.1,1.0,0.436,3.3,0.824,0.5,1.0
1631241,Javon Freeman-Liberty,TOR,22,18.3,-6.296448520580658,-1.8027620698035882,-0.8999729290909259,-1.0812844525999252,-1.4971463953653554,-0.8420725756522819,-1.5391111817378618,-0.2737868498497639,0.5667998780037536,1.0728880555152902,7.0,3.2,1.8,0.5,0.2,0.5,0.444,5.6,0.917,1.6,1.1
1628449,Chris Boucher,TOR,50,14.1,-6.306590351555667,-1.9069813569839085,-0.5486243304001365,-1.707883169559763,-2.12974346382959,-0.26177753883217936,-1.428224208990177,0.2000975566927738,-0.2385334687006728,1.7150796290479857,6.4,4.1,0.5,0.3,0.5,0.6,0.507,4.3,0.772,1.8,0.6
1628981,Bruno Fernando,ATL,45,15.2,-6.33913195007307,-1.9243512381806285,-0.47054686402440543,-1.4668836630367483,-1.180847861133238,-0.06834585989214519,-2.0935460454762844,0.6803395779806002,-1.01627636653205,1.2013263702218293,6.3,4.3,1.0,0.6,0.6,0.0,0.583,4.2,0.667,2.1,1.0
1626174,Christian Wood,LAL,50,17.4,-6.3467358727881065,-1.8201319510003082,-0.15823699852148143,-1.4668836630367483,-2.12974346382959,0.12508581904788896,-1.3173372362424929,-0.08224699107761582,-0.698567758349588,1.2013263702218293,6.9,5.1,1.0,0.3,0.7,0.7,0.466,5.3,0.702,1.9,1.0
1630703,Scoot Henderson,POR,62,28.5,-6.347850768717296,-0.5868703860331822,-0.9390116622787914,0.6539119943657798,-0.5482507926690033,-0.8420725756522819,-0.541128427008701,-1.7798415585385619,0.1166058218325549,-1.8811931827351096,14.0,3.1,5.4,0.8,0.2,1.4,0.385,12.9,0.819,3.3,3.4
1629111,Jock Landale,HOU,56,13.6,-6.356985651682359,-2.1675295749347097,-0.9390116622787914,-1.3704838604275424,-1.8134449295974726,-0.06834585989214519,-1.8717720999809155,0.21636843114128138,-0.05784572476004979,1.7150796290479857,4.9,3.1,1.2,0.4,0.6,0.2,0.515,3.7,0.8,1.2,0.6
1628467,Maxi Kleber,DAL,43,20.3,-6.362344440949704,-2.25437898091831,-0.8609341959030605,-1.177684255209131,-1.8134449295974726,0.12508581904788896,-1.3173372362424929,-0.23043634548234823,-0.41985563098622447,1.5866413143414468,4.4,3.3,1.6,0.4,0.7,0.7,0.432,3.4,0.702,1.1,0.7
1630164,James Wiseman,DET,63,17.3,-6.362551803918407,-1.785392188606868,-0.08015953214575035,-1.5150835643413514,-2.446041998061707,-0.06834585989214519,-2.0935460454762844,0.9971445047193206,-0.5724534903354508,1.2013263702218293,7.1,5.3,0.9,0.2,0.6,0.0,0.613,4.8,0.706,1.6,1.0
1629026,Kenrich Williams,OKC,69,14.9,-6.376965421619003,-2.20226933732815,-0.978050395466657,-1.3222839591229398,-1.180847861133238,-1.035504254592316,-1.2064502634948082,-0.05244035368670032,-0.24263694054871957,1.843517943754525,4.7,3.0,1.3,0.6,0.1,0.8,0.468,4.1,0.5,0.2,0.5
201152,Thaddeus Young,PHX,33,13.3,-6.406027095174965,-2.2891187433117506,-0.9390116622787914,-1.1294843539045278,-0.8645493269011209,-0.8420725756522819,-2.0935460454762844,0.6286186194002588,-0.7203809508049925,1.843517943754525,4.2,3.1,1.7,0.7,0.2,0.0,0.602,3.3,0.4,0.5,0.5
1630534,Ochai Agbaji,TOR,78,21.0,-6.415394485642726,-2.011200644164229,-1.056127861842388,-1.4186837617321455,-1.180847861133238,-0.06834585989214519,-1.2064502634948082,-0.5545916311426459,-0.3773496018760329,1.4582029996349075,5.8,2.8,1.1,0.6,0.6,0.8,0.411,5.6,0.661,0.7,0.8
1628418,Thomas Bryant,MIA,38,11.6,-6.416063308120424,-2.028570525360949,-0.7047792631515983,-1.6596832682551599,-2.12974346382959,-0.4552092177722135,-1.9826590727286,0.5957851252759265,0.23371674865377473,1.7150796290479857,5.7,3.7,0.6,0.3,0.4,0.1,0.577,3.9,0.872,1.2,0.6
1629670,Jordan Nwora,TOR,52,13.7,-6.419045779028909,-1.8027620698035882,-1.0170891286545225,-1.3704838604275424,-1.4971463953653554,-0.6486408967122478,-1.2064502634948082,-0.12472732478438718,0.046927789991714104,1.2013263702218293,7.0,2.9,1.2,0.5,0.3,0.8,0.462,5.8,0.83,1.0,1.0
203200,Justin Holiday,DEN,58,14.9,-6.433516657819906,-2.3238585057051906,-1.680747592848236,-1.3704838604275424,-1.180847861133238,-0.8420725756522819,-1.0955632907471236,-0.1135083025880715,-0.055267556592363064,2.2288328878741424,4.0,1.2,1.2,0.6,0.2,0.9,0.454,3.3,0.75,0.1,0.2
1641730,Noah Clowney,BKN,23,16.1,-6.438612793116695,-2.011200644164229,-0.7828567295273294,-1.5632834656459542,-2.12974346382959,0.12508581904788896,-1.5391111817378618,0.3741630919537306,-0.49830753355479623,1.5866413143414468,5.8,3.5,0.8,0.3,0.7,0.5,0.538,4.0,0.7,1.3,0.7
1628426,Sasha Vezenkov,SAC,42,12.2,-6.444662937213382,-2.080680168951109,-1.2513215277817156,-1.707883169559763,-1.4971463953653554,-0.8420725756522819,-0.8737893452517544,-0.24846478232459007,-0.043699545494416306,2.1003945731676033,5.4,2.3,0.5,0.5,0.2,1.1,0.44,4.5,0.8,0.4,0.3
1629162,Jordan McLaughlin,MIN,56,11.2,-6.4566601043753415,-2.410707911688791,-1.6417088596603706,-0.9848846499907192,-1.180847861133238,-1.035504254592316,-1.2064502634948082,0.02394523265308948,-0.12089610963578971,2.1003945731676033,3.5,1.3,2.0,0.6,0.1,0.8,0.483,2.6,0.722,0.3,0.3
1628995,Kevin Knox II,POR,31,18.1,-6.565700024439659,-1.768022307410148,-1.2122827945938501,-1.611483366950557,-1.8134449295974726,-0.8420725756522819,-0.9846763179994391,-0.12883404406058252,0.208474997483226,1.5866413143414468,7.2,2.4,0.7,0.4,0.2,1.0,0.462,6.0,0.909,0.7,0.7
1629013,Landry Shamet,WAS,46,15.8,-6.691097643565573,-1.785392188606868,-1.6417088596603706,-1.3704838604275424,-1.4971463953653554,-0.8420725756522819,-0.7629023725040701,-0.41146223302419754,0.03342952733366665,1.5866413143414468,7.1,1.3,1.2,0.5,0.2,1.2,0.431,6.0,0.826,1.0,0.7
1641787,Tosan Evbuomwan,DET,17,21.6,-6.702935399665053,-1.993830762967509,-0.7828567295273294,-1.5150835643413514,-1.8134449295974726,-0.6486408967122478,-1.3173372362424929,0.1953131375656227,-0.6705723615967971,1.843517943754525,5.9,3.5,0.9,0.4,0.3,0.7,0.507,4.2,0.68,1.5,0.5
1630570,Trendon Watford,BKN,63,13.6,-6.707991118041871,-1.8201319510003082,-0.9390116622787914,-1.3222839591229398,-1.8134449295974726,-0.6486408967122478,-1.6499981544855464,0.3777156978988753,-0.09352163296526911,1.2013263702218293,6.9,3.1,1.3,0.4,0.3,0.4,0.527,4.9,0.794,1.5,1.0
1631103,Malaki Branham,SAS,75,21.3,-6.807877261940879,-1.4206246834757463,-1.368437727345312,-0.9366847486861163,-1.8134449295974726,-1.035504254592316,-0.7629023725040701,-0.5610302862288566,0.14630199968025945,0.9444497408087512,9.2,2.0,2.1,0.4,0.1,1.2,0.432,8.4,0.873,0.8,1.2
1630197,Aleksej Pokusevski,CHA,28,14.5,-6.81189783512969,-2.1154199313445496,-0.8999729290909259,-1.3222839591229398,-1.4971463953653554,-0.26177753883217936,-1.428224208990177,-0.4663579469601371,-0.4073562397648724,1.5866413143414468,5.2,3.2,1.3,0.5,0.5,0.6,0.405,4.3,0.732,1.5,0.7
1631197,Jared Rhoden,DET,17,14.4,-6.812459936841469,-2.1675295749347097,-1.4074764605331775,-1.5632834656459542,-2.446041998061707,0.31851749798792334,-1.3173372362424929,0.13947735567499372,-0.3407423135474083,1.9719562584610644,4.9,1.9,0.8,0.2,0.8,0.7,0.5,3.9,0.625,0.5,0.4
1626158,Richaun Holmes,WAS,40,13.9,-6.8447947395523405,-2.1501596937379897,-0.35343066446080895,-1.6596832682551599,-2.12974346382959,-0.26177753883217936,-2.0935460454762844,0.4581218981526317,-0.3696555921609459,1.7150796290479857,5.0,4.6,0.6,0.3,0.5,0.0,0.558,3.7,0.723,1.2,0.6
1630538,Bones Hyland,LAC,37,14.6,-6.85835318572463,-1.8201319510003082,-1.5636313932846395,-0.7438851434677047,-0.8645493269011209,-1.035504254592316,-0.7629023725040701,-0.9305418246943755,-0.08165666008884567,0.9444497408087512,6.9,1.5,2.5,0.7,0.1,1.2,0.386,6.8,0.783,0.6,1.2
1631116,Patrick Baldwin Jr.,WAS,38,13.0,-6.96220166684831,-2.25437898091831,-0.8999729290909259,-1.5632834656459542,-1.4971463953653554,-0.4552092177722135,-1.2064502634948082,-0.5944482838120844,-0.3348300745031834,1.843517943754525,4.4,3.2,0.8,0.5,0.4,0.8,0.381,4.1,0.679,0.7,0.5
202694,Marcus Morris Sr.,CLE,49,16.7,-6.964721892381216,-1.9069813569839085,-1.0951665950302534,-1.611483366950557,-2.12974346382959,-0.6486408967122478,-0.9846763179994391,-0.3052365801528621,0.002127056229654613,1.7150796290479857,6.4,2.7,0.7,0.3,0.3,1.0,0.439,5.4,0.818,0.9,0.6
1630649,Stanley Umude,DET,24,12.8,-6.972414157270356,-2.0980500501478296,-1.3293989941574464,-1.707883169559763,-2.12974346382959,-0.6486408967122478,-0.9846763179994391,-0.19450204531350837,0.4054011514014803,1.7150796290479857,5.3,2.1,0.5,0.3,0.3,1.0,0.44,3.5,0.906,1.3,0.6
1630256,Jae'Sean Tate,HOU,65,15.9,-7.050105404952258,-2.3064886245084706,-0.978050395466657,-1.4668836630367483,-1.180847861133238,-0.8420725756522819,-1.6499981544855464,-0.02431732937842861,-0.3165264303388711,1.7150796290479857,4.1,3.0,1.0,0.6,0.2,0.4,0.472,3.5,0.667,0.6,0.6
201565,Derrick Rose,MEM,24,16.6,-7.05579250141663,-1.6290632578363873,-1.4074764605331775,-0.3582859330308816,-2.12974346382959,-1.035504254592316,-1.428224208990177,-0.15779887491017627,0.2742925262038654,0.8160114261022119,8.0,1.9,3.3,0.3,0.1,0.6,0.461,6.9,0.889,1.1,1.3
1641722,Jordan Hawkins,NOP,67,17.3,-7.066407444146042,-1.6638030202298273,-1.290360260969581,-1.4668836630367483,-2.12974346382959,-1.035504254592316,-0.3193544815133318,-0.9718723985643235,0.09603446954169072,1.7150796290479857,7.8,2.2,1.0,0.3,0.1,1.6,0.382,6.8,0.838,1.2,0.6
1641716,Jarace Walker,IND,33,10.3,-7.0818903077033895,-2.393338030492071,-1.4074764605331775,-1.3704838604275424,-1.4971463953653554,-0.6486408967122478,-1.3173372362424929,-0.33915500184128033,0.0481696301562545,1.843517943754525,3.6,1.9,1.2,0.5,0.3,0.7,0.409,3.3,0.889,0.3,0.5
1631230,Dominick Barlow,SAS,33,12.7,-7.087845494012548,-2.25437898091831,-0.821895462715195,-1.4186837617321455,-1.8134449295974726,-0.4552092177722135,-1.9826590727286,0.1002082454772356,-0.5421768871934505,2.1003945731676033,4.4,3.4,1.1,0.4,0.4,0.1,0.496,3.4,0.69,1.3,0.3
1641767,Ben Sheppard,IND,57,14.3,-7.10820711032963,-2.25437898091831,-1.524592660096774,-1.5150835643413514,-1.180847861133238,-1.2289359335323504,-1.0955632907471236,-0.507150615567219,0.0979512228391335,2.1003945731676033,4.4,1.6,0.9,0.6,0.0,0.9,0.393,4.0,0.885,0.5,0.3
1630204,Ashton Hagans,POR,19,16.6,-7.127468488671228,-2.2891187433117506,-1.2122827945938501,-0.5992854395538961,-1.180847861133238,-0.26177753883217936,-1.6499981544855464,-0.38520414956138077,0.020349710818018677,0.43069648198259447,4.2,2.4,2.8,0.6,0.5,0.4,0.408,3.7,0.824,0.9,1.6
1629637,Jaxson Hayes,LAL,70,12.5,-7.144042241115279,-2.27174886211503,-0.978050395466657,-1.707883169559763,-1.4971463953653554,-0.4552092177722135,-2.0935460454762844,0.9231151662918226,-0.7786529506997832,1.7150796290479857,4.3,3.0,0.5,0.5,0.4,0.0,0.72,2.5,0.622,1.2,0.6
203486,Mason Plumlee,LAC,46,14.7,-7.149886847060013,-2.0980500501478296,-0.15823699852148143,-1.3704838604275424,-2.12974346382959,-0.4552092177722135,-2.0935460454762844,0.4631443732812391,-0.7659645838012189,1.4582029996349075,5.3,5.1,1.2,0.3,0.4,0.0,0.569,3.3,0.707,2.2,0.8
1630548,Johnny Juzang,UTA,20,18.6,-7.153286672662325,-1.768022307410148,-1.4465151937210432,-1.3704838604275424,-2.446041998061707,-1.035504254592316,-0.3193544815133318,-0.10185267555504167,-0.25215321572264304,1.5866413143414468,7.2,1.8,1.2,0.2,0.1,1.6,0.464,5.5,0.714,0.7,0.7
1628966,Keita Bates-Diop,BKN,53,12.5,-7.173348905592697,-2.375968149295351,-1.3293989941574464,-1.611483366950557,-1.4971463953653554,-0.4552092177722135,-1.6499981544855464,-0.20117976940543722,-0.1533594313283937,2.1003945731676033,3.7,2.1,0.7,0.5,0.4,0.4,0.434,3.1,0.762,0.8,0.3
203995,Vasilije Micic,CHA,60,19.6,-7.179204869695223,-1.8027620698035882,-1.5636313932846395,0.17191298131975072,-1.4971463953653554,-1.035504254592316,-1.3173372362424929,-0.43441083156463395,-0.002583837438003972,0.3022581672760555,7.0,1.5,4.4,0.5,0.1,0.7,0.43,6.2,0.813,1.3,1.7
1641729,Brice Sensabaugh,UTA,32,18.3,-7.216899841506227,-1.7159126638199877,-0.8999729290909259,-1.1294843539045278,-1.8134449295974726,-0.8420725756522819,-0.8737893452517544,-0.8892112508244275,0.38785340994601863,0.5591347966891337,7.5,3.2,1.7,0.4,0.2,1.1,0.39,6.8,0.902,1.3,1.5
201145,Jeff Green,HOU,78,16.8,-7.2529176510948234,-1.8896114757871885,-1.2513215277817156,-1.5150835643413514,-2.446041998061707,-0.4552092177722135,-1.3173372362424929,-0.14499044902753835,0.05159818887139846,1.7150796290479857,6.5,2.3,0.9,0.2,0.4,0.7,0.456,4.7,0.819,1.9,0.6
203939,Dwight Powell,DAL,63,13.3,-7.277761022628644,-2.445447674082231,-0.821895462715195,-1.3222839591229398,-1.8134449295974726,-0.6486408967122478,-2.0935460454762844,0.5200063284887867,-0.4960263271655861,1.843517943754525,3.3,3.4,1.3,0.4,0.3,0.0,0.679,1.7,0.708,1.4,0.5
1629726,Garrison Mathews,ATL,66,15.0,-7.280184834869319,-2.1675295749347097,-1.602670126472505,-1.6596832682551599,-2.12974346382959,-1.035504254592316,-0.6520153997563854,-0.10644462387250415,-0.0269886963237535,2.1003945731676033,4.9,1.4,0.6,0.3,0.1,1.3,0.456,3.4,0.81,0.6,0.3
1641854,Craig Porter Jr.,CLE,51,12.7,-7.304870599734052,-2.045940406557669,-1.3293989941574464,-0.8402849460769106,-1.8134449295974726,-0.6486408967122478,-1.8717720999809155,0.22334195247757344,-0.30849496405733295,1.3297646849283686,5.6,2.1,2.3,0.4,0.3,0.2,0.509,4.5,0.732,1.1,0.9
203552,Seth Curry,CHA,44,14.0,-7.34306711156122,-2.1327898125412696,-1.5636313932846395,-1.4668836630367483,-1.4971463953653554,-1.035504254592316,-1.0955632907471236,-0.5893680674405698,0.1943018216922762,1.843517943754525,5.1,1.5,1.0,0.5,0.1,0.9,0.392,4.6,0.903,0.7,0.5
1630695,Micah Potter,UTA,16,11.6,-7.34689411589479,-2.445447674082231,-1.0951665950302534,-1.7560830708643658,-2.12974346382959,-0.4552092177722135,-1.428224208990177,-0.007582498978145606,-0.12983195951541707,2.1003945731676033,3.3,2.7,0.4,0.3,0.4,0.6,0.475,2.5,0.75,0.5,0.3
1630201,Malachi Flynn,DET,69,12.7,-7.3751403960693604,-2.063310287754389,-1.4855539269089084,-1.0330845512953222,-1.180847861133238,-1.035504254592316,-1.2064502634948082,-0.41637429068829995,-0.2837796451304481,1.3297646849283686,5.5,1.7,1.9,0.6,0.1,0.8,0.418,4.7,0.732,1.0,0.9
201568,Danilo Gallinari,MIL,49,12.8,-7.408725314899154,-2.028570525360949,-1.290360260969581,-1.4186837617321455,-2.12974346382959,-1.035504254592316,-1.428224208990177,-0.2338653649075878,0.3127085817286684,1.843517943754525,5.7,2.2,1.1,0.3,0.1,0.6,0.437,3.9,0.857,2.0,0.5
202687,Bismack Biyombo,OKC,40,19.8,-7.459689888681772,-2.25437898091831,-0.11919826533361572,-1.3222839591229398,-2.12974346382959,0.5119491769279575,-2.0935460454762844,0.44308688890317605,-1.568463295347455,1.0728880555152902,4.4,5.2,1.3,0.3,0.9,0.0,0.565,3.3,0.481,1.4,1.1
1630592,Jalen Wilson,BKN,43,15.5,-7.504179159473967,-2.1501596937379897,-0.978050395466657,-1.4668836630367483,-2.12974346382959,-1.035504254592316,-1.428224208990177,-0.32800486393474815,0.04043512565319327,1.9719562584610644,5.0,3.0,1.0,0.3,0.1,0.6,0.425,4.2,0.826,1.1,0.4
1630219,Skylar Mays,LAL,38,11.4,-7.5416163316943905,-2.3064886245084706,-1.7197863260361017,-0.8884848473815133,-1.180847861133238,-1.035504254592316,-1.6499981544855464,-0.5130807425141473,-0.09094346479758239,1.843517943754525,4.1,1.1,2.2,0.6,0.1,0.4,0.396,4.2,0.765,0.4,0.5
1628975,Jevon Carter,CHI,72,13.9,-7.555819178732003,-2.1501596937379897,-1.8369025255996982,-1.3222839591229398,-1.4971463953653554,-0.8420725756522819,-0.8737893452517544,-0.7613103457693842,-0.11567228198712538,1.843517943754525,5.0,0.8,1.3,0.5,0.2,1.1,0.378,5.1,0.571,0.1,0.5
1630531,Jaden Springer,BOS,49,10.3,-7.590181178130727,-2.445447674082231,-1.524592660096774,-1.5150835643413514,-0.8645493269011209,-0.6486408967122478,-1.8717720999809155,-0.35441996305809986,0.047683692700564766,1.5866413143414468,3.3,1.6,0.9,0.7,0.3,0.2,0.399,3.0,0.833,0.9,0.7
1630572,Sandro Mamukelashvili,SAS,46,9.8,-7.629367004450648,-2.3064886245084706,-0.8999729290909259,-1.4186837617321455,-2.446041998061707,-0.6486408967122478,-1.6499981544855464,-0.028949797866351937,-0.20254710045431862,1.9719562584610644,4.1,3.2,1.1,0.2,0.3,0.4,0.471,3.4,0.735,0.7,0.4
203926,Doug McDermott,IND,64,14.1,-7.652356717209237,-2.063310287754389,-1.7978637924118326,-1.4186837617321455,-2.12974346382959,-1.2289359335323504,-0.4302414542610164,-0.28986930550562895,-0.26566497664334854,1.9719562584610644,5.5,0.9,1.1,0.3,0.0,1.5,0.433,4.4,0.579,0.3,0.4
1628984,Devonte' Graham,SAS,23,13.6,-7.653555306365728,-2.1501596937379897,-1.524592660096774,-0.9366847486861163,-1.8134449295974726,-1.035504254592316,-0.8737893452517544,-0.8877251735727802,-0.01829581517197117,1.5866413143414468,5.0,1.6,2.1,0.4,0.1,1.1,0.352,4.7,0.813,0.7,0.7
200782,P.J. Tucker,LAC,31,15.7,-7.672611168338891,-2.723365773229753,-1.0951665950302534,-1.707883169559763,-1.4971463953653554,-0.8420725756522819,-1.6499981544855464,-0.28646966320397316,0.029096585020433444,2.1003945731676033,1.7,2.7,0.5,0.5,0.2,0.4,0.36,1.6,1.0,0.1,0.3
1628972,Troy Brown Jr.,DET,59,14.0,-7.699126052448619,-2.2891187433117506,-1.2122827945938501,-1.4668836630367483,-1.8134449295974726,-1.035504254592316,-1.2064502634948082,-0.6033313181813386,0.08437197060513775,1.843517943754525,4.2,2.4,1.0,0.4,0.1,0.8,0.372,3.8,0.865,0.6,0.5
1630209,Omer Yurtseven,UTA,48,11.4,-7.712632883219126,-2.21963921852487,-0.47054686402440543,-1.6596832682551599,-2.446041998061707,-0.4552092177722135,-1.9826590727286,0.35517331406730795,-0.2922295575543857,1.4582029996349075,4.6,4.3,0.6,0.2,0.4,0.1,0.538,3.8,0.679,0.6,0.8
203490,Otto Porter Jr.,TOR,15,11.6,-7.725638298556033,-2.567036842459272,-1.4074764605331775,-1.707883169559763,-2.12974346382959,-0.6486408967122478,-1.5391111817378618,-0.17783711220727022,0.09481962590246645,2.3572712025806815,2.6,1.9,0.5,0.3,0.3,0.5,0.424,2.2,1.0,0.2,0.1
1630587,Isaiah Livers,DET,23,20.4,-7.726235999064331,-2.1501596937379897,-1.3293989941574464,-1.4186837617321455,-1.180847861133238,-0.8420725756522819,-0.9846763179994391,-0.9972116871619432,-0.40982642183129503,1.5866413143414468,5.0,2.1,1.1,0.6,0.2,1.0,0.345,5.0,0.667,0.8,0.7
1631121,Bryce McGowens,CHA,59,14.9,-7.770431965228816,-2.1327898125412696,-1.4855539269089084,-1.5150835643413514,-1.8134449295974726,-0.8420725756522819,-1.428224208990177,-0.22201321504782331,-0.17476767590405676,1.843517943754525,5.1,1.7,0.9,0.4,0.2,0.6,0.439,3.9,0.776,1.4,0.5
1630647,Eugene Omoruyi,WAS,43,9.1,-7.801498436903609,-2.1848994561314297,-1.368437727345312,-1.5632834656459542,-1.180847861133238,-1.035504254592316,-1.7608851272332309,0.05058623172675996,-0.6017447203034135,1.843517943754525,4.8,2.0,0.8,0.6,0.1,0.3,0.485,3.9,0.653,1.1,0.5
1630702,Jaden Hardy,DAL,73,13.6,-7.831919618664785,-1.7506524262134278,-1.4465151937210432,-1.2258841565137337,-2.12974346382959,-1.035504254592316,-0.8737893452517544,-0.6927350222859011,-0.13529875589192614,1.4582029996349075,7.3,1.8,1.5,0.3,0.1,1.1,0.407,6.6,0.776,1.0,0.8
201988,Patty Mills,MIA,32,13.0,-7.855849611157026,-2.3238585057051906,-1.7197863260361017,-1.4186837617321455,-1.180847861133238,-1.2289359335323504,-1.2064502634948082,-0.7813475700622168,0.1605426667844994,1.843517943754525,4.0,1.1,1.1,0.6,0.0,0.8,0.351,4.1,1.0,0.3,0.5
1631108,Max Christie,LAL,67,14.1,-7.85686483988796,-2.2891187433117506,-1.3293989941574464,-1.5150835643413514,-2.12974346382959,-0.6486408967122478,-1.428224208990177,-0.27101121817320356,-0.08916169412672004,1.843517943754525,4.2,2.1,0.9,0.3,0.3,0.6,0.427,3.6,0.783,0.7,0.5
1630537,Chris Duarte,SAC,59,12.2,-7.8714330151422764,-2.3412283869019106,-1.4465151937210432,-1.611483366950557,-1.4971463953653554,-1.035504254592316,-1.3173372362424929,-0.5226414767343573,-0.07153296309531008,1.9719562584610644,3.9,1.8,0.7,0.5,0.1,0.7,0.381,3.6,0.788,0.6,0.4
1631260,AJ Green,MIL,56,11.0,-7.91096315990305,-2.23700909972159,-1.7197863260361017,-1.707883169559763,-2.446041998061707,-1.035504254592316,-0.7629023725040701,-0.2849126756540197,0.05424384835237586,2.2288328878741424,4.5,1.1,0.5,0.2,0.1,1.2,0.423,3.5,0.895,0.3,0.2
1631216,Caleb Houstan,ORL,59,13.8,-7.914010819981662,-2.27174886211503,-1.602670126472505,-1.707883169559763,-2.12974346382959,-1.035504254592316,-0.7629023725040701,-0.4710522087080132,-0.03290093536797834,2.1003945731676033,4.3,1.4,0.5,0.3,0.1,1.2,0.388,3.5,0.808,0.4,0.3
1631223,David Roddy,PHX,65,18.1,-7.925089808229393,-1.8896114757871885,-0.8999729290909259,-1.3704838604275424,-1.8134449295974726,-0.8420725756522819,-1.3173372362424929,-0.6997946489844219,-0.4221368373754345,1.3297646849283686,6.5,3.2,1.2,0.4,0.2,0.7,0.403,6.3,0.691,1.0,0.9
1641778,Leaky Black,CHA,26,10.9,-7.933755486254839,-2.549666961262552,-1.4465151937210432,-1.5150835643413514,-2.12974346382959,-0.4552092177722135,-1.7608851272332309,0.011041584369869024,-0.3165264303388711,2.2288328878741424,2.7,1.8,0.9,0.3,0.4,0.3,0.481,2.0,0.667,0.6,0.2
202083,Wesley Matthews,ATL,36,11.5,-7.93767567543941,-2.4801874364756715,-1.5636313932846395,-1.6596832682551599,-1.8134449295974726,-0.6486408967122478,-1.3173372362424929,-0.5164692417689262,-0.16711416097694407,2.2288328878741424,3.1,1.5,0.6,0.4,0.3,0.7,0.351,2.7,0.75,0.7,0.2
1631207,Dalen Terry,CHI,59,11.5,-7.946662232435985,-2.4801874364756715,-1.4074764605331775,-1.2740840578183368,-1.4971463953653554,-0.6486408967122478,-1.7608851272332309,-0.15543452296379226,-0.5663252790886972,1.843517943754525,3.1,1.9,1.4,0.5,0.3,0.3,0.439,2.7,0.581,0.7,0.5
1630346,Matt Ryan,NOP,28,13.9,-7.947371534967717,-2.080680168951109,-1.602670126472505,-1.6596832682551599,-2.446041998061707,-1.2289359335323504,-0.4302414542610164,-0.2579515672337092,0.17219166745839448,1.5866413143414468,5.4,1.4,0.6,0.2,0.0,1.5,0.434,4.0,0.929,0.5,0.7
1641710,Anthony Black,ORL,69,16.9,-8.009827159747633,-2.21963921852487,-1.368437727345312,-1.3222839591229398,-1.4971463953653554,-0.6486408967122478,-1.5391111817378618,-0.05767252069744249,-0.8150982598765114,1.4582029996349075,4.6,2.0,1.3,0.5,0.3,0.5,0.466,3.6,0.613,1.2,0.8
1630611,Gui Santos,GSW,23,8.4,-8.013017634548516,-2.393338030492071,-1.3293989941574464,-1.6596832682551599,-2.446041998061707,-1.035504254592316,-1.6499981544855464,0.11648722395983535,0.2840652683682915,2.1003945731676033,3.6,2.1,0.6,0.2,0.1,0.4,0.509,2.4,0.941,0.7,0.3
203458,Alex Len,SAC,48,9.3,-8.035819129754959,-2.584406723655992,-1.0951665950302534,-1.4668836630367483,-2.446041998061707,0.12508581904788896,-2.0935460454762844,0.3598503547427381,-0.549789907332589,1.7150796290479857,2.5,2.7,1.0,0.2,0.7,0.0,0.617,1.7,0.588,0.7,0.6
1630579,Jericho Sims,NYK,45,13.0,-8.09730345607365,-2.6712561296395925,-0.8609341959030605,-1.6596832682551599,-2.446041998061707,-0.4552092177722135,-2.0935460454762844,0.3872875751659622,-0.2698764345926592,1.9719562584610644,2.0,3.3,0.6,0.2,0.4,0.0,0.691,1.2,0.667,0.5,0.4
1630192,Zeke Nnaji,DEN,58,9.9,-8.124385144765109,-2.4628175552789515,-1.290360260969581,-1.6596832682551599,-2.12974346382959,0.12508581904788896,-1.9826590727286,-0.05506909974534033,-0.5126561867603003,1.843517943754525,3.2,2.2,0.6,0.3,0.7,0.1,0.463,2.6,0.677,1.1,0.5
1630322,Lindy Waters III,OKC,38,7.4,-8.128116748505319,-2.393338030492071,-1.7197863260361017,-1.6596832682551599,-2.7623405322938246,-0.8420725756522819,-0.9846763179994391,-0.024149170671016462,0.029096585020433444,2.2288328878741424,3.6,1.1,0.6,0.1,0.2,1.0,0.471,2.7,1.0,0.1,0.2
1629004,Svi Mykhailiuk,BOS,41,10.1,-8.196631656622246,-2.3238585057051906,-1.680747592848236,-1.5150835643413514,-2.12974346382959,-1.2289359335323504,-0.9846763179994391,-0.30405440417967006,-0.12992644735402342,2.1003945731676033,4.0,1.2,0.9,0.3,0.0,1.0,0.416,3.3,0.667,0.2,0.3
1631104,Blake Wesley,SAS,61,14.4,-8.19691096526651,-2.25437898091831,-1.5636313932846395,-0.6474853408584988,-1.4971463953653554,-1.035504254592316,-1.8717720999809155,-0.013680784632486107,-0.6430764005623546,1.3297646849283686,4.4,1.5,2.7,0.5,0.1,0.2,0.474,3.5,0.667,1.3,0.9
1630550,JT Thor,CHA,63,12.4,-8.214806541710029,-2.4628175552789515,-1.2513215277817156,-1.707883169559763,-2.446041998061707,-0.4552092177722135,-1.6499981544855464,-0.1753441087196736,-0.29502369792460165,2.2288328878741424,3.2,2.3,0.5,0.2,0.4,0.4,0.437,2.9,0.55,0.3,0.2
1631288,Jamal Cain,MIA,26,10.0,-8.25712006397868,-2.375968149295351,-1.602670126472505,-1.7560830708643658,-1.8134449295974726,-0.8420725756522819,-1.6499981544855464,-0.21310586857629255,-0.10417176220246874,2.1003945731676033,3.7,1.4,0.4,0.4,0.2,0.4,0.43,3.0,0.783,0.9,0.3
1629003,Shake Milton,NYK,48,12.1,-8.312998412692084,-2.23700909972159,-1.524592660096774,-1.3222839591229398,-1.8134449295974726,-1.035504254592316,-1.6499981544855464,-0.44492885481197825,-0.00031612931145198205,1.7150796290479857,4.5,1.6,1.3,0.4,0.1,0.4,0.405,4.1,0.816,1.0,0.6
1630558,Davion Mitchell,SAC,72,15.3,-8.326967142885644,-2.0980500501478296,-1.6417088596603706,-1.0330845512953222,-2.446041998061707,-1.2289359335323504,-1.2064502634948082,-0.16641143714160503,-0.2213636785996368,1.7150796290479857,5.3,1.3,1.9,0.2,0.0,0.8,0.452,4.5,0.714,0.6,0.6
1630699,MarJon Beauchamp,MIL,48,12.7,-8.353308070660287,-2.25437898091831,-1.3293989941574464,-1.6596832682551599,-2.12974346382959,-1.035504254592316,-1.428224208990177,0.060775028589111414,-0.2922295575543857,1.7150796290479857,4.4,2.1,0.6,0.3,0.1,0.6,0.488,3.5,0.679,0.6,0.6
202397,Ish Smith,CHA,43,17.2,-8.362388951768848,-2.4628175552789515,-1.4465151937210432,-0.3100860317262786,-1.8134449295974726,-1.035504254592316,-1.9826590727286,-0.3289824130471133,-0.055267556592363064,1.0728880555152902,3.2,1.8,3.4,0.4,0.1,0.1,0.418,3.7,0.75,0.1,1.1
1631221,Collin Gillespie,DEN,24,9.4,-8.37535568627295,-2.393338030492071,-1.7978637924118326,-1.4186837617321455,-1.4971463953653554,-1.2289359335323504,-1.428224208990177,-0.05636675820434532,-0.2698764345926592,1.7150796290479857,3.6,0.9,1.1,0.5,0.0,0.6,0.464,2.9,0.667,0.5,0.6
1630231,KJ Martin,PHI,60,12.4,-8.376235346217822,-2.375968149295351,-1.290360260969581,-1.5150835643413514,-1.8134449295974726,-0.8420725756522819,-1.9826590727286,0.2700971641679523,-0.6702619015556623,1.843517943754525,3.7,2.2,0.9,0.4,0.2,0.1,0.536,3.0,0.537,0.7,0.5
1629642,Nassir Little,PHX,45,10.2,-8.39619007528082,-2.428077792885511,-1.4855539269089084,-1.707883169559763,-2.446041998061707,-0.8420725756522819,-1.5391111817378618,-0.07163577143821116,0.02379176779582081,2.1003945731676033,3.4,1.7,0.5,0.2,0.2,0.5,0.46,2.8,0.85,0.4,0.3
1627745,Damian Jones,CLE,39,6.9,-8.429935668959724,-2.549666961262552,-1.524592660096774,-1.7560830708643658,-2.446041998061707,-0.6486408967122478,-1.9826590727286,0.32664711406295166,0.05070730353596742,2.1003945731676033,2.7,1.6,0.4,0.2,0.3,0.1,0.597,1.8,0.857,0.5,0.3
1630264,Anthony Gill,WAS,50,9.3,-8.449762509225538,-2.3585982680986306,-1.4074764605331775,-1.611483366950557,-2.12974346382959,-0.8420725756522819,-1.8717720999809155,-0.03730303100683209,-0.03483118692807904,1.843517943754525,3.8,1.9,0.7,0.3,0.2,0.2,0.469,3.2,0.806,0.7,0.5
1641733,Nick Smith Jr.,CHA,51,14.3,-8.46495108072126,-1.993830762967509,-1.602670126472505,-1.3704838604275424,-2.446041998061707,-1.035504254592316,-0.7629023725040701,-0.7376182021009935,0.02589749677047621,1.4582029996349075,5.9,1.4,1.2,0.2,0.1,1.2,0.391,5.7,0.867,0.3,0.8
1641723,Kobe Bufkin,ATL,17,11.5,-8.47923488036819,-2.1848994561314297,-1.4074764605331775,-1.177684255209131,-1.8134449295974726,-0.6486408967122478,-1.5391111817378618,-0.8714046619154583,-0.5516526675793996,1.7150796290479857,4.8,1.9,1.6,0.4,0.3,0.5,0.37,5.4,0.5,0.5,0.6
1627863,Danuel House Jr.,PHI,34,15.0,-8.502690592333362,-2.2891187433117506,-1.4855539269089084,-1.5632834656459542,-1.8134449295974726,-1.035504254592316,-1.6499981544855464,-0.1352331919805937,-0.24563355485880586,1.7150796290479857,4.2,1.7,0.8,0.4,0.1,0.4,0.448,3.1,0.761,1.4,0.6
203493,Reggie Bullock Jr.,HOU,44,9.5,-8.507956981452528,-2.6365163672461525,-1.4855539269089084,-1.8042829721689688,-2.12974346382959,-1.035504254592316,-1.428224208990177,-0.18033821972895892,-0.03662645586159957,2.2288328878741424,2.2,1.7,0.3,0.3,0.1,0.6,0.415,1.9,1.0,0.0,0.2
1631172,Ousmane Dieng,OKC,33,11.1,-8.516585367888572,-2.3238585057051906,-1.5636313932846395,-1.4186837617321455,-2.446041998061707,-0.8420725756522819,-1.428224208990177,-0.2902309480269909,0.08107839451657418,1.7150796290479857,4.0,1.5,1.1,0.2,0.2,0.6,0.422,3.5,0.875,0.5,0.6
202066,Garrett Temple,TOR,27,10.7,-8.51726461217094,-2.445447674082231,-1.4855539269089084,-1.4668836630367483,-1.8134449295974726,-1.035504254592316,-1.6499981544855464,-0.4617710636639822,-0.0021788895582625185,1.843517943754525,3.3,1.7,1.0,0.4,0.1,0.4,0.372,2.9,0.818,0.8,0.5
201580,JaVale McGee,SAC,46,7.4,-8.536314915967035,-2.3238585057051906,-1.0951665950302534,-1.7560830708643658,-2.12974346382959,-0.4552092177722135,-2.0935460454762844,0.5341134258346906,-0.8034627574652746,1.5866413143414468,4.0,2.7,0.4,0.3,0.4,0.0,0.598,2.9,0.578,1.0,0.7
1641741,Ricky Council IV,PHI,32,9.0,-8.618639584391538,-2.080680168951109,-1.602670126472505,-1.707883169559763,-2.12974346382959,-1.2289359335323504,-1.6499981544855464,0.028865394351283907,-0.476426849786101,2.2288328878741424,5.4,1.4,0.5,0.3,0.0,0.4,0.482,3.5,0.746,2.2,0.2
1631173,Terquavion Smith,PHI,16,5.3,-8.623855139605077,-2.445447674082231,-2.0320961915390257,-1.5632834656459542,-1.4971463953653554,-1.2289359335323504,-1.2064502634948082,-0.37804626144949194,-0.24440521295692377,1.9719562584610644,3.3,0.3,0.8,0.5,0.0,0.8,0.391,2.9,0.6,0.3,0.4
1641748,Andre Jackson Jr.,MIL,57,10.0,-8.630742922242009,-2.6365163672461525,-1.368437727345312,-1.5150835643413514,-2.12974346382959,-1.035504254592316,-1.7608851272332309,0.0613412979713004,-0.08943165937988114,1.843517943754525,2.2,2.0,0.9,0.3,0.1,0.3,0.5,1.8,0.727,0.2,0.5
1631311,Lester Quinones,GSW,37,10.7,-8.66904332865411,-2.25437898091831,-1.4074764605331775,-1.4668836630367483,-2.446041998061707,-1.035504254592316,-1.0955632907471236,-0.45897821091497604,-0.34773441360427704,1.843517943754525,4.4,1.9,1.0,0.2,0.1,0.9,0.397,3.8,0.69,0.8,0.5
1631115,Orlando Robinson,MIA,36,8.4,-8.689780276178226,-2.5322970800658315,-1.2513215277817156,-1.5150835643413514,-2.446041998061707,-0.8420725756522819,-1.8717720999809155,0.06878282727641404,-0.14349220132536103,1.843517943754525,2.8,2.3,0.9,0.2,0.2,0.2,0.5,2.0,0.76,0.7,0.5
1630526,Jeremiah Robinson-Earl,NOP,39,8.6,-8.706805587932251,-2.5149271988691115,-1.4074764605331775,-1.707883169559763,-2.12974346382959,-1.035504254592316,-1.7608851272332309,-0.011151312991474682,-0.11119085878465358,1.9719562584610644,2.9,1.9,0.5,0.3,0.1,0.3,0.474,2.4,0.75,0.4,0.4
201599,DeAndre Jordan,DEN,36,11.0,-8.710202968375116,-2.3412283869019106,-0.4315081308365397,-1.611483366950557,-2.446041998061707,-0.4552092177722135,-2.0935460454762844,0.5809962760620208,-1.6272617274859098,1.7150796290479857,3.9,4.4,0.7,0.2,0.4,0.0,0.624,2.6,0.491,1.5,0.6
1631254,Kenneth Lofton Jr.,UTA,21,9.4,-8.720574921395563,-2.21963921852487,-1.4465151937210432,-1.177684255209131,-2.12974346382959,-0.8420725756522819,-1.7608851272332309,-0.08160677238433617,-0.6490696291825278,1.5866413143414468,4.6,1.8,1.6,0.3,0.2,0.3,0.462,3.7,0.654,1.2,0.7
1630641,Ibou Badji,POR,22,10.3,-8.739831035639588,-2.758105535623193,-1.2513215277817156,-1.6596832682551599,-2.7623405322938246,0.5119491769279575,-2.0935460454762844,0.23822805010058565,-0.5516526675793996,1.5866413143414468,1.5,2.3,0.6,0.1,0.9,0.0,0.636,1.0,0.5,0.5,0.7
1641712,Rayan Rupert,POR,39,16.2,-8.74746036619239,-2.3238585057051906,-1.2122827945938501,-1.177684255209131,-2.12974346382959,-1.035504254592316,-1.3173372362424929,-0.8810271893956205,-0.1282256662591094,1.4582029996349075,4.0,2.4,1.6,0.3,0.1,0.7,0.335,4.1,0.76,0.6,0.8
201959,Taj Gibson,DET,20,10.2,-8.754153473574805,-2.723365773229753,-1.4074764605331775,-1.6596832682551599,-2.446041998061707,-0.4552092177722135,-1.9826590727286,-0.2092088411822313,0.029096585020433444,2.1003945731676033,1.7,1.9,0.6,0.2,0.4,0.1,0.405,1.9,1.0,0.1,0.3
1630207,Nate Hinton,HOU,15,5.0,-8.786669800515684,-2.6365163672461525,-1.5636313932846395,-1.611483366950557,-2.446041998061707,-1.035504254592316,-1.5391111817378618,-0.14128285343038108,-0.04193127308621212,2.2288328878741424,2.2,1.5,0.7,0.2,0.1,0.5,0.423,1.7,0.8,0.3,0.2
1641877,Nathan Mensah,CHA,25,12.3,-8.789197434830156,-2.792845298016633,-1.134205328218119,-1.7560830708643658,-2.446041998061707,-0.06834585989214519,-2.0935460454762844,-0.08337750383347009,-0.12983195951541707,1.7150796290479857,1.3,2.6,0.4,0.2,0.6,0.0,0.429,1.1,0.75,0.5,0.6
1630235,Trent Forrest,ATL,38,10.9,-8.826888169644604,-2.6365163672461525,-1.6417088596603706,-0.7920850447723077,-2.12974346382959,-1.035504254592316,-1.9826590727286,-0.3612455857722104,-0.09094346479758239,1.843517943754525,2.2,1.3,2.4,0.3,0.1,0.1,0.378,2.4,0.765,0.4,0.5
1631098,Johnny Davis,WAS,50,12.3,-8.834731297920898,-2.4975573176723915,-1.602670126472505,-1.6596832682551599,-1.8134449295974726,-0.8420725756522819,-1.7608851272332309,-0.3472043337033047,-0.41160819250215747,2.1003945731676033,3.0,1.4,0.6,0.4,0.2,0.3,0.403,3.1,0.583,0.5,0.3
1629685,Dylan Windler,ATL,17,6.4,-8.857694468953586,-2.584406723655992,-1.7978637924118326,-1.6596832682551599,-2.7623405322938246,-1.2289359335323504,-1.2064502634948082,0.0613412979713004,-0.03662645586159957,2.3572712025806815,2.5,0.9,0.6,0.1,0.0,0.8,0.5,1.8,0.0,0.0,0.1
1641738,Kobe Brown,LAC,44,9.0,-8.86922524855883,-2.6712561296395925,-1.602670126472505,-1.6596832682551599,-2.12974346382959,-1.035504254592316,-1.7608851272332309,-0.2016893105489809,-0.03662645586159957,2.2288328878741424,2.0,1.4,0.6,0.3,0.1,0.3,0.411,2.0,0.5,0.0,0.2
1631124,Julian Strawther,DEN,50,10.9,-8.908245236838805,-2.23700909972159,-1.680747592848236,-1.5150835643413514,-2.12974346382959,-1.035504254592316,-1.2064502634948082,-0.7177623055709726,-0.2294626361944653,1.843517943754525,4.5,1.2,0.9,0.3,0.1,0.8,0.369,4.4,0.71,0.6,0.5
1627788,Furkan Korkmaz,PHI,35,8.6,-8.916798298742222,-2.584406723655992,-1.7978637924118326,-1.611483366950557,-1.8134449295974726,-1.035504254592316,-1.6499981544855464,-0.27478162003457457,-0.24971003018153642,2.1003945731676033,2.5,0.9,0.7,0.4,0.1,0.4,0.395,2.2,0.7,0.6,0.3
203488,Mike Muscala,OKC,53,11.3,-8.943591188633762,-2.4975573176723915,-1.2122827945938501,-1.611483366950557,-2.446041998061707,-0.8420725756522819,-1.5391111817378618,-0.5190564546528439,-0.2479417577733321,1.9719562584610644,3.0,2.4,0.7,0.2,0.2,0.5,0.359,2.9,0.68,0.5,0.4
1629139,Yuta Watanabe,MEM,34,13.7,-9.008276177079875,-2.428077792885511,-1.524592660096774,-1.7560830708643658,-1.8134449295974726,-0.8420725756522819,-1.3173372362424929,-0.6385757624480844,-0.4031717783408778,1.7150796290479857,3.4,1.6,0.4,0.4,0.2,0.7,0.353,3.4,0.588,0.5,0.6
1631262,Jules Bernard,WAS,19,7.9,-9.024104600250308,-2.3412283869019106,-1.602670126472505,-1.5632834656459542,-2.446041998061707,-1.035504254592316,-1.428224208990177,-0.12194358907373468,-0.4571648289730674,1.9719562584610644,3.9,1.4,0.8,0.2,0.1,0.6,0.453,3.4,0.556,0.5,0.4
1631303,Justin Minaya,POR,34,11.2,-9.10959644018283,-2.7059958920330325,-1.524592660096774,-1.6596832682551599,-2.12974346382959,-0.6486408967122478,-1.6499981544855464,-0.6023871982096035,-0.28894947972848023,2.1003945731676033,1.8,1.6,0.6,0.3,0.3,0.4,0.297,2.2,0.556,0.3,0.3
1629052,Oshae Brissett,BOS,55,11.5,-9.115623532946827,-2.375968149295351,-1.0170891286545225,-1.5632834656459542,-2.12974346382959,-1.035504254592316,-1.7608851272332309,-0.13970965781224318,-1.0653965443446851,1.9719562584610644,3.7,2.9,0.8,0.3,0.1,0.3,0.444,2.8,0.602,1.5,0.4
1630846,Olivier Sarr,OKC,15,6.5,-9.130690477762338,-2.619146486049432,-1.2122827945938501,-1.9006827747781745,-3.078639066525942,-0.26177753883217936,-1.9826590727286,0.1987907811954153,-0.5031264133237189,2.2288328878741424,2.3,2.4,0.1,0.0,0.5,0.1,0.579,1.3,0.667,1.0,0.2
1630568,Luka Garza,MIN,25,4.9,-9.262686513071719,-2.3238585057051906,-1.680747592848236,-1.8524828734735717,-2.446041998061707,-1.2289359335323504,-1.6499981544855464,0.014820090265332276,-0.3242744331045905,2.2288328878741424,4.0,1.2,0.2,0.2,0.0,0.4,0.48,3.0,0.72,1.0,0.2
1630240,Saben Lee,PHX,24,7.7,-9.27169873064205,-2.4975573176723915,-1.6417088596603706,-1.3222839591229398,-2.12974346382959,-1.035504254592316,-1.9826590727286,-0.39535647827031717,-0.3672798979331295,2.1003945731676033,3.0,1.3,1.3,0.3,0.1,0.1,0.364,2.3,0.744,1.6,0.3
1630527,Brandon Boston,LAC,32,10.8,-9.317121922526608,-2.1154199313445496,-1.524592660096774,-1.7560830708643658,-2.12974346382959,-0.6486408967122478,-1.6499981544855464,-0.5489573014400805,-0.4018894433883633,1.4582029996349075,5.2,1.6,0.4,0.3,0.3,0.4,0.404,5.0,0.697,1.0,0.8
1629643,Chuma Okeke,ORL,47,9.2,-9.33454733497711,-2.619146486049432,-1.4855539269089084,-1.7560830708643658,-2.446041998061707,-1.035504254592316,-1.5391111817378618,-0.4378287079429964,-0.11567228198712538,2.1003945731676033,2.3,1.7,0.4,0.2,0.1,0.5,0.357,2.4,0.571,0.1,0.3
1641765,Olivier-Maxence Prosper,DAL,40,8.4,-9.35163516407672,-2.4975573176723915,-1.368437727345312,-1.6596832682551599,-2.446041998061707,-1.035504254592316,-1.7608851272332309,-0.3632249960992172,-0.44913336269152904,2.2288328878741424,3.0,2.0,0.6,0.2,0.1,0.3,0.385,2.6,0.683,1.0,0.2
1630184,Kira Lewis Jr.,UTA,28,9.4,-9.352964193198213,-2.4628175552789515,-1.7978637924118326,-1.3222839591229398,-2.12974346382959,-1.035504254592316,-1.9826590727286,-0.5347154745273943,0.06910543553888608,1.843517943754525,3.2,0.9,1.3,0.3,0.1,0.1,0.37,3.3,0.85,0.7,0.5
202709,Cory Joseph,GSW,26,11.4,-9.359351230524236,-2.601776604852712,-1.680747592848236,-1.177684255209131,-2.446041998061707,-1.035504254592316,-1.5391111817378618,-0.4482393527386203,-0.273763934238177,1.843517943754525,2.4,1.2,1.6,0.2,0.1,0.5,0.359,2.5,0.571,0.3,0.5
1631159,Leonard Miller,MIN,17,3.1,-9.362333030211062,-2.723365773229753,-1.680747592848236,-1.707883169559763,-2.7623405322938246,-1.035504254592316,-1.9826590727286,0.31252786066590926,-0.13963169820515958,2.3572712025806815,1.7,1.2,0.5,0.1,0.1,0.1,0.65,1.2,0.5,0.1,0.1
1631169,Josh Minott,MIN,32,2.9,-9.390804095442931,-2.740735654426473,-1.9540187251632946,-1.8042829721689688,-2.446041998061707,-0.8420725756522819,-1.9826590727286,-0.01150485147874441,0.03324055165645403,2.3572712025806815,1.6,0.5,0.3,0.2,0.2,0.1,0.472,1.1,0.857,0.4,0.1
1630639,A.J. Lawson,DAL,42,7.4,-9.42435579336433,-2.4628175552789515,-1.680747592848236,-1.707883169559763,-2.446041998061707,-1.035504254592316,-1.7608851272332309,-0.13568499188123084,-0.2951856770764982,2.1003945731676033,3.2,1.2,0.5,0.2,0.1,0.3,0.446,2.9,0.652,0.5,0.3
202693,Markieff Morris,DAL,26,8.3,-9.440773447613223,-2.584406723655992,-1.5636313932846395,-1.6596832682551599,-2.446041998061707,-1.035504254592316,-1.428224208990177,-0.5489086772355275,-0.017890867292229717,1.843517943754525,2.5,1.5,0.6,0.2,0.1,0.6,0.338,2.6,0.833,0.2,0.5
1630678,Terry Taylor,CHI,31,6.1,-9.450254406088881,-2.758105535623193,-1.680747592848236,-1.8042829721689688,-2.446041998061707,-1.035504254592316,-1.9826590727286,0.06841713273800602,-0.04016300067800794,2.2288328878741424,1.5,1.2,0.3,0.2,0.1,0.1,0.513,1.3,0.8,0.2,0.2
203925,Joe Harris,DET,16,10.6,-9.47790506264939,-2.601776604852712,-1.8369025255996982,-1.6596832682551599,-2.446041998061707,-1.035504254592316,-1.428224208990177,-0.43053507726006435,-0.13963169820515958,2.1003945731676033,2.4,0.8,0.6,0.2,0.1,0.6,0.359,2.4,0.5,0.1,0.3
1630556,Kessler Edwards,SAC,54,5.1,-9.487224341665247,-2.723365773229753,-1.8369025255996982,-1.8042829721689688,-2.446041998061707,-1.035504254592316,-1.6499981544855464,-0.14355806100175128,-0.20484180510618671,2.3572712025806815,1.7,0.8,0.3,0.2,0.1,0.4,0.415,1.5,0.556,0.2,0.1
1629667,Jalen McDaniels,TOR,50,10.8,-9.549160353655335,-2.428077792885511,-1.524592660096774,-1.611483366950557,-1.8134449295974726,-1.035504254592316,-1.8717720999809155,-0.7650067983196647,-0.21435808028011014,1.7150796290479857,3.4,1.6,0.7,0.4,0.1,0.2,0.344,3.8,0.73,0.7,0.6
1630643,Jay Huff,DEN,20,2.5,-9.570001203464933,-2.810215179213353,-1.9149799919754293,-1.9006827747781745,-2.7623405322938246,-0.8420725756522819,-1.8717720999809155,0.14569416282793204,0.029096585020433444,2.3572712025806815,1.2,0.6,0.1,0.1,0.2,0.2,0.6,0.8,1.0,0.1,0.1
202684,Tristan Thompson,CLE,49,11.2,-9.590175459793324,-2.445447674082231,-0.7438179963394639,-1.4668836630367483,-2.446041998061707,-0.6486408967122478,-2.0935460454762844,0.4957560194722991,-1.9566328346049255,1.7150796290479857,3.3,3.6,1.0,0.2,0.3,0.0,0.613,2.4,0.288,1.1,0.6
1641763,Julian Phillips,CHI,40,8.1,-9.60591204363451,-2.6365163672461525,-1.7978637924118326,-1.8042829721689688,-2.446041998061707,-0.8420725756522819,-1.7608851272332309,-0.17745115758363167,-0.24119262644430836,2.1003945731676033,2.2,0.9,0.3,0.2,0.2,0.3,0.416,1.9,0.684,0.5,0.3
1641931,Onuralp Bitim,CHI,23,11.7,-9.615226855407306,-2.410707911688791,-1.602670126472505,-1.6596832682551599,-2.7623405322938246,-1.035504254592316,-1.5391111817378618,-0.5370028381499028,-0.04016300067800794,1.9719562584610644,3.5,1.4,0.6,0.1,0.1,0.5,0.381,3.7,0.8,0.2,0.4
1629677,Luka Samanic,UTA,43,9.4,-9.717167514868276,-2.3064886245084706,-1.2122827945938501,-1.7560830708643658,-2.7623405322938246,-0.8420725756522819,-1.7608851272332309,-0.5426250118013295,-0.12103109226236988,1.5866413143414468,4.1,2.4,0.4,0.1,0.2,0.3,0.38,3.7,0.786,1.3,0.7
203469,Cody Zeller,NOP,43,7.4,-9.72905179144221,-2.7059958920330325,-1.134205328218119,-1.5150835643413514,-2.446041998061707,-1.035504254592316,-2.0935460454762844,-0.12585378552319534,-0.6447771816572689,1.9719562584610644,1.8,2.6,0.9,0.2,0.1,0.0,0.419,1.4,0.605,0.9,0.4
1630177,Theo Maledon,PHX,17,12.5,-9.756341649315727,-2.410707911688791,-1.602670126472505,-1.177684255209131,-1.8134449295974726,-1.2289359335323504,-1.7608851272332309,-1.1862960236041704,0.35139460250663246,1.0728880555152902,3.5,1.4,1.6,0.4,0.0,0.3,0.286,4.1,0.933,0.9,1.1
1641732,Colby Jones,SAC,30,6.4,-9.768259331912164,-2.6538862484428725,-1.6417088596603706,-1.611483366950557,-2.446041998061707,-0.8420725756522819,-1.9826590727286,-0.30289654030875435,-0.38790524327462605,2.1003945731676033,2.1,1.3,0.7,0.2,0.2,0.1,0.394,2.4,0.545,0.4,0.3
1631466,Nate Williams,HOU,22,5.9,-9.864817450159038,-2.5149271988691115,-1.7588250592239671,-1.8042829721689688,-2.446041998061707,-1.2289359335323504,-1.9826590727286,0.2197397093236145,-0.5777178127720891,2.2288328878741424,2.9,1.0,0.3,0.2,0.0,0.1,0.54,2.3,0.538,0.6,0.2
1631306,Cole Swider,MIA,18,4.8,-9.904050636532599,-2.619146486049432,-1.99305745835116,-1.8042829721689688,-2.7623405322938246,-1.035504254592316,-1.428224208990177,-0.2625475675682177,0.029096585020433444,1.9719562584610644,2.3,0.4,0.3,0.1,0.1,0.6,0.395,2.1,1.0,0.1,0.4
1630658,Colin Castleton,LAL,16,3.7,-9.949910766993918,-2.758105535623193,-1.8369025255996982,-1.8524828734735717,-2.7623405322938246,-1.2289359335323504,-2.0935460454762844,0.12730408346432814,0.22626570766653248,2.2288328878741424,1.5,0.8,0.2,0.1,0.0,0.0,0.563,1.0,1.0,0.4,0.2
1630296,Braxton Key,DEN,20,3.0,-9.96024602837047,-2.827585060410073,-1.7978637924118326,-1.707883169559763,-2.7623405322938246,-1.035504254592316,-1.9826590727286,-0.09249049017008901,-0.11119085878465358,2.3572712025806815,1.1,0.9,0.5,0.1,0.1,0.1,0.412,0.9,0.75,0.4,0.1
1629618,Jalen Pickett,DEN,27,4.5,-10.062585387018583,-2.740735654426473,-1.9540187251632946,-1.5632834656459542,-2.7623405322938246,-1.2289359335323504,-1.7608851272332309,-0.09751296529869692,-0.055267556592363064,2.1003945731676033,1.6,0.5,0.8,0.1,0.0,0.3,0.429,1.3,0.75,0.1,0.3
201577,Robin Lopez,MIL,16,4.0,-10.066341719672455,-2.827585060410073,-2.0320961915390257,-1.8042829721689688,-2.7623405322938246,-0.8420725756522819,-1.9826590727286,-0.20167310248079645,0.029096585020433444,2.3572712025806815,1.1,0.3,0.3,0.1,0.2,0.1,0.368,1.2,1.0,0.1,0.1
1630227,Daishen Nix,MIN,15,3.3,-10.140145801329322,-2.7059958920330325,-2.0711349247268913,-1.7560830708643658,-2.12974346382959,-1.2289359335323504,-1.6499981544855464,-0.2500015097893131,-0.44864742523583956,2.1003945731676033,1.8,0.2,0.4,0.3,0.0,0.4,0.375,1.6,0.5,0.4,0.3
1628962,Udoka Azubuike,PHX,16,7.1,-10.191602322650766,-2.6365163672461525,-1.368437727345312,-1.8524828734735717,-2.7623405322938246,-0.4552092177722135,-2.0935460454762844,0.4634107934020187,-1.5868749256130321,2.1003945731676033,2.2,2.0,0.2,0.1,0.4,0.0,0.696,1.4,0.231,0.8,0.3
1631111,Wendell Moore Jr.,MIN,25,3.0,-10.259470842098441,-2.8970645851969534,-1.9540187251632946,-1.8524828734735717,-2.446041998061707,-1.2289359335323504,-2.0935460454762844,0.0204128867931753,-0.03662645586159957,2.2288328878741424,0.7,0.5,0.2,0.2,0.0,0.0,0.5,0.7,0.0,0.0,0.2
1641753,Chris Livingston,MIL,21,4.3,-10.31984621191149,-2.810215179213353,-1.7588250592239671,-1.8524828734735717,-2.7623405322938246,-1.2289359335323504,-2.0935460454762844,0.03157518075084578,-0.07390865732312657,2.2288328878741424,1.2,1.0,0.2,0.1,0.0,0.0,0.5,1.0,0.75,0.2,0.2
1641816,Hunter Tyson,DEN,18,2.7,-10.356540137186673,-2.827585060410073,-1.9540187251632946,-1.9006827747781745,-2.7623405322938246,-1.2289359335323504,-1.8717720999809155,-0.13184975774712226,-0.03662645586159957,2.3572712025806815,1.1,0.5,0.1,0.1,0.0,0.2,0.4,1.1,0.0,0.0,0.1
1628385,Harry Giles III,LAL,23,4.3,-10.363087741840172,-2.601776604852712,-1.6417088596603706,-1.8042829721689688,-2.7623405322938246,-1.035504254592316,-1.9826590727286,-0.05749220593889216,-0.5777178127720891,2.1003945731676033,2.4,1.3,0.3,0.1,0.1,0.1,0.46,2.2,0.538,0.6,0.3
1641724,Jett Howard,ORL,18,3.7,-10.373490410441704,-2.740735654426473,-1.99305745835116,-1.8042829721689688,-2.7623405322938246,-1.035504254592316,-1.6499981544855464,-0.3737673314488384,-0.24263694054871957,2.2288328878741424,1.6,0.4,0.3,0.1,0.1,0.4,0.333,1.7,0.5,0.2,0.2
203648,Thanasis Antetokounmpo,MIL,34,4.6,-10.401777715865501,-2.8623248228035134,-1.99305745835116,-1.707883169559763,-2.446041998061707,-1.035504254592316,-2.0935460454762844,0.07298375594893072,-0.3083599814307526,1.9719562584610644,0.9,0.4,0.5,0.2,0.1,0.0,0.533,0.9,0.0,0.1,0.4
1631100,AJ Griffin,ATL,20,8.5,-10.419313917494131,-2.601776604852712,-1.7978637924118326,-1.8042829721689688,-2.7623405322938246,-1.035504254592316,-1.5391111817378618,-0.8794874229181129,0.029096585020433444,1.9719562584610644,2.4,0.9,0.3,0.1,0.1,0.5,0.29,3.1,1.0,0.1,0.4
1629650,Moses Brown,POR,22,9.1,-10.532137085147346,-2.428077792885511,-0.6267017967758675,-1.8042829721689688,-2.446041998061707,-0.6486408967122478,-2.0935460454762844,0.14245862721664232,-2.4708221540379265,1.843517943754525,3.4,3.9,0.3,0.2,0.3,0.0,0.508,3.0,0.29,1.4,0.5
1630314,Brandon Williams,DAL,17,6.6,-10.553564755015692,-2.4628175552789515,-1.8369025255996982,-1.4668836630367483,-2.7623405322938246,-1.035504254592316,-1.8717720999809155,-0.5186826560803437,-0.5706177266139562,1.9719562584610644,3.2,0.8,1.0,0.1,0.1,0.2,0.37,3.2,0.647,1.0,0.4
1641734,Emoni Bates,CLE,15,8.9,-10.68504803230612,-2.549666961262552,-1.7978637924118326,-1.611483366950557,-2.7623405322938246,-1.035504254592316,-1.3173372362424929,-0.8556352245764021,-0.598734607730669,1.843517943754525,2.7,0.9,0.7,0.1,0.1,0.7,0.306,3.3,0.25,0.3,0.5
1629678,Admiral Schofield,ORL,23,3.7,-10.812718125434438,-2.827585060410073,-1.8759412587875635,-1.8042829721689688,-3.078639066525942,-1.2289359335323504,-1.7608851272332309,-0.15692161321970102,-0.3083599814307526,2.2288328878741424,1.1,0.7,0.3,0.0,0.0,0.3,0.385,1.1,0.0,0.1,0.2
1627853,Ryan Arcidiacono,NYK,20,2.3,-10.850767980640779,-3.018653753573994,-1.99305745835116,-1.8524828734735717,-2.7623405322938246,-1.2289359335323504,-2.0935460454762844,-0.22239613065867686,-0.03662645586159957,2.3572712025806815,0.0,0.4,0.2,0.1,0.0,0.0,0.0,0.3,0.0,0.0,0.1
1631112,Kendall Brown,IND,15,4.2,-10.914727845333207,-2.775475416819913,-2.0320961915390257,-1.8042829721689688,-3.078639066525942,-1.2289359335323504,-2.0935460454762844,0.0817188916960033,-0.3407423135474083,2.3572712025806815,1.4,0.3,0.3,0.0,0.0,0.0,0.533,1.0,0.625,0.5,0.1
1629010,Jerome Robinson,GSW,22,3.7,-11.052225222743163,-2.775475416819913,-2.0320961915390257,-1.8524828734735717,-3.078639066525942,-1.035504254592316,-1.9826590727286,-0.3304573472518836,-0.3221822023925931,2.3572712025806815,1.4,0.3,0.2,0.0,0.1,0.1,0.333,1.5,0.636,0.5,0.1
1629610,DaQuan Jeffries,NYK,17,2.7,-11.084195614025642,-2.8796947040002334,-2.0320961915390257,-1.8042829721689688,-3.078639066525942,-1.035504254592316,-1.9826590727286,-0.19179225891394663,-0.3083599814307526,2.2288328878741424,0.8,0.3,0.3,0.0,0.1,0.1,0.353,1.0,0.0,0.1,0.2
1641721,Maxwell Lewis,LAL,34,3.0,-11.262841097937827,-2.966544109983834,-2.110173657914757,-1.8524828734735717,-2.7623405322938246,-1.2289359335323504,-2.0935460454762844,-0.26593606682299636,-0.0832764516078115,2.1003945731676033,0.3,0.1,0.2,0.1,0.0,0.0,0.19,0.6,0.667,0.1,0.3
1641720,Jalen Hood-Schifino,LAL,21,5.2,-11.764152871148593,-2.740735654426473,-1.9149799919754293,-1.7560830708643658,-2.7623405322938246,-1.035504254592316,-1.9826590727286,-0.8145842398826331,-0.7292223128460137,1.9719562584610644,1.6,0.6,0.4,0.1,0.1,0.1,0.222,2.1,0.6,1.0,0.4
