PLAYER_ID,PLAYER_NAME,TEAM_ABBREVIATION,GP,MIN,Z_TOTAL,Z_PTS,Z_REB,Z_AST,Z_STL,Z_BLK,Z_FG3M,Z_FG_PCT,Z_FT_PCT,Z_TOV,PTS,REB,AST,STL,BLK,FG3M,FG_PCT,FGA,FT_PCT,FTA,TOV
201935,James Harden,HOU,78,36.8,10.782705566748009,3.7345583302480376,0.34202047417299253,1.8035820485826515,2.4745618506839993,0.23932451160740498,3.592590894255012,-0.7838851061008691,3.136451530295375,-3.756498966996597,36.1,6.6,7.5,2.0,0.7,4.8,0.442,24.5,0.879,11.0,5.0
203076,Anthony Davis,NOP,56,33.0,10.364874513973252,1.8434236756907134,2.259228668499111,0.09821642743988845,1.467960419897288,3.726624537886737,-0.7904449204252425,1.5843182717072881,0.25080830108315033,-0.07526086780568084,25.9,12.0,3.9,1.6,2.4,0.9,0.517,18.3,0.794,7.7,2.0
201939,Stephen Curry,GSW,69,33.8,7.84022288184512,2.1029911772966208,-0.1195296466832951,0.7140429017414419,0.7130093468072543,-0.3760813753830653,3.9297474953842624,0.29930568263680574,1.6336616609683536,-1.0569243609232584,27.3,5.3,5.2,1.3,0.4,5.1,0.472,19.4,0.916,4.2,2.8
202331,Paul George,OKC,77,36.9,7.8224919510836015,2.232774928099574,0.9100821613807312,0.1929589619478196,2.977862566077355,-0.3760813753830653,2.468735557157511,-0.8048399156826106,1.1552154917698472,-0.9342164242835616,28.0,8.2,4.1,2.2,0.4,3.8,0.438,21.0,0.839,7.0,2.7
1626157,Karl-Anthony Towns,MIN,77,33.0,6.822655352412033,1.5653156382558129,2.4012440903010455,-0.13863990882993973,-0.2935920839794573,2.0855421725788164,0.22102488296250872,1.5074073745271377,0.8994013574384585,-1.4250481708423504,24.4,12.4,3.4,0.9,1.6,1.8,0.518,17.1,0.836,5.8,3.1
203507,Giannis Antetokounmpo,MIL,72,32.8,6.736556997758985,2.177153320612594,2.436747945751529,1.0456417725192015,0.7130093468072543,1.8804068769153262,-1.0152159878447429,3.1662272041012183,-1.5061176904228641,-2.1612957906805335,27.7,12.5,5.9,1.3,1.5,0.7,0.578,17.3,0.729,9.5,3.7
202695,Kawhi Leonard,TOR,60,34.0,6.721362560738693,1.9732074264936674,0.5905474623263783,-0.1860111760839054,1.9712611352906435,-0.3760813753830653,0.3334104166722587,1.003412582140186,1.48687695708821,-0.07526086780568084,26.6,7.3,3.3,1.8,0.4,1.9,0.496,18.8,0.854,7.1,2.0
201142,Kevin Durant,GSW,78,34.6,6.080634693247627,1.861964211519707,0.27101276327202545,1.0456417725192015,-0.7968927993728132,1.0598656942613658,0.22102488296250872,1.6442861301944354,1.9533643354541514,-1.1796322975629556,26.0,6.4,5.9,0.7,1.1,1.8,0.521,17.7,0.885,6.5,2.9
202681,Kyrie Irving,BOS,67,33.0,5.790215751814586,1.4540724232818532,-0.22604121303474606,1.5193544450588579,1.2163100622006098,-0.17094607971957518,1.1201091526405098,0.7241338790254503,0.9647315700054894,-0.8115084876438642,23.8,5.0,6.9,1.5,0.5,2.6,0.487,18.5,0.873,3.7,2.6
203954,Joel Embiid,PHI,64,33.7,5.7879449235256875,2.1400722489546076,2.8272903557068494,0.003473892931957308,-0.7968927993728132,2.7009480595692863,-0.4532883192959922,0.6432723467189222,0.6389490557140081,-1.915879917401139,27.5,13.6,3.7,0.7,1.9,1.2,0.484,18.7,0.804,10.1,3.5
203081,Damian Lillard,POR,80,35.5,5.324690559284346,1.8248831398617205,-0.36805663483668083,1.5193544450588579,0.2097086314138986,-0.3760813753830653,1.5696512874795103,-0.553786961611129,2.4332344515847963,-0.9342164242835616,25.8,4.6,6.9,1.1,0.4,3.0,0.444,19.2,0.912,6.4,2.7
202696,Nikola Vučević,ORL,80,31.4,5.100871073064004,0.8978563484120522,2.259228668499111,0.05084516018592278,-0.04194172628277949,1.0598656942613658,-0.5656738530057422,1.4897665448913207,0.026185103908435103,-0.07526086780568084,20.8,12.0,3.8,1.0,1.1,1.1,0.518,16.9,0.789,2.8,2.0
203999,Nikola Jokić,DEN,80,31.3,5.053198560675187,0.7680725976090989,1.833182403093307,1.7088395140747201,0.9646597045039317,0.23932451160740498,-0.6780593867154925,1.1638770933004967,0.4783502940440706,-1.4250481708423504,20.1,10.8,7.3,1.4,0.7,1.0,0.511,15.1,0.821,4.4,3.1
203078,Bradley Beal,WAS,82,36.9,4.738431885814764,1.7878020682037339,-0.22604121303474606,0.8561567035033387,1.2163100622006098,0.23932451160740498,1.0077236189307597,0.3953689384739116,0.3960036202133128,-0.9342164242835616,25.6,5.0,5.5,1.5,0.7,2.5,0.475,19.6,0.808,5.5,2.7
202710,Jimmy Butler III,PHI,65,33.6,3.827748627650687,0.5085050960031913,-0.1195296466832951,0.14558769469385413,2.222911492987321,0.0341892159439149,-0.6780593867154925,-0.005572039869385633,1.1814373858977736,0.5382788153928052,18.7,5.3,4.0,1.9,0.6,1.0,0.462,13.9,0.855,5.6,1.5
202689,Kemba Walker,CHA,82,34.9,3.5281673756470737,1.7878020682037339,-0.43906434573764797,1.0456417725192015,0.4613589891105761,-0.3760813753830653,1.7944223548990108,-0.9153480764748572,0.9809444761539864,-0.8115084876438642,25.6,4.4,5.9,1.2,0.4,3.2,0.434,20.5,0.844,5.5,2.6
203496,Robert Covington,MIN,35,34.4,3.5262926695273125,-0.4926838387624501,-0.0485219357823277,-1.133436521163218,2.726212208380677,1.470136285588346,0.8953380852210094,-0.5092021258119052,-0.16524417681501893,0.7836946886721996,13.3,5.5,1.3,2.1,1.3,2.4,0.431,10.3,0.764,2.5,1.3
203497,Rudy Gobert,UTA,81,31.8,3.447326802951374,-0.010629907208622679,2.578763367553464,-0.8018376503854586,-0.5452424416761351,3.5214892422232467,-1.8019147238129938,2.876275040130112,-2.785147002625346,0.4155708787531079,15.9,12.9,2.0,0.8,2.3,0.0,0.669,8.8,0.636,6.4,1.6
201950,Jrue Holiday,NOP,67,35.8,3.4246935851949125,0.9720184917280255,-0.22604121303474606,1.898324583090583,1.467960419897288,0.4444598072708953,0.22102488296250872,0.26681097087694966,-0.19481618675424148,-1.4250481708423504,21.2,5.0,7.7,1.6,0.8,1.8,0.472,17.3,0.768,4.0,3.1
101108,Chris Paul,HOU,58,32.0,3.402005128096788,-0.0662515146956029,-0.36805663483668083,2.1351809193604105,2.4745618506839993,-0.5812166710465555,0.6705670178015094,-0.84810717039646,0.7968358188700324,-0.8115084876438642,15.6,4.6,8.2,2.0,0.3,2.2,0.419,12.4,0.862,3.5,2.6
2544,LeBron James,LAL,55,35.2,3.3284772992145215,2.1215317131256137,1.0165937277321824,2.1825521866143767,0.7130093468072543,0.0341892159439149,0.4457959503820089,1.502668298879274,-2.6492752862292663,-2.0385878540408364,27.4,8.5,8.3,1.3,0.6,2.0,0.51,19.9,0.665,7.6,3.6
203083,Andre Drummond,DET,79,33.5,3.2114240852686544,0.2489375943972845,3.5373674647165227,-1.0860652539092526,1.7196107775939655,2.2906774682423063,-1.6895291901032436,1.4876605232844646,-2.976558557868318,-0.3206767410850755,17.3,15.6,1.4,1.7,1.7,0.1,0.533,13.3,0.59,5.2,2.2
203991,Clint Capela,HOU,67,33.6,2.9726654384422,0.11915384359433107,2.5077556566524963,-1.0860652539092526,-0.7968927993728132,1.8804068769153262,-1.8019147238129938,3.2009565333818677,-1.7117214470392643,0.6609867520325026,16.6,12.7,1.4,0.7,1.5,0.0,0.648,10.9,0.636,3.9,1.4
1626167,Myles Turner,IND,74,28.6,2.862534663208768,-0.4926838387624501,0.5550436068758947,-0.9913227194013211,-0.5452424416761351,4.3420304248772075,-0.6780593867154925,0.4106128245992238,-0.3988305586206619,0.6609867520325026,13.3,7.2,1.6,0.8,2.7,1.0,0.487,10.5,0.736,2.7,1.4
201144,Mike Conley,MEM,70,33.5,2.7318712288829086,0.9534779558990325,-0.7941029002424848,1.2824981087890297,0.7130093468072543,-0.5812166710465555,0.6705670178015094,-0.6134217355998935,1.0536130376410002,0.047447068834016476,21.1,3.4,6.4,1.3,0.3,2.2,0.438,16.0,0.845,5.8,1.9
200746,LaMarcus Aldridge,SAS,81,33.2,2.7086109011939357,0.9905590275570191,1.2651207158855677,-0.6123525813695961,-1.3001935147661687,1.470136285588346,-1.6895291901032436,1.4626159420137295,0.9520992109145683,0.17015500547371354,21.3,9.2,2.4,0.5,1.3,0.1,0.519,16.3,0.847,5.1,1.8
201143,Al Horford,BOS,68,29.0,2.67578965287466,-0.43706223127547017,0.37752432962347643,0.2403302292017855,-0.2935920839794573,1.470136285588346,-0.5656738530057422,1.2189941452637427,0.12685401606517388,0.5382788153928052,13.6,6.7,4.2,0.9,1.3,1.1,0.535,10.6,0.821,1.4,1.5
201568,Danilo Gallinari,LAC,68,30.3,2.567165221845977,0.7124509901221185,0.1645011969205742,-0.5176100468616648,-0.7968927993728132,-0.5812166710465555,0.8953380852210094,0.015285795744473514,2.137029855726029,0.5382788153928052,19.8,6.1,2.6,0.7,0.3,2.4,0.463,13.0,0.904,6.0,1.5
202691,Klay Thompson,GSW,78,34.0,2.5303681117774293,1.0276400992150057,-0.6520874784405502,-0.6123525813695961,0.2097086314138986,0.0341892159439149,1.6820368211892605,0.13534378424348897,0.16761080418920193,0.5382788153928052,21.5,3.8,2.4,1.1,0.6,3.1,0.467,18.0,0.816,2.0,1.5
201572,Brook Lopez,MIL,81,28.7,2.211248834241265,-0.6410081253943971,-0.26154506848522957,-1.180807788417184,-1.048543157069491,3.316353946559757,0.7829525515112592,-0.15752181502359214,0.24954979196885135,1.1518184985912914,12.5,4.9,1.2,0.6,2.2,2.3,0.452,9.7,0.842,1.6,1.0
201566,Russell Westbrook,OKC,73,36.0,2.025083092495785,1.2872076008209126,1.9396939694447577,3.319462600709551,2.222911492987321,-0.17094607971957518,-0.003746184456991508,-1.0935946619633354,-2.3329463615287436,-3.142959283798111,22.9,11.1,10.7,1.9,0.5,1.6,0.428,20.2,0.656,6.2,4.5
202699,Tobias Harris,PHI,82,34.7,1.9012533663211715,0.7495320617801052,0.8035705950292805,-0.4228675123537336,-1.048543157069491,-0.17094607971957518,0.3334104166722587,0.5987254572549598,0.8882165792536535,0.17015500547371354,20.0,7.9,2.8,0.6,0.5,1.9,0.487,15.3,0.866,3.7,1.8
200768,Kyle Lowry,TOR,65,34.1,1.8514012646862996,-0.32581901630151006,-0.29704892393571347,2.3720372556302385,0.9646597045039317,-0.17094607971957518,0.8953380852210094,-0.9239787596164705,0.39408335982764725,-1.0569243609232584,14.2,4.8,8.7,1.4,0.5,2.4,0.411,11.4,0.83,3.0,2.8
202326,DeMarcus Cousins,GSW,30,25.7,1.8343143328659448,0.06353223610735084,0.9100821613807312,-0.043897374322008374,0.7130093468072543,1.8804068769153262,-0.7904449204252425,0.3478348291731968,-0.6801162084061939,-0.5660926143644696,16.3,8.2,3.6,1.3,1.5,0.9,0.48,12.4,0.736,4.8,2.4
1627741,Buddy Hield,SAC,82,31.9,1.6980818602885217,0.8793158125830586,-0.22604121303474606,-0.5649813141156305,-0.7968927993728132,-0.3760813753830653,2.019193422318511,-0.11146761279796552,0.7048819346174594,0.17015500547371354,20.7,5.0,2.5,0.7,0.4,3.4,0.458,16.6,0.886,2.4,1.8
1629028,Deandre Ayton,PHX,71,30.7,1.6148023314363045,0.06353223610735084,1.6556631258408887,-0.8965801848933899,-0.2935920839794573,0.6495951029343854,-1.8019147238129938,2.3870097502127403,-0.31906589644693345,0.17015500547371354,16.3,10.3,1.8,0.9,0.9,0.0,0.585,12.3,0.746,2.7,1.8
1626164,Devin Booker,PHX,64,35.0,1.611756249770409,1.9732074264936674,-0.5455759120890992,1.471983177804892,-0.2935920839794573,-0.7863519667100456,0.5581814840917592,0.1474528814504834,1.738578779947531,-2.652127537239322,26.6,4.1,6.8,0.9,0.2,2.1,0.467,19.6,0.866,7.1,4.1
203490,Otto Porter Jr.,CHI,56,30.1,1.5129984598621662,-0.38144062378849,-0.013018080331844156,-0.754466383131493,1.2163100622006098,0.0341892159439149,0.3334104166722587,0.0497853388838312,0.1218258881014818,0.9064026253118969,13.9,5.6,2.1,1.5,0.6,1.9,0.465,11.5,0.813,1.7,1.2
203994,Jusuf Nurkić,POR,72,27.4,1.448367920162918,-0.0662515146956029,1.6911669812913723,-0.2333824433378709,-0.04194172628277949,1.6752715812518357,-1.8019147238129938,0.8316379549430528,-0.16283351146932323,-0.44338467772477225,15.6,10.4,3.2,1.0,1.4,0.0,0.508,11.5,0.773,5.1,2.3
203933,T.J. Warren,PHX,43,31.6,1.3714215922281596,0.3787213452002379,-0.5810797675395828,-1.038693986655287,0.4613589891105761,0.23932451160740498,0.22102488296250872,0.5331647305766297,0.251198261653775,0.9064026253118969,18.0,4.0,1.5,1.2,0.7,1.8,0.486,14.2,0.815,2.9,1.2
1627783,Pascal Siakam,TOR,80,31.8,1.2798747566076238,0.17477545108131062,0.4485320405244438,-0.28075371059183657,-0.2935920839794573,0.23932451160740498,-0.6780593867154925,1.6182907824124992,0.003910083434734946,0.047447068834016476,16.9,6.9,3.1,0.9,0.7,1.0,0.549,11.8,0.785,3.8,1.9
1628374,Lauri Markkanen,CHI,52,32.3,1.252807251757216,0.5085050960031913,1.1941130049846007,-1.0860652539092526,-0.7968927993728132,0.0341892159439149,0.7829525515112592,-0.7801495002076233,0.980584058050831,0.4155708787531079,18.7,9.0,1.4,0.7,0.6,2.3,0.43,15.3,0.872,3.8,1.6
202339,Eric Bledsoe,MIL,78,29.1,1.2273052552533132,-0.010629907208622679,-0.36805663483668083,0.8561567035033387,1.2163100622006098,-0.3760813753830653,-0.003746184456991508,0.42625725537448583,-0.3149358594943825,-0.19796880444537815,15.9,4.6,5.5,1.5,0.4,1.6,0.484,12.4,0.75,3.0,2.1
201942,DeMar DeRozan,SAS,77,34.9,1.115761598661408,0.9720184917280255,0.12899734147009065,1.1877555742810983,0.2097086314138986,-0.17094607971957518,-1.6895291901032436,0.5070471112699685,0.7822182059650099,-0.8115084876438642,21.2,6.0,6.2,1.1,0.5,0.1,0.481,17.1,0.83,5.7,2.6
201188,Marc Gasol,TOR,79,30.8,1.0585381757116479,-0.43706223127547017,0.8035705950292805,0.33507276370971684,0.2097086314138986,1.0598656942613658,-0.340902785586242,-0.24808285224818852,-0.24837077178703246,-0.07526086780568084,13.6,7.9,4.4,1.1,1.1,1.3,0.448,11.0,0.759,3.2,2.0
202703,Nikola Mirotic,MIL,46,27.1,0.9593873764509115,-0.14041365801157643,0.6260513177768622,-1.180807788417184,-0.7968927993728132,0.23932451160740498,1.0077236189307597,-0.43397351616155605,0.4865571915077232,1.1518184985912914,15.2,7.4,1.2,0.7,0.7,2.5,0.439,11.8,0.847,2.7,1.0
1628378,Donovan Mitchell,UTA,77,33.7,0.9586740759170214,1.4540724232818532,-0.5455759120890992,0.2403302292017855,0.9646597045039317,-0.3760813753830653,0.8953380852210094,-0.9515109339763869,0.3343662160802508,-1.0569243609232584,23.8,4.1,4.2,1.4,0.4,2.4,0.432,19.9,0.806,5.1,2.8
203473,Dewayne Dedmon,ATL,64,25.1,0.8534561018919271,-0.9561972344872842,0.6615551732273457,-1.0860652539092526,0.2097086314138986,1.0598656942613658,-0.340902785586242,0.3853005108519428,0.1364966774479535,0.7836946886721996,10.8,7.5,1.4,1.1,1.1,1.3,0.492,8.2,0.814,1.8,1.3
1629011,Mitchell Robinson,NYK,66,20.6,0.8486795900923729,-1.6051159885020523,0.27101276327202545,-1.4650353919409775,-0.5452424416761351,3.726624537886737,-1.8019147238129938,1.6116164436664437,-1.1086237905904521,1.7653581817897774,7.3,6.4,0.6,0.8,2.4,0.0,0.694,4.4,0.6,2.0,0.5
203506,Victor Oladipo,IND,36,31.9,0.841081659778572,0.527045631832185,-0.013018080331844156,0.7140429017414419,1.7196107775939655,-0.5812166710465555,0.5581814840917592,-1.0114851168527432,-0.6286945895248639,-0.44338467772477225,18.8,5.6,5.2,1.7,0.3,2.1,0.423,16.3,0.73,3.9,2.3
203468,CJ McCollum,POR,70,33.9,0.7817119828413048,0.9349374200700389,-0.5810797675395828,-0.32812497784580225,-0.5452424416761351,-0.3760813753830653,0.8953380852210094,-0.09131810877560227,0.335004333377639,0.5382788153928052,21.0,4.0,3.0,0.8,0.4,2.4,0.459,17.8,0.828,2.7,1.5
1628381,John Collins,ATL,61,30.0,0.7760172953103981,0.6568293826351383,1.4781438485884704,-0.8018376503854586,-1.5518438724628467,0.0341892159439149,-0.7904449204252425,2.101815635057124,-0.2755734758350207,-0.07526086780568084,19.5,9.8,2.0,0.4,0.6,0.9,0.56,13.6,0.763,4.4,2.0
1626156,D'Angelo Russell,BKN,81,30.2,0.7287167125542435,0.9534779558990325,-0.6165836229900664,1.5667257123128233,0.4613589891105761,-0.7863519667100456,1.45726575376976,-0.8350536310674724,-0.047074306928013815,-1.4250481708423504,21.1,3.9,7.0,1.2,0.2,2.9,0.434,18.7,0.78,2.5,3.1
203897,Zach LaVine,CHI,63,34.5,0.6037775184651799,1.4355318874528595,-0.332552779386197,0.38244403096368235,-0.04194172628277949,-0.3760813753830653,0.3334104166722587,0.13534378424348897,0.8607952609463739,-1.7931719807614417,23.7,4.7,4.5,1.0,0.4,1.9,0.467,18.0,0.832,6.0,3.4
203087,Jeremy Lamb,CHA,79,28.5,0.5580867110254819,-0.1218731221825828,-0.0485219357823277,-0.7070951158775273,0.2097086314138986,-0.3760813753830653,-0.11613171816674174,-0.43638943283969267,1.0026522812522294,1.1518184985912914,15.3,5.5,2.2,1.1,0.4,1.5,0.44,12.4,0.888,3.3,1.0
1628369,Jayson Tatum,BOS,79,31.1,0.5380404088379356,-0.047710978866609605,0.12899734147009065,-0.754466383131493,0.2097086314138986,0.23932451160740498,-0.11613171816674174,-0.2538506952075095,0.5938908843260898,0.5382788153928052,15.7,6.0,2.1,1.1,0.7,1.5,0.45,13.1,0.855,2.9,1.5
201580,JaVale McGee,LAL,75,22.3,0.4806608413027885,-0.733710804539364,0.6615551732273457,-1.417664124687012,-1.048543157069491,2.9060833552327767,-1.8019147238129938,2.1734203696902683,-0.9195519987712438,0.6609867520325026,12.0,7.5,0.7,0.6,2.0,0.0,0.624,8.5,0.632,2.0,1.4
201933,Blake Griffin,DET,75,35.0,0.44049494820009794,1.5838561740848065,0.6615551732273457,0.8087854362493733,-0.7968927993728132,-0.3760813753830653,1.0077236189307597,-0.006921242900806423,-0.6483580558740605,-1.7931719807614417,24.5,7.5,5.4,0.7,0.4,2.5,0.462,17.9,0.753,7.3,3.4
1626196,Josh Richardson,MIA,73,34.8,0.4322082693352757,0.11915384359433107,-0.7230951893415174,0.1929589619478196,0.2097086314138986,-0.17094607971957518,0.6705670178015094,-1.1203130982449239,0.7158953664909282,0.5382788153928052,16.6,3.6,4.1,1.1,0.5,2.2,0.412,14.1,0.861,3.2,1.5
1626204,Larry Nance Jr.,CLE,67,26.8,0.35701288604765163,-1.2157647360931914,0.9100821613807312,-0.2333824433378709,1.2163100622006098,0.0341892159439149,-1.2399870552642431,0.6478174744310217,-0.423238545245823,0.6609867520325026,9.4,8.2,3.2,1.5,0.6,0.5,0.52,7.1,0.716,2.0,1.4
201586,Serge Ibaka,TOR,74,27.2,0.29863732717187674,-0.17749472966956303,0.8745783059302475,-1.133436521163218,-1.5518438724628467,1.6752715812518357,-1.0152159878447429,1.2557114408859964,-0.1672117051486376,0.5382788153928052,15.0,8.1,1.3,0.4,1.4,0.7,0.529,11.9,0.763,2.4,1.5
1628368,De'Aaron Fox,SAC,81,31.4,0.2378587106919925,0.2489375943972845,-0.6520874784405502,1.7088395140747201,1.467960419897288,0.0341892159439149,-0.5656738530057422,-0.09148254289505577,-0.8558997983566082,-1.0569243609232584,17.3,3.8,7.3,1.6,0.6,1.1,0.458,13.6,0.727,5.1,2.8
202322,John Wall,WAS,32,34.5,0.19977655086487678,0.8793158125830586,-0.7230951893415174,2.3720372556302385,1.2163100622006098,0.6495951029343854,-0.003746184456991508,-0.4990725624275734,-1.4075640189371028,-2.2840037273202305,20.7,3.6,8.7,1.5,0.9,1.6,0.444,17.3,0.697,5.5,3.8
203114,Khris Middleton,MIL,77,31.1,0.17844188027827462,0.4343429526872181,0.12899734147009065,0.287701496455751,-0.04194172628277949,-0.9914872623735358,0.7829525515112592,-0.5006346865623889,0.521895891097432,-0.44338467772477225,18.3,6.0,4.3,1.0,0.1,2.3,0.441,14.9,0.837,3.4,2.3
203924,Jerami Grant,OKC,80,32.7,0.16429845139577592,-0.43706223127547017,-0.15503350213377864,-1.275550322925115,-0.5452424416761351,1.470136285588346,-0.228517251876492,0.5656278203904387,-0.6272942765667032,1.3972343718706857,13.6,5.2,1.0,0.8,1.3,1.4,0.497,10.3,0.71,2.8,0.8
1627763,Malcolm Brogdon,MIL,64,28.6,0.16409143456287345,-0.0662515146956029,-0.4035604902871644,-0.2333824433378709,-0.7968927993728132,-0.7863519667100456,-0.003746184456991508,0.7906200746581473,1.0026700067327123,0.6609867520325026,15.6,4.5,3.2,0.7,0.2,1.6,0.505,11.7,0.928,2.4,1.4
203110,Draymond Green,GSW,66,31.3,0.13937876082268918,-1.5865754526730587,0.5905474623263783,1.5193544450588579,0.9646597045039317,1.0598656942613658,-1.0152159878447429,-0.17506567069152507,-0.40668294647465375,-0.8115084876438642,7.4,7.3,6.9,1.4,1.1,0.7,0.445,6.4,0.692,1.4,2.6
201567,Kevin Love,CLE,22,27.2,-0.02075707194923762,0.19331598691030427,1.8686862585437907,-0.7070951158775273,-1.8034942301595245,-0.7863519667100456,0.8953380852210094,-1.5757386896304892,1.8471355309192283,0.047447068834016476,17.0,10.9,2.2,0.3,0.2,2.4,0.385,12.9,0.904,5.2,1.9
1626149,Montrezl Harrell,LAC,82,26.3,-0.058518111824977515,0.11915384359433107,0.306516618722509,-0.8018376503854586,-0.2935920839794573,1.470136285588346,-1.8019147238129938,2.608078775040649,-2.0806300553460106,0.4155708787531079,16.6,6.5,2.0,0.9,1.3,0.0,0.615,10.8,0.643,5.0,1.6
1627750,Jamal Murray,DEN,75,32.6,-0.060718835417022915,0.4158024168582245,-0.5100720566386153,0.5245578327255792,-0.2935920839794573,-0.3760813753830653,0.4457959503820089,-0.6227733991114236,0.5536126841751041,-0.19796880444537815,18.2,4.2,4.8,0.9,0.4,2.0,0.437,15.6,0.848,3.0,2.1
202685,Jonas Valančiūnas,MEM,49,22.3,-0.08819206696873522,-0.0662515146956029,1.052097583182666,-1.0860652539092526,-1.5518438724628467,1.0598656942613658,-1.4647581226837434,1.6824369540375752,0.1161714598273898,0.17015500547371354,15.6,8.6,1.4,0.4,1.1,0.3,0.559,11.0,0.795,3.8,1.8
201599,DeAndre Jordan,NYK,69,29.7,-0.0979880912772283,-0.9191161628292976,2.6497710784544313,-0.6597238486235618,-1.048543157069491,1.0598656942613658,-1.8019147238129938,1.8365306971338984,-0.8941809277065039,-0.3206767410850755,11.0,13.1,2.3,0.6,1.1,0.0,0.641,6.5,0.705,3.8,2.2
1627732,Ben Simmons,PHI,79,34.2,-0.09932268173341852,0.17477545108131062,1.1231052940836337,1.898324583090583,0.9646597045039317,0.4444598072708953,-1.8019147238129938,1.9432294674921173,-2.9300823480417586,-1.915879917401139,16.9,8.8,7.7,1.4,0.8,0.0,0.563,12.2,0.6,5.4,3.5
201980,Danny Green,TOR,80,27.7,-0.29082351180085575,-1.048899913632251,-0.5810797675395828,-0.9913227194013211,-0.2935920839794573,0.23932451160740498,1.0077236189307597,0.0339237707457002,0.06857263623690296,1.2745264352309886,10.3,4.0,1.6,0.9,0.7,2.5,0.465,7.9,0.841,0.6,0.9
201152,Thaddeus Young,IND,81,30.7,-0.29252521742844095,-0.6224675895654038,0.306516618722509,-0.5649813141156305,1.2163100622006098,-0.3760813753830653,-1.1276015215544932,1.0644302892361592,-0.7269292023619313,0.5382788153928052,12.6,6.5,2.5,1.5,0.4,0.6,0.527,10.4,0.644,1.7,1.5
200755,JJ Redick,PHI,76,31.3,-0.36279125662000977,0.39726188102923154,-1.1491414547473215,-0.47023877960769905,-1.5518438724628467,-0.7863519667100456,1.7944223548990108,-0.4750230183925107,1.0944289106999718,0.7836946886721996,18.1,2.4,2.7,0.4,0.2,3.2,0.44,13.5,0.894,3.4,1.3
203944,Julius Randle,NOP,73,30.6,-0.37299724069701656,1.009099563386012,1.0876014386331494,-0.28075371059183657,-0.7968927993728132,0.0341892159439149,-0.7904449204252425,1.4547083473717666,-1.0335800147187089,-1.0569243609232584,21.4,8.7,3.1,0.7,0.6,0.9,0.524,14.9,0.731,6.7,2.8
203935,Marcus Smart,BOS,80,27.5,-0.3777143564746983,-1.3084674152381581,-0.9716221774949032,0.14558769469385413,1.9712611352906435,-0.3760813753830653,-0.003746184456991508,-0.4523100286104479,0.07938517933156446,0.5382788153928052,8.9,2.9,4.0,1.8,0.4,1.6,0.422,7.1,0.806,1.6,1.5
202324,Derrick Favors,UTA,76,23.2,-0.39040560190705964,-0.7707918761973506,0.6260513177768622,-1.180807788417184,-0.7968927993728132,1.6752715812518357,-1.5771436563934935,1.5844384351022753,-0.9796413776087853,1.029110561951594,11.8,7.4,1.2,0.7,1.4,0.2,0.586,8.1,0.675,3.0,1.1
203500,Steven Adams,OKC,80,33.4,-0.43196903823949956,-0.38144062378849,1.371632282237019,-0.9913227194013211,1.2163100622006098,0.8547303985978755,-1.8019147238129938,2.1195977093852916,-3.112424365770902,0.29286294211341085,13.9,9.5,1.6,1.5,1.0,0.0,0.595,10.1,0.5,3.7,1.7
1626162,Kelly Oubre Jr.,PHX,69,28.0,-0.44393802758717116,-0.14041365801157643,-0.332552779386197,-1.180807788417184,0.4613589891105761,0.6495951029343854,-0.003746184456991508,-0.3329182091081961,-0.10273231564479292,0.5382788153928052,15.2,4.7,1.2,1.2,0.9,1.6,0.445,12.2,0.775,3.5,1.5
200794,Paul Millsap,DEN,70,27.1,-0.49402426511409714,-0.6224675895654038,0.5550436068758947,-0.8018376503854586,0.4613589891105761,0.4444598072708953,-0.9028304541349926,0.32636141967625326,-0.615099145994364,0.6609867520325026,12.6,7.2,2.0,1.2,0.8,0.8,0.484,9.5,0.727,3.6,1.4
203082,Terrence Ross,ORL,81,26.5,-0.4965850257086708,-0.15895419384056972,-0.7585990447920011,-0.9439514521473555,-0.2935920839794573,-0.3760813753830653,1.2324946863502602,-0.6878850941558589,0.4608729702877826,1.029110561951594,15.1,3.5,1.7,0.9,0.4,2.7,0.428,12.7,0.875,1.8,1.1
2772,Trevor Ariza,WAS,69,34.0,-0.5181233568246705,-0.6410081253943971,-0.08402579123281124,0.003473892931957308,0.7130093468072543,-0.5812166710465555,0.5581814840917592,-1.070310369022654,0.045494060647971624,0.5382788153928052,12.5,5.4,3.7,1.3,0.3,2.1,0.399,10.7,0.793,2.4,1.5
1628991,Jaren Jackson Jr.,MEM,58,26.1,-0.5626023071127779,-0.39998115961748326,-0.332552779386197,-1.2281790556711494,-0.2935920839794573,1.6752715812518357,-0.7904449204252425,0.7052724422721479,-0.19125927367064283,0.29286294211341085,13.8,4.7,1.1,0.9,1.4,0.9,0.506,10.2,0.766,3.4,1.7
201954,Darren Collison,IND,76,28.2,-0.5770151568914823,-0.882035091171311,-0.9006144665939357,1.093013039773167,0.9646597045039317,-0.9914872623735358,-0.6780593867154925,0.06495965672783385,0.33697777020475206,0.4155708787531079,11.2,3.1,6.0,1.4,0.1,1.0,0.467,8.7,0.832,2.5,1.6
200752,Rudy Gay,SAS,69,26.7,-0.6215934372381402,-0.4185216954464769,0.41302818507395994,-0.5176100468616648,-0.5452424416761351,-0.17094607971957518,-0.5656738530057422,0.7126593288691725,0.17785022341491094,0.29286294211341085,13.7,6.8,2.6,0.8,0.5,1.1,0.504,10.8,0.816,2.1,1.7
200782,P.J. Tucker,HOU,82,34.2,-0.699284681308338,-1.6051159885020523,0.05798963056912325,-1.180807788417184,1.467960419897288,-0.17094607971957518,0.22102488296250872,-0.6708977847383844,-0.21572634523074805,1.3972343718706857,7.3,5.8,1.2,1.6,0.5,1.8,0.396,6.4,0.695,0.7,0.8
1628386,Jarrett Allen,BKN,80,26.2,-0.7197937000636225,-0.9376566986582909,0.9810898722816989,-1.0860652539092526,-1.3001935147661687,1.8804068769153262,-1.6895291901032436,1.4336228337463564,-0.7851633142422475,0.7836946886721996,10.9,8.4,1.4,0.5,1.5,0.1,0.59,7.1,0.709,3.5,1.3
202711,Bojan Bogdanovic,IND,81,31.8,-0.755232051871493,0.3787213452002379,-0.5455759120890992,-0.8018376503854586,-0.2935920839794573,-1.1966225580370258,0.4457959503820089,0.7141308034253143,0.2508851114985757,0.29286294211341085,18.0,4.1,2.0,0.9,0.0,2.0,0.497,13.0,0.807,3.8,1.7
101150,Lou Williams,LAC,75,26.6,-0.8238191473110255,0.7495320617801052,-0.9361183220444195,0.8087854362493733,-0.5452424416761351,-0.9914872623735358,-0.228517251876492,-0.8952196537498586,1.7805409007444066,-0.5660926143644696,20.0,3.0,5.4,0.8,0.1,1.4,0.425,15.2,0.876,6.5,2.4
1629029,Luka Dončić,DAL,72,32.2,-0.8580240842328746,0.9720184917280255,0.7680667395787967,1.093013039773167,0.2097086314138986,-0.5812166710465555,0.7829525515112592,-0.9195327140019951,-1.3898621724280291,-1.7931719807614417,21.2,7.8,6.0,1.1,0.3,2.3,0.427,16.5,0.713,6.7,3.4
101107,Marvin Williams,CHA,75,28.4,-0.8617039855208932,-1.085980985290238,-0.08402579123281124,-1.180807788417184,-0.2935920839794573,0.4444598072708953,0.3334104166722587,-0.5540399371795182,-0.08377786851491804,1.64265024515008,10.1,5.4,1.2,0.9,0.8,1.9,0.422,8.7,0.767,1.1,0.6
203932,Aaron Gordon,ORL,78,33.8,-0.9157492572489486,0.007910628620370619,0.6260513177768622,0.003473892931957308,-0.7968927993728132,0.23932451160740498,-0.003746184456991508,-0.28083053957643694,-0.5130712803339239,-0.19796880444537815,16.0,7.4,3.7,0.7,0.7,1.6,0.449,13.4,0.731,3.2,2.1
204060,Joe Ingles,UTA,82,31.3,-1.0412051304515195,-0.7151702687103707,-0.5810797675395828,0.9508992380112701,0.4613589891105761,-0.7863519667100456,0.7829525515112592,-0.22111565665768051,-0.36660563510247596,-0.5660926143644696,12.1,4.0,5.7,1.2,0.2,2.3,0.448,9.8,0.707,1.5,2.4
1628969,Mikal Bridges,PHX,82,29.5,-1.1002879646804835,-1.4197106302121183,-0.865110611143452,-0.754466383131493,1.467960419897288,-0.17094607971957518,-0.340902785586242,-0.3523172189443312,0.06067888892845146,1.2745264352309886,8.3,3.2,2.1,1.6,0.5,1.3,0.43,6.9,0.805,1.4,0.9
202355,Hassan Whiteside,MIA,72,23.3,-1.1629038149302369,-0.6780891970523837,2.0107016803457256,-1.3702928574330462,-1.048543157069491,2.7009480595692863,-1.8019147238129938,1.6159381096264596,-3.3753464177759933,0.7836946886721996,12.3,11.3,0.8,0.6,1.9,0.0,0.571,9.4,0.449,3.4,1.3
203200,Justin Holiday,MEM,82,31.8,-1.1977269615708759,-1.0118188419742644,-0.6165836229900664,-0.8965801848933899,1.2163100622006098,-0.3760813753830653,0.4457959503820089,-1.1456401689003601,0.40317653131545234,0.7836946886721996,10.5,3.9,1.8,1.5,0.4,2.0,0.386,9.5,0.896,1.3,1.3
1628371,Jonathan Isaac,ORL,75,26.6,-1.2287748492155188,-1.1786836644352048,-0.0485219357823277,-1.2281790556711494,-0.5452424416761351,1.470136285588346,-0.5656738530057422,-0.4262430044174659,0.14181432159286872,1.1518184985912914,9.6,5.5,1.1,0.8,1.3,1.1,0.429,8.1,0.815,1.8,1.0
1628418,Thomas Bryant,WAS,72,20.8,-1.2443060622623967,-1.0118188419742644,0.2355089078215416,-1.133436521163218,-1.8034942301595245,0.6495951029343854,-1.2399870552642431,1.701178227395894,-0.039086023723652455,1.3972343718706857,10.5,6.3,1.3,0.3,0.9,0.5,0.616,7.0,0.781,1.9,0.8
201565,Derrick Rose,MIN,51,27.3,-1.2525049414779708,0.3787213452002379,-1.0426298883958705,0.287701496455751,-1.048543157069491,-0.7863519667100456,-0.5656738530057422,0.4621291909723651,0.6465710123217168,0.4155708787531079,18.0,2.7,4.3,0.6,0.2,1.1,0.482,14.8,0.856,3.1,1.6
203937,Kyle Anderson,MEM,43,29.8,-1.2979659262341003,-1.4753322376990985,0.05798963056912325,-0.32812497784580225,0.7130093468072543,0.6495951029343854,-1.5771436563934935,0.816598557402194,-0.9382523806808628,0.7836946886721996,8.0,5.8,3.0,1.3,0.9,0.2,0.543,6.4,0.578,1.5,1.3
1626161,Willie Cauley-Stein,SAC,81,27.3,-1.3362137204757643,-0.7522513403683573,0.9810898722816989,-0.6123525813695961,0.4613589891105761,0.0341892159439149,-1.8019147238129938,1.3485176362800657,-2.146669287132364,1.1518184985912914,11.9,8.4,2.4,1.2,0.6,0.0,0.556,9.1,0.551,3.1,1.0
1627739,Kris Dunn,CHI,46,30.2,-1.3451769047474242,-0.8634945553423173,-0.5455759120890992,1.093013039773167,1.2163100622006098,-0.17094607971957518,-1.0152159878447429,-0.6481004697668605,0.03221767576616632,-0.44338467772477225,11.3,4.1,6.0,1.5,0.5,0.7,0.425,11.0,0.797,1.5,2.3
201587,Nicolas Batum,CHA,75,31.4,-1.4216205707108107,-1.2343052719221848,-0.15503350213377864,-0.1860111760839054,-0.2935920839794573,0.0341892159439149,-0.11613171816674174,-0.14571207223919333,0.25940515911742756,0.4155708787531079,9.3,5.2,3.3,0.9,0.6,1.5,0.45,7.5,0.865,1.2,1.6
203469,Cody Zeller,CHA,49,25.4,-1.4409439386176357,-1.085980985290238,0.41302818507395994,-0.754466383131493,-0.5452424416761351,0.4444598072708953,-1.6895291901032436,0.9817789547832638,0.011313425783155542,0.7836946886721996,10.1,6.8,2.1,0.8,0.8,0.1,0.551,7.0,0.787,2.9,1.3
1629027,Trae Young,ATL,81,30.9,-1.451172525628685,0.5826672393191652,-0.6875913338910337,2.087809652106445,-0.2935920839794573,-0.7863519667100456,0.3334104166722587,-1.0844200813496783,0.6808993595238917,-2.2840037273202305,19.1,3.7,8.1,0.9,0.2,1.9,0.418,15.5,0.829,5.1,3.8
202694,Marcus Morris Sr.,BOS,75,27.9,-1.529688697934135,-0.38144062378849,0.1645011969205742,-1.038693986655287,-1.048543157069491,-0.5812166710465555,0.3334104166722587,-0.2726910506634479,0.38858255238440714,0.9064026253118969,13.9,6.1,1.5,0.6,0.3,1.9,0.447,11.3,0.844,2.3,1.2
1626171,Bobby Portis,WAS,50,26.0,-1.6179755879575346,-0.32581901630151006,0.8745783059302475,-1.0860652539092526,-0.7968927993728132,-0.3760813753830653,-0.11613171816674174,-0.36372641707877784,0.033883870931573204,0.5382788153928052,14.2,8.1,1.4,0.7,0.4,1.5,0.444,12.6,0.794,1.9,1.5
202329,Al-Farouq Aminu,POR,81,28.3,-1.6315458889111214,-1.2157647360931914,0.6615551732273457,-1.133436521163218,-0.5452424416761351,-0.3760813753830653,-0.4532883192959922,-0.33806415379522065,0.4942500500373672,1.2745264352309886,9.4,7.5,1.3,0.8,0.4,1.2,0.433,7.3,0.867,2.1,0.9
203925,Joe Harris,BKN,76,30.2,-1.668360692758403,-0.4185216954464769,-0.6520874784405502,-0.6123525813695961,-1.3001935147661687,-0.7863519667100456,0.8953380852210094,0.5846115286684658,0.20562605133185152,0.4155708787531079,13.7,3.8,2.4,0.5,0.2,2.4,0.5,9.8,0.827,1.8,1.6
202683,Enes Freedom,POR,67,24.5,-1.669923228876295,-0.4185216954464769,1.4781438485884704,-0.9439514521473555,-1.3001935147661687,-0.3760813753830653,-1.6895291901032436,1.3987417191246756,0.011313425783155542,0.17015500547371354,13.7,9.8,1.7,0.5,0.4,0.1,0.549,10.2,0.787,2.9,1.8
201959,Taj Gibson,MIN,70,24.1,-1.721148337979419,-0.9561972344872842,0.306516618722509,-1.180807788417184,-0.5452424416761351,0.0341892159439149,-1.5771436563934935,1.262661944627546,-0.21694349489058365,1.1518184985912914,10.8,6.5,1.2,0.8,0.6,0.2,0.566,7.7,0.757,2.5,1.0
1627734,Domantas Sabonis,IND,74,24.8,-1.7370533105309909,-0.34435955213050334,1.300624571336052,-0.3754962450997679,-1.048543157069491,-0.3760813753830653,-1.6895291901032436,1.9185264032387128,-0.8015180242346088,-0.3206767410850755,14.1,9.3,2.9,0.6,0.4,0.1,0.59,9.5,0.715,3.9,2.2
1628401,Derrick White,SAS,67,25.8,-1.742026387452572,-1.1230620569482246,-0.6875913338910337,0.09821642743988845,-0.04194172628277949,0.23932451160740498,-1.0152159878447429,0.2141014030728976,-0.08684437663848561,0.6609867520325026,9.9,3.7,3.9,1.0,0.7,0.7,0.479,8.1,0.772,1.8,1.4
202357,Nemanja Bjelica,SAC,77,23.2,-1.7450634361161783,-1.1786836644352048,0.05798963056912325,-0.8492089176394243,-0.7968927993728132,0.23932451160740498,-0.340902785586242,0.2034848617194114,-0.10928483493002807,1.029110561951594,9.6,5.8,1.9,0.7,0.7,1.3,0.479,7.7,0.761,1.2,1.1
201976,Patrick Beverley,LAC,78,27.4,-1.7604107161037845,-1.549494381015072,-0.22604121303474606,0.05084516018592278,-0.2935920839794573,0.0341892159439149,-0.228517251876492,-0.5333992389285279,-0.043511485350920885,1.029110561951594,7.6,5.0,3.8,0.9,0.6,1.4,0.407,6.1,0.78,1.6,1.1
1628398,Kyle Kuzma,LAL,70,33.1,-1.7635214435087716,0.5085050960031913,-0.0485219357823277,-0.5649813141156305,-1.048543157069491,-0.3760813753830653,0.22102488296250872,-0.15315377020937093,-0.3492169387486025,0.047447068834016476,18.7,5.5,2.5,0.6,0.4,1.8,0.456,15.5,0.752,3.6,1.9
1628976,Wendell Carter Jr.,CHI,44,25.2,-1.825640389519986,-1.048899913632251,0.48403589597492735,-0.8965801848933899,-1.048543157069491,1.470136285588346,-1.6895291901032436,0.30175111313125763,0.06370994609105349,0.5382788153928052,10.3,7.0,1.8,0.6,1.3,0.1,0.485,8.4,0.795,2.5,1.5
201145,Jeff Green,WAS,77,27.2,-1.82742122124589,-0.6780891970523837,-0.5810797675395828,-0.8965801848933899,-1.048543157069491,-0.17094607971957518,-0.228517251876492,0.17904742181281583,0.8135923064200098,0.7836946886721996,12.3,4.0,1.8,0.6,0.5,1.4,0.475,8.9,0.888,2.7,1.3
1627832,Fred VanVleet,TOR,64,27.5,-1.8289674475852034,-0.9191161628292976,-1.078133743846354,0.5245578327255792,-0.2935920839794573,-0.5812166710465555,0.22102488296250872,-0.7768945478943213,0.2907083576504952,0.7836946886721996,11.0,2.6,4.8,0.9,0.3,1.8,0.41,9.4,0.843,1.8,1.3
203992,Bogdan Bogdanović,SAC,70,27.8,-1.8417844851141147,-0.34435955213050334,-0.7585990447920011,0.05084516018592278,-0.04194172628277949,-0.7863519667100456,0.3334104166722587,-0.8607222187402372,0.2730715045698596,0.29286294211341085,14.1,3.5,3.8,1.0,0.2,1.9,0.418,12.3,0.827,2.3,1.7
202330,Gordon Hayward,BOS,72,25.9,-1.8517087890873807,-0.8264134836843308,-0.4035604902871644,-0.13863990882993973,-0.2935920839794573,-0.5812166710465555,-0.5656738530057422,0.051802819041751984,0.3673060673112519,0.5382788153928052,11.5,4.5,3.4,0.9,0.3,1.1,0.466,8.8,0.834,2.6,1.5
201952,Jeff Teague,MIN,42,30.1,-1.8687316351619383,-0.7151702687103707,-1.1136375992968377,2.1351809193604105,-0.04194172628277949,-0.3760813753830653,-0.9028304541349926,-0.6146845053121122,0.2038180523225815,-0.44338467772477225,12.1,2.5,8.2,1.0,0.4,0.8,0.423,9.9,0.804,3.6,2.3
1627752,Taurean Prince,ATL,55,28.2,-1.88225801142411,-0.4556027671044635,-0.7230951893415174,-0.754466383131493,-0.04194172628277949,-0.5812166710465555,0.6705670178015094,-0.36311927571463853,0.19646197792211426,0.17015500547371354,13.5,3.6,2.1,1.0,0.3,2.2,0.441,10.8,0.819,2.1,1.8
1628366,Lonzo Ball,LAL,47,30.3,-1.8945357776721352,-1.1230620569482246,-0.1195296466832951,0.8087854362493733,1.2163100622006098,-0.3760813753830653,-0.003746184456991508,-0.8630074313747035,-1.113527840190763,-0.3206767410850755,9.9,5.3,5.4,1.5,0.4,1.6,0.406,9.7,0.417,1.0,2.2
1628389,Bam Adebayo,MIA,82,23.3,-1.8977078463643093,-1.3084674152381581,0.5905474623263783,-0.7070951158775273,-0.2935920839794573,0.4444598072708953,-1.8019147238129938,1.0605724118181927,-0.4204970042644442,0.5382788153928052,8.9,7.3,2.2,0.9,0.8,0.0,0.576,5.9,0.735,2.8,1.5
203939,Dwight Powell,DAL,77,21.6,-1.9178351725890155,-0.9932783061452711,-0.1195296466832951,-1.038693986655287,-1.048543157069491,0.0341892159439149,-1.2399870552642431,1.341714701620077,-0.12823337356640868,1.2745264352309886,10.6,5.3,1.5,0.6,0.6,0.5,0.597,6.3,0.772,3.3,0.9
201937,Ricky Rubio,UTA,68,27.9,-2.012938529874212,-0.6039270537364105,-0.7230951893415174,1.1403843070271324,0.7130093468072543,-0.9914872623735358,-0.4532883192959922,-0.9857216633418283,0.7026957920245497,-0.8115084876438642,12.7,3.6,6.1,1.3,0.1,1.2,0.404,10.7,0.855,3.4,2.6
203084,Harrison Barnes,SAC,77,32.9,-2.02946867214267,0.08207277193634381,-0.332552779386197,-1.038693986655287,-1.048543157069491,-0.7863519667100456,0.7829525515112592,-0.8885706125606415,0.41652381811918954,0.7836946886721996,16.4,4.7,1.5,0.6,0.2,2.3,0.42,13.3,0.824,3.6,1.3
201569,Eric Gordon,HOU,68,31.7,-2.0592154198971198,0.044991700278357215,-1.2201491656482888,-0.8492089176394243,-1.048543157069491,-0.3760813753830653,1.7944223548990108,-1.1619528768021246,-0.026388671204293657,0.7836946886721996,16.2,2.2,1.9,0.6,0.4,3.2,0.409,13.8,0.783,2.2,1.3
203501,Tim Hardaway Jr.,DAL,65,31.6,-2.094763554462396,0.39726188102923154,-0.7941029002424848,-0.6123525813695961,-0.5452424416761351,-0.9914872623735358,1.0077236189307597,-1.6752086831219313,0.7030739356081882,0.4155708787531079,18.1,3.4,2.4,0.8,0.1,2.5,0.393,15.3,0.841,4.2,1.6
203090,Maurice Harkless,POR,60,23.6,-2.1608767254647807,-1.5309538451860785,-0.4035604902871644,-1.180807788417184,0.2097086314138986,0.6495951029343854,-1.1276015215544932,0.2538522973861106,-0.4283434836249415,1.3972343718706857,7.7,4.5,1.2,1.1,0.9,0.6,0.487,6.5,0.671,1.2,0.8
202704,Reggie Jackson,DET,82,27.9,-2.1651438221107355,-0.1033325863535895,-1.078133743846354,0.2403302292017855,-0.7968927993728132,-0.9914872623735358,0.5581814840917592,-0.8349608733590613,0.6709967244273607,0.17015500547371354,15.4,2.6,4.2,0.7,0.1,2.1,0.421,12.8,0.864,2.9,1.8
1628420,Monte Morris,DEN,82,24.0,-2.195043104293898,-1.0303593778032578,-1.1491414547473215,-0.043897374322008374,-0.2935920839794573,-1.1966225580370258,-0.5656738530057422,0.41773619497917475,0.02385715747166055,1.64265024515008,10.4,2.4,3.6,0.9,0.0,1.1,0.493,8.6,0.802,1.0,0.6
203107,Tomas Satoransky,WAS,80,27.0,-2.218374313685248,-1.3084674152381581,-0.7585990447920011,0.6193003672335106,-0.04194172628277949,-0.7863519667100456,-0.9028304541349926,0.2369008261741599,0.18533628467225272,0.5382788153928052,8.9,3.5,5.0,1.0,0.2,0.8,0.485,6.6,0.819,2.0,1.5
203901,Elfrid Payton,NOP,42,29.8,-2.231526735921041,-0.9932783061452711,-0.15503350213377864,1.850953315836617,-0.04194172628277949,-0.3760813753830653,-0.9028304541349926,-0.43804220655318166,-0.2410560568410273,-0.9342164242835616,10.6,5.2,7.6,1.0,0.4,0.8,0.434,9.8,0.743,1.8,2.7
201571,D.J. Augustin,ORL,81,28.0,-2.259264613438808,-0.7893324120263442,-1.1136375992968377,0.7614141689954074,-1.048543157069491,-1.1966225580370258,-0.003746184456991508,0.1025328530231443,0.6130993966762225,0.4155708787531079,11.7,2.5,5.3,0.6,0.0,1.6,0.47,8.4,0.866,2.6,1.6
203903,Jordan Clarkson,CLE,81,27.3,-2.2769719393346923,0.15623491525231767,-0.8296067556929685,-0.6123525813695961,-0.7968927993728132,-0.7863519667100456,0.22102488296250872,-0.3289844390197125,0.40709386250220647,0.29286294211341085,16.8,3.3,2.4,0.7,0.2,1.8,0.448,14.6,0.844,2.4,1.7
203915,Spencer Dinwiddie,BKN,68,28.1,-2.34163790933488,0.15623491525231767,-1.1491414547473215,0.4298152982176478,-1.048543157069491,-0.5812166710465555,0.22102488296250872,-0.39078637037769565,0.34165138855878474,-0.3206767410850755,16.8,2.4,4.6,0.6,0.3,1.8,0.442,12.2,0.806,5.2,2.2
203095,Evan Fournier,ORL,81,31.5,-2.3626005531820864,-0.15895419384056972,-0.865110611143452,-0.043897374322008374,-0.2935920839794573,-0.9914872623735358,0.3334104166722587,-0.5062275547535718,0.11581104172423394,0.047447068834016476,15.1,3.2,3.6,0.9,0.1,1.9,0.438,13.2,0.806,2.1,1.9
1626153,Delon Wright,MEM,75,22.6,-2.3675460754888475,-1.3455484868961451,-0.7585990447920011,-0.1860111760839054,0.4613589891105761,-0.3760813753830653,-1.0152159878447429,-0.3309829460100021,0.0317154538191467,1.1518184985912914,8.7,3.5,3.3,1.2,0.4,0.7,0.434,7.4,0.793,2.0,1.0
1628983,Shai Gilgeous-Alexander,LAC,82,26.5,-2.409775132056841,-0.9561972344872842,-1.0071260329453868,-0.1860111760839054,0.4613589891105761,-0.17094607971957518,-1.1276015215544932,0.18875957550930347,0.09512540600051377,0.29286294211341085,10.8,2.8,3.3,1.2,0.5,0.6,0.476,8.7,0.8,2.4,1.7
203484,Kentavious Caldwell-Pope,LAL,82,24.8,-2.4375213914103666,-0.844954019513324,-0.9716221774949032,-1.133436521163218,-0.2935920839794573,-0.7863519667100456,0.22102488296250872,-0.46946177214737533,0.44363789476476284,1.3972343718706857,11.4,2.9,1.3,0.9,0.2,1.8,0.43,9.2,0.867,1.9,0.8
1628963,Marvin Bagley III,SAC,62,25.3,-2.45020676710133,-0.19603526549855632,0.6970590286778292,-1.275550322925115,-1.3001935147661687,0.8547303985978755,-1.2399870552642431,0.7523006004360819,-1.1581015151121412,0.4155708787531079,14.9,7.6,1.0,0.5,1.0,0.5,0.504,11.4,0.691,4.2,1.6
203943,Noah Vonleh,NYK,68,25.3,-2.4954522783102746,-1.401170094383125,0.7680667395787967,-0.8492089176394243,-0.7968927993728132,0.4444598072708953,-1.0152159878447429,0.07914104546590013,-0.508326760057961,0.7836946886721996,8.4,7.8,1.9,0.7,0.8,0.7,0.47,6.5,0.712,2.3,1.3
200765,Rajon Rondo,LAL,46,29.8,-2.504317948139019,-1.2528458077511784,-0.1195296466832951,2.0404383848524796,0.4613589891105761,-0.7863519667100456,-0.5656738530057422,-0.8512061211092516,-0.37358356591930364,-1.0569243609232584,9.2,5.3,8.0,1.2,0.2,1.1,0.405,9.4,0.639,0.8,2.8
202684,Tristan Thompson,CLE,43,27.9,-2.5711634963756973,-0.9376566986582909,1.6201592703904046,-0.8018376503854586,-0.7968927993728132,-0.3760813753830653,-1.8019147238129938,0.92836316351745,-1.0662894347034322,0.6609867520325026,10.9,10.2,2.0,0.7,0.4,0.0,0.529,8.8,0.642,2.5,1.4
1626158,Richaun Holmes,PHX,70,16.9,-2.5756133984336342,-1.438251166041112,-0.332552779386197,-1.3229215901790807,-1.048543157069491,1.0598656942613658,-1.8019147238129938,1.1977315487404583,-0.40896953345696696,1.519942308510383,8.2,4.7,0.9,0.6,1.1,0.0,0.608,5.2,0.731,2.5,0.7
203952,Andrew Wiggins,MIN,73,34.8,-2.576991756956509,0.39726188102923154,-0.29704892393571347,-0.5649813141156305,-0.04194172628277949,0.23932451160740498,-0.003746184456991508,-1.31879351294523,-1.0345135566908168,0.047447068834016476,18.1,4.8,2.5,1.0,0.7,1.6,0.412,16.6,0.699,4.1,1.9
203482,Kelly Olynyk,MIA,79,22.9,-2.621978801226459,-1.1045215211192312,-0.332552779386197,-0.8965801848933899,-0.7968927993728132,-0.17094607971957518,-0.228517251876492,0.00794739613139165,0.23909766697734566,0.6609867520325026,10.0,4.7,1.8,0.7,0.5,1.4,0.463,7.1,0.822,2.3,1.4
2738,Andre Iguodala,GSW,68,23.2,-2.653937572285238,-1.9017645617659458,-0.6875913338910337,-0.2333824433378709,-0.2935920839794573,0.4444598072708953,-1.0152159878447429,0.2619917862990998,-0.6260771269068672,1.3972343718706857,5.7,3.7,3.2,0.9,0.8,0.7,0.5,4.4,0.582,1.0,0.8
1627736,Malik Beasley,DEN,81,23.2,-2.6915124265065673,-0.8634945553423173,-1.1136375992968377,-1.180807788417184,-0.7968927993728132,-0.9914872623735358,0.4457959503820089,0.16870282919535004,0.12036649020837731,1.519942308510383,11.3,2.5,1.2,0.7,0.1,2.0,0.474,9.1,0.848,0.8,0.7
203109,Jae Crowder,UTA,80,27.1,-2.6980715233481845,-0.7522513403683573,-0.29704892393571347,-0.9439514521473555,-0.5452424416761351,-0.3760813753830653,0.6705670178015094,-1.000347867454316,-0.4828257021363452,1.029110561951594,11.9,4.8,1.7,0.8,0.4,2.2,0.399,10.0,0.721,2.5,1.1
1626159,Justise Winslow,MIA,66,29.7,-2.738415419507068,-0.6224675895654038,-0.08402579123281124,0.287701496455751,0.2097086314138986,-0.5812166710465555,-0.11613171816674174,-0.5228206439103013,-0.9884863923698283,-0.3206767410850755,12.6,5.4,4.3,1.1,0.3,1.5,0.433,11.3,0.628,2.1,2.2
201961,Wayne Ellington,DET,53,24.5,-2.7464398740921485,-1.048899913632251,-1.2911568765492563,-1.0860652539092526,-0.04194172628277949,-0.9914872623735358,1.1201091526405098,-0.8060331171135195,0.0018007512572510162,1.3972343718706857,10.3,2.0,1.4,1.0,0.1,2.6,0.403,8.6,0.796,0.9,0.8
1627747,Caris LeVert,BKN,40,26.6,-2.800014117828919,-0.4185216954464769,-0.6520874784405502,0.09821642743988845,0.2097086314138986,-0.3760813753830653,-0.4532883192959922,-0.636297051371672,-0.8645261988583602,0.29286294211341085,13.7,3.8,3.9,1.1,0.4,1.2,0.429,12.1,0.691,3.1,1.7
203914,Gary Harris,DEN,57,28.8,-2.810664080976379,-0.5668459820784236,-1.0071260329453868,-0.7070951158775273,-0.04194172628277949,-0.5812166710465555,-0.228517251876492,-0.6775763397439148,0.09325241356280477,0.9064026253118969,12.9,2.8,2.2,1.0,0.3,1.4,0.424,11.2,0.799,2.5,1.2
203953,Jabari Parker,WAS,64,26.9,-2.815121624516098,-0.27019740881452986,0.34202047417299253,-0.6123525813695961,-0.7968927993728132,-0.17094607971957518,-0.6780593867154925,0.5686340133948209,-0.6312352417274348,-0.5660926143644696,14.5,6.6,2.4,0.7,0.5,1.0,0.493,11.7,0.712,2.9,2.4
203457,Nerlens Noel,OKC,77,13.7,-2.8283998843530784,-2.050088848397893,-0.5100720566386153,-1.4650353919409775,-0.2935920839794573,1.2650009899248555,-1.8019147238129938,0.7093959440369266,-0.3247439586950042,1.64265024515008,4.9,4.2,0.6,0.9,1.2,0.0,0.587,3.6,0.684,1.0,0.6
203145,Kent Bazemore,ATL,67,24.5,-2.8390664124684264,-0.8078729478553375,-0.6165836229900664,-0.6597238486235618,0.7130093468072543,0.0341892159439149,-0.228517251876492,-0.9814758900523285,-0.4622464192955233,0.17015500547371354,11.6,3.9,2.3,1.3,0.6,1.4,0.402,10.3,0.726,2.6,1.8
203210,JaMychal Green,LAC,65,21.1,-2.8481203153384564,-1.2157647360931914,0.2355089078215416,-1.3702928574330462,-0.7968927993728132,-0.17094607971957518,-0.5656738530057422,0.2390363615973292,0.013210052194841573,0.7836946886721996,9.4,6.3,0.8,0.7,0.5,1.1,0.483,7.3,0.792,1.6,1.3
1628467,Maxi Kleber,DAL,71,21.2,-2.8590585233526262,-1.697818667647019,-0.36805663483668083,-1.275550322925115,-1.3001935147661687,1.0598656942613658,-0.5656738530057422,-0.07954631232646017,-0.029319283977491756,1.3972343718706857,6.8,4.6,1.0,0.5,1.1,1.1,0.453,5.4,0.784,1.0,0.8
203998,Bruno Caboclo,MEM,34,23.5,-2.8685580457369113,-1.4197106302121183,-0.36805663483668083,-1.038693986655287,-1.5518438724628467,0.8547303985978755,-0.228517251876492,-0.3683432212019171,0.2227665909589616,1.029110561951594,8.3,4.6,1.5,0.4,1.0,1.4,0.427,6.6,0.84,1.5,1.1
1626145,Tyus Jones,MIN,68,22.9,-2.938158008892871,-1.6792781318180254,-1.2911568765492563,0.5245578327255792,0.4613589891105761,-0.9914872623735358,-1.1276015215544932,-0.4935661275555883,0.1390727806114902,1.519942308510383,6.9,2.0,4.8,1.2,0.1,0.6,0.415,6.6,0.841,1.0,0.7
1626224,Cedi Osman,CLE,76,32.2,-2.960932341705919,-0.5483054462494303,-0.332552779386197,-0.5176100468616648,-0.5452424416761351,-0.9914872623735358,0.10863934925275848,-0.6188838997474071,-0.05376863005711269,0.5382788153928052,13.0,4.7,2.6,0.8,0.1,1.7,0.427,11.1,0.779,2.4,1.5
202722,Davis Bertans,SAS,76,21.5,-2.9812430025103267,-1.4753322376990985,-0.7585990447920011,-1.133436521163218,-1.3001935147661687,-0.3760813753830653,0.3334104166722587,-0.11674636965839434,0.20308539912928092,1.64265024515008,8.0,3.5,1.3,0.5,0.4,1.9,0.45,6.0,0.883,0.8,0.6
1626179,Terry Rozier,BOS,79,22.7,-3.022431500313898,-1.289926879409165,-0.6165836229900664,-0.3754962450997679,-0.2935920839794573,-0.5812166710465555,-0.11613171816674174,-0.9998081862417478,-0.024202528611384368,1.2745264352309886,9.0,3.9,2.9,0.9,0.3,1.5,0.387,8.4,0.785,1.2,0.9
204020,Tyler Johnson,PHX,57,26.8,-3.0271799229126053,-0.9376566986582909,-0.9361183220444195,-0.3754962450997679,-0.2935920839794573,-0.17094607971957518,-0.003746184456991508,-0.7167453902498271,-0.2538656707367785,0.6609867520325026,10.9,3.0,2.9,0.9,0.5,1.6,0.413,9.2,0.748,2.2,1.4
203471,Dennis Schröder,OKC,79,29.3,-3.0535812451139774,-0.08479205052459621,-0.7230951893415174,0.1929589619478196,-0.5452424416761351,-0.7863519667100456,-0.003746184456991508,-1.068103157188442,0.2854675239210065,-0.3206767410850755,15.5,3.6,4.1,0.8,0.2,1.6,0.414,14.0,0.819,2.9,2.2
203967,Dario Saric,MIN,81,25.0,-3.0744910946348205,-0.9932783061452711,-0.013018080331844156,-0.9913227194013211,-1.048543157069491,-0.9914872623735358,-0.11613171816674174,-0.343720265878502,0.5166077894199885,0.9064026253118969,10.6,5.6,1.6,0.6,0.1,1.5,0.437,8.6,0.88,1.9,1.2
202734,E'Twaun Moore,NOP,53,27.6,-3.082227444717806,-0.7522513403683573,-1.1491414547473215,-0.8492089176394243,-0.5452424416761351,-0.7863519667100456,-0.228517251876492,0.2961519205508641,-0.0967765542024886,1.029110561951594,11.9,2.4,1.9,0.8,0.2,1.4,0.481,10.0,0.763,1.1,1.1
203493,Reggie Bullock Jr.,LAL,63,29.8,-3.094178823632652,-0.8634945553423173,-1.0426298883958705,-0.8018376503854586,-1.048543157069491,-0.7863519667100456,0.7829525515112592,-0.7471699186083488,0.2610772627763287,1.1518184985912914,11.3,2.7,2.0,0.6,0.2,2.3,0.412,9.4,0.859,1.3,1.0
1627854,Bryn Forbes,SAS,82,28.0,-3.1098297406881557,-0.7707918761973506,-0.9716221774949032,-0.754466383131493,-1.3001935147661687,-1.1966225580370258,0.5581814840917592,-0.09519285123146008,0.26905963748719586,1.1518184985912914,11.8,2.9,2.1,0.5,0.0,2.1,0.456,9.6,0.885,1.0,1.0
203918,Rodney Hood,POR,72,26.3,-3.1574018305337352,-0.882035091171311,-1.2201491656482888,-0.8965801848933899,-0.5452424416761351,-0.7863519667100456,-0.4532883192959922,-0.4010339890272776,0.6300449560180191,1.3972343718706857,11.2,2.2,1.8,0.8,0.2,1.2,0.435,9.3,0.884,2.2,0.8
202083,Wesley Matthews,IND,69,30.3,-3.175669982562342,-0.6966297328813773,-1.1136375992968377,-0.6597238486235618,-0.5452424416761351,-0.7863519667100456,0.6705670178015094,-0.9943734277808091,0.16602732793271682,0.7836946886721996,12.2,2.5,2.3,0.8,0.2,2.2,0.4,10.1,0.81,2.4,1.3
203486,Mason Plumlee,DEN,82,21.1,-3.21247605094972,-1.5124133093570855,0.27101276327202545,-0.32812497784580225,-0.5452424416761351,0.6495951029343854,-1.8019147238129938,1.1157632483222184,-1.599430528179138,0.5382788153928052,7.8,6.4,3.0,0.8,0.9,0.0,0.593,5.4,0.561,2.4,1.5
1628404,Josh Hart,LAL,67,25.6,-3.2191274349667163,-1.5124133093570855,-0.6875913338910337,-1.0860652539092526,-0.04194172628277949,0.0341892159439149,-0.228517251876492,-0.6032373608424073,-0.36807684998256923,1.2745264352309886,7.8,3.7,1.4,1.0,0.6,1.4,0.407,6.9,0.688,1.2,0.9
1628989,Kevin Huerter,ATL,75,27.3,-3.2221015657982015,-1.1601431286062114,-0.8296067556929685,-0.3754962450997679,-0.2935920839794573,-0.5812166710465555,0.22102488296250872,-0.6021390252496422,-0.13921135447891228,0.5382788153928052,9.7,3.3,2.9,0.9,0.3,1.8,0.419,8.8,0.732,0.7,1.5
1628436,Luke Kornet,NYK,46,17.0,-3.2945403721567614,-1.6607375959890323,-0.9716221774949032,-1.180807788417184,-1.048543157069491,0.6495951029343854,-0.11613171816674174,-0.826410299147435,0.09475907940386329,1.7653581817897774,7.0,2.9,1.2,0.6,0.9,1.5,0.378,6.2,0.826,1.0,0.5
1627759,Jaylen Brown,BOS,74,25.9,-3.3460586906853598,-0.5483054462494303,-0.5100720566386153,-1.0860652539092526,-0.2935920839794573,-0.3760813753830653,-0.340902785586242,0.04626054596424653,-1.0209949235757432,0.7836946886721996,13.0,4.2,1.4,0.9,0.4,1.3,0.465,10.7,0.658,2.7,1.3
202702,Kenneth Faried,HOU,37,19.7,-3.3726286415289515,-1.0303593778032578,0.41302818507395994,-1.5124066591949432,-1.3001935147661687,0.0341892159439149,-1.5771436563934935,1.4424432485642649,-1.116712518184217,1.2745264352309886,10.4,6.8,0.5,0.5,0.6,0.2,0.589,7.2,0.646,2.7,0.9
201609,Goran Dragic,MIA,36,27.5,-3.3766496002306963,-0.4185216954464769,-0.9006144665939357,0.5245578327255792,-0.5452424416761351,-0.9914872623735358,-0.003746184456991508,-0.9346163822673228,-0.031718132336197406,-0.07526086780568084,13.7,3.1,4.8,0.8,0.1,1.6,0.413,12.0,0.782,2.8,2.0
202709,Cory Joseph,IND,82,25.2,-3.377324389834487,-1.753440275133999,-0.7941029002424848,0.09821642743988845,0.2097086314138986,-0.5812166710465555,-1.0152159878447429,-0.5328110707320184,-0.16028104227976533,1.1518184985912914,6.5,3.4,3.9,1.1,0.3,0.7,0.412,6.7,0.698,0.5,1.0
1627863,Danuel House Jr.,HOU,39,25.1,-3.425741227910117,-1.2157647360931914,-0.7230951893415174,-1.275550322925115,-1.3001935147661687,-0.5812166710465555,0.3334104166722587,0.05858678053411123,0.00355557382507332,1.2745264352309886,9.4,3.6,1.0,0.5,0.3,1.9,0.468,6.5,0.789,1.8,0.9
1628970,Miles Bridges,CHA,80,21.2,-3.4565114370687344,-1.5680349168440653,-0.5810797675395828,-1.180807788417184,-0.7968927993728132,0.0341892159439149,-0.9028304541349926,0.01719576128582875,-0.12090093313992073,1.64265024515008,7.5,4.0,1.2,0.7,0.6,0.8,0.464,6.4,0.753,1.0,0.6
2548,Dwyane Wade,MIA,72,26.2,-3.47680851631769,-0.17749472966956303,-0.5810797675395828,0.2403302292017855,-0.5452424416761351,-0.17094607971957518,-0.4532883192959922,-0.6151988889678416,-0.7305038409260134,-0.44338467772477225,15.0,4.0,4.2,0.8,0.5,1.2,0.433,13.3,0.708,3.2,2.3
1627936,Alex Caruso,LAL,25,21.2,-3.4850150709150447,-1.2528458077511784,-1.0426298883958705,-0.28075371059183657,-0.04194172628277949,-0.3760813753830653,-0.6780593867154925,-0.1886736481412381,0.0831075302330054,0.29286294211341085,9.2,2.7,3.1,1.0,0.4,1.0,0.445,6.9,0.797,2.6,1.7
1626172,Kevon Looney,GSW,80,18.5,-3.507522535358397,-1.7905213467919858,-0.15503350213377864,-1.038693986655287,-1.048543157069491,0.23932451160740498,-1.8019147238129938,1.1058571466899645,-0.6606477223423105,1.64265024515008,6.3,5.2,1.5,0.6,0.7,0.0,0.625,4.3,0.619,1.3,0.6
1629026,Kenrich Williams,NOP,46,23.5,-3.5151254322145746,-1.8276024184499726,-0.29704892393571347,-0.8965801848933899,-0.04194172628277949,-0.3760813753830653,-0.5656738530057422,-0.755227190461609,-0.15220413167298844,1.3972343718706857,6.1,4.8,1.8,1.0,0.4,1.1,0.384,6.1,0.684,0.4,0.8
202697,Iman Shumpert,HOU,62,23.9,-3.541338456678277,-1.5680349168440653,-0.9361183220444195,-0.8965801848933899,-0.04194172628277949,-0.3760813753830653,-0.11613171816674174,-1.005095375621125,0.0014107906866238325,1.3972343718706857,7.5,3.0,1.8,1.0,0.4,1.5,0.374,7.2,0.8,0.7,0.8
1628443,Kadeem Allen,NYK,19,21.9,-3.5610422283151433,-1.1230620569482246,-1.0426298883958705,0.14558769469385413,-0.5452424416761351,-0.7863519667100456,-0.7904449204252425,-0.015079704981422394,-0.06480569590455884,0.6609867520325026,9.9,2.7,4.0,0.8,0.2,0.9,0.461,7.4,0.778,2.8,1.4
201988,Patty Mills,SAS,82,23.3,-3.584441539358494,-1.1230620569482246,-1.2201491656482888,-0.32812497784580225,-1.048543157069491,-0.9914872623735358,0.3334104166722587,-0.47747055701669505,0.24187465891969037,1.029110561951594,9.9,2.2,3.0,0.6,0.1,1.9,0.425,8.1,0.854,1.3,1.1
1626192,Pat Connaughton,MIL,61,20.7,-3.588222718906587,-1.6792781318180254,-0.5100720566386153,-0.8018376503854586,-1.3001935147661687,-0.3760813753830653,-0.5656738530057422,0.03324284484078083,-0.1536871635400704,1.7653581817897774,6.9,4.2,2.0,0.5,0.4,1.1,0.466,5.7,0.725,0.7,0.5
1627826,Ivica Zubac,LAC,59,17.6,-3.6037085671910867,-1.3084674152381581,0.1645011969205742,-1.2281790556711494,-2.0551445878562027,0.6495951029343854,-1.8019147238129938,0.9785029211725973,0.09099536904796285,0.9064026253118969,8.9,6.1,1.1,0.2,0.9,0.0,0.559,6.4,0.802,2.1,1.2
1627761,DeAndre' Bembry,ATL,82,23.6,-3.638054138145083,-1.401170094383125,-0.43906434573764797,-0.5649813141156305,0.7130093468072543,-0.17094607971957518,-1.1276015215544932,-0.19314499131255364,-0.7470180802427223,0.29286294211341085,8.4,4.4,2.5,1.3,0.5,0.6,0.446,7.5,0.64,1.7,1.7
203458,Alex Len,ATL,77,20.1,-3.6927595287057153,-0.9005756270003042,-0.0485219357823277,-1.2281790556711494,-1.5518438724628467,0.6495951029343854,-0.6780593867154925,0.4212820691961256,-1.1401515118763044,0.7836946886721996,11.1,5.5,1.1,0.4,0.9,1.0,0.494,8.4,0.648,2.8,1.3
1627827,Dorian Finney-Smith,DAL,81,24.5,-3.745488881204909,-1.5680349168440653,-0.29704892393571347,-1.180807788417184,-0.2935920839794573,-0.3760813753830653,-0.6780593867154925,-0.3113899882380992,-0.3150008529228209,1.2745264352309886,7.5,4.8,1.2,0.9,0.4,1.0,0.432,6.5,0.709,1.3,0.9
202066,Garrett Temple,LAC,75,27.2,-3.762475160170827,-1.5124133093570855,-0.9716221774949032,-1.0860652539092526,-0.04194172628277949,-0.3760813753830653,-0.4532883192959922,-0.42051943218261345,-0.17507000149612376,1.2745264352309886,7.8,2.9,1.4,1.0,0.4,1.2,0.422,6.6,0.748,1.4,0.9
1628422,Damyean Dotson,NYK,73,27.4,-3.7649398553857782,-0.9747377703162778,-0.7230951893415174,-0.8965801848933899,-0.5452424416761351,-0.9914872623735358,0.10863934925275848,-0.7175127494739474,-0.17674210515502492,1.1518184985912914,10.7,3.6,1.8,0.8,0.1,1.7,0.415,9.6,0.745,1.3,1.0
1629001,De'Anthony Melton,PHX,50,19.7,-3.7710180882545496,-2.0315483125688996,-1.0426298883958705,-0.2333824433378709,0.9646597045039317,-0.17094607971957518,-1.1276015215544932,-0.5751191264157184,-0.09272923615885884,0.5382788153928052,5.0,2.7,3.2,1.4,0.5,0.6,0.391,5.1,0.75,0.6,1.5
1626144,Emmanuel Mudiay,NYK,59,27.2,-3.7713427408805433,-0.2145758013275496,-0.8296067556929685,0.09821642743988845,-0.7968927993728132,-0.5812166710465555,-0.4532883192959922,-0.3213192792974571,-0.10656692792262634,-0.5660926143644696,14.8,3.3,3.9,0.7,0.3,1.2,0.446,12.5,0.774,3.2,2.4
1627853,Ryan Arcidiacono,CHI,81,24.2,-3.7788088418056223,-1.716359203476012,-1.0426298883958705,-0.1860111760839054,-0.5452424416761351,-1.1966225580370258,-0.6780593867154925,-0.12596311286678225,0.314844553574916,1.3972343718706857,6.7,2.7,3.3,0.8,0.0,1.0,0.447,5.2,0.873,1.3,0.8
203115,Will Barton,DEN,43,27.7,-3.871910379598565,-0.8264134836843308,-0.36805663483668083,-0.3754962450997679,-1.5518438724628467,-0.17094607971957518,-0.003746184456991508,-1.0195571456141586,-0.0941295491170195,0.5382788153928052,11.5,4.6,2.9,0.4,0.5,1.6,0.402,10.7,0.77,1.7,1.5
202693,Markieff Morris,OKC,58,21.9,-3.8963294527189936,-1.2157647360931914,-0.36805663483668083,-1.0860652539092526,-1.048543157069491,-0.3760813753830653,-0.4532883192959922,-0.5417305676475471,-0.08132584371476254,1.2745264352309886,9.4,4.6,1.4,0.6,0.4,1.2,0.421,8.3,0.772,1.6,0.9
203079,Dion Waiters,MIA,44,25.9,-3.972069998909197,-0.733710804539364,-1.078133743846354,-0.4228675123537336,-0.7968927993728132,-0.7863519667100456,1.0077236189307597,-0.8317902462352239,-0.8683253601752274,0.5382788153928052,12.0,2.6,2.8,0.7,0.2,2.5,0.414,10.9,0.5,1.0,1.5
1628372,Dennis Smith Jr.,NYK,53,28.5,-4.0248994786809025,-0.43706223127547017,-0.9716221774949032,0.5245578327255792,0.7130093468072543,-0.3760813753830653,-0.340902785586242,-0.6662472505394601,-1.2909185403716399,-1.1796322975629556,13.6,2.9,4.8,1.3,0.4,1.3,0.428,12.3,0.635,2.9,2.9
204456,T.J. McConnell,PHI,76,19.3,-4.0824376844224854,-1.7719808109629922,-1.1846453101978052,-0.13863990882993973,-0.04194172628277949,-0.7863519667100456,-1.5771436563934935,0.5451115017939091,-0.03324843215123483,0.9064026253118969,6.4,2.3,3.4,1.0,0.2,0.2,0.525,5.5,0.784,0.5,1.2
1629013,Landry Shamet,LAC,79,22.8,-4.099631242600793,-1.2713863435801716,-1.3976684429007071,-1.038693986655287,-1.3001935147661687,-0.9914872623735358,0.5581814840917592,-0.3512779109841904,0.05024448941742885,1.64265024515008,9.1,1.7,1.5,0.5,0.1,2.1,0.431,7.1,0.806,1.2,0.6
1627751,Jakob Poeltl,SAS,77,16.5,-4.120933299767486,-1.9388456334239326,-0.1195296466832951,-1.180807788417184,-1.5518438724628467,0.6495951029343854,-1.8019147238129938,1.097329761905443,-0.9175667449571423,1.64265024515008,5.5,5.3,1.2,0.4,0.9,0.0,0.645,3.8,0.533,1.2,0.6
201158,Marco Belinelli,SAS,79,23.0,-4.144757757819438,-1.0118188419742644,-1.1136375992968377,-0.9439514521473555,-1.5518438724628467,-0.9914872623735358,0.3334104166722587,-0.6778398559609886,0.5378842744931438,1.2745264352309886,10.5,2.5,1.7,0.4,0.1,1.9,0.413,8.7,0.903,1.6,0.9
1627745,Damian Jones,GSW,24,17.1,-4.146842233580748,-1.957386169252926,-0.9006144665939357,-1.180807788417184,-1.3001935147661687,0.8547303985978755,-1.8019147238129938,1.2430268242609128,-0.6236251021067116,1.519942308510383,5.4,3.1,1.2,0.5,1.0,0.0,0.716,3.1,0.649,1.5,0.7
1628379,Luke Kennard,DET,63,22.8,-4.1777117370805446,-1.1601431286062114,-0.9716221774949032,-0.8965801848933899,-1.5518438724628467,-0.7863519667100456,0.10863934925275848,-0.318637738272509,0.12430154687561457,1.2745264352309886,9.7,2.9,1.8,0.4,0.2,1.7,0.438,8.3,0.836,1.0,0.9
1627742,Brandon Ingram,LAL,52,33.9,-4.194037181125466,0.4343429526872181,-0.19053735758426252,-0.32812497784580225,-1.3001935147661687,0.0341892159439149,-1.1276015215544932,0.769131908253046,-1.7964433352547515,-0.6888005510041669,18.3,5.1,3.0,0.5,0.6,0.6,0.497,14.0,0.675,5.6,2.5
201588,George Hill,MIL,60,21.7,-4.1995950259529025,-1.549494381015072,-1.1136375992968377,-0.6597238486235618,-0.2935920839794573,-0.9914872623735358,-0.9028304541349926,-0.1026176841637428,0.1392618524033094,1.2745264352309886,7.6,2.5,2.3,0.9,0.1,0.8,0.452,6.3,0.824,1.4,0.9
1628964,Mo Bamba,ORL,47,16.3,-4.241434252558705,-1.8090618826209788,-0.22604121303474606,-1.3702928574330462,-1.8034942301595245,1.6752715812518357,-1.352372588973993,0.1535748902055541,-0.7835443870247959,1.2745264352309886,6.2,5.0,0.8,0.3,1.4,0.4,0.481,5.2,0.587,1.3,0.9
101123,Gerald Green,HOU,73,20.2,-4.264247516189262,-1.2528458077511784,-1.1136375992968377,-1.5124066591949432,-1.3001935147661687,-0.3760813753830653,0.5581814840917592,-0.7779696940599832,0.11347127830047056,1.3972343718706857,9.2,2.5,0.5,0.5,0.4,2.1,0.4,7.9,0.838,0.9,0.8
201577,Robin Lopez,CHI,74,21.7,-4.269149672705592,-1.197224200264198,-0.6165836229900664,-1.180807788417184,-2.3067949455528804,1.0598656942613658,-1.6895291901032436,1.203381336434529,-0.3251516447461145,0.7836946886721996,9.5,3.9,1.2,0.1,1.1,0.1,0.568,7.2,0.724,1.7,1.3
1629012,Collin Sexton,CLE,82,31.8,-4.271957791748972,0.13769437942332405,-0.9716221774949032,-0.32812497784580225,-1.3001935147661687,-0.9914872623735358,-0.11613171816674174,-0.7495900515459595,0.4908822087455875,-0.44338467772477225,16.7,2.9,3.0,0.5,0.1,1.5,0.43,14.7,0.839,3.1,2.3
203504,Trey Burke,DAL,58,19.4,-4.320296299895214,-0.9376566986582909,-1.3976684429007071,-0.47023877960769905,-1.048543157069491,-0.9914872623735358,-0.6780593867154925,-0.4647859403916104,0.2709089959509275,1.3972343718706857,10.9,1.7,2.7,0.6,0.1,1.0,0.431,9.4,0.831,2.1,0.8
1713,Vince Carter,ATL,76,17.5,-4.324644391645048,-1.5865754526730587,-1.078133743846354,-1.2281790556711494,-1.048543157069491,-0.3760813753830653,-0.003746184456991508,-0.42449536486582923,-0.22154030282918866,1.64265024515008,7.4,2.6,1.1,0.6,0.4,1.6,0.419,6.2,0.712,0.9,0.6
1626181,Norman Powell,TOR,60,18.8,-4.349738862580163,-1.3640890227251383,-1.1846453101978052,-1.038693986655287,-0.7968927993728132,-0.7863519667100456,-0.5656738530057422,0.21931691604123107,0.1381805980938433,1.029110561951594,8.6,2.3,1.5,0.7,0.2,1.1,0.483,6.7,0.827,1.3,1.1
203894,Shabazz Napier,BKN,56,17.6,-4.3551913895752,-1.2157647360931914,-1.3621645874502235,-0.5176100468616648,-0.7968927993728132,-0.5812166710465555,-0.228517251876492,-0.9037913092588469,0.3443633870726899,0.9064026253118969,9.4,1.8,2.6,0.7,0.3,1.4,0.389,7.8,0.833,2.5,1.2
203121,Darius Miller,NOP,69,25.5,-4.355867012699396,-1.438251166041112,-1.3266607319997399,-0.754466383131493,-1.048543157069491,-0.5812166710465555,0.3334104166722587,-0.8001177050726374,-0.014548050241616114,1.2745264352309886,8.2,1.9,2.1,0.6,0.3,1.9,0.39,7.0,0.789,1.0,0.9
202340,Avery Bradley,MEM,63,30.2,-4.3717875262525725,-1.1230620569482246,-1.0071260329453868,-0.6123525813695961,-0.7968927993728132,-0.5812166710465555,-0.228517251876492,-0.8323341437072648,0.14872725898125855,0.6609867520325026,9.9,2.8,2.4,0.7,0.3,1.4,0.408,9.7,0.86,0.8,1.4
202692,Alec Burks,SAC,64,21.5,-4.409139036151547,-1.3270079510671515,-0.6875913338910337,-0.8018376503854586,-1.048543157069491,-0.5812166710465555,-0.6780593867154925,-0.6702864271147723,0.23358504254711696,1.1518184985912914,8.8,3.7,2.0,0.6,0.3,1.0,0.405,7.4,0.823,2.2,1.0
1627885,Shaquille Harrison,CHI,73,19.6,-4.410382640807023,-1.753440275133999,-0.9361183220444195,-0.8492089176394243,0.4613589891105761,-0.3760813753830653,-1.4647581226837434,-0.27795083435624834,-0.6114181545473838,1.3972343718706857,6.5,3.0,1.9,1.2,0.4,0.3,0.432,5.8,0.667,1.7,0.8
201149,Joakim Noah,MEM,42,16.5,-4.436785200661642,-1.6421970601600389,0.022485775118639705,-0.754466383131493,-1.3001935147661687,0.23932451160740498,-1.8019147238129938,0.4328304038931873,-0.5390568347220765,0.9064026253118969,7.1,5.7,2.1,0.5,0.7,0.0,0.516,5.1,0.716,2.6,1.2
1629006,Josh Okogie,MIN,74,23.7,-4.442601103853879,-1.5309538451860785,-0.9716221774949032,-1.180807788417184,0.4613589891105761,-0.3760813753830653,-0.9028304541349926,-0.8323383599667368,-0.38385252761248423,1.2745264352309886,7.7,2.9,1.2,1.2,0.4,0.8,0.386,6.9,0.728,2.2,0.9
203476,Gorgui Dieng,MIN,76,13.6,-4.457669864901347,-1.7719808109629922,-0.5455759120890992,-1.3229215901790807,-1.048543157069491,-0.17094607971957518,-1.4647581226837434,0.3057439108523672,0.16407752507958048,1.3972343718706857,6.4,4.1,0.9,0.6,0.5,0.3,0.501,5.0,0.83,1.4,0.8
1627767,Cheick Diallo,NOP,64,14.0,-4.484067775021346,-1.8461429542789658,-0.15503350213377864,-1.5124066591949432,-1.3001935147661687,-0.17094607971957518,-1.8019147238129938,1.0469159473845389,-0.14158066037014663,1.3972343718706857,6.0,5.2,0.5,0.5,0.5,0.0,0.62,4.2,0.746,1.0,0.8
203488,Mike Muscala,LAL,64,20.4,-4.501582858489145,-1.6607375959890323,-0.6520874784405502,-1.180807788417184,-1.8034942301595245,0.0341892159439149,-0.228517251876492,-0.5340211372008224,0.12665903577986032,1.3972343718706857,7.0,3.8,1.2,0.3,0.6,1.4,0.402,5.6,0.824,1.3,0.8
1627884,Derrick Jones Jr.,MIA,60,19.2,-4.529571137987244,-1.6607375959890323,-0.5810797675395828,-1.4650353919409775,-0.5452424416761351,0.23932451160740498,-1.2399870552642431,0.2705086304349385,-1.0672643361300003,1.519942308510383,7.0,4.0,0.6,0.8,0.7,0.5,0.494,5.4,0.607,2.0,0.7
2736,Luol Deng,MIN,22,17.8,-4.533765883264792,-1.6421970601600389,-0.8296067556929685,-1.3702928574330462,-0.7968927993728132,-0.3760813753830653,-1.1276015215544932,0.3217361830341676,-0.35547994185261444,1.64265024515008,7.1,3.3,0.8,0.7,0.4,0.6,0.5,5.4,0.714,1.6,0.6
1629066,Rodions Kurucs,BKN,63,20.5,-4.594331899655293,-1.3826295585541317,-0.6165836229900664,-1.3702928574330462,-0.7968927993728132,-0.3760813753830653,-0.7904449204252425,-0.13798788488431357,-0.029821505924511372,0.9064026253118969,8.5,3.9,0.8,0.7,0.4,0.9,0.45,7.1,0.783,1.5,1.2
203516,James Ennis III,PHI,58,21.2,-4.608985520060532,-1.716359203476012,-0.9006144665939357,-1.417664124687012,-0.7968927993728132,-0.3760813753830653,-0.7904449204252425,0.053841380497038425,-0.30742025576956944,1.64265024515008,6.7,3.1,0.7,0.7,0.4,0.9,0.469,5.1,0.716,1.4,0.6
201960,DeMarre Carroll,BKN,67,25.4,-4.634309293894121,-0.9005756270003042,-0.15503350213377864,-1.133436521163218,-1.3001935147661687,-0.9914872623735358,-0.003746184456991508,-0.9148126115217593,-0.2641346324299588,1.029110561951594,11.1,5.2,1.3,0.5,0.1,1.6,0.395,8.6,0.76,3.6,1.1
202334,Ed Davis,BKN,81,17.9,-4.643426630367958,-1.8832240259369528,1.052097583182666,-1.3702928574330462,-1.5518438724628467,-0.3760813753830653,-1.8019147238129938,0.8987776707940933,-1.0081794011864977,1.3972343718706857,5.8,8.6,0.8,0.4,0.4,0.0,0.616,3.7,0.617,2.0,0.8
2594,Kyle Korver,UTA,70,19.1,-4.646816764205714,-1.3640890227251383,-1.1846453101978052,-1.180807788417184,-1.5518438724628467,-0.7863519667100456,0.4457959503820089,-0.5050512183605514,0.08294209241516277,1.3972343718706857,8.6,2.3,1.2,0.4,0.2,2.0,0.416,6.9,0.822,1.0,0.8
1626143,Jahlil Okafor,NOP,59,15.8,-4.648611092052938,-1.438251166041112,-0.332552779386197,-1.417664124687012,-1.8034942301595245,0.23932451160740498,-1.8019147238129938,1.1930009056115414,-0.561585920416034,1.2745264352309886,8.2,4.7,0.7,0.3,0.7,0.0,0.586,6.1,0.663,1.5,0.9
201163,Wilson Chandler,LAC,51,23.1,-4.708732535082608,-1.8461429542789658,-0.5100720566386153,-0.9913227194013211,-1.3001935147661687,-0.3760813753830653,-0.4532883192959922,-0.37837370248863017,-0.12778432806083895,1.2745264352309886,6.0,4.2,1.6,0.5,0.4,1.2,0.418,5.4,0.72,0.5,0.9
204038,Langston Galloway,DET,80,21.8,-4.729766020530722,-1.401170094383125,-1.2556530210987724,-1.2281790556711494,-1.3001935147661687,-0.9914872623735358,0.10863934925275848,-0.8574546176485154,0.1849581410886143,2.0107740550691715,8.4,2.1,1.1,0.5,0.1,1.7,0.388,7.3,0.844,1.2,0.3
101141,Ersan Ilyasova,MIL,67,18.4,-4.741231695191348,-1.697818667647019,-0.4035604902871644,-1.3702928574330462,-1.3001935147661687,-0.5812166710465555,-0.7904449204252425,-0.21910028462949604,0.10145340253296214,1.519942308510383,6.8,4.5,0.8,0.5,0.3,0.9,0.438,5.7,0.824,1.1,0.7
1629016,Omari Spellman,ATL,46,17.5,-4.778351676716591,-1.8646834901079592,-0.5100720566386153,-1.275550322925115,-1.048543157069491,-0.17094607971957518,-0.6780593867154925,-0.5054601955294498,-0.2449792965212761,1.519942308510383,5.9,4.2,1.0,0.6,0.5,1.0,0.402,5.3,0.711,1.0,0.7
1626220,Royce O'Neale,UTA,82,20.4,-4.779891217856409,-1.9944672409109125,-0.7585990447920011,-1.038693986655287,-0.7968927993728132,-0.5812166710465555,-0.9028304541349926,0.08402769019532519,-0.06574514637016124,1.2745264352309886,5.2,3.5,1.5,0.7,0.3,0.8,0.475,4.2,0.762,0.5,0.9
201949,James Johnson,MIA,55,21.2,-4.784131457008171,-1.5124133093570855,-0.865110611143452,-0.5649813141156305,-1.048543157069491,-0.17094607971957518,-0.7904449204252425,-0.3195885047837126,-0.2957982490661825,0.7836946886721996,7.8,3.2,2.5,0.6,0.5,0.9,0.433,6.9,0.714,1.3,1.3
203459,Allen Crabbe,BKN,43,26.4,-4.807576564280609,-1.1786836644352048,-0.7941029002424848,-1.2281790556711494,-1.3001935147661687,-0.5812166710465555,0.7829525515112592,-1.3105949963996142,-0.22666887518228454,1.029110561951594,9.6,3.4,1.1,0.5,0.3,2.3,0.367,8.7,0.732,1.3,1.1
203077,Michael Kidd-Gilchrist,CHA,64,18.4,-4.831954400595664,-1.716359203476012,-0.6520874784405502,-1.275550322925115,-1.3001935147661687,0.0341892159439149,-1.4647581226837434,0.11246636034197516,-0.08960364310034714,1.519942308510383,6.7,3.8,1.0,0.5,0.6,0.3,0.476,5.2,0.772,1.9,0.7
1628367,Josh Jackson,PHX,79,25.2,-4.833572660936382,-0.8264134836843308,-0.43906434573764797,-0.6597238486235618,-0.2935920839794573,0.23932451160740498,-0.7904449204252425,-0.8256808862585749,-0.917300862749896,-0.3206767410850755,11.5,4.4,2.3,0.9,0.7,0.9,0.413,10.6,0.671,2.7,2.2
1628413,Jonah Bolden,PHI,44,14.5,-4.854498153150938,-2.0871699200558793,-0.6520874784405502,-1.3229215901790807,-1.5518438724628467,0.6495951029343854,-0.9028304541349926,0.18507034847026577,-0.569544661152924,1.3972343718706857,4.7,3.8,0.9,0.4,0.9,0.8,0.494,3.7,0.481,0.6,0.8
1628470,Torrey Craig,DEN,75,20.0,-4.869832548996564,-1.9017645617659458,-0.7585990447920011,-1.275550322925115,-1.3001935147661687,0.0341892159439149,-0.9028304541349926,-0.15428794400765636,-0.25344616769868006,1.64265024515008,5.7,3.5,1.0,0.5,0.6,0.8,0.442,4.8,0.7,0.9,0.6
1627774,Jake Layman,POR,71,18.7,-4.8785753774710905,-1.549494381015072,-0.9006144665939357,-1.417664124687012,-1.5518438724628467,-0.3760813753830653,-0.9028304541349926,0.44296207540725685,-0.26565902375150197,1.64265024515008,7.6,3.1,0.7,0.4,0.4,0.8,0.509,6.0,0.704,1.0,0.6
1628380,Zach Collins,POR,77,17.6,-4.926382335994212,-1.7348997393050056,-0.5100720566386153,-1.3229215901790807,-1.8034942301595245,0.6495951029343854,-1.2399870552642431,0.0878012424238278,-0.20422250839724784,1.1518184985912914,6.6,4.2,0.9,0.3,0.9,0.5,0.473,5.2,0.746,1.6,1.0
203382,Aron Baynes,BOS,51,16.1,-4.967797257345992,-1.9203050975949394,-0.332552779386197,-1.2281790556711494,-2.0551445878562027,0.23932451160740498,-1.352372588973993,0.060243770507073975,0.223954198151326,1.3972343718706857,5.6,4.7,1.1,0.2,0.7,0.4,0.471,4.4,0.855,1.2,0.8
1628464,Daniel Theis,BOS,66,13.8,-4.974115248697682,-1.9017645617659458,-0.7941029002424848,-1.275550322925115,-1.8034942301595245,0.0341892159439149,-1.352372588973993,0.5479890988843601,-0.19436714124867174,1.7653581817897774,5.7,3.4,1.0,0.3,0.6,0.4,0.549,4.0,0.737,1.2,0.5
1626246,Boban Marjanovic,PHI,58,11.7,-4.985776264312654,-1.6051159885020523,-0.36805663483668083,-1.3229215901790807,-1.8034942301595245,-0.17094607971957518,-1.6895291901032436,1.0861840799880713,-0.2637151293918603,1.1518184985912914,7.3,4.6,0.9,0.3,0.5,0.1,0.615,4.5,0.748,2.3,1.0
202391,Jeremy Lin,TOR,74,19.4,-4.991589323304633,-1.1786836644352048,-1.1491414547473215,-0.28075371059183657,-1.048543157069491,-0.7863519667100456,-1.0152159878447429,-0.25727008164026355,0.4315077576208618,0.29286294211341085,9.6,2.4,3.1,0.6,0.2,0.7,0.44,7.3,0.838,2.8,1.7
203552,Seth Curry,POR,74,18.9,-5.021645986027091,-1.493872773528092,-1.433172298351191,-1.3229215901790807,-1.3001935147661687,-0.7863519667100456,-0.11613171816674174,-0.06277403214212013,0.09653753594566271,1.3972343718706857,7.9,1.6,0.9,0.5,0.2,1.5,0.456,6.3,0.846,0.7,0.8
201973,Jonas Jerebko,GSW,73,16.7,-5.028849180380423,-1.7905213467919858,-0.6165836229900664,-1.133436521163218,-1.5518438724628467,-0.7863519667100456,-0.7904449204252425,-0.025778463394635413,0.023461288407539117,1.64265024515008,6.3,3.9,1.3,0.4,0.2,0.9,0.459,4.9,0.8,1.1,0.6
1628382,Justin Jackson,DAL,81,19.9,-5.06997278867647,-1.6236565243310452,-1.078133743846354,-1.180807788417184,-1.5518438724628467,-0.7863519667100456,-0.5656738530057422,-0.14520612110241052,-0.026365037230316628,1.8880661184294747,7.2,2.6,1.2,0.4,0.2,1.1,0.447,6.0,0.785,1.0,0.4
1628973,Jalen Brunson,DAL,73,21.8,-5.074149825839781,-1.2343052719221848,-1.1846453101978052,-0.2333824433378709,-1.3001935147661687,-0.9914872623735358,-0.7904449204252425,0.057391470973462325,-0.3034851991023322,0.9064026253118969,9.3,2.3,3.2,0.5,0.1,0.9,0.467,7.7,0.725,1.6,1.2
1629057,Robert Williams III,BOS,32,8.8,-5.076920368426864,-2.4950617082937336,-1.1136375992968377,-1.65452046095684,-1.8034942301595245,1.470136285588346,-1.8019147238129938,0.6158371463268948,-0.30503913289134643,2.0107740550691715,2.5,2.5,0.2,0.3,1.3,0.0,0.706,1.6,0.6,0.5,0.3
202397,Ish Smith,DET,56,22.3,-5.099095395151427,-1.3084674152381581,-1.078133743846354,-0.043897374322008374,-1.3001935147661687,-0.7863519667100456,-0.9028304541349926,-0.5953065767733416,-0.1130249113119518,1.029110561951594,8.9,2.6,3.6,0.5,0.2,0.8,0.419,8.7,0.758,1.1,1.1
1626209,Mario Hezonja,NYK,58,20.8,-5.203204248307329,-1.3270079510671515,-0.5455759120890992,-1.038693986655287,-0.04194172628277949,-0.9914872623735358,-1.0152159878447429,-0.6360208863761775,-0.14553935101136098,0.5382788153928052,8.8,4.1,1.5,1.0,0.1,0.7,0.412,8.0,0.763,2.0,1.5
1628021,David Nwaba,CLE,51,19.3,-5.207656549569856,-1.753440275133999,-0.865110611143452,-1.2281790556711494,-0.7968927993728132,-0.5812166710465555,-1.2399870552642431,0.15060453540669344,-0.5360848624944181,1.64265024515008,6.5,3.2,1.1,0.7,0.3,0.5,0.481,5.1,0.682,1.7,0.6
201147,Corey Brewer,SAC,31,15.9,-5.2078228283741215,-2.050088848397893,-1.1136375992968377,-1.133436521163218,-0.04194172628277949,-0.7863519667100456,-1.2399870552642431,-0.1982888278698418,-0.28674052853934356,1.64265024515008,4.9,2.5,1.3,1.0,0.2,0.5,0.431,4.0,0.721,1.4,0.6
200826,J.J. Barea,DAL,38,19.8,-5.241258991733675,-0.9376566986582909,-1.1136375992968377,0.9035279707573042,-1.048543157069491,-1.1966225580370258,-0.6780593867154925,-0.7069299381962466,-0.5107846933516107,0.047447068834016476,10.9,2.5,5.6,0.6,0.0,1.0,0.418,10.1,0.705,2.1,1.9
1626163,Frank Kaminsky,CHA,47,16.1,-5.256693353342359,-1.3640890227251383,-0.7585990447920011,-1.133436521163218,-1.8034942301595245,-0.5812166710465555,-0.5656738530057422,0.006952358895719533,-0.3316628045768883,1.2745264352309886,8.6,3.5,1.3,0.3,0.3,1.1,0.463,6.3,0.738,2.3,0.9
203503,Tony Snell,MIL,74,17.6,-5.258348745365685,-1.8461429542789658,-1.2556530210987724,-1.3229215901790807,-1.5518438724628467,-0.7863519667100456,-0.5656738530057422,-0.08001010086851071,0.13947455816910603,2.0107740550691715,6.0,2.1,0.9,0.4,0.2,1.1,0.452,4.9,0.881,0.6,0.3
202718,Chandler Parsons,MEM,25,19.8,-5.285054799153889,-1.5680349168440653,-1.0071260329453868,-0.9439514521473555,-0.5452424416761351,-0.7863519667100456,-0.4532883192959922,-1.0190427619584295,0.2542884037513202,0.7836946886721996,7.5,2.8,1.7,0.8,0.2,1.2,0.374,7.3,0.88,1.0,1.3
1628370,Malik Monk,CHA,73,17.2,-5.290683803898103,-1.3084674152381581,-1.3266607319997399,-0.9913227194013211,-1.3001935147661687,-0.5812166710465555,-0.11613171816674174,-0.9522403468652455,0.3791466882739298,0.9064026253118969,8.9,1.9,1.6,0.5,0.3,1.5,0.387,8.0,0.882,1.4,1.2
203920,Khem Birch,ORL,50,12.9,-5.306311416178376,-2.0686293842268864,-0.6520874784405502,-1.3702928574330462,-1.5518438724628467,0.0341892159439149,-1.8019147238129938,0.6669086973256156,-0.4507071315010574,1.8880661184294747,4.8,3.8,0.8,0.4,0.6,0.0,0.603,3.0,0.699,1.7,0.4
1627823,Juancho Hernangomez,DEN,70,19.4,-5.317810885854424,-1.8832240259369528,-0.6520874784405502,-1.3702928574330462,-1.5518438724628467,-0.5812166710465555,-0.7904449204252425,-0.16604498354863986,-0.08801425835036715,1.7653581817897774,5.8,3.8,0.8,0.4,0.3,0.9,0.439,4.5,0.767,1.2,0.5
1628384,OG Anunoby,TOR,67,20.2,-5.367090995970638,-1.6607375959890323,-0.9716221774949032,-1.417664124687012,-0.7968927993728132,-0.5812166710465555,-0.6780593867154925,-0.08828661821437814,-0.5698459943211359,1.3972343718706857,7.0,2.9,0.7,0.7,0.3,1.0,0.453,6.0,0.581,0.9,0.8
1628390,Terrance Ferguson,OKC,74,26.1,-5.413050765904373,-1.6792781318180254,-1.3266607319997399,-1.275550322925115,-1.3001935147661687,-0.7863519667100456,-0.228517251876492,-0.3054619274187973,-0.1536871635400704,1.64265024515008,6.9,1.9,1.0,0.5,0.2,1.4,0.429,5.8,0.725,0.7,0.6
1626174,Christian Wood,NOP,21,11.9,-5.419801705353411,-1.438251166041112,-0.5810797675395828,-1.559777926448909,-1.8034942301595245,-0.17094607971957518,-1.352372588973993,0.5196221051487536,-0.4307364234901533,1.3972343718706857,8.2,4.0,0.4,0.3,0.5,0.4,0.521,5.6,0.732,2.7,0.8
1626169,Stanley Johnson,NOP,66,18.3,-5.420947943734923,-1.6792781318180254,-0.8296067556929685,-1.133436521163218,-0.2935920839794573,-0.7863519667100456,-0.7904449204252425,-0.7764581650388452,-0.03818202421901714,0.9064026253118969,6.9,3.3,1.3,0.9,0.2,0.9,0.389,6.7,0.781,1.0,1.2
201956,Omri Casspi,MEM,36,14.5,-5.456909464578448,-1.7905213467919858,-0.865110611143452,-1.417664124687012,-1.048543157069491,-0.5812166710465555,-1.352372588973993,0.5098741132467441,-0.5540053232627825,1.64265024515008,6.3,3.2,0.7,0.6,0.3,0.4,0.534,4.5,0.672,1.6,0.6
203585,Rodney McGruder,LAC,66,23.5,-5.490807257735058,-1.549494381015072,-0.7230951893415174,-0.9439514521473555,-1.3001935147661687,-0.7863519667100456,-0.4532883192959922,-0.6562378505501112,-0.23001308250008687,1.1518184985912914,7.6,3.6,1.7,0.5,0.2,1.2,0.403,7.0,0.722,1.1,1.0
203086,Meyers Leonard,POR,61,14.4,-5.495857707555129,-1.8646834901079592,-0.6520874784405502,-1.180807788417184,-2.0551445878562027,-0.9914872623735358,-0.9028304541349926,0.5226915420452346,0.1085495032196768,1.519942308510383,5.9,3.8,1.2,0.2,0.1,0.8,0.545,4.0,0.843,0.8,0.7
200757,Thabo Sefolosha,UTA,50,12.2,-5.554687905634033,-2.25403474251682,-1.1136375992968377,-1.5124066591949432,-0.2935920839794573,-0.9914872623735358,-1.0152159878447429,0.06925391700127623,-0.2089256692187509,1.7653581817897774,3.8,2.5,0.5,0.9,0.1,0.7,0.477,3.0,0.636,0.4,0.5
1626166,Cameron Payne,CLE,40,17.8,-5.558045621999873,-1.7905213467919858,-1.3621645874502235,-0.47023877960769905,-0.7968927993728132,-0.7863519667100456,-1.1276015215544932,-0.28610508017739306,0.03271989771318593,1.029110561951594,6.3,1.8,2.7,0.7,0.2,0.6,0.43,5.6,0.805,1.0,1.1
1628995,Kevin Knox II,NYK,75,28.8,-5.586996255646619,-0.5853865179074169,-0.4035604902871644,-1.2281790556711494,-1.048543157069491,-0.5812166710465555,0.10863934925275848,-1.7796222408456845,-0.6074062874647201,0.5382788153928052,12.8,4.5,1.1,0.6,0.3,1.7,0.37,12.2,0.717,3.0,1.5
204025,Tim Frazier,MIL,59,19.0,-5.602476373294632,-1.9759267050819196,-1.0071260329453868,0.2403302292017855,-1.3001935147661687,-0.9914872623735358,-1.1276015215544932,-0.1275905890234325,-0.09657566542368075,0.7836946886721996,5.3,2.8,4.2,0.5,0.1,0.6,0.444,4.4,0.759,0.9,1.3
201162,Jared Dudley,BKN,59,20.7,-5.60850415153594,-2.050088848397893,-1.078133743846354,-1.0860652539092526,-1.048543157069491,-0.5812166710465555,-0.7904449204252425,-0.25508395110341514,-0.23886991424811801,1.519942308510383,4.9,2.6,1.4,0.6,0.3,0.9,0.423,4.1,0.696,0.8,0.7
1626155,Sam Dekker,WAS,47,16.8,-5.61676328933123,-1.8276024184499726,-0.9006144665939357,-1.275550322925115,-0.5452424416761351,-0.9914872623735358,-1.352372588973993,0.05706049460481707,-0.5463124647331389,1.7653581817897774,6.1,3.1,1.0,0.8,0.1,0.4,0.469,5.4,0.609,1.0,0.5
201936,Tyreke Evans,IND,69,20.3,-5.623603255533512,-1.0674404494612446,-0.9716221774949032,-0.6123525813695961,-0.5452424416761351,-0.5812166710465555,-0.5656738530057422,-1.1121546361643042,-0.46076338742844136,0.29286294211341085,10.2,2.9,2.4,0.8,0.3,1.1,0.389,9.6,0.719,2.3,1.7
202323,Evan Turner,POR,73,22.0,-5.635685735640556,-1.697818667647019,-0.4035604902871644,0.09821642743988845,-1.3001935147661687,-0.7863519667100456,-1.5771436563934935,-0.022230481047948284,-0.3621742649817133,0.4155708787531079,6.8,4.5,3.9,0.5,0.2,0.2,0.46,6.1,0.708,1.5,1.6
1627748,Thon Maker,DET,64,15.2,-5.654666168334854,-2.0315483125688996,-0.865110611143452,-1.417664124687012,-1.8034942301595245,0.4444598072708953,-0.9028304541349926,-0.3675336993830646,-0.4763027253185825,1.7653581817897774,5.0,3.2,0.7,0.3,0.8,0.8,0.407,4.2,0.667,1.3,0.5
1628391,D.J. Wilson,MIL,48,18.4,-5.674531735037154,-1.8832240259369528,-0.36805663483668083,-1.2281790556711494,-1.5518438724628467,-0.3760813753830653,-0.6780593867154925,-0.3972794099664032,-0.7117502825749457,1.519942308510383,5.8,4.6,1.1,0.4,0.4,1.0,0.414,5.2,0.553,1.0,0.7
1627812,Yogi Ferrell,SAC,71,15.0,-5.682764788125258,-1.8646834901079592,-1.4686761538016746,-0.8492089176394243,-1.3001935147661687,-0.9914872623735358,-0.9028304541349926,-0.21601819895459579,0.26768295850301227,1.64265024515008,5.9,1.5,1.9,0.5,0.1,0.8,0.435,5.0,0.896,0.9,0.6
203085,Austin Rivers,HOU,76,26.7,-5.688580819729895,-1.4567917018701053,-1.2556530210987724,-0.7070951158775273,-1.048543157069491,-0.5812166710465555,-0.228517251876492,-0.667474182046156,-1.017816154075783,1.2745264352309886,8.1,2.1,2.2,0.6,0.3,1.4,0.406,7.5,0.526,1.3,0.9
1626168,Trey Lyles,DEN,64,17.5,-5.690283657837945,-1.3826295585541317,-0.6520874784405502,-1.0860652539092526,-1.3001935147661687,-0.3760813753830653,-0.9028304541349926,-0.5391565412391659,-0.48035004336221265,1.029110561951594,8.5,3.8,1.4,0.5,0.4,0.8,0.418,7.7,0.698,1.8,1.1
2037,Jamal Crawford,PHX,64,18.9,-5.72326536637329,-1.493872773528092,-1.5396838647026418,-0.043897374322008374,-1.3001935147661687,-0.7863519667100456,-0.6780593867154925,-0.702022212169455,0.28253691114780877,0.5382788153928052,7.9,1.3,3.6,0.5,0.2,1.0,0.397,6.8,0.845,1.7,1.5
1627790,Ante Zizic,CLE,59,18.3,-5.731065550502533,-1.5124133093570855,-0.08402579123281124,-1.3229215901790807,-2.0551445878562027,-0.3760813753830653,-1.8019147238129938,0.8029547417469594,-0.5333374130195456,1.1518184985912914,7.8,5.4,0.9,0.2,0.4,0.0,0.553,5.6,0.705,2.2,1.0
1629019,Allonzo Trier,NYK,64,22.8,-5.75447963471858,-0.9376566986582909,-0.9006144665939357,-0.8492089176394243,-1.5518438724628467,-0.7863519667100456,-0.9028304541349926,-0.18291212957112749,0.18678386557836965,0.17015500547371354,10.9,3.1,1.9,0.4,0.2,0.8,0.448,8.1,0.803,3.5,1.8
202362,Lance Stephenson,LAL,68,16.5,-5.782821130161552,-1.6236565243310452,-0.865110611143452,-0.754466383131493,-1.048543157069491,-0.9914872623735358,-0.5656738530057422,-0.36732710266887886,-0.35025092511011424,0.7836946886721996,7.2,3.2,2.1,0.6,0.1,1.1,0.426,6.4,0.685,1.1,1.3
202714,Shelvin Mack,CHA,57,21.9,-5.793052671523331,-1.5680349168440653,-1.3621645874502235,-0.2333824433378709,-0.5452424416761351,-0.9914872623735358,-0.9028304541349926,-0.6543742638629623,-0.44193892715544175,0.9064026253118969,7.5,1.8,3.2,0.8,0.1,0.8,0.404,7.1,0.69,1.5,1.2
1627786,Troy Williams,SAC,21,14.9,-5.810141828781174,-1.9759267050819196,-1.0071260329453868,-1.5124066591949432,-1.3001935147661687,-0.3760813753830653,-1.0152159878447429,-0.09907391807652834,-0.41218375391789386,1.8880661184294747,5.3,2.8,0.5,0.5,0.4,0.7,0.449,4.7,0.6,0.7,0.4
1628407,Dwayne Bacon,CHA,43,17.6,-5.840658802420308,-1.6051159885020523,-1.2556530210987724,-1.2281790556711494,-1.8034942301595245,-0.9914872623735358,-0.7904449204252425,0.1204182257084067,-0.174768668327912,1.8880661184294747,7.3,2.1,1.1,0.3,0.1,0.9,0.475,6.0,0.739,1.1,0.4
101133,Ian Mahinmi,WAS,34,14.6,-5.862034610929758,-2.1984131350298397,-0.6520874784405502,-1.417664124687012,-0.7968927993728132,-0.17094607971957518,-1.6895291901032436,-0.050943208060355155,-0.5282088406664498,1.64265024515008,4.1,3.8,0.7,0.7,0.5,0.1,0.452,3.1,0.689,1.8,0.6
1628425,Sterling Brown,MIL,58,17.8,-5.862855775380499,-1.7719808109629922,-0.865110611143452,-1.0860652539092526,-1.5518438724628467,-0.9914872623735358,-0.7904449204252425,0.022908792871998113,-0.226066208845861,1.3972343718706857,6.4,3.2,1.4,0.4,0.1,0.9,0.465,5.4,0.69,0.7,0.8
1628365,Markelle Fultz,ORL,19,22.5,-5.870667949968554,-1.438251166041112,-0.6875913338910337,-0.28075371059183657,-0.2935920839794573,-0.5812166710465555,-1.5771436563934935,-0.5611443343918392,-1.2346696823054262,0.7836946886721996,8.2,3.7,3.1,0.9,0.3,0.2,0.419,8.2,0.568,1.9,1.3
1626195,Willy Hernangomez,CHA,58,14.0,-5.8875587929085755,-1.6051159885020523,-0.08402579123281124,-1.275550322925115,-1.8034942301595245,-0.5812166710465555,-1.4647581226837434,0.45702119262060104,-0.6822373575706663,1.1518184985912914,7.3,5.4,1.0,0.3,0.3,0.3,0.519,5.1,0.694,2.5,1.0
203926,Doug McDermott,IND,77,17.4,-5.908371503013926,-1.6051159885020523,-1.504180009252158,-1.3229215901790807,-2.0551445878562027,-0.9914872623735358,-0.5656738530057422,0.24944630623662986,0.12134730012843944,1.7653581817897774,7.3,1.4,0.9,0.2,0.1,1.1,0.491,5.5,0.835,1.0,0.5
1627788,Furkan Korkmaz,PHI,48,14.2,-5.931671090670783,-1.8832240259369528,-1.2201491656482888,-1.2281790556711494,-1.048543157069491,-1.1966225580370258,-0.6780593867154925,-0.5025467602334771,0.06029483685131825,1.7653581817897774,5.8,2.2,1.1,0.6,0.0,1.0,0.4,5.1,0.818,0.9,0.5
1628397,Ivan Rabb,MEM,49,14.7,-5.932451738041702,-1.8832240259369528,-0.5100720566386153,-1.2281790556711494,-1.8034942301595245,-0.5812166710465555,-1.6895291901032436,0.575557111449797,-0.33223592844584054,1.519942308510383,5.8,4.2,1.1,0.3,0.3,0.1,0.547,4.3,0.71,1.4,0.7
1626257,Salah Mejri,DAL,36,11.1,-5.933063682367957,-2.2354942066878265,-0.7230951893415174,-1.275550322925115,-1.8034942301595245,0.23932451160740498,-1.4647581226837434,0.14021145580528663,-0.45285782313300094,1.64265024515008,3.9,3.6,1.0,0.3,0.7,0.3,0.491,3.1,0.625,0.9,0.6
203584,Troy Daniels,PHX,51,14.9,-5.940967600630636,-1.8090618826209788,-1.504180009252158,-1.5124066591949432,-1.3001935147661687,-0.9914872623735358,-0.11613171816674174,-0.43813918052106415,-0.03472555552482239,1.7653581817897774,6.2,1.4,0.5,0.5,0.1,1.5,0.411,5.4,0.783,0.5,0.5
101139,CJ Miles,MEM,53,16.2,-5.971398151546731,-1.7719808109629922,-1.3621645874502235,-1.417664124687012,-1.3001935147661687,-0.5812166710465555,-0.340902785586242,-0.9543779904181514,0.11445208822053271,1.64265024515008,6.4,1.8,0.7,0.5,0.3,1.3,0.36,5.9,0.828,1.1,0.6
203118,Mike Scott,PHI,79,17.7,-5.994727501956881,-1.8832240259369528,-0.7585990447920011,-1.3702928574330462,-1.8034942301595245,-0.7863519667100456,-0.340902785586242,-0.5222198269353704,-0.17229300955377932,1.64265024515008,5.8,3.5,0.8,0.3,0.2,1.3,0.4,5.3,0.667,0.4,0.6
1626188,Quinn Cook,GSW,74,14.3,-5.9987501588323235,-1.6792781318180254,-1.2556530210987724,-0.9913227194013211,-1.8034942301595245,-1.1966225580370258,-0.5656738530057422,0.025111788446738535,-0.051759742269034216,1.519942308510383,6.9,2.1,1.6,0.3,0.0,1.1,0.465,5.9,0.769,0.4,0.7
1628966,Keita Bates-Diop,MIN,30,16.8,-6.007496415692659,-2.0315483125688996,-1.0071260329453868,-1.4650353919409775,-1.048543157069491,-0.17094607971957518,-1.352372588973993,-0.29228400843534935,-0.40499902582876385,1.7653581817897774,5.0,2.8,0.6,0.6,0.5,0.4,0.423,4.7,0.643,0.9,0.5
202687,Bismack Biyombo,CHA,54,14.5,-6.00999442645206,-2.1427915275428595,-0.36805663483668083,-1.4650353919409775,-2.0551445878562027,0.4444598072708953,-1.8019147238129938,0.4979231257699939,-0.7620847386533155,1.64265024515008,4.4,4.6,0.6,0.2,0.8,0.0,0.571,2.9,0.637,1.7,0.6
2200,Pau Gasol,MIL,30,12.0,-6.010394191964384,-2.2354942066878265,-0.36805663483668083,-0.9439514521473555,-2.0551445878562027,-0.17094607971957518,-1.5771436563934935,-0.07545021624825798,-0.3495655398647699,1.7653581817897774,3.9,4.6,1.7,0.2,0.5,0.2,0.447,3.1,0.7,1.3,0.5
1626178,Rondae Hollis-Jefferson,BKN,59,20.9,-6.016663120252803,-1.3084674152381581,-0.1195296466832951,-0.9913227194013211,-0.7968927993728132,-0.17094607971957518,-1.5771436563934935,-0.6729616437505106,-1.2858017850055325,0.9064026253118969,8.9,5.3,1.6,0.7,0.5,0.2,0.411,8.3,0.645,3.1,1.2
2733,Shaun Livingston,GSW,64,15.1,-6.046721004507734,-2.216953670858833,-1.3621645874502235,-0.8965801848933899,-1.3001935147661687,-0.3760813753830653,-1.8019147238129938,0.2954077507538483,-0.030890943246988982,1.64265024515008,4.0,1.8,1.8,0.5,0.4,0.0,0.519,3.3,0.784,0.8,0.6
1717,Dirk Nowitzki,DAL,51,15.6,-6.057085430012395,-1.6051159885020523,-0.9006144665939357,-1.417664124687012,-2.0551445878562027,-0.3760813753830653,-0.340902785586242,-1.208491948867167,-0.04113627096619227,1.8880661184294747,7.3,3.1,0.7,0.2,0.4,1.3,0.359,7.4,0.78,1.0,0.4
1628449,Chris Boucher,TOR,28,5.8,-6.063409949522397,-2.346737421661787,-1.2911568765492563,-1.7018917282108057,-2.0551445878562027,0.6495951029343854,-1.352372588973993,-0.06582871213044385,0.08935280785653282,2.0107740550691715,3.3,2.0,0.1,0.2,0.9,0.4,0.447,2.7,0.867,0.5,0.3
203895,Jordan McRae,WAS,27,12.3,-6.067562425560164,-1.8646834901079592,-1.4686761538016746,-1.2281790556711494,-1.3001935147661687,-0.5812166710465555,-1.352372588973993,0.05062226638925979,0.034486537267996754,1.64265024515008,5.9,1.5,1.1,0.5,0.3,0.4,0.469,4.8,0.8,1.3,0.6
1627740,Henry Ellenson,NYK,19,13.6,-6.068336898809008,-1.8461429542789658,-0.7585990447920011,-1.3702928574330462,-1.5518438724628467,-0.9914872623735358,-0.7904449204252425,-0.4057498752480371,-0.1191342935851099,1.7653581817897774,6.0,3.5,0.8,0.4,0.1,0.9,0.411,5.0,0.76,1.3,0.5
1629109,Gary Clark,HOU,51,12.6,-6.130600002014352,-2.42089956497776,-1.1846453101978052,-1.559777926448909,-1.5518438724628467,-0.17094607971957518,-0.9028304541349926,-0.6232667014697836,0.02741997904875342,2.256189928348566,2.9,2.3,0.4,0.4,0.5,0.8,0.331,3.0,1.0,0.1,0.1
101162,Marcin Gortat,LAC,47,16.0,-6.132505206697897,-2.0315483125688996,-0.013018080331844156,-1.0860652539092526,-2.3067949455528804,-0.17094607971957518,-1.8019147238129938,0.44047448231807673,-0.19180285507212377,1.029110561951594,5.0,5.6,1.4,0.1,0.5,0.0,0.532,4.0,0.729,1.0,1.1
1627733,Dragan Bender,PHX,46,18.0,-6.168154211863879,-2.0315483125688996,-0.5810797675395828,-1.180807788417184,-1.5518438724628467,-0.17094607971957518,-1.2399870552642431,-0.10431472860170042,-0.7048609791605335,1.3972343718706857,5.0,4.0,1.2,0.4,0.5,0.5,0.447,4.3,0.593,1.2,0.8
203477,Isaiah Canaan,MIL,30,20.9,-6.187460212802815,-1.8461429542789658,-1.3266607319997399,-0.4228675123537336,-1.3001935147661687,-0.9914872623735358,-0.5656738530057422,-0.6288532452717577,-0.011983764065068165,0.9064026253118969,6.0,1.9,2.8,0.5,0.1,1.1,0.39,5.5,0.792,0.8,1.2
203487,Michael Carter-Williams,ORL,28,13.3,-6.194685220170597,-2.0686293842268864,-1.1136375992968377,-0.5649813141156305,-0.7968927993728132,-0.17094607971957518,-1.352372588973993,-0.6145685581765981,-1.0325992047986472,1.519942308510383,4.8,2.5,2.5,0.7,0.5,0.4,0.374,4.4,0.604,1.9,0.7
1626170,Jerian Grant,ORL,60,15.6,-6.2280438895179335,-2.1798725992008463,-1.433172298351191,-0.5176100468616648,-0.7968927993728132,-0.9914872623735358,-1.0152159878447429,-0.25953421297736456,-0.30878511776676437,1.2745264352309886,4.2,1.6,2.6,0.7,0.1,0.7,0.418,3.7,0.65,0.7,0.9
201229,Anthony Tolliver,MIN,65,16.6,-6.228139135837601,-2.0315483125688996,-1.0426298883958705,-1.417664124687012,-1.8034942301595245,-0.5812166710465555,-0.4532883192959922,-0.5081838991491289,-0.03276393568469799,1.64265024515008,5.0,2.7,0.7,0.3,0.3,1.2,0.382,4.0,0.783,0.9,0.6
1628395,Jordan Bell,GSW,68,11.6,-6.2394973195293755,-2.346737421661787,-1.0426298883958705,-1.2281790556711494,-1.8034942301595245,0.4444598072708953,-1.8019147238129938,0.23723391067254276,-0.34088596292156936,1.64265024515008,3.3,2.7,1.1,0.3,0.8,0.0,0.516,2.8,0.61,0.6,0.6
1628971,Bruce Brown,DET,74,19.6,-6.287570555290932,-2.1613320633718534,-1.1136375992968377,-1.180807788417184,-1.3001935147661687,-0.17094607971957518,-1.4647581226837434,-0.42729917741549833,-0.11124645477015248,1.64265024515008,4.3,2.5,1.2,0.5,0.5,0.3,0.398,4.2,0.75,0.8,0.6
203518,Alex Abrines,OKC,31,19.0,-6.290787877400037,-1.9759267050819196,-1.4686761538016746,-1.4650353919409775,-1.3001935147661687,-0.7863519667100456,-0.340902785586242,-0.8492813986597408,0.13022185735695355,1.7653581817897774,5.3,1.5,0.6,0.5,0.2,1.3,0.357,5.1,0.923,0.4,0.5
1628988,Aaron Holiday,IND,50,12.9,-6.301717887712812,-1.8646834901079592,-1.5396838647026418,-0.9439514521473555,-1.5518438724628467,-0.5812166710465555,-0.7904449204252425,-0.504161587611708,0.07703359892081252,1.3972343718706857,5.9,1.3,1.7,0.4,0.3,0.9,0.401,5.2,0.82,1.0,0.8
201967,Dante Cunningham,SAS,64,14.5,-6.302161787910688,-2.4023590291487666,-0.9716221774949032,-1.3702928574330462,-1.5518438724628467,-0.7863519667100456,-1.2399870552642431,0.04965885109963707,-0.040137735565647294,2.0107740550691715,3.0,2.9,0.8,0.4,0.2,0.5,0.475,2.5,0.778,0.3,0.3
203526,Raul Neto,UTA,37,12.8,-6.323590056874128,-1.9759267050819196,-1.3976684429007071,-0.5649813141156305,-1.5518438724628467,-0.9914872623735358,-1.2399870552642431,-0.016281338931280285,0.14005949902504672,1.2745264352309886,5.3,1.7,2.5,0.4,0.1,0.5,0.46,4.4,0.848,0.9,0.9
1628411,Wes Iwundu,ORL,68,18.1,-6.347178658764266,-2.0315483125688996,-1.0426298883958705,-1.2281790556711494,-1.5518438724628467,-0.5812166710465555,-1.352372588973993,-0.3184522228556879,0.11641370806065697,1.64265024515008,5.0,2.7,1.1,0.4,0.3,0.4,0.412,4.0,0.816,1.5,0.6
1628975,Jevon Carter,MEM,39,14.8,-6.354735480037931,-2.1427915275428595,-1.3976684429007071,-0.8965801848933899,-0.7968927993728132,-0.5812166710465555,-0.7904449204252425,-1.1840228870145224,0.037647581287473725,1.3972343718706857,4.4,1.7,1.8,0.7,0.3,0.9,0.303,4.7,0.813,0.8,0.8
1629244,Cam Reynolds,MIN,19,13.7,-6.365500455104689,-2.0315483125688996,-1.433172298351191,-1.417664124687012,-1.8034942301595245,-0.9914872623735358,-0.5656738530057422,-0.25508395110341514,0.12184952207545922,2.0107740550691715,5.0,1.6,0.7,0.3,0.1,1.1,0.423,4.1,0.889,0.5,0.3
1626203,Treveon Graham,BKN,35,20.4,-6.369934153125415,-1.9759267050819196,-0.9006144665939357,-1.275550322925115,-1.5518438724628467,-0.7863519667100456,-0.5656738530057422,-1.1071351792614736,0.0278040311258862,1.7653581817897774,5.3,3.1,1.0,0.4,0.2,1.1,0.335,5.5,0.818,0.6,0.5
1629003,Shake Milton,PHI,20,13.4,-6.37330053645422,-2.1427915275428595,-1.3621645874502235,-1.3229215901790807,-1.5518438724628467,-0.3760813753830653,-1.0152159878447429,-0.4963024799536863,-0.11675317070688704,2.0107740550691715,4.4,1.8,0.9,0.4,0.4,0.7,0.391,4.4,0.714,0.4,0.3
2225,Tony Parker,CHA,56,17.9,-6.373992405087353,-1.197224200264198,-1.4686761538016746,0.003473892931957308,-1.5518438724628467,-0.9914872623735358,-1.5771436563934935,-0.029929370845989237,-0.3448564705497725,0.7836946886721996,9.5,1.5,3.7,0.4,0.1,0.2,0.46,8.3,0.734,2.2,1.3
1628385,Harry Giles III,SAC,58,14.1,-6.379414554960261,-1.6607375959890323,-0.6520874784405502,-1.038693986655287,-1.3001935147661687,-0.3760813753830653,-1.8019147238129938,0.38604257251922447,-0.7194431411045897,0.7836946886721996,7.0,3.8,1.5,0.5,0.4,0.0,0.503,6.0,0.637,1.6,1.3
202688,Brandon Knight,CLE,39,18.9,-6.387917137954425,-1.697818667647019,-1.4686761538016746,-0.8965801848933899,-1.3001935147661687,-0.9914872623735358,-0.5656738530057422,-0.8612049804499156,-0.0035168928876642184,1.3972343718706857,6.8,1.5,1.8,0.5,0.1,1.1,0.381,6.7,0.794,0.9,0.8
1628978,Donte DiVincenzo,MIL,27,15.2,-6.402599954169752,-2.050088848397893,-1.1491414547473215,-1.2281790556711494,-1.3001935147661687,-0.7863519667100456,-0.9028304541349926,-0.4315449507049982,-0.07421201754756519,1.519942308510383,4.9,2.4,1.1,0.5,0.2,0.8,0.403,4.6,0.75,0.4,0.7
2585,Zaza Pachulia,DET,68,12.9,-6.404496419073303,-2.2354942066878265,-0.6165836229900664,-1.133436521163218,-1.3001935147661687,-0.5812166710465555,-1.8019147238129938,-0.09922359528782611,-0.033667935189333295,1.3972343718706857,3.9,3.9,1.3,0.5,0.3,0.0,0.44,2.8,0.782,1.8,0.8
2734,Devin Harris,DAL,68,15.7,-6.421204883150303,-1.7905213467919858,-1.433172298351191,-0.8965801848933899,-1.3001935147661687,-0.7863519667100456,-0.7904449204252425,-0.6638186850829022,-0.1573563380000615,1.3972343718706857,6.3,1.6,1.8,0.5,0.2,0.9,0.38,5.1,0.761,2.0,0.8
1628417,Jaron Blossomgame,CLE,27,16.3,-6.439155444644987,-2.1798725992008463,-0.7230951893415174,-1.5124066591949432,-1.8034942301595245,-0.5812166710465555,-1.352372588973993,-0.11935834240203365,-0.055405282755048295,1.8880661184294747,4.2,3.6,0.5,0.3,0.3,0.4,0.443,3.9,0.769,0.5,0.4
203524,Solomon Hill,NOP,44,20.0,-6.4869849664174,-2.1613320633718534,-0.9361183220444195,-1.133436521163218,-1.3001935147661687,-0.7863519667100456,-1.0152159878447429,-0.5081838991491289,-0.16609499987820592,1.519942308510383,4.3,3.0,1.3,0.5,0.2,0.7,0.382,4.0,0.719,0.7,0.7
1628373,Frank Ntilikina,NYK,43,21.0,-6.487381514578669,-1.9017645617659458,-1.2911568765492563,-0.4228675123537336,-0.7968927993728132,-0.5812166710465555,-0.9028304541349926,-1.30751501885445,-0.06683230917312163,0.7836946886721996,5.7,2.0,2.8,0.7,0.3,0.8,0.337,6.6,0.767,0.7,1.3
1628990,Chandler Hutchison,CHI,44,20.3,-6.519925478366211,-1.9944672409109125,-0.5100720566386153,-1.3702928574330462,-1.3001935147661687,-0.9914872623735358,-1.4647581226837434,-0.025270404128116288,-0.5060342645821533,1.64265024515008,5.2,4.2,0.8,0.5,0.1,0.3,0.459,4.8,0.605,0.9,0.6
1627814,Damion Lee,GSW,32,11.7,-6.542830371773711,-2.050088848397893,-1.2911568765492563,-1.559777926448909,-1.5518438724628467,-1.1966225580370258,-0.9028304541349926,-0.13504493577202806,0.13376104496006933,2.0107740550691715,4.9,2.0,0.4,0.4,0.0,0.8,0.441,4.0,0.864,0.7,0.3
1627816,Alex Poythress,ATL,21,14.5,-6.547421997003678,-2.013007776739906,-0.7230951893415174,-1.3702928574330462,-2.0551445878562027,-0.17094607971957518,-1.352372588973993,0.1951219110543449,-0.700335073143861,1.64265024515008,5.1,3.6,0.8,0.2,0.5,0.4,0.494,3.9,0.621,1.4,0.6
1628402,Frank Jackson,NOP,61,19.2,-6.557050898690184,-1.4567917018701053,-1.2201491656482888,-1.2281790556711494,-1.5518438724628467,-1.1966225580370258,-0.7904449204252425,-0.3265221434873696,-0.18373185295884129,1.3972343718706857,8.1,2.2,1.1,0.4,0.0,0.9,0.434,7.3,0.74,1.2,0.8
1627775,Patrick McCaw,TOR,29,13.7,-6.591292622223451,-2.4765211724647402,-1.3976684429007071,-1.275550322925115,-0.5452424416761351,-0.9914872623735358,-1.4647581226837434,-0.17206791020608792,0.08935280785653282,1.64265024515008,2.6,1.7,1.0,0.8,0.1,0.3,0.413,2.2,0.867,0.5,0.6
1628035,Alfonzo McKinnie,GSW,72,13.9,-6.611092149894331,-2.0871699200558793,-0.7941029002424848,-1.559777926448909,-1.8034942301595245,-0.7863519667100456,-1.1276015215544932,0.14803894151725916,-0.4886987446697296,1.8880661184294747,4.7,3.4,0.4,0.3,0.2,0.6,0.487,3.8,0.563,0.7,0.4
2403,Nene,HOU,42,13.0,-6.636671027738462,-2.2911158141748067,-0.9716221774949032,-1.4650353919409775,-1.5518438724628467,-0.3760813753830653,-1.8019147238129938,0.24166098311938972,-0.4314927106574303,2.0107740550691715,3.6,2.9,0.6,0.4,0.4,0.0,0.517,2.8,0.66,1.1,0.3
203124,Kyle O'Quinn,IND,45,8.2,-6.654816219698836,-2.3096563500038,-1.078133743846354,-1.180807788417184,-2.0551445878562027,0.0341892159439149,-1.8019147238129938,0.21155267422135715,0.0051567755620418355,1.519942308510383,3.5,2.6,1.2,0.2,0.6,0.0,0.507,3.0,0.81,0.5,0.7
203546,Ian Clark,NOP,60,16.2,-6.665707809439064,-1.716359203476012,-1.4686761538016746,-0.9913227194013211,-1.5518438724628467,-0.9914872623735358,-0.5656738530057422,-0.6911358302096847,0.15897258670046188,1.1518184985912914,6.7,1.5,1.6,0.4,0.1,1.1,0.394,6.4,0.892,0.6,1.0
203917,Nik Stauskas,CLE,68,14.9,-6.670468923620104,-1.8646834901079592,-1.3266607319997399,-1.180807788417184,-1.8034942301595245,-0.9914872623735358,-0.6780593867154925,-0.4768992538580771,0.2543888481407242,1.3972343718706857,5.9,1.9,1.2,0.3,0.1,1.0,0.402,5.0,0.891,0.9,0.8
2199,Tyson Chandler,LAL,55,15.9,-6.670826502262417,-2.3838184933197732,-0.013018080331844156,-1.417664124687012,-1.5518438724628467,-0.3760813753830653,-1.8019147238129938,0.43678947153851105,-0.9605096756740801,1.3972343718706857,3.1,5.6,0.7,0.4,0.4,0.0,0.616,1.8,0.586,1.6,0.8
201573,Jerryd Bayless,MIN,34,19.3,-6.755010177210348,-1.8276024184499726,-1.3621645874502235,-0.09126864157597406,-1.3001935147661687,-0.9914872623735358,-0.7904449204252425,-1.1320806784345885,-0.5342945889656305,1.2745264352309886,6.1,1.8,3.5,0.5,0.1,0.9,0.357,6.8,0.571,0.8,0.9
1629059,Elie Okobo,PHX,53,18.1,-6.772727236377612,-1.9017645617659458,-1.3621645874502235,-0.6123525813695961,-1.048543157069491,-0.9914872623735358,-1.0152159878447429,-0.6027651397814094,-0.022128647394867525,0.7836946886721996,5.7,1.8,2.4,0.6,0.1,0.7,0.393,5.5,0.787,0.9,1.3
203521,Matthew Dellavedova,CLE,48,16.9,-6.780309719401235,-1.8646834901079592,-1.433172298351191,0.05084516018592278,-1.8034942301595245,-1.1966225580370258,-0.7904449204252425,-0.4531827943213969,0.04945865978268024,0.6609867520325026,5.9,1.6,3.8,0.3,0.0,0.9,0.405,5.0,0.808,1.1,1.4
201585,Kosta Koufos,SAC,42,11.9,-6.792464975648212,-2.272575278345813,-0.5100720566386153,-1.3229215901790807,-1.5518438724628467,-0.3760813753830653,-1.8019147238129938,0.08328141226857115,-0.6829877362444489,1.64265024515008,3.7,4.2,0.9,0.4,0.4,0.0,0.477,3.6,0.417,0.6,0.6
201584,Courtney Lee,DAL,34,12.6,-6.818689064756105,-2.216953670858833,-1.433172298351191,-1.2281790556711494,-1.048543157069491,-0.9914872623735358,-1.2399870552642431,-0.3085819594289558,-0.23985072416817999,1.8880661184294747,4.0,1.6,1.1,0.6,0.1,0.5,0.411,3.8,0.667,0.6,0.4
1626184,Chasson Randle,WAS,49,15.2,-6.833094078532113,-1.9388456334239326,-1.6106915756036093,-0.8018376503854586,-1.3001935147661687,-0.9914872623735358,-0.7904449204252425,-0.3015112922924203,-0.37260866449273594,1.2745264352309886,5.5,1.1,2.0,0.5,0.1,0.9,0.419,4.4,0.694,1.3,0.9
101109,Raymond Felton,OKC,33,11.5,-6.856813890608731,-2.1613320633718534,-1.646195431054093,-0.9913227194013211,-1.8034942301595245,-0.7863519667100456,-1.1276015215544932,-0.35880393414382966,0.13022185735695355,1.8880661184294747,4.3,1.0,1.6,0.3,0.2,0.6,0.407,4.1,0.923,0.4,0.4
203613,Jonathon Simmons,PHI,56,19.0,-6.867359164555943,-1.753440275133999,-1.1846453101978052,-0.6597238486235618,-1.3001935147661687,-0.5812166710465555,-1.2399870552642431,-0.8198034205529501,-0.23475169428255557,0.9064026253118969,6.5,2.3,2.3,0.5,0.3,0.5,0.38,6.3,0.742,1.7,1.2
1629140,Johnathan Williams,LAL,24,15.5,-6.8695562163584105,-1.753440275133999,-0.5455759120890992,-1.5124066591949432,-1.8034942301595245,-0.5812166710465555,-1.8019147238129938,0.9357879964497335,-1.3272380498814116,1.519942308510383,6.5,4.1,0.5,0.3,0.3,0.0,0.591,4.6,0.563,2.0,0.7
201563,Michael Beasley,LAL,26,10.7,-6.897756449383154,-1.6607375959890323,-1.1846453101978052,-1.275550322925115,-1.8034942301595245,-0.3760813753830653,-1.6895291901032436,0.2583236405574262,-0.31786056377408634,1.1518184985912914,7.0,2.3,1.0,0.3,0.4,0.1,0.49,5.9,0.718,1.5,1.0
1626147,Justin Anderson,ATL,48,9.7,-6.903397429935714,-2.272575278345813,-1.3621645874502235,-1.5124066591949432,-1.3001935147661687,-0.5812166710465555,-1.2399870552642431,-0.28374819113188077,-0.11646365452566376,1.7653581817897774,3.7,1.8,0.5,0.5,0.3,0.5,0.408,3.3,0.743,0.7,0.5
1627883,Jalen Jones,CLE,16,13.4,-6.923657567556317,-2.013007776739906,-1.2556530210987724,-1.559777926448909,-1.048543157069491,-0.9914872623735358,-1.1276015215544932,-0.26734904991091785,-0.4255960341500688,1.7653581817897774,5.1,2.1,0.4,0.6,0.1,0.6,0.419,3.9,0.704,1.7,0.5
1628415,Dillon Brooks,MEM,18,18.3,-6.9254565392874365,-1.5680349168440653,-1.3976684429007071,-1.3229215901790807,-1.048543157069491,-0.7863519667100456,-0.9028304541349926,-0.6482649038863134,-0.27995166951433503,1.029110561951594,7.5,1.7,0.9,0.6,0.2,0.8,0.402,6.8,0.733,1.7,1.1
101161,Amir Johnson,PHI,51,10.4,-6.973290089895956,-2.2354942066878265,-0.9716221774949032,-1.180807788417184,-1.8034942301595245,-0.5812166710465555,-1.5771436563934935,0.1990282754562534,-0.09706607038371186,1.2745264352309886,3.9,2.9,1.2,0.3,0.3,0.2,0.503,3.1,0.756,0.8,0.9
1627782,Wayne Selden,CHI,75,19.2,-6.987395401786719,-1.6792781318180254,-1.1491414547473215,-1.038693986655287,-1.5518438724628467,-0.7863519667100456,-1.0152159878447429,-0.5697075573818824,-0.2262730061181631,1.029110561951594,6.9,2.4,1.5,0.4,0.2,0.7,0.406,6.4,0.728,1.2,1.1
202327,Ekpe Udoh,UTA,51,6.3,-7.006742801625499,-2.5321427799517204,-1.3621645874502235,-1.5124066591949432,-2.0551445878562027,0.0341892159439149,-1.8019147238129938,0.5121846234380513,-0.3001173578105526,2.0107740550691715,2.3,1.8,0.5,0.2,0.6,0.0,0.694,1.4,0.633,0.6,0.3
1628972,Troy Brown Jr.,WAS,52,14.0,-7.008270161775968,-2.0686293842268864,-1.0071260329453868,-1.038693986655287,-1.5518438724628467,-0.9914872623735358,-1.352372588973993,-0.336803492212737,-0.3039637870753744,1.64265024515008,4.8,2.8,1.5,0.4,0.1,0.4,0.415,4.5,0.681,0.9,0.6
202954,Brad Wanamaker,BOS,36,9.5,-7.015536515675693,-2.2354942066878265,-1.6106915756036093,-0.9913227194013211,-1.8034942301595245,-0.9914872623735358,-1.352372588973993,0.062330818946302234,0.14163706678803825,1.7653581817897774,3.9,1.1,1.6,0.3,0.1,0.4,0.476,2.9,0.857,0.8,0.5
202498,Lance Thomas,NYK,46,17.0,-7.078044517397155,-2.124250991713866,-1.1136375992968377,-1.4650353919409775,-1.5518438724628467,-0.7863519667100456,-1.2399870552642431,-0.45104936702796394,-0.11124645477015248,1.7653581817897774,4.5,2.5,0.6,0.4,0.2,0.5,0.396,4.3,0.75,0.8,0.5
1627395,Julian Washburn,MEM,18,14.1,-7.078878810171574,-2.5506833157807134,-1.1846453101978052,-1.3702928574330462,-0.7968927993728132,-0.9914872623735358,-1.4647581226837434,-0.5524904618231202,-0.05569479893627154,1.8880661184294747,2.2,2.3,0.8,0.7,0.1,0.3,0.333,2.7,0.75,0.2,0.4
1628984,Devonte' Graham,CHA,46,14.7,-7.085093281624574,-2.0871699200558793,-1.504180009252158,-0.5176100468616648,-1.3001935147661687,-1.1966225580370258,-1.0152159878447429,-0.8867765941547978,-0.0972669591625197,1.519942308510383,4.7,1.4,2.6,0.5,0.0,0.7,0.343,4.7,0.761,1.0,0.7
1628388,T.J. Leaf,IND,58,9.0,-7.095927808819015,-2.2354942066878265,-1.2201491656482888,-1.559777926448909,-2.0551445878562027,-0.5812166710465555,-1.6895291901032436,0.39773847629784764,-0.2858365290347081,2.133481991708869,3.9,2.2,0.4,0.2,0.3,0.1,0.541,3.2,0.613,0.5,0.2
1627789,Timothe Luwawu-Cabarrot,CHI,50,13.4,-7.107844527966506,-2.105710455884873,-1.3266607319997399,-1.5124066591949432,-1.5518438724628467,-0.7863519667100456,-1.0152159878447429,-0.600654901915079,-0.09706607038371186,1.8880661184294747,4.6,1.9,0.5,0.4,0.2,0.7,0.376,4.4,0.756,0.8,0.4
1627777,Georges Niang,UTA,59,8.8,-7.238788932183844,-2.216953670858833,-1.4686761538016746,-1.4650353919409775,-2.0551445878562027,-0.9914872623735358,-1.0152159878447429,0.06178902960399758,0.023868974458648936,1.8880661184294747,4.0,1.5,0.6,0.2,0.1,0.7,0.475,3.1,0.833,0.4,0.4
203957,Dante Exum,UTA,42,15.8,-7.241446588879919,-1.6792781318180254,-1.433172298351191,-0.5176100468616648,-1.8034942301595245,-0.9914872623735358,-1.352372588973993,-0.39033312248432683,0.019898466830446188,0.9064026253118969,6.9,1.6,2.6,0.3,0.1,0.4,0.419,5.7,0.791,2.0,1.2
202325,Wesley Johnson,WAS,38,14.1,-7.277132901874333,-2.328196885832793,-1.3266607319997399,-1.4650353919409775,-1.5518438724628467,-0.5812166710465555,-1.0152159878447429,-0.5933607730264643,-0.18096076950999107,1.7653581817897774,3.4,1.9,0.6,0.4,0.3,0.7,0.352,3.4,0.684,0.5,0.5
201160,Jason Smith,NOP,20,9.5,-7.314312184027304,-2.346737421661787,-1.078133743846354,-1.417664124687012,-2.0551445878562027,-0.3760813753830653,-1.2399870552642431,-0.504684403786383,0.18417821994736008,1.519942308510383,3.3,2.6,0.7,0.2,0.4,0.5,0.356,3.0,0.875,0.8,0.7
202335,Patrick Patterson,OKC,63,13.7,-7.327792055916509,-2.2911158141748067,-1.1846453101978052,-1.5124066591949432,-1.8034942301595245,-0.7863519667100456,-1.0152159878447429,-0.4890420811408572,-0.2562940615629568,2.0107740550691715,3.6,2.3,0.5,0.3,0.2,0.7,0.374,3.5,0.633,0.5,0.3
1629121,Jaylen Adams,ATL,34,12.6,-7.372027700752386,-2.36527795749078,-1.3621645874502235,-0.8492089176394243,-1.5518438724628467,-0.9914872623735358,-1.0152159878447429,-0.5939257517958715,-0.040137735565647294,1.3972343718706857,3.2,1.8,1.9,0.4,0.1,0.7,0.345,3.2,0.778,0.3,0.8
1627846,Abdel Nader,OKC,61,11.4,-7.403143860196124,-2.216953670858833,-1.3266607319997399,-1.6071491937028746,-1.8034942301595245,-0.7863519667100456,-1.2399870552642431,-0.217883893771481,-0.09272923615885884,1.8880661184294747,4.0,1.9,0.3,0.3,0.2,0.5,0.423,3.5,0.75,0.6,0.4
1629021,Moritz Wagner,LAL,43,10.4,-7.40650225928232,-2.0686293842268864,-1.2911568765492563,-1.4650353919409775,-1.8034942301595245,-0.5812166710465555,-1.2399870552642431,-0.2994790552263438,0.06796996990047963,1.2745264352309886,4.8,2.0,0.6,0.3,0.3,0.5,0.415,4.0,0.811,1.2,0.9
202705,MarShon Brooks,MEM,29,13.3,-7.430159011150557,-1.7348997393050056,-1.433172298351191,-1.3229215901790807,-1.8034942301595245,-0.9914872623735358,-1.2399870552642431,-0.11288427598095448,-0.31125486804740293,1.519942308510383,6.6,1.6,0.9,0.3,0.1,0.5,0.45,5.8,0.697,1.1,0.7
1628416,Tyler Dorsey,MEM,48,14.5,-7.430620946334216,-1.8090618826209788,-1.1491414547473215,-1.180807788417184,-1.8034942301595245,-1.1966225580370258,-0.7904449204252425,-0.4984127178200168,-0.6452856392569998,1.64265024515008,6.2,2.4,1.2,0.3,0.0,0.9,0.405,5.5,0.623,1.3,0.6
1627737,Marquese Chriss,CLE,43,11.6,-7.455019074065274,-2.1798725992008463,-0.8296067556929685,-1.5124066591949432,-1.5518438724628467,-0.5812166710465555,-1.352372588973993,-0.5999550028425298,-0.2449792965212761,1.3972343718706857,4.2,3.3,0.5,0.4,0.3,0.4,0.372,4.2,0.711,1.0,0.8
1629151,Ryan Broekhoff,DAL,42,10.8,-7.473888689743058,-2.216953670858833,-1.4686761538016746,-1.5124066591949432,-2.3067949455528804,-0.9914872623735358,-0.7904449204252425,-0.04932838068212429,-0.025862815283297008,1.8880661184294747,4.0,1.5,0.5,0.1,0.1,0.9,0.452,3.0,0.789,0.5,0.4
203922,Glenn Robinson III,DET,47,13.0,-7.497877400257707,-2.1798725992008463,-1.4686761538016746,-1.559777926448909,-1.8034942301595245,-0.7863519667100456,-1.352372588973993,-0.24783409293926906,0.01243603954708148,1.8880661184294747,4.2,1.5,0.4,0.3,0.2,0.4,0.42,3.7,0.8,0.9,0.4
202328,Greg Monroe,PHI,43,11.2,-7.544658828431122,-1.9759267050819196,-0.5810797675395828,-1.4650353919409775,-1.8034942301595245,-0.7863519667100456,-1.8019147238129938,0.17155302059922617,-0.8223513722956879,1.519942308510383,5.3,4.0,0.6,0.3,0.2,0.0,0.487,4.4,0.625,1.7,0.7
202720,Jon Leuer,DET,41,9.8,-7.5564501590569275,-2.25403474251682,-1.1491414547473215,-1.6071491937028746,-1.8034942301595245,-0.9914872623735358,-1.8019147238129938,0.5382748370581357,-0.1301536339520733,1.64265024515008,3.8,2.4,0.3,0.3,0.1,0.0,0.584,2.8,0.742,0.8,0.6
203463,Ben McLemore,SAC,19,8.3,-7.564789011265274,-2.2354942066878265,-1.6816992865045763,-1.65452046095684,-1.8034942301595245,-0.7863519667100456,-0.7904449204252425,-0.3837072707222118,-0.23985072416817999,2.0107740550691715,3.9,0.9,0.2,0.3,0.2,0.9,0.391,3.4,0.667,0.6,0.3
1628392,Isaiah Hartenstein,HOU,28,7.9,-7.590147540300075,-2.6063049232676936,-1.3976684429007071,-1.5124066591949432,-1.8034942301595245,-0.3760813753830653,-1.6895291901032436,0.06027328432338709,-0.0302941854040597,1.7653581817897774,1.9,1.7,0.5,0.3,0.4,0.1,0.488,1.5,0.786,0.5,0.5
1628469,Antonio Blakeney,CHI,57,14.5,-7.659078592619931,-1.6051159885020523,-1.3266607319997399,-1.417664124687012,-2.0551445878562027,-0.7863519667100456,-1.1276015215544932,-0.47232250419993277,-0.5108674122605315,1.64265024515008,7.3,1.9,0.7,0.2,0.2,0.6,0.419,6.9,0.658,1.3,0.6
1626245,Cristiano Felicio,CHI,60,12.4,-7.664301039308958,-2.216953670858833,-0.7230951893415174,-1.4650353919409775,-2.0551445878562027,-0.9914872623735358,-1.8019147238129938,0.3253916799974219,-0.37871213827239936,1.64265024515008,4.0,3.6,0.6,0.2,0.1,0.0,0.531,3.0,0.685,1.2,0.6
1628412,Frank Mason III,SAC,38,11.5,-7.715053368842106,-2.013007776739906,-1.6106915756036093,-0.7070951158775273,-1.5518438724628467,-0.9914872623735358,-1.352372588973993,-0.2945544641616608,-0.46852714788001737,1.2745264352309886,5.1,1.1,2.2,0.4,0.1,0.4,0.42,4.4,0.684,1.5,0.9
203098,John Jenkins,NYK,26,12.8,-7.728322754256693,-2.0871699200558793,-1.504180009252158,-1.3702928574330462,-2.558445303249558,-0.9914872623735358,-0.9028304541349926,-0.3943448933730641,0.06965389054636906,2.0107740550691715,4.7,1.4,0.8,0.0,0.1,0.8,0.4,4.0,0.833,0.7,0.3
101112,Channing Frye,CLE,36,9.5,-7.733465767036357,-2.2911158141748067,-1.504180009252158,-1.4650353919409775,-2.0551445878562027,-0.9914872623735358,-0.7904449204252425,-0.49245303505466587,-0.03167086438824334,1.8880661184294747,3.6,1.4,0.6,0.2,0.1,0.9,0.368,3.3,0.786,0.4,0.4
1629022,Lonnie Walker IV,SAS,17,6.9,-7.7971530876792325,-2.4765211724647402,-1.646195431054093,-1.5124066591949432,-1.5518438724628467,-0.7863519667100456,-1.4647581226837434,-0.48845602107408403,-0.004101833743604987,2.133481991708869,2.6,1.0,0.5,0.4,0.2,0.3,0.348,2.7,0.8,0.6,0.2
203101,Miles Plumlee,ATL,18,9.6,-7.8460254369345,-2.1427915275428595,-1.2201491656482888,-1.3229215901790807,-1.8034942301595245,-0.7863519667100456,-1.8019147238129938,0.8733430855220897,-1.2843955635538775,1.64265024515008,4.4,2.2,0.9,0.3,0.2,0.0,0.667,2.7,0.533,1.7,0.6
101181,Jose Calderon,DET,49,12.9,-7.854194896514156,-2.5321427799517204,-1.5751877201531255,-0.6597238486235618,-1.8034942301595245,-0.9914872623735358,-1.4647581226837434,-0.3318261979046384,-0.01551704317468987,1.519942308510383,2.3,1.2,2.3,0.3,0.1,0.3,0.375,2.4,0.818,0.2,0.7
1627746,Skal Labissiere,POR,22,8.0,-7.936856094851681,-2.4023590291487666,-1.2911568765492563,-1.5124066591949432,-2.0551445878562027,-0.5812166710465555,-1.4647581226837434,0.23838494950872316,-0.6335572796707146,1.7653581817897774,3.0,2.0,0.5,0.2,0.3,0.3,0.531,2.2,0.529,0.8,0.5
1626185,Jarell Martin,ORL,42,7.8,-7.937884923822297,-2.457980636635747,-1.3976684429007071,-1.559777926448909,-2.3067949455528804,-0.7863519667100456,-1.2399870552642431,-0.19541123077939102,-0.004686774599545852,2.0107740550691715,2.7,1.7,0.4,0.1,0.2,0.5,0.413,2.5,0.818,0.3,0.3
203485,Lorenzo Brown,TOR,26,8.2,-7.957120667377399,-2.5692238516097072,-1.5751877201531255,-1.2281790556711494,-1.3001935147661687,-0.7863519667100456,-1.5771436563934935,-0.590911126272542,0.02741997904875342,1.64265024515008,2.1,1.2,1.1,0.5,0.2,0.2,0.324,2.7,1.0,0.1,0.6
1629010,Jerome Robinson,LAC,33,9.7,-7.979325739457739,-2.328196885832793,-1.5751877201531255,-1.4650353919409775,-1.8034942301595245,-0.9914872623735358,-1.2399870552642431,-0.32548915991643756,-0.13851415224657895,1.8880661184294747,3.4,1.2,0.6,0.3,0.1,0.5,0.4,3.3,0.667,0.3,0.4
1629033,Theo Pinson,BKN,18,11.7,-7.984036236355005,-2.124250991713866,-1.2911568765492563,-1.180807788417184,-1.8034942301595245,-1.1966225580370258,-1.0152159878447429,-0.7801663652455131,0.2558600630208174,1.1518184985912914,4.5,2.0,1.2,0.3,0.0,0.7,0.342,4.1,0.864,1.2,1.0
1628515,Isaiah Briscoe,ORL,39,14.3,-8.016360634951486,-2.3096563500038,-1.3266607319997399,-0.7070951158775273,-1.8034942301595245,-0.9914872623735358,-1.4647581226837434,-0.35069606717688956,-0.4597471265474134,1.3972343718706857,3.5,1.9,2.2,0.3,0.1,0.3,0.399,3.5,0.577,0.7,0.8
1629130,Duncan Robinson,MIA,15,10.7,-8.020350918545972,-2.346737421661787,-1.5396838647026418,-1.6071491937028746,-1.8034942301595245,-1.1966225580370258,-1.0152159878447429,-0.34992870795276937,-0.17229300955377932,2.0107740550691715,3.3,1.3,0.3,0.3,0.0,0.7,0.391,3.1,0.667,0.4,0.3
203710,C.J. Williams,MIN,15,8.5,-8.055366711970784,-2.4765211724647402,-1.8237147083065113,-1.3702928574330462,-1.5518438724628467,-1.1966225580370258,-1.4647581226837434,0.08561722001671743,-0.2680046956687591,2.0107740550691715,2.6,0.5,0.8,0.4,0.0,0.3,0.486,2.3,0.0,0.1,0.3
1627772,Daniel Hamilton,ATL,19,10.7,-8.135110360597725,-2.4023590291487666,-1.1136375992968377,-1.180807788417184,-1.8034942301595245,-0.9914872623735358,-1.352372588973993,-0.4016643198185177,-0.28652191428005275,1.3972343718706857,3.0,2.5,1.2,0.3,0.1,0.4,0.383,3.2,0.5,0.3,0.8
1628977,Hamidou Diallo,OKC,51,10.3,-8.150725898388057,-2.272575278345813,-1.3266607319997399,-1.6071491937028746,-1.5518438724628467,-0.7863519667100456,-1.6895291901032436,-0.03737950133511072,-0.6445943455181609,1.7653581817897774,3.7,1.9,0.3,0.4,0.2,0.1,0.455,3.2,0.61,1.2,0.5
1628400,Semi Ojeleye,BOS,56,10.6,-8.202257269847113,-2.346737421661787,-1.4686761538016746,-1.559777926448909,-2.0551445878562027,-0.9914872623735358,-1.2399870552642431,-0.17005675443737753,-0.381164163072555,2.0107740550691715,3.3,1.5,0.4,0.2,0.1,0.5,0.424,2.8,0.615,0.7,0.3
1629126,Deonte Burton,OKC,32,7.5,-8.276419709230396,-2.4765211724647402,-1.6816992865045763,-1.6071491937028746,-2.0551445878562027,-0.5812166710465555,-1.4647581226837434,-0.2484117204870953,-0.17229300955377932,2.0107740550691715,2.6,0.9,0.3,0.2,0.3,0.3,0.402,2.6,0.667,0.4,0.3
1629234,Drew Eubanks,SAS,23,4.9,-8.308768792539059,-2.624845459096687,-1.4686761538016746,-1.6071491937028746,-2.3067949455528804,-0.7863519667100456,-1.8019147238129938,0.1987542185904966,0.07743537647842835,2.0107740550691715,1.8,1.5,0.3,0.1,0.2,0.0,0.577,1.1,0.846,0.6,0.3
1626150,Andrew Harrison,NOP,17,10.9,-8.312718076493617,-2.36527795749078,-1.5751877201531255,-1.0860652539092526,-2.0551445878562027,-0.9914872623735358,-1.4647581226837434,-0.7861534536974395,0.4914139731600788,1.519942308510383,3.2,1.2,1.4,0.2,0.1,0.3,0.302,3.1,0.944,1.1,0.7
1628410,Edmond Sumner,IND,23,9.1,-8.313377475174718,-2.42089956497776,-1.646195431054093,-1.559777926448909,-1.3001935147661687,-0.7863519667100456,-1.4647581226837434,-0.5242225501851343,-0.4990445167783368,1.8880661184294747,2.9,1.0,0.4,0.5,0.2,0.3,0.344,2.8,0.625,1.0,0.4
1627824,Guerschon Yabusele,BOS,41,6.1,-8.368646704788352,-2.5321427799517204,-1.5396838647026418,-1.559777926448909,-2.0551445878562027,-0.7863519667100456,-1.5771436563934935,-0.022553024897646334,-0.1839150162571662,1.8880661184294747,2.3,1.3,0.4,0.2,0.2,0.2,0.455,1.9,0.682,0.5,0.4
1628960,Grayson Allen,UTA,38,11.0,-8.422844380369083,-1.9203050975949394,-1.7882108528560277,-1.417664124687012,-2.0551445878562027,-0.7863519667100456,-0.9028304541349926,-0.6415484025455254,-0.18531532921532703,1.2745264352309886,5.6,0.6,0.7,0.2,0.2,0.8,0.376,4.7,0.75,1.6,0.9
1629017,Khyri Thomas,DET,26,7.5,-8.486413518818654,-2.5321427799517204,-1.7172031419550602,-1.6071491937028746,-1.8034942301595245,-0.7863519667100456,-1.352372588973993,-0.6122559398555543,-0.2089256692187509,2.133481991708869,2.3,0.8,0.3,0.3,0.2,0.4,0.319,2.7,0.636,0.4,0.2
202347,Quincy Pondexter,SAS,53,5.5,-8.53137308291618,-2.624845459096687,-1.6816992865045763,-1.5124066591949432,-2.0551445878562027,-1.1966225580370258,-1.6895291901032436,0.06483527707337616,0.030557389094253682,2.133481991708869,1.8,0.9,0.5,0.2,0.0,0.1,0.5,1.1,0.81,0.8,0.2
1627758,Ron Baker,WAS,15,10.1,-8.558028688833385,-2.791710281557627,-1.7527069974055438,-1.275550322925115,-1.5518438724628467,-0.9914872623735358,-1.6895291901032436,-0.5398437915332939,0.023868974458648936,2.0107740550691715,0.9,0.7,1.0,0.4,0.1,0.1,0.2,1.3,0.833,0.4,0.3
1629004,Svi Mykhailiuk,DET,42,10.5,-8.620852819196681,-2.36527795749078,-1.6816992865045763,-1.3229215901790807,-1.8034942301595245,-1.1966225580370258,-1.0152159878447429,-0.6959402578793813,-0.30503913289134643,1.7653581817897774,3.2,0.9,0.9,0.3,0.0,0.7,0.329,3.3,0.6,0.5,0.5
1628462,Milos Teodosic,LAC,15,10.0,-8.638918604888943,-2.36527795749078,-1.6106915756036093,-0.754466383131493,-2.0551445878562027,-0.9914872623735358,-1.0152159878447429,-0.1597458918956973,-0.3478757107253858,0.6609867520325026,3.2,1.1,2.1,0.2,0.1,0.7,0.425,2.7,0.571,0.5,1.4
203263,James Nunnally,HOU,15,6.8,-8.649371300035828,-2.513602244122727,-1.8947224192074785,-1.5124066591949432,-2.3067949455528804,-1.1966225580370258,-1.2399870552642431,-0.3980404448013128,0.15661509779621602,2.256189928348566,2.4,0.3,0.5,0.1,0.0,0.5,0.353,2.3,1.0,0.3,0.1
1628405,Johnathan Motley,LAC,22,7.1,-8.759173793148982,-2.105710455884873,-1.1846453101978052,-1.5124066591949432,-2.0551445878562027,-0.9914872623735358,-1.8019147238129938,0.3736720672248928,-1.0014791695639047,1.519942308510383,4.6,2.3,0.5,0.2,0.1,0.0,0.534,3.3,0.6,1.8,0.7
1629020,Jarred Vanderbilt,DEN,17,4.1,-8.776591298662437,-2.6990076024126606,-1.504180009252158,-1.65452046095684,-1.5518438724628467,-0.9914872623735358,-1.8019147238129938,0.019615894223439338,-0.35861144340462014,1.7653581817897774,1.4,1.4,0.2,0.4,0.1,0.0,0.474,1.1,0.6,0.6,0.5
1629061,Deng Adel,CLE,19,10.2,-8.822005732357585,-2.643385994925681,-1.646195431054093,-1.6071491937028746,-2.3067949455528804,-0.7863519667100456,-1.4647581226837434,-0.4701616712199228,0.09201753842248474,2.0107740550691715,1.7,1.0,0.3,0.1,0.2,0.3,0.306,1.9,1.0,0.2,0.3
201583,Ryan Anderson,MIA,25,12.9,-8.841027905310082,-2.4950617082937336,-1.2201491656482888,-1.3702928574330462,-2.0551445878562027,-1.1966225580370258,-1.352372588973993,-0.7013054480590125,-0.09272923615885884,1.64265024515008,2.5,2.2,0.8,0.2,0.0,0.4,0.304,2.8,0.75,0.6,0.6
1627820,Tyrone Wallace,LAC,62,10.1,-8.930784472047455,-2.3096563500038,-1.433172298351191,-1.417664124687012,-1.8034942301595245,-0.9914872623735358,-1.6895291901032436,-0.2123500532129223,-0.7160812083063045,1.64265024515008,3.5,1.6,0.7,0.3,0.1,0.1,0.424,3.5,0.526,0.9,0.6
1629139,Yuta Watanabe,MEM,15,11.6,-8.951565059649607,-2.4765211724647402,-1.2556530210987724,-1.5124066591949432,-1.8034942301595245,-0.9914872623735358,-1.6895291901032436,-0.9051531610686857,-0.2053864816156351,1.8880661184294747,2.6,2.1,0.5,0.3,0.1,0.1,0.294,3.4,0.7,0.7,0.4
1628980,Jacob Evans,GSW,30,6.8,-9.039016308174581,-2.717548138241654,-1.7172031419550602,-1.3702928574330462,-2.0551445878562027,-0.9914872623735358,-1.6895291901032436,-0.3486996683163349,-0.03717758032497791,1.8880661184294747,1.3,0.8,0.8,0.2,0.1,0.1,0.34,1.8,0.0,0.0,0.4
1629067,Isaac Bonga,LAL,22,5.5,-9.098185999791921,-2.791710281557627,-1.6106915756036093,-1.417664124687012,-1.5518438724628467,-0.7863519667100456,-1.8019147238129938,-0.7365997561090654,-0.41218375391789386,2.0107740550691715,0.9,1.1,0.7,0.4,0.2,0.0,0.152,1.5,0.6,0.7,0.3
1629014,Anfernee Simons,POR,20,7.0,-9.171396072842185,-2.25403474251682,-1.7527069974055438,-1.417664124687012,-2.3067949455528804,-1.1966225580370258,-1.2399870552642431,-0.09303412638118683,-0.5532017681475514,1.64265024515008,3.8,0.7,0.7,0.1,0.0,0.5,0.444,3.2,0.563,0.8,0.6
1628403,Caleb Swanigan,SAC,21,8.5,-9.220048943486065,-2.5877643874387,-0.9361183220444195,-1.5124066591949432,-1.8034942301595245,-1.1966225580370258,-1.8019147238129938,-0.48396148847566584,-0.17229300955377932,1.2745264352309886,2.0,3.0,0.5,0.3,0.0,0.0,0.34,2.5,0.667,0.4,0.9
1628414,Sindarius Thornwell,LAC,64,4.9,-9.223040285034092,-2.773169745728634,-1.7527069974055438,-1.6071491937028746,-2.0551445878562027,-0.9914872623735358,-1.8019147238129938,-0.14661435176645413,-0.10562747745702547,2.0107740550691715,1.0,0.7,0.3,0.2,0.1,0.0,0.347,0.8,0.735,0.5,0.3
1628399,Tyler Lydon,DEN,25,3.7,-9.27470766880302,-2.791710281557627,-1.7527069974055438,-1.65452046095684,-2.3067949455528804,-1.1966225580370258,-1.5771436563934935,0.04093751837934906,-0.16962827898782745,2.133481991708869,0.9,0.7,0.2,0.1,0.0,0.2,0.5,0.7,0.333,0.1,0.2
1629002,Chimezie Metu,SAS,29,5.0,-9.334432751292221,-2.624845459096687,-1.5751877201531255,-1.559777926448909,-2.0551445878562027,-0.9914872623735358,-1.8019147238129938,-0.4252922379062606,-0.06614101543428268,1.7653581817897774,1.8,1.2,0.4,0.2,0.1,0.0,0.328,2.0,0.765,0.6,0.5
1629164,Brandon Goodwin,DEN,16,3.6,-9.670912788533945,-2.6990076024126606,-1.9302262746579621,-1.3229215901790807,-2.558445303249558,-1.1966225580370258,-1.6895291901032436,-0.446276561304315,0.03863429970103022,2.133481991708869,1.4,0.2,0.9,0.0,0.0,0.1,0.261,1.4,0.818,0.7,0.2
1627781,Malachi Richardson,TOR,22,4.7,-9.795754991312691,-2.6990076024126606,-1.7882108528560277,-1.7492629954647714,-2.558445303249558,-1.1966225580370258,-1.352372588973993,-0.31374687728360984,-0.02615233146452026,1.8880661184294747,1.4,0.6,0.0,0.0,0.0,0.4,0.31,1.3,0.8,0.2,0.4
1629018,Gary Trent Jr.,POR,15,7.4,-9.870629180821982,-2.457980636635747,-1.7527069974055438,-1.6071491937028746,-2.3067949455528804,-0.9914872623735358,-1.4647581226837434,-0.7428988477620081,-0.5576272297748196,2.0107740550691715,2.7,0.7,0.3,0.1,0.1,0.3,0.32,3.3,0.429,0.5,0.3
1627735,Wade Baldwin IV,POR,16,5.9,-10.050653528311207,-2.6063049232676936,-1.6816992865045763,-1.3702928574330462,-2.3067949455528804,-0.9914872623735358,-1.6895291901032436,-0.5295202802131942,-0.14955121809402522,1.2745264352309886,1.9,0.9,0.8,0.1,0.1,0.1,0.303,2.1,0.727,0.7,0.9
