PLAYER_ID,PLAYER_NAME,TEAM_ABBREVIATION,GP,MIN,Z_TOTAL,Z_PTS,Z_REB,Z_AST,Z_STL,Z_BLK,Z_FG3M,Z_FG_PCT,Z_FT_PCT,Z_TOV,PTS,REB,AST,STL,BLK,FG3M,FG_PCT,FGA,FT_PCT,FTA,TOV
203999,Nikola Jokić,DEN,69,33.7,8.27779182432378,1.1106378361335054,2.568008454771221,2.669407763833292,1.0556338633022762,0.24591361532187767,-1.019742804431492,3.2338731106439935,0.374586305835654,-1.960526321086547,24.5,11.8,9.8,1.3,0.7,0.8,0.632,14.8,0.822,6.0,3.6
203954,Joel Embiid,PHI,66,34.6,8.258510493583573,2.4869325610251694,1.906789670150372,0.12017797572510056,0.12052512612506261,2.2951937430041918,-0.8137341570715947,1.9621190682574918,1.8987931666940452,-1.718286660326265,33.1,10.2,4.2,1.0,1.7,1.0,0.548,20.1,0.857,11.7,3.4
1628983,Shai Gilgeous-Alexander,OKC,68,35.5,7.583202302139907,2.214874301453561,-0.32482372794499165,0.7119634622502163,1.99074260047949,0.8606976536265719,-0.9167384807515433,0.8769150654281831,3.1611391056438407,-0.9915676780454198,31.4,4.8,5.5,1.6,1.0,0.9,0.51,20.3,0.905,10.9,2.8
203076,Anthony Davis,LAL,56,34.0,6.896045888254587,1.334685814604241,2.857291673042842,-0.6081733923058112,0.4322280385174674,2.9099777813088856,-1.5347644228312352,2.0534814003760884,-0.28383230869331555,-0.2648486957645751,25.9,12.5,2.6,1.1,2.0,0.3,0.563,17.2,0.784,7.9,2.2
201142,Kevin Durant,PHX,47,35.6,6.677703074154143,1.8467954796802095,0.4603735787922661,0.48435365974055633,-0.814583611052151,1.6804097046994972,0.21630907972789165,2.1039557388049075,2.29725627370709,-1.597166829946124,29.1,6.7,5.0,0.7,1.4,2.0,0.56,18.3,0.919,7.1,3.3
201939,Stephen Curry,GSW,56,34.7,6.273003163301208,1.894805760781081,0.21241653455944767,1.0761391462656722,-0.19117778626734183,-0.36887042298281636,3.2034344664464025,0.3811395520249231,1.5411629120398225,-1.4760469995659835,29.4,6.1,6.3,0.9,0.4,4.9,0.493,20.2,0.915,5.0,3.2
203081,Damian Lillard,POR,58,36.3,6.175896565145352,2.3429017177225537,-0.32482372794499165,1.531358751284992,-0.19117778626734183,-0.5737984357510478,2.4824042006867617,-0.49935533169672647,3.0055540070572766,-1.597166829946124,32.2,4.8,7.3,0.9,0.3,4.2,0.463,20.7,0.914,9.6,3.3
202681,Kyrie Irving,DAL,60,37.3,5.823468363040454,1.5267269390077296,-0.20084520582858265,0.7119634622502163,0.4322280385174674,0.45084162809010925,1.3493566402073267,0.4082035097529224,1.2887222164276977,-0.1437288653844341,27.1,5.1,5.5,1.1,0.8,3.1,0.494,20.1,0.905,4.6,2.1
1630169,Tyrese Haliburton,IND,56,33.6,5.694890786176208,0.5025076088557935,-0.7794116423718249,2.9425395268448837,1.99074260047949,-0.36887042298281636,1.1433479928474293,0.22767786366374618,0.6645654457445035,-0.6282081869049974,20.7,3.7,10.4,1.6,0.4,2.9,0.49,15.0,0.871,3.6,2.5
1628369,Jayson Tatum,BOS,74,36.9,5.5098708126993134,2.0068297500164496,1.32822323360713,0.30226581773282823,0.4322280385174674,0.24591361532187767,1.4523609638872754,-0.4190625362451232,1.2737994382869684,-1.1126875084255607,30.1,8.8,4.6,1.1,0.7,3.2,0.466,21.1,0.854,8.4,2.9
202710,Jimmy Butler III,MIA,64,33.4,5.299539479272128,0.8545830035955213,0.1297641864818419,0.6209195412463522,2.6141484252642986,-0.5737984357510478,-1.2257514517913892,1.1886659741786174,1.2291379495316628,0.46187028651627016,22.9,5.9,5.3,1.8,0.3,0.6,0.539,13.9,0.85,8.7,1.6
202695,Kawhi Leonard,LAC,52,33.6,4.936375198743791,0.9986138468981376,0.37772123071465996,-0.01638790578069553,1.3673367756946804,-0.16394241021458503,0.21630907972789165,0.7799062960857569,1.0360678294818155,0.3407504561361294,23.8,6.5,3.9,1.4,0.5,2.0,0.512,16.8,0.871,5.4,1.7
1628378,Donovan Mitchell,CLE,68,35.8,4.924686252695171,1.7187680634112175,-0.5314545981390069,0.2112218967289646,1.679039688087085,-0.36887042298281636,1.8643782586070698,0.12256021490048852,0.9783711693673062,-0.7493280172851383,28.3,4.3,4.4,1.5,0.4,3.6,0.484,20.6,0.867,5.4,2.6
1628991,Jaren Jackson Jr.,MEM,63,28.4,4.902761674284711,0.16643564114968998,0.5016997528310689,-1.3365247603367232,0.12052512612506261,4.9592579089912,-0.1957082149919028,0.49980635948146196,-0.15348059510127582,0.3407504561361294,18.6,6.8,1.0,1.0,3.0,1.6,0.506,13.0,0.788,4.9,1.7
1629029,Luka Dončić,DAL,66,36.2,4.730749394539327,2.374908571789801,1.2455708855295236,1.850012474798516,1.3673367756946804,-0.16394241021458503,1.0403436691674806,0.506449226803611,-1.5294034779431516,-1.960526321086547,32.4,8.6,8.0,1.4,0.5,2.8,0.496,22.0,0.742,10.5,3.6
204001,Kristaps Porziņģis,WAS,65,32.6,4.6896295024725765,0.9025932846963934,1.1629185374519178,-0.5626514318038792,-0.19117778626734183,1.8853377174677288,0.31931340340784037,0.41647273424704684,0.9005519086573041,-0.1437288653844341,23.2,8.4,2.7,0.9,1.5,2.1,0.498,15.7,0.851,6.4,2.1
1627832,Fred VanVleet,TOR,69,36.7,4.098499334098163,0.27845963038505783,-0.614106946216613,1.48583679078306,2.6141484252642986,0.04098560255364631,1.246352316527378,-1.994023385619433,1.0634559354250614,-0.02260903500429316,19.3,4.1,7.2,1.8,0.6,3.0,0.393,16.1,0.898,4.1,2.0
201935,James Harden,PHI,58,36.8,4.083096070998075,0.5505178899566656,0.21241653455944767,3.0791054083506793,0.7439309509098715,-0.16394241021458503,1.0403436691674806,-0.7959249979721447,1.1349356865669251,-1.718286660326265,21.0,6.1,10.7,1.2,0.5,2.8,0.441,14.5,0.867,6.2,3.4
1628374,Lauri Markkanen,UTA,66,34.4,3.5690804938235106,1.2866755335033697,1.2455708855295236,-0.9268271158193353,-1.1262865234445556,0.04098560255364631,1.246352316527378,0.48008964207615035,1.2240093575214854,0.0985107953758478,25.6,8.6,1.9,0.6,0.6,3.0,0.499,17.3,0.875,6.0,1.9
2544,LeBron James,LAL,55,35.5,3.1900820912170285,1.814788625612961,1.1215923634131149,1.303748948775332,-0.19117778626734183,0.04098560255364631,0.4223177270877891,0.6378634675869641,-0.4839898579794527,-1.4760469995659835,28.9,8.3,6.8,0.9,0.6,2.2,0.5,22.2,0.768,5.9,3.2
202331,Paul George,LAC,56,34.6,3.171121399238871,0.9986138468981376,0.21241653455944767,0.5298756202424881,1.679039688087085,-0.36887042298281636,1.0403436691674806,-0.5807991757101851,1.015428808163076,-1.3549271691858427,23.8,6.1,5.1,1.5,0.4,2.8,0.457,17.9,0.871,5.3,3.1
1626167,Myles Turner,IND,62,29.4,3.106471335786506,0.07041507894794578,0.7909829711026903,-1.154436918328995,-1.1262865234445556,3.5247618196135795,-0.29871253867185155,1.1664524549177397,-0.20745546448617633,0.3407504561361294,18.0,7.5,1.4,0.6,2.3,1.5,0.548,11.8,0.783,4.5,1.7
1627734,Domantas Sabonis,SAC,79,34.6,2.820207260819317,0.24645277631780996,2.774639324965236,1.531358751284992,-0.5028806986597463,-0.16394241021458503,-1.4317600991512867,2.317495290163214,-0.8384681654607558,-1.1126875084255607,19.1,12.3,7.3,0.8,0.5,0.4,0.615,11.9,0.742,5.5,2.9
201572,Brook Lopez,MIL,78,30.4,2.8197604539510497,-0.26565688875815807,0.4603735787922661,-1.1999588788309272,-1.4379894358369598,3.9346178451500426,-0.0927038913119543,0.8578053686574825,-0.14083719118729365,0.7041099472765521,15.9,6.7,1.3,0.5,2.5,1.7,0.531,11.5,0.784,2.4,1.4
1629651,Nic Claxton,BKN,76,29.9,2.7632439860914597,-0.79376998086775,1.4935279297623416,-0.9268271158193353,-0.19117778626734183,3.9346178451500426,-1.843777393871081,2.504136955476576,-2.2387162451286846,0.8252297776566927,12.6,9.2,1.9,0.9,2.5,0.0,0.705,7.7,0.541,3.2,1.3
1630163,LaMelo Ball,CHA,36,35.2,2.4835964985332306,0.9185967117300177,0.33639505667585706,2.032100316806244,1.0556338633022762,-0.5737984357510478,2.2763955533268643,-1.9701949624061024,0.36899471593566857,-1.960526321086547,23.3,6.4,8.4,1.3,0.3,4.0,0.411,20.0,0.843,3.4,3.6
1628384,OG Anunoby,TOR,67,35.6,2.380552566218429,-0.12162604545554205,-0.24217137986738552,-0.8813051553174033,2.925851337656703,0.24591361532187767,0.31931340340784037,-0.05998119782437437,0.2171670233010065,-0.02260903500429316,16.8,5.0,2.0,1.9,0.7,2.1,0.476,13.2,0.838,2.5,2.0
1626164,Devin Booker,PHX,53,34.6,2.3401018103354594,1.6387509282430974,-0.4488022500614007,0.7119634622502163,0.12052512612506261,-0.5737984357510478,0.31931340340784037,0.4082035097529224,1.0343939140340483,-0.8704478476652793,27.8,4.5,5.5,1.0,0.3,2.1,0.494,20.1,0.855,6.8,2.7
202696,Nikola Vučević,CHI,82,33.5,2.329267001327385,0.00640137081345003,2.2373990624607965,-0.3350416292942193,-0.814583611052151,0.24591361532187767,-0.29871253867185155,0.8161442826500352,0.13099599296331832,0.3407504561361294,17.6,11.0,3.2,0.7,0.7,1.5,0.52,14.0,0.835,1.9,1.7
201942,DeMar DeRozan,CHI,74,36.2,2.151527789405748,1.1106378361335054,-0.4074760760225978,0.5298756202424881,0.4322280385174674,-0.16394241021458503,-1.2257514517913892,0.6137888001539326,1.405896297771361,-0.1437288653844341,24.5,4.6,5.1,1.1,0.5,0.6,0.504,17.6,0.872,7.1,2.1
101108,Chris Paul,PHX,59,32.0,2.0201693075197364,-0.585725429430638,-0.5314545981390069,2.259710119315904,1.679039688087085,-0.36887042298281636,-0.0927038913119543,-0.628667906697986,0.19033095330330102,0.0985107953758478,13.9,4.3,8.9,1.5,0.4,1.7,0.44,11.3,0.831,2.7,1.9
1627749,Dejounte Murray,ATL,74,36.4,1.9764439890530032,0.47050075478854564,-0.1181928577509765,0.985095225261808,1.679039688087085,-0.5737984357510478,0.010300432367994416,-0.3989735892053812,0.18732146701955046,-0.2648486957645751,20.5,5.3,6.1,1.5,0.3,1.8,0.464,17.8,0.832,2.6,2.2
1630217,Desmond Bane,MEM,58,31.7,1.9738044427306773,0.6305350251247857,-0.24217137986738552,0.2112218967289646,0.12052512612506261,-0.36887042298281636,1.1433479928474293,-0.012049474129208709,0.7561143746484209,-0.2648486957645751,21.5,5.0,4.4,1.0,0.4,2.9,0.479,16.2,0.883,3.5,2.2
1628969,Mikal Bridges,BKN,83,35.7,1.9386121538269014,0.4064870466540499,-0.4901284241002036,-0.28951966879228747,0.4322280385174674,0.24591361532187767,0.21630907972789165,-0.2503680659210857,1.0847004155227804,0.5829901168964111,20.1,4.4,3.3,1.1,0.7,2.0,0.468,15.3,0.895,4.3,1.5
201950,Jrue Holiday,MIL,67,32.6,1.9106091824351348,0.27845963038505783,-0.20084520582858265,1.5768807117869241,0.7439309509098715,-0.36887042298281636,0.6283263744476861,-0.009420960249151183,0.37483561239170565,-1.1126875084255607,19.3,5.1,7.4,1.2,0.4,2.4,0.479,15.3,0.859,2.6,2.9
1630162,Anthony Edwards,MIN,79,36.0,1.8104660527781946,1.1266412631671296,0.08843801244303866,0.2112218967289646,1.99074260047949,0.24591361532187767,0.9373393454875323,-0.5800318100022817,-0.6126320409014326,-1.597166829946124,24.6,5.8,4.4,1.6,0.7,2.7,0.459,19.5,0.756,5.3,3.3
1628389,Bam Adebayo,MIA,75,34.6,1.727243900033635,0.45449732775492147,1.4935279297623416,-0.3350416292942193,0.7439309509098715,0.45084162809010925,-1.843777393871081,1.2929761709656478,0.09849710262104101,-0.6282081869049974,20.4,9.2,3.2,1.2,0.8,0.0,0.54,14.9,0.806,5.4,2.5
1626157,Karl-Anthony Towns,MIN,29,33.0,1.5229812469504596,0.5185110358894177,1.0389400153355084,0.3933097387366923,-0.814583611052151,0.04098560255364631,0.31931340340784037,0.3310546230598195,0.9292577778253877,-1.2338073388057016,20.8,8.1,4.8,0.7,0.6,2.1,0.495,14.8,0.874,4.7,3.0
1628386,Jarrett Allen,CLE,68,32.6,1.397761140974121,-0.521711721296142,1.7414849739951603,-1.0178710368231991,-0.5028806986597463,1.2705536791630347,-1.843777393871081,2.181642926815494,-0.6137895356259518,0.7041099472765521,14.3,9.8,1.7,0.8,1.2,0.0,0.644,9.2,0.733,3.3,1.4
1627759,Jaylen Brown,BOS,67,35.9,1.2293925389030893,1.4467098038396096,0.5430259268698723,-0.19847574778842345,0.4322280385174674,-0.36887042298281636,0.6283263744476861,0.3290044967655696,-0.46986842234031495,-1.1126875084255607,26.6,6.9,3.5,1.1,0.4,2.4,0.491,20.6,0.765,5.1,2.9
1628368,De'Aaron Fox,SAC,73,33.4,1.1809010692051085,1.1906549713016255,-0.5727807721778098,0.985095225261808,0.4322280385174674,-0.5737984357510478,-0.1957082149919028,0.841959839450251,-0.298541395500286,-0.6282081869049974,25.0,4.2,6.1,1.1,0.3,1.6,0.512,18.2,0.78,6.0,2.5
1627741,Buddy Hield,IND,80,31.0,1.1431570824121153,-0.12162604545554205,-0.24217137986738552,-0.5171294713019474,0.7439309509098715,-0.5737984357510478,1.8643782586070698,-0.393544763152452,0.042367512287419425,0.3407504561361294,16.8,5.0,2.8,1.2,0.3,3.6,0.458,13.0,0.822,1.6,1.7
1629027,Trae Young,ATL,73,34.8,1.0773467125922775,1.3826960957051133,-1.068694860643446,2.8514956058410195,0.4322280385174674,-0.9836544612875107,0.31931340340784037,-1.3802968909796949,2.09038525501874,-2.5661254729872507,26.2,3.0,10.2,1.1,0.1,2.1,0.429,19.0,0.886,8.8,4.1
1628973,Jalen Brunson,NYK,68,35.0,1.0560104011567246,1.0306207009653854,-0.862063990449431,1.0306171857637403,-0.19117778626734183,-0.7787264485192792,0.21630907972789165,0.28622672185483033,0.46793380346536323,-0.1437288653844341,24.0,3.5,6.2,0.9,0.2,2.0,0.491,17.6,0.829,5.8,2.1
1627783,Pascal Siakam,TOR,71,37.4,1.035307569746573,1.0626275550326334,0.9149614932190993,0.8485293437560122,-0.19117778626734183,-0.16394241021458503,-0.5047211860317488,0.007718782763946763,-0.43159986598658656,-0.5070883565248564,24.2,7.8,5.8,0.9,0.5,1.3,0.48,18.5,0.774,6.7,2.4
203991,Clint Capela,ATL,65,26.6,0.9651893660741917,-0.8897905430694939,2.2373990624607965,-1.382046720838655,-0.814583611052151,1.2705536791630347,-1.843777393871081,2.053996795254533,-1.0973908315301886,1.430828929557397,12.0,11.0,0.9,0.7,1.2,0.0,0.653,8.2,0.603,2.0,0.8
203897,Zach LaVine,CHI,77,35.9,0.9368612294273253,1.1586481172343777,-0.4488022500614007,0.12017797572510056,-0.19117778626734183,-0.7787264485192792,0.8343350218075836,0.1373119616434692,0.7333028247698131,-0.6282081869049974,24.8,4.5,4.2,0.9,0.2,2.6,0.485,18.0,0.848,5.6,2.5
1629636,Darius Garland,CLE,69,35.5,0.868130443592533,0.6465384521584099,-1.1926733827598552,1.7589685537946518,0.7439309509098715,-0.9836544612875107,0.6283263744476861,-0.41177828862980054,0.791159753384641,-1.1126875084255607,21.6,2.7,7.8,1.2,0.1,2.4,0.462,16.4,0.863,4.7,2.9
203078,Bradley Beal,WAS,50,33.5,0.7974239237249983,0.9025932846963934,-0.6967592942942189,0.6664415017482844,-0.19117778626734183,0.24591361532187767,-0.1957082149919028,0.6641829660461022,0.5146253598913647,-1.1126875084255607,23.2,3.9,5.4,0.9,0.7,1.6,0.506,17.6,0.842,4.6,2.9
1630530,Trey Murphy III,NOP,79,31.0,0.7814967851131729,-0.48970486722889406,-0.8207378164106279,-1.154436918328995,0.4322280385174674,-0.16394241021458503,0.8343350218075836,0.07806445706160757,0.6348623503522195,1.430828929557397,14.5,3.6,1.4,1.1,0.5,2.6,0.484,10.1,0.905,2.4,0.8
1630596,Evan Mobley,CLE,79,34.4,0.7383536772892952,-0.21764660765728625,1.4108755816847358,-0.5171294713019474,-0.5028806986597463,1.8853377174677288,-1.5347644228312352,1.2887041200843345,-1.2937731672532773,0.2196306257559885,16.2,9.0,2.8,0.8,1.5,0.3,0.554,12.0,0.674,3.8,1.8
1629661,Cameron Johnson,BKN,42,28.6,0.6166577280545065,-0.3296705968926541,-0.4901284241002036,-0.9268271158193353,0.7439309509098715,-0.5737984357510478,0.7313306981276348,-0.1433377294978311,0.2954492819008158,1.3097090991772562,15.5,4.4,1.9,1.2,0.3,2.5,0.47,11.3,0.842,2.9,0.9
203952,Andrew Wiggins,GSW,37,32.2,0.45262424181095284,-0.07361576435466995,-0.24217137986738552,-0.7447392738116073,0.7439309509098715,0.45084162809010925,0.6283263744476861,-0.1293361686334728,-1.0058419026262713,0.8252297776566927,17.1,5.0,2.3,1.2,0.8,2.4,0.473,14.3,0.611,1.9,1.3
1629627,Zion Williamson,NOP,29,33.0,0.42422421593362514,1.3506892416378653,0.5843521009086751,0.30226581773282823,0.4322280385174674,0.04098560255364631,-1.6377687465111839,2.979817795230333,-1.9100589738097409,-1.718286660326265,26.0,7.0,4.6,1.1,0.6,0.2,0.608,16.2,0.714,8.6,3.4
1629028,Deandre Ayton,PHX,67,30.4,0.4068067473309468,0.07041507894794578,1.8241373220727661,-1.0178710368231991,-1.1262865234445556,0.45084162809010925,-1.7407730701911324,2.0754715818563088,-0.3487588589332846,0.2196306257559885,18.0,10.0,1.7,0.6,0.8,0.1,0.589,13.2,0.76,3.0,1.8
1629018,Gary Trent Jr.,TOR,66,32.1,0.40620712150033467,-0.025605483253798415,-1.2339995567986584,-1.063392997325131,1.99074260047949,-0.7787264485192792,0.7313306981276348,-0.941363706058898,0.2963930852915778,1.430828929557397,17.4,2.6,1.6,1.6,0.2,2.5,0.433,14.2,0.839,3.1,0.8
1627750,Jamal Murray,DEN,65,32.8,0.36051356892001624,0.39048361962042566,-0.6554331202554159,1.0306171857637403,0.12052512612506261,-0.7787264485192792,0.8343350218075836,-0.5841263359810205,0.2676872161234947,-0.2648486957645751,20.0,4.0,6.2,1.0,0.2,2.6,0.454,16.0,0.833,3.3,2.2
202691,Klay Thompson,GSW,69,33.0,0.3282636971092192,0.6945487332592813,-0.614106946216613,-0.6992173133096753,-0.814583611052151,-0.36887042298281636,2.688412848046659,-1.131853653131299,0.35430343673984505,0.2196306257559885,21.9,4.1,2.4,0.7,0.4,4.4,0.436,18.1,0.879,1.9,1.8
1631114,Jalen Williams,OKC,75,30.3,0.24471020501821875,-0.5537185753633901,-0.4488022500614007,-0.28951966879228747,1.3673367756946804,-0.16394241021458503,-0.8137341570715947,0.6416773896874404,0.043542814623085756,0.46187028651627016,14.1,4.5,3.3,1.4,0.5,1.0,0.521,10.6,0.812,2.5,1.6
203497,Rudy Gobert,MIN,70,30.7,0.23291996023585382,-0.6657425645987579,2.4853561066936143,-1.2454808393328591,-0.5028806986597463,1.6804097046994972,-1.843777393871081,2.022523348010969,-2.038238158841912,0.3407504561361294,13.4,11.6,1.2,0.8,1.4,0.0,0.659,7.8,0.644,4.9,1.7
1627742,Brandon Ingram,NOP,45,34.2,0.22357793814963323,1.1426446902007534,-0.035540509673370364,0.8485293437560122,-0.814583611052151,-0.36887042298281636,-0.40171686235180026,0.11408483245498739,1.3361973077441422,-1.597166829946124,24.7,5.5,5.8,0.7,0.4,1.4,0.484,18.6,0.882,6.0,3.3
203944,Julius Randle,NYK,77,35.5,0.14704232545041307,1.2066583983352497,1.8241373220727661,0.07465601522316832,-1.1262865234445556,-0.5737984357510478,1.0403436691674806,-0.551633552200092,-0.7554668899071363,-0.9915676780454198,25.1,10.0,4.1,0.6,0.3,2.8,0.459,18.6,0.757,6.9,2.8
203924,Jerami Grant,POR,63,35.6,0.12474071019924121,0.47050075478854564,-0.4488022500614007,-0.6992173133096753,-0.5028806986597463,0.45084162809010925,0.5253220507677374,-0.09012034499374813,0.1994662578214307,0.2196306257559885,20.5,4.5,2.4,0.8,0.8,2.3,0.475,14.5,0.813,5.4,1.8
1631117,Walker Kessler,UTA,74,23.0,0.1198170446038549,-1.3378865000109659,1.1629185374519178,-1.382046720838655,-1.7496923482293643,3.5247618196135795,-1.843777393871081,1.9510667114197762,-1.6363559904887492,1.430828929557397,9.2,8.4,0.9,0.4,2.3,0.0,0.72,5.6,0.516,2.1,0.8
202699,Tobias Harris,PHI,74,32.9,0.09040043612411874,-0.45769801316164616,0.04711183840423577,-0.6536953528077433,-0.19117778626734183,-0.16394241021458503,-0.0927038913119543,0.36102769854613964,0.29512874490018015,0.9463496080368337,14.7,5.7,2.5,0.9,0.5,1.7,0.501,11.4,0.876,1.7,1.2
1629011,Mitchell Robinson,NYK,59,26.9,0.08290424919049588,-1.6259481866161976,1.576180277839948,-1.382046720838655,-0.19117778626734183,2.5001217557724233,-1.843777393871081,1.3134602540788627,-1.8158567108450006,1.551948759937538,7.4,9.4,0.9,0.9,1.8,0.0,0.671,4.7,0.484,2.1,0.7
201143,Al Horford,BOS,63,30.5,0.04498280948790745,-1.2418659378092216,0.25374270859825093,-0.42608555029808337,-1.4379894358369598,0.8606976536265719,0.5253220507677374,-0.01957423935447081,-0.14233303052359558,1.6730685903176785,9.8,6.2,3.0,0.5,1.0,2.3,0.476,7.6,0.714,0.3,0.6
1626153,Delon Wright,WAS,50,24.4,0.0004563727977111576,-1.6259481866161976,-0.8207378164106279,-0.01638790578069553,2.6141484252642986,-0.5737984357510478,-1.019742804431492,-0.023193456723090155,0.15640745406930767,1.3097090991772562,7.4,3.6,3.9,1.8,0.3,0.8,0.474,5.8,0.867,1.2,0.9
1626156,D'Angelo Russell,LAL,71,32.5,-0.05154925385739717,0.03840822488069791,-1.068694860643446,1.0306171857637403,0.12052512612506261,-0.36887042298281636,0.9373393454875323,-0.1957133023671247,0.20416746716409526,-0.7493280172851383,17.8,3.0,6.2,1.0,0.4,2.7,0.469,13.4,0.829,3.0,2.6
1627739,Kris Dunn,UTA,22,25.8,-0.06320429980981734,-0.6977494186660061,-0.4488022500614007,0.7574854227521481,0.4322280385174674,-0.16394241021458503,-1.019742804431492,0.8203934270923071,-0.2049445913145262,0.46187028651627016,13.2,4.5,5.6,1.1,0.5,0.8,0.537,9.8,0.774,2.4,1.6
1627751,Jakob Poeltl,TOR,72,26.5,-0.07413821471261217,-0.809773407901374,1.4522017557235387,-0.5626514318038792,-0.19117778626734183,1.2705536791630347,-1.843777393871081,1.856978513055192,-1.5872425989468308,0.3407504561361294,12.5,9.1,2.7,0.9,1.2,0.0,0.629,8.6,0.592,2.8,1.7
1629645,Kevin Porter Jr.,HOU,59,34.3,-0.1054587765039865,0.2624562033514336,-0.1181928577509765,0.8030073832540804,1.3673367756946804,-0.5737984357510478,0.6283263744476861,-0.8031118932215393,-0.19543532696232022,-1.4760469995659835,19.2,5.3,5.7,1.4,0.3,2.4,0.442,15.0,0.784,4.5,3.2
1629639,Tyler Herro,MIA,67,34.9,-0.12320431899091566,0.4064870466540499,-0.07686668371217326,0.12017797572510056,-0.5028806986597463,-0.7787264485192792,1.246352316527378,-0.9638349227589973,0.9331754522776083,-0.5070883565248564,20.1,5.4,4.2,0.8,0.2,3.0,0.439,16.6,0.934,2.7,2.4
1630178,Tyrese Maxey,PHI,60,33.6,-0.1450290022758759,0.4384939007212978,-1.1100210346822492,-0.19847574778842345,-0.5028806986597463,-0.9836544612875107,0.9373393454875323,0.03439333102823398,0.4145465852482966,0.8252297776566927,20.3,2.9,3.5,0.8,0.1,2.7,0.481,15.2,0.845,3.6,1.3
1630170,Devin Vassell,SAS,38,31.0,-0.199077597611251,0.15043221411606575,-0.6967592942942189,-0.1529537872864914,0.4322280385174674,-0.36887042298281636,0.9373393454875323,-0.9096669210346754,-0.17381688703052553,0.5829901168964111,18.5,3.9,3.6,1.1,0.4,2.7,0.439,15.7,0.78,2.6,1.5
1629630,Ja Morant,MEM,61,31.9,-0.21173599444411484,1.3826960957051133,0.1297641864818419,1.8955344353004477,0.4322280385174674,-0.5737984357510478,-0.29871253867185155,-0.3932240730058653,-1.0679370426939556,-1.718286660326265,26.2,5.9,8.1,1.1,0.3,1.5,0.466,19.9,0.748,8.1,3.4
1629008,Michael Porter Jr.,DEN,62,29.0,-0.2728181237204097,-0.025605483253798415,-0.035540509673370364,-1.3365247603367232,-1.1262865234445556,-0.16394241021458503,1.246352316527378,0.14789473648082507,-0.04663492822255466,1.0674694384169743,17.4,5.5,1.0,0.6,0.5,3.0,0.487,13.2,0.8,1.9,1.1
1629001,De'Anthony Melton,PHI,77,27.9,-0.2750805378743232,-1.1938556567083498,-0.614106946216613,-0.6081733923058112,1.99074260047949,-0.16394241021458503,0.21630907972789165,-0.6466895476141972,-0.08059404267884139,0.8252297776566927,10.1,4.1,2.6,1.6,0.5,2.0,0.425,8.5,0.793,1.1,1.3
1626162,Kelly Oubre Jr.,CHA,48,32.2,-0.31868538568012605,0.4384939007212978,-0.1595190317897794,-1.291002799834791,1.3673367756946804,-0.36887042298281636,0.5253220507677374,-1.1897783108584916,-0.4658973250546558,0.8252297776566927,20.3,5.2,1.1,1.4,0.4,2.3,0.431,17.1,0.76,4.3,1.3
1626179,Terry Rozier,CHA,63,35.3,-0.34434446312981914,0.5665213169902898,-0.614106946216613,0.5298756202424881,0.7439309509098715,-0.5737984357510478,0.8343350218075836,-1.7516618073366612,0.06428868160870399,-0.1437288653844341,21.1,4.1,5.1,1.2,0.3,2.6,0.415,18.9,0.809,3.5,2.1
203468,CJ McCollum,NOP,75,35.3,-0.3576534922957925,0.5345144629230414,-0.4901284241002036,0.8030073832540804,-0.19117778626734183,-0.16394241021458503,1.0403436691674806,-1.0933307492725914,-0.28985128126081655,-0.5070883565248564,20.9,4.4,5.7,0.9,0.5,2.8,0.437,17.9,0.769,3.2,2.4
1630567,Scottie Barnes,TOR,77,34.8,-0.4107482435235239,-0.36167745095990195,0.41904740475346286,0.3933097387366923,0.4322280385174674,0.45084162809010925,-1.019742804431492,-0.437937442015645,-0.2642083212099235,-0.02260903500429316,15.3,6.6,4.8,1.1,0.8,0.8,0.456,13.2,0.772,3.2,2.0
1629057,Robert Williams III,BOS,35,23.5,-0.4302107984310337,-1.5299276244144537,1.1215923634131149,-1.154436918328995,-1.1262865234445556,1.6804097046994972,-1.843777393871081,1.9009989622839543,-0.6673726375656299,1.1885892687971154,8.0,8.3,1.4,0.6,1.4,0.0,0.747,4.9,0.61,1.2,1.0
1628365,Markelle Fultz,ORL,60,29.6,-0.4467970174198903,-0.569722002397014,-0.6967592942942189,0.8030073832540804,1.679039688087085,-0.36887042298281636,-1.328755775471338,0.568479863729064,-0.14724793120001692,-0.3859685261447155,14.0,3.9,5.7,1.5,0.4,0.5,0.514,11.3,0.783,2.4,2.3
1628989,Kevin Huerter,SAC,75,29.4,-0.4630980958691243,-0.3776808779935262,-0.9447163385270372,-0.4716075108000154,0.4322280385174674,-0.5737984357510478,0.9373393454875323,0.10046122783482057,-0.39055332229401085,0.8252297776566927,15.2,3.3,2.9,1.1,0.3,2.7,0.485,11.5,0.725,1.7,1.3
1628404,Josh Hart,NYK,76,32.3,-0.5003893192540405,-1.2418659378092216,0.9149614932190993,-0.061909866282627554,0.7439309509098715,-0.5737984357510478,-1.019742804431492,0.5021657227027775,-0.3471205587078108,0.5829901168964111,9.8,7.8,3.8,1.2,0.3,0.8,0.529,6.8,0.75,2.3,1.5
203484,Kentavious Caldwell-Pope,DEN,76,31.3,-0.5209231719522984,-1.0818316674729818,-1.1926733827598552,-0.6992173133096753,1.679039688087085,-0.16394241021458503,0.010300432367994416,-0.19098312270497242,0.0509151656377171,1.0674694384169743,10.8,2.7,2.4,1.5,0.5,1.8,0.462,8.3,0.824,1.6,1.1
1630168,Onyeka Okongwu,ATL,80,23.1,-0.5216599964773987,-1.2258625107755978,0.6670044489862813,-1.3365247603367232,-0.814583611052151,1.4754816919312663,-1.7407730701911324,1.4284792111179787,-0.16347066495443605,1.1885892687971154,9.9,7.2,1.0,0.7,1.3,0.1,0.638,6.2,0.781,2.5,1.0
1630578,Alperen Sengun,HOU,75,28.9,-0.6067207221753047,-0.4416945861280219,1.4108755816847358,-0.01638790578069553,-0.19117778626734183,0.6557696408583406,-1.5347644228312352,1.137596068334712,-0.8776092947606604,-0.7493280172851383,14.8,9.0,3.9,0.9,0.9,0.3,0.553,10.7,0.715,3.8,2.6
203937,Kyle Anderson,MIN,69,28.4,-0.6087412983689184,-1.3058796459437176,-0.1181928577509765,0.43883169923862453,0.4322280385174674,0.6557696408583406,-1.2257514517913892,0.3234725917369526,-0.3922094301306311,0.5829901168964111,9.4,5.3,4.9,1.1,0.9,0.6,0.509,7.2,0.735,2.0,1.5
1628401,Derrick White,BOS,82,28.3,-0.6597497338511507,-0.8257768349349979,-0.8207378164106279,-0.01638790578069553,-0.814583611052151,0.6557696408583406,0.010300432367994416,-0.21551591891884214,0.42083267198299507,0.9463496080368337,12.4,3.6,3.9,0.7,0.9,1.8,0.462,9.2,0.875,2.3,1.2
1629014,Anfernee Simons,POR,62,35.0,-0.7615656056900547,0.5665213169902898,-1.2339995567986584,0.07465601522316832,-0.814583611052151,-0.7787264485192792,1.6583696112471724,-0.7883315134297563,0.6982574460335937,-0.1437288653844341,21.1,2.6,4.1,0.7,0.2,3.4,0.447,16.9,0.894,2.9,2.1
203915,Spencer Dinwiddie,BKN,79,34.5,-0.7673116919399817,-0.04160891028742207,-0.9033901644882341,1.1671830672695362,-0.5028806986597463,-0.5737984357510478,0.5253220507677374,-0.7842598938900596,0.12649066734326594,0.2196306257559885,17.3,3.4,6.5,0.8,0.3,2.3,0.438,13.3,0.812,4.2,1.8
1629023,P.J. Washington,CHA,73,32.6,-0.7689655549706604,-0.2976637428254062,-0.2834975539061884,-0.6992173133096753,-0.19117778626734183,1.0656256663948036,0.21630907972789165,-0.6753168698068056,-0.48701715187434946,0.5829901168964111,15.7,4.9,2.4,0.9,1.1,2.0,0.444,13.4,0.73,2.4,1.5
203507,Giannis Antetokounmpo,MIL,63,32.1,-0.799266991384334,2.166864020352689,2.568008454771221,0.8030073832540804,-0.5028806986597463,0.45084162809010925,-1.1227471281114407,2.126604480407581,-4.965079319261859,-2.323885812226969,31.1,11.8,5.7,0.8,0.8,0.7,0.553,20.3,0.645,12.3,3.9
1626174,Christian Wood,DAL,67,25.9,-0.8056754377611229,-0.1536328995227899,0.7083306230250841,-0.9723490763212673,-1.7496923482293643,1.0656256663948036,-0.1957082149919028,0.5943813196756871,-0.3222611335473619,0.2196306257559885,16.6,7.3,1.8,0.4,1.1,1.6,0.515,11.5,0.772,4.2,1.8
201144,Mike Conley,MIN,67,30.3,-0.8527272890312614,-0.9057939701031179,-1.1926733827598552,1.2582269882734003,0.4322280385174674,-0.7787264485192792,0.21630907972789165,-0.6557433176455061,0.19045560658132626,0.5829901168964111,11.9,2.7,6.7,1.1,0.2,2.0,0.428,9.1,0.834,2.5,1.5
1630200,Tre Jones,SAS,68,29.2,-0.887280792619665,-0.745759699766878,-0.8207378164106279,1.212705027771468,1.0556338633022762,-0.9836544612875107,-1.1227471281114407,-0.3086706798924697,0.36407981525924776,0.46187028651627016,12.9,3.6,6.6,1.3,0.1,0.7,0.459,10.9,0.86,2.5,1.6
1630193,Immanuel Quickley,NYK,81,28.9,-1.0176627139802774,-0.42569115909439803,-0.5727807721778098,-0.24399770829035547,0.12052512612506261,-0.7787264485192792,0.31931340340784037,-0.5134370650977318,0.13078230162956045,0.9463496080368337,14.9,4.2,3.4,1.0,0.2,2.1,0.448,11.6,0.819,3.1,1.2
1630529,Herbert Jones,NOP,66,29.6,-1.0372432011857726,-1.2418659378092216,-0.614106946216613,-0.6536953528077433,1.99074260047949,0.04098560255364631,-1.019742804431492,-0.09573814916877253,-0.26905199144175873,0.8252297776566927,9.8,4.1,2.5,1.6,0.6,0.8,0.469,7.6,0.764,2.4,1.3
1630532,Franz Wagner,ORL,80,32.6,-1.0918817715627358,0.16643564114968998,-0.614106946216613,-0.19847574778842345,0.12052512612506261,-0.7787264485192792,-0.1957082149919028,0.11463458699199312,0.43726909707117106,-0.1437288653844341,18.6,4.1,3.5,1.0,0.2,1.6,0.485,14.0,0.842,4.0,2.1
203935,Marcus Smart,BOS,61,32.1,-1.1049706503634202,-0.9698076782376139,-1.0273686866046432,1.0761391462656722,1.679039688087085,-0.36887042298281636,0.11330475604794292,-0.9007448630278575,-0.3206940637664738,-0.3859685261447155,11.5,3.1,6.3,1.5,0.4,1.9,0.415,9.9,0.746,1.9,2.3
202711,Bojan Bogdanovic,DET,59,32.1,-1.1293199024906235,0.6465384521584099,-0.738085468333022,-0.6081733923058112,-1.1262865234445556,-0.9836544612875107,0.7313306981276348,0.18373186036187011,1.1512474583770766,-0.3859685261447155,21.6,3.8,2.6,0.6,0.1,2.5,0.488,14.9,0.884,5.1,2.3
1627763,Malcolm Brogdon,BOS,67,26.0,-1.1419298268343212,-0.42569115909439803,-0.5727807721778098,-0.10743182678455938,-0.814583611052151,-0.5737984357510478,0.21630907972789165,0.08145461003980803,0.47160217136153393,0.5829901168964111,14.9,4.2,3.7,0.7,0.3,2.0,0.484,10.9,0.87,2.7,1.5
203110,Draymond Green,GSW,73,31.5,-1.1670727433189412,-1.4499104892463337,0.6670044489862813,1.303748948775332,0.12052512612506261,0.45084162809010925,-1.328755775471338,0.46295562567281334,-0.4019145782054482,-0.9915676780454198,8.5,7.2,6.8,1.0,0.8,0.5,0.527,6.5,0.713,1.5,2.8
1630581,Josh Giddey,OKC,76,31.1,-1.185135349731509,-0.1536328995227899,0.9562876672579026,1.0306171857637403,-0.5028806986597463,-0.36887042298281636,-0.8137341570715947,0.05546725494677764,-0.3968216014175625,-0.9915676780454198,16.6,7.9,6.2,0.8,0.4,1.0,0.482,14.7,0.731,1.9,2.8
1628381,John Collins,ATL,71,30.0,-1.1886866422188662,-0.71375284569963,0.37772123071465996,-1.2454808393328591,-1.1262865234445556,0.8606976536265719,-0.8137341570715947,0.42123727356776136,-0.016557872996194767,1.0674694384169743,13.1,6.5,1.2,0.6,1.0,1.0,0.508,10.0,0.803,2.5,1.1
203482,Kelly Olynyk,UTA,68,28.6,-1.342588145170874,-0.809773407901374,0.25374270859825093,-0.10743182678455938,-0.19117778626734183,-0.16394241021458503,-0.40171686235180026,0.2461060938729513,0.45981353278258136,-0.6282081869049974,12.5,6.2,3.7,0.9,0.5,1.4,0.499,8.2,0.853,3.4,2.5
1630183,Jaden McDaniels,MIN,79,30.6,-1.3777329445400506,-0.87378711603587,-0.6967592942942189,-0.9268271158193353,-0.19117778626734183,0.8606976536265719,-0.40171686235180026,0.5037519936064286,-0.35602436428103756,0.7041099472765521,12.1,3.9,1.9,0.9,1.0,1.4,0.517,9.1,0.736,1.8,1.4
1628976,Wendell Carter Jr.,ORL,57,29.6,-1.4053693120510033,-0.3776808779935262,1.2868970595683265,-0.7447392738116073,-1.4379894358369598,0.04098560255364631,-0.40171686235180026,0.7149665414019842,-0.5846028609569146,0.0985107953758478,15.2,8.7,2.3,0.5,0.6,1.4,0.525,10.8,0.738,3.4,1.9
1631099,Keegan Murray,SAC,80,29.8,-1.4257327492515917,-0.857783689002246,-0.4074760760225978,-1.2454808393328591,-0.5028806986597463,-0.16394241021458503,0.8343350218075836,-0.35814286161320297,-0.15519012577133506,1.430828929557397,12.2,4.6,1.2,0.8,0.5,2.6,0.453,9.8,0.765,1.0,0.8
203932,Aaron Gordon,DEN,68,30.2,-1.4684539622751571,-0.20164318062366202,0.41904740475346286,-0.42608555029808337,-0.5028806986597463,0.45084162809010925,-0.9167384807515433,1.3654865037527657,-2.3605915358150122,0.7041099472765521,16.3,6.6,3.0,0.8,0.8,0.9,0.564,11.2,0.608,4.6,1.4
1627826,Ivica Zubac,LAC,76,28.5,-1.525621126809902,-1.0818316674729818,1.7828111480339632,-1.3365247603367232,-1.7496923482293643,1.4754816919312663,-1.843777393871081,1.5243655649473522,-0.8794434787087451,0.5829901168964111,10.8,9.9,1.0,0.4,1.3,0.0,0.634,6.8,0.697,3.1,1.5
1628978,Donte DiVincenzo,GSW,72,26.3,-1.5753711225447384,-1.3058796459437176,-0.4488022500614007,-0.19847574778842345,1.0556338633022762,-0.9836544612875107,0.31931340340784037,-0.45908581186107494,-0.016290758828998143,0.46187028651627016,9.4,4.5,3.5,1.3,0.1,2.1,0.435,7.5,0.817,1.0,1.6
202685,Jonas Valančiūnas,NOP,79,24.9,-1.6153237490841699,-0.5537185753633901,1.906789670150372,-0.9723490763212673,-2.061395260621769,0.24591361532187767,-1.328755775471338,1.0079112636990222,0.16288942452661617,-0.02260903500429316,14.1,10.2,1.8,0.3,0.7,0.5,0.547,10.3,0.826,2.8,2.0
1628971,Bruce Brown,DEN,80,28.5,-1.6808705054240007,-0.9698076782376139,-0.614106946216613,-0.24399770829035547,0.4322280385174674,0.04098560255364631,-0.710729833391646,0.06135993639030551,-0.25979203364560294,0.5829901168964111,11.5,4.1,3.4,1.1,0.6,1.1,0.483,9.3,0.758,1.9,1.5
1627936,Alex Caruso,CHI,67,23.5,-1.6845198977137348,-1.9140098732214297,-1.1100210346822492,-0.4716075108000154,1.679039688087085,0.24591361532187767,-1.019742804431492,-0.12504121131311652,-0.03652020509136901,1.0674694384169743,5.6,2.9,2.9,1.5,0.7,0.8,0.455,4.3,0.808,1.1,1.1
200768,Kyle Lowry,MIA,55,31.2,-1.7165049290386043,-1.017817959338486,-0.614106946216613,0.5298756202424881,0.12052512612506261,-0.36887042298281636,0.11330475604794292,-0.9353278593713581,0.3574019610793277,0.0985107953758478,11.2,4.1,5.1,1.0,0.4,1.9,0.404,8.8,0.859,2.5,1.9
203992,Bogdan Bogdanović,ATL,54,27.9,-1.7617114967726246,-0.569722002397014,-1.0273686866046432,-0.5171294713019474,-0.5028806986597463,-0.5737984357510478,0.9373393454875323,-0.5154241986846163,0.06092304310202403,0.9463496080368337,14.0,3.1,2.8,0.8,0.3,2.7,0.447,11.3,0.831,1.4,1.2
1626171,Bobby Portis,MIL,70,26.0,-1.9081883008023837,-0.5537185753633901,1.6588326259175539,-1.1089149578270632,-1.7496923482293643,-0.7787264485192792,-0.40171686235180026,0.281565261509805,-0.2021666039756794,0.9463496080368337,14.1,9.6,1.5,0.4,0.2,1.4,0.496,11.5,0.768,1.8,1.2
1630180,Saddiq Bey,ATL,77,27.6,-1.9281709338290371,-0.6017288564642619,-0.36614990198379455,-1.1089149578270632,-0.19117778626734183,-0.7787264485192792,0.21630907972789165,-0.8860561089922421,0.47856494731979704,1.3097090991772562,13.8,4.7,1.5,0.9,0.2,2.0,0.422,10.9,0.861,3.1,0.9
1626172,Kevon Looney,GSW,82,23.9,-1.9373299574633933,-1.6899618947506936,1.5348541038011452,-0.6536953528077433,-1.1262865234445556,0.04098560255364631,-1.843777393871081,1.0375808288680366,-1.0312177485099674,1.7941884206978196,7.0,9.3,2.5,0.6,0.6,0.0,0.63,4.7,0.606,1.9,0.5
1630175,Cole Anthony,ORL,60,25.9,-1.971050530876455,-0.7297562727332539,-0.32482372794499165,-0.01638790578069553,-1.1262865234445556,-0.16394241021458503,-0.5047211860317488,-0.35959742049236326,0.6714747988693276,0.5829901168964111,13.0,4.8,3.9,0.6,0.5,1.3,0.454,10.2,0.894,2.8,1.5
203994,Jusuf Nurkić,POR,52,26.8,-1.9867593759178894,-0.6817459916323819,1.4522017557235387,-0.4716075108000154,-0.5028806986597463,0.45084162809010925,-1.019742804431492,0.5624153839927223,-1.3902726120559088,-0.3859685261447155,13.3,9.1,2.9,0.8,0.8,0.8,0.519,9.7,0.661,3.7,2.3
1629020,Jarred Vanderbilt,LAL,78,24.1,-2.062261351137793,-1.5459310514480777,0.7909829711026903,-0.6992173133096753,0.4322280385174674,-0.5737984357510478,-1.4317600991512867,0.5912717705757501,-0.5723868397104475,0.9463496080368337,7.9,7.5,2.4,1.1,0.3,0.4,0.548,5.8,0.691,1.8,1.2
1630172,Patrick Williams,CHI,82,28.3,-2.0955061042022987,-1.177852229674726,-0.6554331202554159,-1.2454808393328591,-0.19117778626734183,0.6557696408583406,-0.40171686235180026,-0.1672176921990061,0.14125317698367576,0.9463496080368337,10.2,4.0,1.2,0.9,0.9,1.4,0.464,8.3,0.857,1.3,1.2
1628398,Kyle Kuzma,WAS,64,35.0,-2.1656465554651625,0.5825247440239135,0.6670044489862813,-0.10743182678455938,-1.1262865234445556,-0.16394241021458503,0.7313306981276348,-0.8067082041511169,-0.7083301432024736,-1.2338073388057016,21.2,7.2,3.7,0.6,0.5,2.5,0.448,17.8,0.73,3.7,3.0
203084,Harrison Barnes,SAC,82,32.5,-2.169502140637336,-0.4096877320607741,-0.4488022500614007,-1.063392997325131,-0.814583611052151,-0.9836544612875107,-0.1957082149919028,-0.0752368862262764,0.6329747435706945,1.1885892687971154,15.0,4.5,1.6,0.7,0.1,1.6,0.473,9.6,0.847,5.0,1.0
1631109,Mark Williams,CHA,43,19.3,-2.2211295780274316,-1.3698933540782139,0.625678274947478,-1.609656523348315,-0.814583611052151,0.8606976536265719,-1.843777393871081,1.3302907601648948,-0.7095944835938716,1.3097090991772562,9.0,7.1,0.4,0.7,1.0,0.0,0.637,5.8,0.691,2.3,0.9
1629673,Jordan Poole,GSW,82,30.0,-2.222827793333579,0.45449732775492147,-1.1926733827598552,0.25674385723089643,-0.5028806986597463,-0.5737984357510478,0.8343350218075836,-1.1046522567690484,0.9605279429985598,-1.3549271691858427,20.4,2.7,4.5,0.8,0.3,2.6,0.43,15.6,0.87,5.1,3.1
1626220,Royce O'Neale,BKN,76,31.7,-2.2277794077033732,-1.4019002081454617,-0.20084520582858265,-0.10743182678455938,-0.19117778626734183,0.04098560255364631,0.31931340340784037,-1.0260373579772635,-0.24367614555806244,0.5829901168964111,8.8,5.1,3.7,0.9,0.6,2.1,0.386,7.8,0.725,0.9,1.5
1627732,Ben Simmons,BKN,42,26.3,-2.2475175274577324,-1.7059653217843176,0.29506888263705383,0.985095225261808,1.0556338633022762,0.04098560255364631,-1.843777393871081,0.7164096470616229,-1.4049995064740253,-0.3859685261447155,6.9,6.3,6.1,1.3,0.6,0.0,0.566,5.6,0.439,1.4,2.3
1626145,Tyus Jones,MEM,80,24.2,-2.2661691251001246,-1.1618488026411018,-1.2753257308374613,0.5753975807444204,0.12052512612506261,-0.9836544612875107,-0.29871253867185155,-0.5131392813901873,-0.03912011631875124,1.3097090991772562,10.3,2.5,5.2,1.0,0.1,1.5,0.438,8.9,0.806,1.2,0.9
1628420,Monte Morris,WAS,62,27.4,-2.289841517000034,-1.1618488026411018,-0.9033901644882341,0.6209195412463522,-0.814583611052151,-0.7787264485192792,-0.5047211860317488,0.0229057518487239,0.0410141338402891,1.1885892687971154,10.3,3.4,5.3,0.7,0.2,1.3,0.48,8.3,0.831,1.2,1.0
1631105,Jalen Duren,DET,67,24.9,-2.3293762322731046,-1.3538899270445899,1.369549407645933,-1.291002799834791,-0.814583611052151,0.6557696408583406,-1.843777393871081,1.44553305498467,-1.2010845512359871,0.7041099472765521,9.1,8.9,1.1,0.7,0.9,0.0,0.648,5.9,0.611,2.3,1.4
1628960,Grayson Allen,MIL,72,27.4,-2.360919790461227,-1.1458453756074778,-0.9447163385270372,-0.7447392738116073,-0.19117778626734183,-0.7787264485192792,0.21630907972789165,-0.4171498485851252,0.45653693233163456,1.1885892687971154,10.4,3.3,2.3,0.9,0.2,2.0,0.44,7.7,0.905,1.8,1.0
1626204,Larry Nance Jr.,NOP,65,21.2,-2.374782166280211,-1.7219687488179416,-0.07686668371217326,-0.9723490763212673,-0.19117778626734183,0.04098560255364631,-1.6377687465111839,0.903005499496902,-0.3917108170185303,1.6730685903176785,6.8,5.4,1.8,0.9,0.6,0.2,0.61,4.7,0.696,1.2,0.6
203486,Mason Plumlee,LAC,79,26.0,-2.42988833854303,-1.0818316674729818,1.369549407645933,-0.38056358979615135,-1.1262865234445556,0.04098560255364631,-1.843777393871081,1.7727973495762273,-1.7637516406304776,0.5829901168964111,10.8,8.9,3.1,0.6,0.6,0.0,0.68,6.1,0.636,4.0,1.5
1631106,Tari Eason,HOU,82,21.6,-2.455522560291218,-1.3218830729773416,0.1710903605206448,-1.291002799834791,0.7439309509098715,0.04098560255364631,-1.1227471281114407,-0.3431505972602826,-0.27909548412835844,0.9463496080368337,9.3,6.0,1.1,1.2,0.6,0.7,0.448,8.0,0.752,1.8,1.2
1628380,Zach Collins,SAS,63,22.9,-2.4877353097086563,-0.9538042512039899,0.33639505667585706,-0.4716075108000154,-1.1262865234445556,0.45084162809010925,-0.9167384807515433,0.4956144811367953,-0.2795406744070198,-0.02260903500429316,11.6,6.4,2.9,0.6,0.8,0.9,0.518,8.7,0.761,2.3,2.0
1629656,Quentin Grimes,NYK,71,29.9,-2.589570757411547,-1.0018145323048617,-0.9860425125658401,-0.8357831948154711,-0.814583611052151,-0.36887042298281636,0.4223177270877891,-0.12342058075090234,-0.06996289882440869,1.1885892687971154,11.3,3.2,2.1,0.7,0.4,2.2,0.468,8.5,0.796,1.4,1.0
203114,Khris Middleton,MIL,33,24.3,-2.624297841041535,-0.3936843050271501,-0.5727807721778098,0.43883169923862453,-0.814583611052151,-0.7787264485192792,-0.29871253867185155,-0.7578602228942753,0.8180670538269327,-0.2648486957645751,15.1,4.2,4.9,0.7,0.2,1.5,0.436,12.3,0.902,3.1,2.2
1628997,Caleb Martin,MIA,71,29.3,-2.633558904140415,-1.2738727918764698,-0.32482372794499165,-1.063392997325131,0.12052512612506261,-0.36887042298281636,-0.6077255097116975,-0.152580477651235,-0.030287541190110335,1.0674694384169743,9.6,4.8,1.6,1.0,0.4,1.2,0.464,7.7,0.805,1.6,1.1
1626181,Norman Powell,LAC,60,26.1,-2.6478043772854587,-0.08961919138829416,-1.1100210346822492,-0.9723490763212673,-0.5028806986597463,-0.5737984357510478,0.11330475604794292,0.0008010381732947746,0.14600780915977893,0.3407504561361294,17.0,2.9,1.8,0.8,0.3,1.9,0.479,11.8,0.812,4.6,1.7
1629655,Daniel Gafford,WAS,78,20.6,-2.651963986613339,-1.3698933540782139,0.005785664365432521,-1.291002799834791,-1.7496923482293643,1.4754816919312663,-1.843777393871081,1.867630007209673,-0.8139648925232348,1.0674694384169743,9.0,5.6,1.1,0.4,1.3,0.0,0.732,5.1,0.679,2.4,1.1
1630559,Austin Reaves,LAL,64,28.8,-2.7209074274096317,-0.7297562727332539,-1.068694860643446,-0.24399770829035547,-1.4379894358369598,-0.5737984357510478,-0.5047211860317488,0.5639615686280504,0.6910987863527189,0.5829901168964111,13.0,3.0,3.4,0.5,0.3,1.3,0.529,7.7,0.864,4.1,1.5
203501,Tim Hardaway Jr.,DAL,71,30.3,-2.808849030159589,-0.505708294262518,-0.862063990449431,-0.9723490763212673,-0.814583611052151,-0.7787264485192792,1.246352316527378,-1.328350813842436,-0.22424804179728175,1.430828929557397,14.4,3.5,1.8,0.7,0.2,3.0,0.401,11.9,0.77,2.3,0.8
1629640,Keldon Johnson,SAS,63,32.8,-2.821351773503274,0.7105521602929056,-0.24217137986738552,-0.4716075108000154,-0.814583611052151,-0.7787264485192792,0.31931340340784037,-0.7006170317285787,-0.699782489852176,-0.1437288653844341,22.0,5.0,2.9,0.7,0.2,2.1,0.452,17.7,0.749,5.2,2.1
1631095,Jabari Smith Jr.,HOU,79,31.0,-2.828920618631569,-0.7617631268005018,0.6670044489862813,-1.1999588788309272,-1.4379894358369598,0.6557696408583406,-0.29871253867185155,-1.146353429044819,-0.13214707694782438,0.8252297776566927,12.8,7.2,1.3,0.5,0.9,1.5,0.408,11.3,0.786,2.6,1.3
1628372,Dennis Smith Jr.,CHA,54,25.7,-2.863204933375596,-1.4019002081454617,-1.0273686866046432,0.3933097387366923,1.3673367756946804,-0.16394241021458503,-1.4317600991512867,-0.7950030138007086,-0.38686714678669504,0.5829901168964111,8.8,3.1,4.8,1.4,0.5,0.4,0.412,8.4,0.736,2.0,1.5
1630165,Killian Hayes,DET,76,28.3,-2.8671660926270945,-1.1618488026411018,-1.1100210346822492,1.0306171857637403,1.3673367756946804,-0.36887042298281636,-0.710729833391646,-1.5584918068963578,0.030810372653371144,-0.3859685261447155,10.3,2.9,6.2,1.4,0.4,1.1,0.377,10.7,0.821,1.5,2.3
1626196,Josh Richardson,NOP,65,23.5,-2.9265776750351473,-1.1938556567083498,-1.1926733827598552,-0.5626514318038792,0.4322280385174674,-0.5737984357510478,-0.1957082149919028,-0.573675273168156,0.10832690397388327,0.8252297776566927,10.1,2.7,2.7,1.1,0.3,1.6,0.431,8.5,0.852,1.2,1.3
1627747,Caris LeVert,CLE,74,30.2,-2.9318055818708397,-0.87378711603587,-0.738085468333022,-0.01638790578069553,0.12052512612506261,-0.5737984357510478,-0.0927038913119543,-0.681135105323447,-0.5383030719761355,0.46187028651627016,12.1,3.8,3.9,1.0,0.3,1.7,0.431,10.0,0.722,2.4,1.6
1628449,Chris Boucher,TOR,76,20.0,-2.96187486571076,-1.3058796459437176,-0.035540509673370364,-1.609656523348315,-1.1262865234445556,0.45084162809010925,-1.019742804431492,0.15512171799854338,-0.2649206256557815,1.7941884206978196,9.4,5.5,0.4,0.6,0.8,0.8,0.493,7.0,0.762,2.2,0.5
1629634,Brandon Clarke,MEM,56,19.5,-2.970165506117196,-1.2098590837419738,-0.035540509673370364,-1.1999588788309272,-1.1262865234445556,0.24591361532187767,-1.843777393871081,1.5882516234351984,-0.5774976241094797,1.1885892687971154,10.0,5.5,1.3,0.6,0.7,0.0,0.656,6.2,0.719,2.5,1.0
202330,Gordon Hayward,CHA,50,31.5,-3.0283402967333455,-0.45769801316164616,-0.5314545981390069,0.07465601522316832,-0.5028806986597463,-0.7787264485192792,-0.8137341570715947,-0.06504352085263314,0.06915015945168583,-0.02260903500429316,14.7,4.3,4.1,0.8,0.2,1.0,0.475,11.6,0.811,3.2,2.0
1629234,Drew Eubanks,POR,78,20.3,-3.0372755724403326,-1.7539756028851896,-0.07686668371217326,-1.1999588788309272,-1.4379894358369598,1.4754816919312663,-1.7407730701911324,1.0199944102936214,-0.6328971023860959,1.3097090991772562,6.6,5.4,1.3,0.5,1.3,0.1,0.641,4.3,0.664,1.6,0.9
1628470,Torrey Craig,PHX,79,24.7,-3.083803864712724,-1.6259481866161976,-0.07686668371217326,-1.1089149578270632,-1.1262865234445556,0.45084162809010925,-0.5047211860317488,-0.19058226002173925,-0.21103479432661312,1.3097090991772562,7.4,5.4,1.5,0.6,0.8,1.3,0.456,6.3,0.711,0.6,0.9
204456,T.J. McConnell,IND,75,20.4,-3.1006639021891256,-1.417903635179086,-1.0273686866046432,0.6209195412463522,0.4322280385174674,-0.9836544612875107,-1.5347644228312352,0.6473295535210283,0.06403937505265359,0.0985107953758478,8.7,3.1,5.3,1.1,0.1,0.3,0.543,6.9,0.853,0.9,1.9
1628963,Marvin Bagley III,DET,42,23.6,-3.1108818621784056,-0.8897905430694939,0.33639505667585706,-1.382046720838655,-1.4379894358369598,0.24591361532187767,-1.328755775471338,0.6600884400673637,-0.3821659374440313,1.0674694384169743,12.0,6.4,0.9,0.5,0.7,0.5,0.529,9.1,0.75,2.6,1.1
1629667,Jalen McDaniels,PHI,80,23.9,-3.132055263633731,-1.3058796459437176,-0.5314545981390069,-1.063392997325131,0.12052512612506261,-0.36887042298281636,-0.8137341570715947,-0.25179399175144385,0.13619581541808282,0.9463496080368337,9.4,4.3,1.6,1.0,0.4,1.0,0.455,7.7,0.841,1.7,1.2
203500,Steven Adams,MEM,42,27.0,-3.161143545883128,-1.43390706221271,2.4440299326548116,-0.7447392738116073,-0.19117778626734183,1.0656256663948036,-1.843777393871081,1.0811546025354815,-3.6368630266813327,0.0985107953758478,8.6,11.5,2.3,0.9,1.1,0.0,0.597,6.3,0.364,3.1,1.9
1629652,Luguentz Dort,OKC,74,30.7,-3.1757463404941664,-0.6177322834978861,-0.4074760760225978,-0.8357831948154711,0.12052512612506261,-0.5737984357510478,0.010300432367994416,-1.536507352025899,-0.28162416491115505,0.9463496080368337,13.7,4.6,2.1,1.0,0.3,1.8,0.388,11.8,0.772,3.5,1.2
1629675,Naz Reid,MIN,68,18.4,-3.1810099750310443,-0.9698076782376139,-0.2834975539061884,-1.291002799834791,-1.1262865234445556,0.45084162809010925,-0.710729833391646,0.71624357537857,-0.670880736961481,0.7041099472765521,11.5,4.9,1.1,0.6,0.8,1.1,0.537,8.5,0.677,1.9,1.4
1628370,Malik Monk,SAC,77,22.3,-3.2317089982725715,-0.649739137565134,-1.2339995567986584,-0.01638790578069553,-1.1262865234445556,-0.5737984357510478,0.11330475604794292,-0.4519447294897641,0.6086317391334936,0.0985107953758478,13.5,2.6,3.9,0.6,0.3,1.9,0.448,10.3,0.889,2.7,1.9
203914,Gary Harris,ORL,48,24.7,-3.24222323580852,-1.4819173433135817,-1.4819566010314764,-1.2454808393328591,-0.19117778626734183,-0.5737984357510478,0.21630907972789165,-0.2491425714323445,0.09187267127456049,1.6730685903176785,8.3,2.0,1.2,0.9,0.3,2.0,0.45,6.4,0.9,0.6,0.6
203506,Victor Oladipo,MIA,42,26.3,-3.2432895208176644,-1.097835094506606,-1.068694860643446,-0.19847574778842345,1.3673367756946804,-0.5737984357510478,-0.0927038913119543,-1.1197705065366987,-0.3156188945897346,-0.1437288653844341,10.7,3.0,3.5,1.4,0.3,1.7,0.397,9.6,0.747,1.9,2.1
1630174,Aaron Nesmith,IND,73,24.9,-3.251025415434464,-1.1938556567083498,-0.738085468333022,-1.1999588788309272,-0.5028806986597463,-0.16394241021458503,-0.1957082149919028,-0.5914048569865828,0.14622150049353602,1.1885892687971154,10.1,3.8,1.3,0.8,0.5,1.6,0.427,8.1,0.838,1.9,1.0
1630214,Xavier Tillman,MEM,61,19.3,-3.2917435528774295,-1.6899618947506936,-0.24217137986738552,-1.063392997325131,0.12052512612506261,-0.16394241021458503,-1.7407730701911324,0.9870263179025737,-1.051002004493677,1.551948759937538,7.0,5.0,1.6,1.0,0.5,0.1,0.614,5.0,0.551,1.5,0.7
1630224,Jalen Green,HOU,76,34.2,-3.2958272278819276,0.7265555873265298,-0.7794116423718249,-0.10743182678455938,-0.5028806986597463,-0.7787264485192792,0.7313306981276348,-1.631488901513118,-0.20444597820242577,-0.7493280172851383,22.1,3.7,3.7,0.8,0.2,2.5,0.416,17.9,0.786,6.1,2.6
1630197,Aleksej Pokusevski,OKC,34,20.6,-3.318025714596517,-1.5139241973808297,-0.36614990198379455,-0.9268271158193353,-1.1262865234445556,1.4754816919312663,-0.710729833391646,-0.45635421900532896,-0.5184653931589859,0.8252297776566927,8.1,4.7,1.9,0.6,1.3,1.1,0.434,7.3,0.629,1.0,1.3
203903,Jordan Clarkson,UTA,61,32.6,-3.3463386416286047,0.5185110358894177,-0.6554331202554159,0.2112218967289646,-1.4379894358369598,-0.7787264485192792,0.7313306981276348,-0.8609162921437618,0.15947036318649666,-1.2338073388057016,20.8,4.0,4.4,0.5,0.2,2.5,0.444,16.9,0.816,4.0,3.0
201976,Patrick Beverley,CHI,67,27.1,-3.3758453729567055,-1.8179893110196859,-0.7794116423718249,-0.4716075108000154,-0.19117778626734183,0.04098560255364631,-0.6077255097116975,-0.5912502385230498,-0.26737807599399205,1.3097090991772562,6.2,3.7,2.9,0.9,0.6,1.2,0.4,5.4,0.723,1.0,0.9
1630166,Deni Avdija,WAS,76,26.6,-3.3775337349854313,-1.3378865000109659,0.33639505667585706,-0.5171294713019474,-0.19117778626734183,-0.36887042298281636,-0.9167384807515433,-0.44391602260557983,-0.4000803942573635,0.46187028651627016,9.2,6.4,2.8,0.9,0.4,0.9,0.437,7.6,0.739,2.2,1.6
1629026,Kenrich Williams,OKC,53,22.8,-3.3925099530307965,-1.5299276244144537,-0.2834975539061884,-0.8813051553174033,-0.5028806986597463,-0.5737984357510478,-0.9167384807515433,0.36989821706511383,-0.7473288116132059,1.6730685903176785,8.0,4.9,2.0,0.8,0.3,0.9,0.517,6.5,0.436,0.7,0.6
1630191,Isaiah Stewart,DET,50,28.3,-3.4033388996399534,-1.0018145323048617,1.0389400153355084,-1.154436918328995,-1.7496923482293643,0.24591361532187767,-0.5047211860317488,-0.4565832833957479,-0.5250542092831741,0.7041099472765521,11.3,8.1,1.4,0.4,0.7,1.3,0.442,8.8,0.738,3.0,1.4
202692,Alec Burks,DET,51,22.0,-3.415139081794599,-0.7617631268005018,-1.0273686866046432,-0.7902612343135391,-0.814583611052151,-0.7787264485192792,0.11330475604794292,-0.5450708574145893,0.12186068844518701,1.0674694384169743,12.8,3.1,2.2,0.7,0.2,1.9,0.436,9.0,0.814,3.7,1.1
1629723,John Konchar,MEM,72,20.7,-3.4264473406514337,-1.9940270083895497,-0.5314545981390069,-1.154436918328995,0.4322280385174674,-0.5737984357510478,-1.019742804431492,-0.27995173194369366,-0.09945230288293559,1.7941884206978196,5.1,4.3,1.4,1.1,0.3,0.8,0.431,4.4,0.778,0.5,0.5
1630231,KJ Martin,HOU,82,28.0,-3.43661726884628,-0.7777665538341261,-0.035540509673370364,-1.1089149578270632,-1.4379894358369598,-0.36887042298281636,-1.019742804431492,1.1434314836806336,-0.8986935063580604,1.0674694384169743,12.7,5.5,1.5,0.5,0.4,0.8,0.569,8.8,0.68,2.7,1.1
1627827,Dorian Finney-Smith,BKN,66,30.4,-3.462218746142412,-1.4819173433135817,-0.32482372794499165,-1.1089149578270632,-0.5028806986597463,-0.16394241021458503,-0.0927038913119543,-0.9444217156709906,-0.15232310037675603,1.3097090991772562,8.3,4.8,1.5,0.8,0.5,1.7,0.391,7.6,0.763,0.9,0.9
1630591,Jalen Suggs,ORL,53,23.5,-3.467494744519459,-1.2258625107755978,-1.068694860643446,-0.4716075108000154,1.0556338633022762,-0.16394241021458503,-0.6077255097116975,-0.7108218503217434,-0.494104581110638,0.2196306257559885,9.9,3.0,2.9,1.3,0.5,1.2,0.419,8.4,0.723,2.2,1.8
203109,Jae Crowder,MIL,18,18.9,-3.5157024640476324,-1.7059653217843176,-0.738085468333022,-1.1089149578270632,-0.814583611052151,-0.5737984357510478,-0.5047211860317488,0.020076806627050015,-0.005018540973292979,1.9153082510779604,6.9,3.8,1.5,0.7,0.3,1.3,0.479,5.2,0.833,0.7,0.4
1630583,Santi Aldama,MEM,77,21.8,-3.5294800852316044,-1.3698933540782139,-0.32482372794499165,-1.1999588788309272,-1.1262865234445556,0.04098560255364631,-0.6077255097116975,-0.07221323627274606,-0.3003933870595169,1.430828929557397,9.0,4.8,1.3,0.6,0.6,1.2,0.47,6.8,0.75,1.9,0.8
201587,Nicolas Batum,LAC,78,21.9,-3.5404894287381894,-1.8339927380533096,-0.738085468333022,-1.063392997325131,-0.814583611052151,0.04098560255364631,-0.1957082149919028,-0.39293774251784197,-0.2158428493361556,1.6730685903176785,6.1,3.8,1.6,0.7,0.6,1.6,0.42,4.9,0.708,0.6,0.6
201566,Russell Westbrook,LAC,73,29.1,-3.547483705860735,-0.26565688875815807,0.08843801244303866,1.622402672288856,0.12052512612506261,-0.16394241021458503,-0.6077255097116975,-0.8416863365680909,-1.6604318807587546,-1.8394064907064058,15.9,5.8,7.5,1.0,0.5,1.2,0.436,13.6,0.656,4.3,3.5
1627736,Malik Beasley,LAL,81,25.8,-3.5493725276888246,-0.7777665538341261,-0.862063990449431,-1.1089149578270632,-0.5028806986597463,-0.9836544612875107,1.1433479928474293,-1.3936169852825562,-0.13129231161279445,1.0674694384169743,12.7,3.5,1.5,0.8,0.1,2.9,0.395,11.6,0.769,0.8,1.1
1629631,De'Andre Hunter,ATL,67,31.7,-3.565923538302692,-0.34567402392627805,-0.5727807721778098,-1.154436918328995,-1.4379894358369598,-0.5737984357510478,-0.29871253867185155,-0.31762709755785073,0.18874607591126652,0.9463496080368337,15.4,4.2,1.4,0.5,0.3,1.5,0.461,12.3,0.826,3.1,1.2
1629626,Bol Bol,ORL,70,21.5,-3.6009462146988045,-1.3538899270445899,0.08843801244303866,-1.3365247603367232,-1.7496923482293643,1.2705536791630347,-1.4317600991512867,0.6676647447804708,-0.21760580283965458,0.46187028651627016,9.1,5.8,1.0,0.4,1.2,0.4,0.546,6.8,0.759,1.5,1.6
1628379,Luke Kennard,MEM,59,22.3,-3.7398314720272205,-1.3218830729773416,-1.1926733827598552,-1.1089149578270632,-1.4379894358369598,-0.9836544612875107,0.5253220507677374,0.1372546955458651,0.2118781627905103,1.430828929557397,9.3,2.7,1.5,0.5,0.1,2.3,0.492,6.5,0.949,0.7,0.8
203496,Robert Covington,LAC,48,16.2,-3.7575834598970532,-1.8499961650869337,-0.862063990449431,-1.2454808393328591,-0.5028806986597463,0.24591361532187767,-0.710729833391646,-0.2124006432091445,-0.17189366502670841,1.551948759937538,6.0,3.5,1.2,0.8,0.7,1.1,0.445,4.8,0.75,0.8,0.7
1628975,Jevon Carter,MIL,81,22.4,-3.7724206778140843,-1.5299276244144537,-1.2753257308374613,-0.6992173133096753,-0.5028806986597463,-0.36887042298281636,0.010300432367994416,-0.5463879776594983,-0.0487006111155433,1.1885892687971154,8.0,2.5,2.4,0.8,0.4,1.8,0.423,7.0,0.816,0.5,1.0
1629622,Max Strus,MIA,80,28.4,-3.775639939512156,-0.9698076782376139,-0.9860425125658401,-0.8357831948154711,-1.4379894358369598,-0.7787264485192792,0.7313306981276348,-0.9716116588137209,0.16328119197183882,1.3097090991772562,11.5,3.2,2.1,0.5,0.2,2.5,0.41,9.9,0.876,1.1,0.9
1630198,Isaiah Joe,OKC,73,19.1,-3.7799531965241275,-1.2898762189100939,-1.3166519048762644,-1.2454808393328591,-0.814583611052151,-0.9836544612875107,0.4223177270877891,-0.36599977020457314,0.01978746135371646,1.7941884206978196,9.5,2.4,1.2,0.7,0.1,2.2,0.441,7.0,0.82,1.4,0.5
203471,Dennis Schröder,LAL,66,30.1,-3.7914898577888883,-0.79376998086775,-1.2753257308374613,0.25674385723089643,-0.5028806986597463,-0.7787264485192792,-0.710729833391646,-0.8912902303133152,0.5637387514332838,0.3407504561361294,12.6,2.5,4.5,0.8,0.2,1.1,0.415,9.8,0.857,3.8,1.7
1631094,Paolo Banchero,ORL,72,33.7,-3.7917815455866215,0.39048361962042566,0.5430259268698723,-0.10743182678455938,-0.5028806986597463,-0.16394241021458503,-0.6077255097116975,-1.171653590966592,-1.1800893776943198,-0.9915676780454198,20.0,6.9,3.7,0.8,0.5,1.2,0.427,15.6,0.738,7.4,2.8
1628418,Thomas Bryant,DEN,59,18.3,-3.818328312711706,-1.2418659378092216,0.04711183840423577,-1.564134562846383,-2.061395260621769,-0.16394241021458503,-1.4317600991512867,1.315659272226884,-0.39106974301725805,1.6730685903176785,9.8,5.7,0.5,0.3,0.5,0.4,0.623,6.3,0.738,2.1,0.6
1630543,Isaiah Jackson,IND,63,16.5,-3.8333107265109083,-1.6579550406834458,-0.4488022500614007,-1.4275686813405872,-1.4379894358369598,1.8853377174677288,-1.843777393871081,0.6219549456723681,-0.955339517414929,1.430828929557397,7.2,4.5,0.8,0.5,1.5,0.0,0.563,5.0,0.651,2.3,0.8
1630631,Jose Alvarado,NOP,61,21.5,-3.8553983241765244,-1.3698933540782139,-1.3579780789150675,-0.42608555029808337,0.4322280385174674,-0.7787264485192792,-0.40171686235180026,-0.7669197195353449,-0.011536126652895176,0.8252297776566927,9.0,2.3,3.0,1.1,0.2,1.4,0.411,8.0,0.813,1.3,1.3
1630557,Corey Kispert,WAS,74,28.3,-3.865630610971965,-1.03382138637211,-1.1513472087210523,-1.2454808393328591,-1.7496923482293643,-0.9836544612875107,0.4223177270877891,0.21577224197172154,0.10832690397388327,1.551948759937538,11.1,2.8,1.2,0.4,0.1,2.2,0.497,7.9,0.852,1.2,0.7
1628392,Isaiah Hartenstein,NYK,82,19.9,-3.8803809349344123,-2.0100304354231735,0.37772123071465996,-1.2454808393328591,-1.1262865234445556,0.45084162809010925,-1.7407730701911324,0.34427163838699365,-0.361473493291852,1.430828929557397,5.0,6.5,1.2,0.6,0.8,0.1,0.535,4.0,0.676,0.9,0.8
1629632,Coby White,CHI,74,23.4,-3.8804773904080276,-1.2578693648428458,-1.1100210346822492,-0.5171294713019474,-0.814583611052151,-0.9836544612875107,-0.0927038913119543,-0.40041669486502074,0.10731187013853555,1.1885892687971154,9.7,2.9,2.8,0.7,0.1,1.7,0.443,8.0,0.871,0.9,1.0
1630208,Nick Richards,CHA,65,18.7,-3.8826530453752106,-1.497920770347206,0.33639505667585706,-1.518612602344451,-2.3730981730141734,1.0656256663948036,-1.843777393871081,1.0520347919034723,-0.4130087199496888,1.3097090991772562,8.2,6.4,0.6,0.2,1.1,0.0,0.629,4.8,0.749,2.8,0.9
1628972,Troy Brown Jr.,LAL,76,24.5,-3.8826609778826087,-1.6739584677170698,-0.614106946216613,-1.1999588788309272,-0.5028806986597463,-0.7787264485192792,-0.40171686235180026,-0.4104726216044128,0.026091355699561346,1.6730685903176785,7.1,4.1,1.3,0.8,0.2,1.4,0.43,6.1,0.872,0.5,0.6
1628966,Keita Bates-Diop,SAS,67,21.7,-3.904655161114168,-1.2578693648428458,-0.7794116423718249,-1.1089149578270632,-0.814583611052151,-0.5737984357510478,-1.019742804431492,0.30158548923242173,-0.08274876362756235,1.430828929557397,9.7,3.7,1.5,0.7,0.3,0.8,0.508,6.9,0.793,2.2,0.8
1628415,Dillon Brooks,MEM,73,30.3,-3.9056763689645075,-0.521711721296142,-0.9447163385270372,-0.6081733923058112,-0.19117778626734183,-0.7787264485192792,0.21630907972789165,-1.6205052639925286,-0.16108444506081124,0.7041099472765521,14.3,3.3,2.6,0.9,0.2,2.0,0.396,13.6,0.779,2.1,1.4
1629680,Matisse Thybulle,POR,71,16.9,-3.915485647063361,-2.1540612787257896,-1.4819566010314764,-1.473090641842519,0.7439309509098715,-0.16394241021458503,-1.019742804431492,-0.202024026323166,-0.20102691686230617,2.036428081458101,4.1,2.0,0.7,1.2,0.5,0.8,0.435,3.6,0.679,0.4,0.3
1629629,Cam Reddish,POR,40,24.7,-3.9580110361954803,-1.2578693648428458,-1.3993042529538704,-1.154436918328995,0.12052512612506261,-0.36887042298281636,-0.710729833391646,-0.3560240160018277,0.22234903814462467,0.9463496080368337,9.7,2.2,1.4,1.0,0.4,1.1,0.446,7.8,0.853,1.9,1.2
202694,Marcus Morris Sr.,LAC,65,28.1,-3.992700955577635,-1.017817959338486,-0.6554331202554159,-0.9723490763212673,-1.1262865234445556,-0.5737984357510478,-0.0927038913119543,-0.7448379122989579,-0.11918313603320613,1.3097090991772562,11.2,4.0,1.8,0.6,0.3,1.7,0.426,9.9,0.782,1.3,0.9
1629614,Andrew Nembhard,IND,75,27.6,-4.006819316453295,-1.2898762189100939,-1.1926733827598552,0.25674385723089643,-0.19117778626734183,-0.7787264485192792,-0.6077255097116975,-0.45771715212832165,-0.08641713152373166,0.3407504561361294,9.5,2.7,4.5,0.9,0.2,1.2,0.441,8.6,0.79,0.8,1.7
1629021,Moritz Wagner,ORL,57,19.5,-4.014822966642363,-1.1298419485738538,-0.4488022500614007,-1.1089149578270632,-1.1262865234445556,-0.7787264485192792,-0.9167384807515433,0.22255827453788307,0.32557975996061506,0.9463496080368337,10.5,4.5,1.5,0.6,0.2,0.9,0.5,6.9,0.841,3.2,1.2
201569,Eric Gordon,LAC,69,28.5,-4.048234301604612,-0.8257768349349979,-1.5232827750702795,-0.5626514318038792,-1.1262865234445556,-0.36887042298281636,0.11330475604794292,-0.44130468855480376,0.10364350224236553,0.5829901168964111,12.4,1.9,2.7,0.6,0.4,1.9,0.446,9.5,0.821,2.5,1.5
1627780,Gary Payton II,GSW,22,16.7,-4.079000714952796,-2.0740441435576695,-1.0273686866046432,-1.154436918328995,0.12052512612506261,-0.7787264485192792,-1.2257514517913892,0.5365941005827458,-0.027741052796167478,1.551948759937538,4.6,3.1,1.4,1.0,0.2,0.6,0.594,3.1,0.857,0.3,0.7
203493,Reggie Bullock Jr.,DAL,78,30.3,-4.102120448835446,-1.6579550406834458,-0.8207378164106279,-1.154436918328995,-0.814583611052151,-0.7787264485192792,0.11330475604794292,-0.5835536750049733,-0.19962011558173648,1.7941884206978196,7.2,3.6,1.4,0.7,0.2,1.9,0.409,6.0,0.703,0.5,0.5
1630538,Bones Hyland,LAC,56,19.4,-4.109408335966917,-0.9217973971367418,-1.3166519048762644,-0.38056358979615135,-0.814583611052151,-0.5737984357510478,0.31931340340784037,-1.162754439398815,0.1584375217400032,0.5829901168964111,11.8,2.4,3.1,0.7,0.3,2.1,0.399,10.2,0.843,1.8,1.5
1630692,Jordan Goodwin,WAS,62,17.8,-4.12584083876916,-1.7539756028851896,-0.9447163385270372,-0.5626514318038792,-0.19117778626734183,-0.36887042298281636,-1.2257514517913892,-0.2343564650308011,-0.15405043865796203,1.3097090991772562,6.6,3.3,2.7,0.9,0.4,0.6,0.448,5.7,0.768,1.1,0.9
1626159,Justise Winslow,POR,29,26.8,-4.159729811883947,-1.7219687488179416,-0.24217137986738552,-0.24399770829035547,0.12052512612506261,-0.36887042298281636,-1.328755775471338,-0.66606266843388,-0.29141835104170427,0.5829901168964111,6.8,5.0,3.4,1.0,0.4,0.5,0.409,6.8,0.714,1.0,1.5
1630188,Jalen Smith,IND,68,18.8,-4.194712696016165,-1.3058796459437176,0.08843801244303866,-1.3365247603367232,-2.061395260621769,0.6557696408583406,-1.019742804431492,-0.018852686524651104,-0.26399462987616595,1.0674694384169743,9.4,5.8,1.0,0.3,0.9,0.8,0.476,7.5,0.759,2.0,1.1
1629684,Grant Williams,BOS,79,25.9,-4.22679392034631,-1.5139241973808297,-0.4074760760225978,-1.0178710368231991,-1.4379894358369598,-0.36887042298281636,-0.29871253867185155,-0.1970075161729909,-0.1735319652521822,1.1885892687971154,8.1,4.6,1.7,0.5,0.4,1.5,0.454,6.0,0.77,1.5,1.0
204060,Joe Ingles,MIL,46,22.7,-4.303030365413352,-1.7059653217843176,-1.1513472087210523,-0.28951966879228747,-0.814583611052151,-0.9836544612875107,0.010300432367994416,-0.32066792734066246,0.006057793159801172,0.9463496080368337,6.9,2.8,3.3,0.7,0.1,1.8,0.435,5.4,0.857,0.5,1.2
1630245,Ayo Dosunmu,CHI,80,26.2,-4.338014802300664,-1.43390706221271,-1.1513472087210523,-0.6081733923058112,-0.5028806986597463,-0.5737984357510478,-1.1227471281114407,0.15683397431692506,-0.04834445889261412,0.9463496080368337,8.6,2.8,2.6,0.8,0.3,0.7,0.493,7.1,0.805,1.0,1.2
1629646,Charles Bassey,SAS,35,14.5,-4.381853936042098,-1.8980064461878057,-0.035540509673370364,-1.154436918328995,-1.4379894358369598,0.6557696408583406,-1.7407730701911324,0.9451418941144685,-0.6623686988334766,0.9463496080368337,5.7,5.5,1.4,0.5,0.9,0.1,0.644,3.9,0.595,1.1,1.2
1629611,Terance Mann,LAC,81,23.1,-4.431917547693798,-1.4019002081454617,-0.9033901644882341,-0.7447392738116073,-1.4379894358369598,-0.5737984357510478,-0.8137341570715947,0.38850969878665376,-0.13346484017266183,1.1885892687971154,8.8,3.4,2.3,0.5,0.3,1.0,0.519,6.5,0.78,1.5,1.0
1630577,Julian Champagnie,SAS,17,18.8,-4.432202689719016,-1.2578693648428458,-0.862063990449431,-1.518612602344451,-1.7496923482293643,-0.5737984357510478,0.11330475604794292,-0.2589465273422756,0.0024072328747780196,1.6730685903176785,9.7,3.5,0.6,0.4,0.3,1.9,0.454,7.6,0.824,1.0,0.6
1626192,Pat Connaughton,MIL,61,23.7,-4.476573126757881,-1.5939413325489498,-0.4074760760225978,-1.1999588788309272,-1.1262865234445556,-0.7787264485192792,0.010300432367994416,-0.8443091238383875,-0.3303635966189978,1.7941884206978196,7.6,4.6,1.3,0.6,0.2,1.8,0.392,6.9,0.659,0.7,0.5
1631097,Bennedict Mathurin,IND,78,28.5,-4.505777937227501,-0.13762947248916627,-0.614106946216613,-1.1089149578270632,-1.1262865234445556,-0.7787264485192792,-0.5047211860317488,-0.786344379842872,0.45244118176794873,0.0985107953758478,16.7,4.1,1.5,0.6,0.2,1.3,0.434,12.2,0.828,5.8,1.9
1629012,Collin Sexton,UTA,48,23.9,-4.51293743743876,-0.521711721296142,-1.3993042529538704,-0.4716075108000154,-1.1262865234445556,-0.9836544612875107,-0.8137341570715947,0.385457415784321,0.19827314787461872,0.2196306257559885,14.3,2.2,2.9,0.6,0.1,1.0,0.506,9.8,0.819,4.1,1.8
1631110,Jeremy Sochan,SAS,56,26.0,-4.556067999780144,-1.049824813405734,-0.1181928577509765,-0.6536953528077433,-0.5028806986597463,-0.36887042298281636,-1.2257514517913892,-0.3621572150552952,-0.615445643462572,0.3407504561361294,11.0,5.3,2.5,0.8,0.4,0.6,0.453,9.9,0.698,2.1,1.7
1628964,Mo Bamba,LAL,49,15.7,-4.566099747637679,-1.7539756028851896,-0.4074760760225978,-1.382046720838655,-2.061395260621769,0.6557696408583406,-0.8137341570715947,0.06304355965988506,-0.5393537210337759,1.6730685903176785,6.6,4.6,0.9,0.3,0.9,1.0,0.485,4.9,0.661,1.3,0.6
1630526,Jeremiah Robinson-Earl,OKC,43,18.9,-4.578642943582872,-1.7219687488179416,-0.5727807721778098,-1.3365247603367232,-1.1262865234445556,-0.5737984357510478,-0.9167384807515433,-0.2723009813037006,0.02644750792249023,1.9153082510779604,6.8,4.2,1.0,0.6,0.3,0.9,0.444,5.8,0.833,1.0,0.4
201567,Kevin Love,MIA,62,20.0,-4.654281017382061,-1.497920770347206,0.33639505667585706,-0.9268271158193353,-2.061395260621769,-0.7787264485192792,-0.1957082149919028,-0.8607674002899893,0.26319969811458915,1.0674694384169743,8.2,6.4,1.9,0.3,0.2,1.6,0.389,6.8,0.879,1.5,1.1
1630173,Precious Achiuwa,TOR,55,20.7,-4.665722745884791,-1.3378865000109659,0.1710903605206448,-1.382046720838655,-1.1262865234445556,-0.16394241021458503,-1.328755775471338,0.0766499844507707,-0.6420145992930806,1.0674694384169743,9.2,6.0,0.9,0.6,0.5,0.5,0.485,7.3,0.702,2.3,1.1
1629022,Lonnie Walker IV,LAL,56,23.2,-4.690401784600031,-0.937800824170366,-1.5232827750702795,-1.291002799834791,-1.4379894358369598,-0.5737984357510478,-0.1957082149919028,-0.40937311253040176,0.2477248840283209,1.430828929557397,11.7,1.9,1.1,0.5,0.3,1.6,0.448,9.4,0.858,1.9,0.8
1629216,Gabe Vincent,MIA,68,25.9,-4.716049486603172,-1.3058796459437176,-1.4406304269926735,-0.6536953528077433,-0.19117778626734183,-0.9836544612875107,-0.0927038913119543,-0.9039460378839618,0.15152816861517948,0.7041099472765521,9.4,2.1,2.5,0.9,0.1,1.7,0.402,8.3,0.872,1.1,1.4
1629750,Javonte Green,CHI,32,15.0,-4.726542100995006,-1.9780235813559257,-1.1513472087210523,-1.473090641842519,-0.5028806986597463,0.24591361532187767,-1.4317600991512867,0.44394900787780034,-0.5523710847818333,1.6730685903176785,5.2,2.8,0.7,0.8,0.7,0.4,0.565,3.4,0.667,1.4,0.6
1631100,AJ Griffin,ATL,72,19.5,-4.822341646339922,-1.3858967811118377,-1.4406304269926735,-1.3365247603367232,-1.1262865234445556,-0.7787264485192792,-0.40171686235180026,-0.13466764232047293,0.10903920841974159,1.6730685903176785,8.9,2.1,1.0,0.6,0.2,1.4,0.465,7.4,0.894,0.7,0.6
1630182,Josh Green,DAL,60,25.7,-4.835813943532414,-1.3538899270445899,-1.068694860643446,-1.0178710368231991,-0.814583611052151,-0.9836544612875107,-0.710729833391646,0.5480015072256099,-0.380741328552315,0.9463496080368337,9.1,3.0,1.7,0.7,0.1,1.1,0.537,6.4,0.723,1.6,1.2
203552,Seth Curry,BKN,61,19.8,-4.940284076397808,-1.3378865000109659,-1.6472612971866887,-1.063392997325131,-1.1262865234445556,-0.9836544612875107,-0.29871253867185155,-0.15585609843422604,0.24193741040572392,1.430828929557397,9.2,1.6,1.6,0.6,0.1,1.5,0.463,7.4,0.927,0.9,0.8
1630171,Isaac Okoro,CLE,76,21.7,-4.97577788074301,-1.7859824569524376,-1.2753257308374613,-1.291002799834791,-0.814583611052151,-0.36887042298281636,-1.019742804431492,0.12246858914432183,-0.21580723411386274,1.6730685903176785,6.4,2.5,1.1,0.7,0.4,0.8,0.494,4.7,0.757,1.4,0.6
203925,Joe Harris,BKN,74,20.6,-4.985312478545893,-1.5939413325489498,-1.3993042529538704,-1.154436918328995,-1.4379894358369598,-0.7787264485192792,0.11330475604794292,-0.167796079784814,-0.2394913569386457,1.6730685903176785,7.6,2.2,1.4,0.5,0.2,1.9,0.457,5.9,0.643,0.4,0.6
1626166,Cameron Payne,PHX,48,20.2,-4.986900246416464,-1.1618488026411018,-1.3993042529538704,0.25674385723089643,-0.814583611052151,-0.7787264485192792,-0.40171686235180026,-0.8534716994551461,-0.174742882810141,0.3407504561361294,10.3,2.2,4.5,0.7,0.2,1.4,0.415,9.4,0.766,1.3,1.7
1629013,Landry Shamet,PHX,40,20.2,-4.997591591243007,-1.417903635179086,-1.6059351231478856,-0.7447392738116073,-0.814583611052151,-0.9836544612875107,0.11330475604794292,-1.0818546233126018,0.22806528132263654,1.3097090991772562,8.7,1.7,2.3,0.7,0.1,1.9,0.377,7.5,0.882,1.3,0.9
1630194,Paul Reed,PHI,69,10.9,-4.999732143705029,-2.1380578516921656,-0.738085468333022,-1.609656523348315,-0.814583611052151,0.24591361532187767,-1.843777393871081,0.5161271972988124,-0.169560867966523,1.551948759937538,4.2,3.8,0.4,0.7,0.7,0.0,0.593,3.0,0.745,0.7,0.7
1630177,Theo Maledon,CHA,44,19.4,-5.004442232781548,-1.7379721758515658,-1.1513472087210523,-0.19847574778842345,-0.5028806986597463,-0.5737984357510478,-1.2257514517913892,-0.6210515157165555,0.18160522384153918,0.8252297776566927,6.7,2.8,3.5,0.8,0.3,0.6,0.402,5.8,0.851,1.7,1.3
1630228,Jonathan Kuminga,GSW,67,20.8,-5.0344334697798105,-1.2258625107755978,-0.9033901644882341,-0.9268271158193353,-1.1262865234445556,-0.16394241021458503,-1.019742804431492,0.5009860410921199,-0.8734779289746825,0.7041099472765521,9.9,3.4,1.9,0.6,0.5,0.8,0.525,7.4,0.652,2.1,1.4
1628467,Maxi Kleber,DAL,37,25.1,-5.039580487854334,-1.8659995921205577,-0.8207378164106279,-1.154436918328995,-2.061395260621769,0.45084162809010925,-0.710729833391646,-0.12963967895077697,-0.29943177605760835,1.551948759937538,5.9,3.6,1.4,0.3,0.8,1.1,0.456,4.6,0.711,1.0,0.7
1630573,Sam Hauser,BOS,80,16.1,-5.07635716138339,-1.7859824569524376,-1.2339995567986584,-1.382046720838655,-1.7496923482293643,-0.5737984357510478,0.010300432367994416,-0.1511373719915957,-0.12530895426758604,1.9153082510779604,6.4,2.6,0.9,0.4,0.3,1.8,0.455,5.0,0.706,0.2,0.4
1630230,Naji Marshall,NOP,77,23.3,-5.0943439498020435,-1.3538899270445899,-0.8207378164106279,-0.6536953528077433,-0.814583611052151,-0.7787264485192792,-0.9167384807515433,-0.4736829401405227,-0.10751915073227918,0.8252297776566927,9.1,3.6,2.5,0.7,0.2,0.9,0.433,7.4,0.789,2.3,1.3
1629060,Rui Hachimura,LAL,63,23.3,-5.122763697251259,-1.017817959338486,-0.4488022500614007,-1.382046720838655,-2.061395260621769,-0.36887042298281636,-1.019742804431492,0.10130303946961038,-0.35622024800364854,1.430828929557397,11.2,4.5,0.9,0.3,0.4,0.8,0.486,9.3,0.739,1.9,0.8
1626168,Trey Lyles,SAC,74,16.9,-5.134698049333726,-1.5939413325489498,-0.614106946216613,-1.382046720838655,-1.7496923482293643,-0.36887042298281636,-0.6077255097116975,-0.14615522149998345,0.018131353517096188,1.3097090991772562,7.6,4.1,0.9,0.4,0.4,1.2,0.458,5.5,0.815,1.7,0.9
1630587,Isaiah Livers,DET,52,23.1,-5.136633848804493,-1.7379721758515658,-1.1513472087210523,-1.4275686813405872,-1.4379894358369598,-0.16394241021458503,-0.40171686235180026,-0.46899284674669467,-0.02017281805892493,1.6730685903176785,6.7,2.8,0.8,0.5,0.5,1.4,0.417,5.5,0.821,0.8,0.6
203082,Terrence Ross,PHX,63,21.1,-5.142809750533401,-1.4819173433135817,-1.3166519048762644,-1.1089149578270632,-1.1262865234445556,-0.7787264485192792,-0.29871253867185155,-0.5054656243111524,-0.07808316950719141,1.551948759937538,8.3,2.4,1.5,0.6,0.2,1.5,0.43,7.4,0.794,0.5,0.7
1631093,Jaden Ivey,DET,74,31.1,-5.157158475365079,-0.20164318062366202,-0.6967592942942189,0.5753975807444204,-0.5028806986597463,-0.7787264485192792,-0.1957082149919028,-1.203161397868719,-0.6776298215859877,-1.4760469995659835,16.3,3.9,5.2,0.8,0.2,1.6,0.416,13.3,0.747,4.8,3.2
1629006,Josh Okogie,PHX,72,18.8,-5.180535869499306,-1.6419516136498216,-0.862063990449431,-1.1089149578270632,-0.5028806986597463,-0.16394241021458503,-0.9167384807515433,-0.7123909413961127,-0.58136187572826,1.3097090991772562,7.3,3.5,1.5,0.8,0.5,0.9,0.391,5.8,0.724,2.7,0.9
1627777,Georges Niang,PHI,78,19.4,-5.194717502840223,-1.497920770347206,-1.3166519048762644,-1.3365247603367232,-1.7496923482293643,-0.7787264485192792,0.21630907972789165,-0.32244317636640935,0.03898406616959362,1.551948759937538,8.2,2.4,1.0,0.4,0.2,2.0,0.442,6.4,0.867,0.6,0.7
1629731,Dean Wade,CLE,44,20.3,-5.205489992373848,-2.0580407165240455,-0.9033901644882341,-1.4275686813405872,-1.1262865234445556,-0.16394241021458503,-0.8137341570715947,-0.36010136215128513,-0.26773422821692094,1.9153082510779604,4.7,3.4,0.8,0.6,0.5,1.0,0.412,4.0,0.652,0.5,0.4
1630237,Anthony Lamb,GSW,62,19.3,-5.206645804509906,-1.7379721758515658,-0.862063990449431,-1.1089149578270632,-1.4379894358369598,-0.5737984357510478,-0.6077255097116975,-0.03804255583199871,-0.14984784242739901,1.3097090991772562,6.7,3.5,1.5,0.5,0.3,1.2,0.471,5.1,0.767,1.0,0.9
1631119,Jaylin Williams,OKC,49,18.7,-5.22015950749663,-1.8659995921205577,-0.2834975539061884,-1.063392997325131,-1.1262865234445556,-0.7787264485192792,-0.9167384807515433,-0.2742480286222617,-0.34209881236451084,1.430828929557397,5.9,4.9,1.6,0.6,0.2,0.9,0.436,4.8,0.704,1.1,0.8
1629628,RJ Barrett,NYK,73,33.9,-5.2212897226741815,0.3264699114859299,-0.24217137986738552,-0.5171294713019474,-1.7496923482293643,-0.7787264485192792,-0.0927038913119543,-1.0489896098972429,-0.8534977892683625,-0.2648486957645751,19.6,5.0,2.8,0.4,0.2,1.7,0.434,16.1,0.74,5.4,2.2
1631101,Shaedon Sharpe,POR,80,22.2,-5.2928376019731305,-1.2258625107755978,-1.068694860643446,-1.2454808393328591,-1.4379894358369598,-0.5737984357510478,-0.5047211860317488,-0.06956754256340723,-0.3553120598351794,1.1885892687971154,9.9,3.0,1.2,0.5,0.3,1.3,0.472,8.1,0.714,1.3,1.0
1629660,Ty Jerome,GSW,45,18.1,-5.296415525421749,-1.7059653217843176,-1.6059351231478856,-0.42608555029808337,-1.4379894358369598,-0.9836544612875107,-1.019742804431492,0.08907100102123852,0.24193741040572392,1.551948759937538,6.9,1.7,3.0,0.5,0.1,0.8,0.488,5.4,0.927,0.9,0.7
1629643,Chuma Okeke,ORL,27,19.2,-5.299653920244523,-2.0580407165240455,-0.8207378164106279,-1.154436918328995,-0.814583611052151,-0.36887042298281636,-0.8137341570715947,-0.7960681632161564,-0.14625070497581538,1.6730685903176785,4.7,3.6,1.4,0.7,0.4,1.0,0.352,4.5,0.762,0.8,0.6
201152,Thaddeus Young,TOR,54,14.7,-5.30117428416156,-2.1060509976249175,-1.0273686866046432,-1.154436918328995,0.12052512612506261,-0.9836544612875107,-1.7407730701911324,0.374067188970739,-0.21431139477756062,1.430828929557397,4.4,3.1,1.4,1.0,0.1,0.1,0.545,3.7,0.692,0.5,0.8
1627752,Taurean Prince,MIN,54,22.1,-5.318110990100272,-1.3538899270445899,-1.3166519048762644,-1.063392997325131,-1.4379894358369598,-0.5737984357510478,-0.40171686235180026,-0.1054390261030146,0.10953782153184202,0.8252297776566927,9.1,2.4,1.6,0.5,0.3,1.4,0.467,7.0,0.844,1.4,1.3
1630164,James Wiseman,DET,45,19.3,-5.3203760152230295,-1.2098590837419738,0.1297641864818419,-1.473090641842519,-2.3730981730141734,0.04098560255364631,-1.7407730701911324,0.8616135641481977,-0.6233878380338903,1.0674694384169743,10.0,5.9,0.7,0.2,0.6,0.1,0.558,7.5,0.701,2.2,1.1
202704,Reggie Jackson,DEN,68,24.4,-5.365804784213244,-1.177852229674726,-1.4406304269926735,-0.24399770829035547,-0.814583611052151,-0.9836544612875107,-0.40171686235180026,-0.9073018312036001,0.2631818905034429,0.3407504561361294,10.2,2.1,3.4,0.7,0.1,1.4,0.411,9.4,0.91,1.1,1.7
1630598,Aaron Wiggins,OKC,70,18.5,-5.391743989884126,-1.7219687488179416,-1.068694860643446,-1.291002799834791,-1.1262865234445556,-0.7787264485192792,-1.1227471281114407,0.2657483653513767,0.021105224578554183,1.430828929557397,6.8,3.0,1.1,0.6,0.2,0.7,0.512,5.2,0.831,1.0,0.8
1629669,Jaylen Nowell,MIN,65,19.3,-5.49253398963886,-1.0818316674729818,-1.2339995567986584,-0.8813051553174033,-1.1262865234445556,-0.9836544612875107,-0.8137341570715947,-0.4188334718547045,-0.1414782651885659,1.1885892687971154,10.8,2.6,2.0,0.6,0.1,1.0,0.448,9.6,0.778,1.5,1.0
203939,Dwight Powell,DAL,76,19.2,-5.4986983188790886,-1.7379721758515658,-0.614106946216613,-1.382046720838655,-1.1262865234445556,-0.5737984357510478,-1.843777393871081,1.2927700130142703,-0.8231892350970977,1.3097090991772562,6.7,4.1,0.9,0.6,0.3,0.0,0.732,3.5,0.667,2.2,0.9
1628984,Devonte' Graham,SAS,73,18.3,-5.51051115246351,-1.6259481866161976,-1.6059351231478856,-0.5626514318038792,-1.1262865234445556,-0.7787264485192792,-0.1957082149919028,-0.8688762797108204,-0.29832770416652826,1.551948759937538,7.4,1.7,2.7,0.6,0.2,1.6,0.374,5.9,0.748,1.8,0.7
1630570,Trendon Watford,POR,62,19.1,-5.551297389028061,-1.6259481866161976,-0.738085468333022,-0.8357831948154711,-1.4379894358369598,-0.7787264485192792,-1.4317600991512867,0.6230888144049427,-0.3935628085777615,1.0674694384169743,7.4,3.8,2.1,0.5,0.2,0.4,0.56,5.2,0.72,1.6,1.1
1630256,Jae'Sean Tate,HOU,31,21.9,-5.554812648229101,-1.3538899270445899,-0.738085468333022,-0.5626514318038792,-0.814583611052151,-0.7787264485192792,-1.4317600991512867,0.024245778532674823,-0.48235155775397864,0.5829901168964111,9.1,3.8,2.7,0.7,0.2,0.4,0.48,7.4,0.725,2.2,1.5
203933,T.J. Warren,PHX,42,16.4,-5.559695901489839,-1.6099447595825738,-1.1100210346822492,-1.3365247603367232,-1.4379894358369598,-0.5737984357510478,-1.328755775471338,0.108197877621221,-0.06504799814798748,1.7941884206978196,7.5,2.9,1.0,0.5,0.3,0.5,0.489,6.4,0.8,0.8,0.5
1629056,Terence Davis,SAC,64,13.1,-5.559916225384826,-1.7379721758515658,-1.3993042529538704,-1.3365247603367232,-0.814583611052151,-0.7787264485192792,-0.40171686235180026,-0.43836693774768076,-0.08355010612915265,1.430828929557397,6.7,2.2,1.0,0.7,0.2,1.4,0.423,5.7,0.791,0.7,0.8
203083,Andre Drummond,CHI,67,12.7,-5.572574043278287,-1.8499961650869337,0.41904740475346286,-1.564134562846383,-0.814583611052151,-0.36887042298281636,-1.843777393871081,0.7687508602723538,-1.3864795908817138,1.0674694384169743,6.0,6.6,0.5,0.7,0.4,0.0,0.606,4.1,0.536,1.9,1.1
1630552,Jalen Johnson,ATL,70,14.9,-5.640097079927603,-1.9140098732214297,-0.6554331202554159,-1.2454808393328591,-1.4379894358369598,-0.16394241021458503,-1.4317600991512867,0.10085636390829367,-0.5654062561410373,1.6730685903176785,5.6,4.0,1.2,0.5,0.5,0.4,0.491,4.6,0.628,1.1,0.6
1629659,Talen Horton-Tucker,UTA,65,20.2,-5.6409796103088645,-1.097835094506606,-0.9860425125658401,-0.061909866282627554,-1.1262865234445556,-0.36887042298281636,-0.9167384807515433,-0.7996415677066923,-0.3821659374440313,0.0985107953758478,10.7,3.2,3.8,0.6,0.4,0.9,0.419,9.4,0.75,2.6,1.9
203210,JaMychal Green,GSW,57,14.0,-5.64898023252057,-1.7859824569524376,-0.8207378164106279,-1.382046720838655,-1.7496923482293643,-0.36887042298281636,-1.1227471281114407,0.4066687783371164,-0.13528121650960007,1.3097090991772562,6.4,3.6,0.9,0.4,0.4,0.7,0.54,4.4,0.776,1.2,0.9
1630579,Jericho Sims,NYK,52,15.6,-5.662728873707055,-2.2660852679611576,-0.36614990198379455,-1.564134562846383,-2.061395260621769,-0.16394241021458503,-1.843777393871081,0.9220522035602381,-0.11348470046634093,1.7941884206978196,3.4,4.7,0.5,0.3,0.5,0.0,0.776,2.1,0.75,0.3,0.5
202687,Bismack Biyombo,PHX,61,14.3,-5.683935306695827,-2.1220544246585415,-0.5314545981390069,-1.382046720838655,-2.061395260621769,1.6804097046994972,-1.843777393871081,0.5072280457310361,-1.3616735885547044,1.430828929557397,4.3,4.3,0.9,0.3,1.4,0.0,0.578,3.4,0.357,1.1,0.8
1627814,Damion Lee,PHX,74,20.4,-5.702926360603918,-1.497920770347206,-1.068694860643446,-1.1999588788309272,-1.7496923482293643,-0.9836544612875107,-0.29871253867185155,-0.30567566298774196,0.3339137219771559,1.0674694384169743,8.2,3.0,1.3,0.4,0.1,1.5,0.442,6.1,0.904,1.4,1.1
1631288,Jamal Cain,MIA,18,13.3,-5.7204777193416305,-1.9460167272886775,-1.1100210346822492,-1.473090641842519,-1.1262865234445556,-0.9836544612875107,-1.4317600991512867,0.4588210134257514,-0.14489732652868495,2.036428081458101,5.4,2.9,0.7,0.6,0.1,0.4,0.561,3.7,0.773,1.2,0.3
1629670,Jordan Nwora,IND,62,19.2,-5.732083237880866,-1.417903635179086,-0.7794116423718249,-1.154436918328995,-1.7496923482293643,-0.7787264485192792,-0.40171686235180026,-0.42900393078930604,-0.08866089052818486,1.0674694384169743,8.7,3.7,1.4,0.4,0.2,1.4,0.436,7.2,0.791,1.4,1.1
1626224,Cedi Osman,CLE,77,20.1,-5.766089692827609,-1.417903635179086,-1.3579780789150675,-1.1089149578270632,-1.4379894358369598,-0.9836544612875107,-0.29871253867185155,-0.26148341546616555,-0.4514019295814424,1.551948759937538,8.7,2.3,1.5,0.5,0.1,1.5,0.451,6.9,0.694,1.4,0.7
1628977,Hamidou Diallo,DET,56,17.8,-5.7908914910463976,-1.3218830729773416,-0.862063990449431,-1.3365247603367232,-0.19117778626734183,-0.5737984357510478,-1.7407730701911324,0.9173506569468884,-1.5072508096769621,0.8252297776566927,9.3,3.5,1.0,0.9,0.3,0.1,0.573,6.7,0.588,2.6,1.3
202709,Cory Joseph,DET,62,19.8,-5.82276138258028,-1.7059653217843176,-1.6059351231478856,-0.19847574778842345,-1.4379894358369598,-0.9836544612875107,-0.710729833391646,-0.40572526211298,-0.08399529640781403,1.3097090991772562,6.9,1.7,3.5,0.5,0.1,1.1,0.427,5.7,0.792,1.2,0.9
1630688,Ish Wainright,PHX,60,15.3,-5.85847282045584,-2.1380578516921656,-1.3579780789150675,-1.382046720838655,-1.1262865234445556,-0.36887042298281636,-0.8137341570715947,-0.5688248347010344,-0.017982481887911034,1.9153082510779604,4.2,2.3,0.9,0.6,0.4,1.0,0.37,3.8,0.839,0.5,0.4
1631103,Malaki Branham,SAS,66,23.5,-5.866347233935222,-1.177852229674726,-1.1926733827598552,-0.9268271158193353,-1.4379894358369598,-0.9836544612875107,-0.6077255097116975,-0.5111578744130634,0.025183167531091996,0.9463496080368337,10.2,2.7,1.9,0.5,0.1,1.2,0.44,9.3,0.829,1.1,1.2
203488,Mike Muscala,BOS,63,15.0,-5.8860166620459005,-1.8339927380533096,-0.9860425125658401,-1.4275686813405872,-2.3730981730141734,-0.36887042298281636,-0.5047211860317488,-0.17573888752259118,-0.13129231161279445,1.9153082510779604,6.1,3.2,0.8,0.2,0.4,1.3,0.449,4.6,0.769,0.8,0.4
202322,John Wall,LAC,34,22.2,-5.892549680013225,-0.9858111052712378,-1.1926733827598552,0.5753975807444204,-0.5028806986597463,-0.36887042298281636,-0.8137341570715947,-1.024731690951876,-1.0721574465356636,-0.5070883565248564,11.4,2.7,5.2,0.8,0.4,1.0,0.407,10.0,0.681,3.3,2.4
201937,Ricky Rubio,CLE,33,17.2,-5.906718367326378,-1.9780235813559257,-1.4406304269926735,-0.19847574778842345,-0.5028806986597463,-0.7787264485192792,-1.2257514517913892,-1.0319128595915095,-0.06002625180468762,1.3097090991772562,5.2,2.1,3.5,0.8,0.2,0.6,0.343,5.4,0.8,1.1,0.9
1628410,Edmond Sumner,BKN,53,13.9,-5.914530834163767,-1.6739584677170698,-1.6885874712254916,-1.1999588788309272,-1.1262865234445556,-0.7787264485192792,-1.2257514517913892,-0.11105683027803943,0.5800861384657288,1.3097090991772562,7.1,1.5,1.3,0.6,0.2,0.6,0.461,5.1,0.917,2.0,0.9
1629003,Shake Milton,PHI,76,20.6,-5.9177873254613855,-1.4659139162799577,-1.2753257308374613,-0.3350416292942193,-2.061395260621769,-0.7787264485192792,-1.1227471281114407,0.015988007258071632,0.15902517290783624,0.9463496080368337,8.4,2.5,3.2,0.3,0.2,0.7,0.479,6.6,0.853,1.5,1.2
1631230,Dominick Barlow,SAS,28,14.6,-5.923171789919905,-2.1860681327930376,-0.8207378164106279,-1.382046720838655,-1.7496923482293643,0.24591361532187767,-1.843777393871081,0.27474486928508113,-0.25569628308191855,1.7941884206978196,3.9,3.6,0.9,0.4,0.7,0.0,0.535,3.1,0.72,0.9,0.5
1627884,Derrick Jones Jr.,CHI,64,14.0,-5.943262379507685,-2.0100304354231735,-1.3166519048762644,-1.564134562846383,-1.4379894358369598,0.04098560255364631,-1.4317600991512867,0.1329826446645518,-0.271972439669777,1.9153082510779604,5.0,2.4,0.5,0.5,0.6,0.4,0.5,3.6,0.738,1.3,0.4
1630586,Usman Garuba,HOU,75,12.9,-5.992486440358464,-2.3300989760956536,-0.614106946216613,-1.382046720838655,-1.1262865234445556,-0.36887042298281636,-1.5347644228312352,0.0523061663589968,-0.36168718462560945,1.6730685903176785,3.0,4.1,0.9,0.6,0.4,0.3,0.486,2.4,0.617,0.6,0.6
1629139,Yuta Watanabe,BKN,58,16.0,-6.0174366656274,-1.9140098732214297,-1.3166519048762644,-1.4275686813405872,-1.7496923482293643,-0.5737984357510478,-0.8137341570715947,0.09230080892614582,-0.2295903251412177,1.9153082510779604,5.6,2.4,0.8,0.4,0.3,1.0,0.491,4.0,0.723,0.8,0.4
1629162,Jordan McLaughlin,MIN,43,15.8,-6.078619551661859,-2.2180749868602856,-1.729913645264295,-0.24399770829035547,-0.814583611052151,-0.9836544612875107,-1.2257514517913892,-0.2569880268041937,-0.03648458986907617,1.430828929557397,3.7,1.4,3.4,0.7,0.1,0.6,0.421,3.4,0.833,0.4,0.8
203926,Doug McDermott,SAS,64,20.5,-6.098658439426695,-1.177852229674726,-1.3993042529538704,-1.154436918328995,-2.3730981730141734,-0.9836544612875107,0.11330475604794292,-0.24695500650384342,-0.18637125288877512,1.3097090991772562,10.2,2.2,1.4,0.2,0.1,1.9,0.457,8.2,0.757,1.1,0.9
1630167,Obi Toppin,NYK,67,15.7,-6.11626454534065,-1.6259481866161976,-1.1513472087210523,-1.3365247603367232,-2.061395260621769,-0.7787264485192792,-0.5047211860317488,-0.28077636374920184,-0.04989372106235555,1.6730685903176785,7.4,2.8,1.0,0.3,0.2,1.3,0.446,6.3,0.809,0.7,0.6
1628436,Luke Kornet,BOS,69,11.7,-6.136373687389335,-2.2020715598266616,-1.1100210346822492,-1.4275686813405872,-2.3730981730141734,0.24591361532187767,-1.843777393871081,0.6936807329223031,-0.03473944397672381,1.9153082510779604,3.8,2.9,0.8,0.2,0.7,0.0,0.665,2.5,0.821,0.6,0.4
1629117,Wenyen Gabriel,LAL,68,15.1,-6.147233730612474,-1.9300133002550537,-0.5727807721778098,-1.564134562846383,-1.7496923482293643,-0.16394241021458503,-1.7407730701911324,0.6606782808726922,-0.6385243075083753,1.551948759937538,5.5,4.2,0.5,0.4,0.5,0.1,0.596,3.8,0.619,1.2,0.7
1630558,Davion Mitchell,SAC,80,18.1,-6.147544367292583,-1.9140098732214297,-1.7712398193030978,-0.7447392738116073,-1.1262865234445556,-0.7787264485192792,-1.019742804431492,-0.15829563419218795,-0.0653329199263307,1.430828929557397,5.6,1.3,2.3,0.6,0.2,0.8,0.454,5.0,0.806,0.4,0.8
1630696,Dru Smith,BKN,15,10.6,-6.1489226054248585,-2.346102403129277,-1.6472612971866887,-1.1089149578270632,-0.814583611052151,-0.5737984357510478,-1.5347644228312352,-0.31279956552977123,0.031754176044133615,2.1575479118382423,2.9,1.6,1.5,0.7,0.3,0.3,0.4,3.0,1.0,0.2,0.2
201588,George Hill,IND,46,18.1,-6.149977526202082,-2.0100304354231735,-1.5646089491090827,-0.6992173133096753,-1.1262865234445556,-0.9836544612875107,-1.1227471281114407,-0.02163581886824116,-0.1737456565859396,1.551948759937538,5.0,1.8,2.4,0.6,0.1,0.7,0.47,3.6,0.764,1.2,0.7
1629048,Goga Bitadze,ORL,38,12.0,-6.161748222437998,-2.1060509976249175,-0.8207378164106279,-1.3365247603367232,-1.7496923482293643,0.24591361532187767,-1.6377687465111839,0.37051096430948466,-0.800466723274223,1.6730685903176785,4.4,3.6,1.0,0.4,0.7,0.2,0.552,3.3,0.548,1.1,0.6
1630544,Tre Mann,OKC,67,17.7,-6.163327652048991,-1.5779379055153258,-1.3579780789150675,-0.9723490763212673,-1.1262865234445556,-0.7787264485192792,-0.6077255097116975,-0.9100563304983874,-0.14197687830066655,1.3097090991772562,7.7,2.3,1.8,0.6,0.2,1.2,0.393,7.5,0.764,0.8,0.9
1631132,Christian Koloko,TOR,58,13.8,-6.177010242595609,-2.3140955490620296,-1.1100210346822492,-1.564134562846383,-1.7496923482293643,0.8606976536265719,-1.843777393871081,0.03139258751374642,-0.5238076765029219,2.036428081458101,3.1,2.9,0.5,0.4,1.0,0.0,0.48,2.6,0.627,1.0,0.3
1629642,Nassir Little,POR,54,18.1,-6.188003898141653,-1.7539756028851896,-1.2339995567986584,-1.382046720838655,-1.7496923482293643,-0.36887042298281636,-0.710729833391646,-0.2777298073566298,-0.2629083655962322,1.551948759937538,6.6,2.6,0.9,0.4,0.4,1.1,0.442,5.6,0.717,0.9,0.7
1626195,Willy Hernangomez,NOP,38,12.0,-6.189755608659864,-1.7059653217843176,-0.36614990198379455,-1.382046720838655,-1.7496923482293643,-0.5737984357510478,-1.7407730701911324,0.3247782587623408,-0.18469733744100864,1.1885892687971154,6.9,4.7,0.9,0.4,0.3,0.1,0.527,4.4,0.779,2.7,1.0
1626169,Stanley Johnson,UTA,30,15.6,-6.211566194811738,-1.8820030191541814,-0.9860425125658401,-0.7902612343135391,-1.4379894358369598,-0.7787264485192792,-1.2257514517913892,0.3402572849449015,-0.5185188159924252,1.0674694384169743,5.8,3.2,2.2,0.5,0.2,0.6,0.533,4.1,0.667,1.3,1.1
1629641,Romeo Langford,SAS,43,19.6,-6.227171243089367,-1.7059653217843176,-1.1926733827598552,-1.2454808393328591,-1.1262865234445556,-0.5737984357510478,-1.4317600991512867,-0.08533862584375153,-0.41781677495923114,1.551948759937538,6.9,2.7,1.2,0.6,0.3,0.4,0.467,6.0,0.696,1.3,0.7
203585,Rodney McGruder,DET,32,16.4,-6.2326239055110175,-1.8980064461878057,-1.3579780789150675,-1.382046720838655,-1.4379894358369598,-1.188582474055742,-0.5047211860317488,-0.4666621165741819,-0.03306552852895722,2.036428081458101,5.7,2.3,0.9,0.5,0.0,1.3,0.408,4.8,0.818,0.7,0.3
1629312,Haywood Highsmith,MIA,54,18.0,-6.246101236856376,-2.1060509976249175,-0.862063990449431,-1.4275686813405872,-0.814583611052151,-0.5737984357510478,-1.1227471281114407,-0.2512957767022827,-0.5188215453819148,1.430828929557397,4.4,3.5,0.8,0.7,0.3,0.7,0.431,4.0,0.464,0.5,0.8
1630534,Ochai Agbaji,UTA,59,20.5,-6.250032433747384,-1.5459310514480777,-1.4406304269926735,-1.291002799834791,-2.061395260621769,-0.5737984357510478,-0.40171686235180026,-0.467618460404181,-0.019887896280581463,1.551948759937538,7.9,2.1,1.1,0.3,0.3,1.4,0.427,6.5,0.812,1.2,0.7
1629647,Darius Bazley,PHX,43,14.3,-6.270175254545661,-1.9780235813559257,-0.9860425125658401,-1.382046720838655,-1.4379894358369598,0.45084162809010925,-1.328755775471338,-0.13119731680562585,-1.1500301300791047,1.6730685903176785,5.2,3.2,0.9,0.5,0.8,0.5,0.454,4.3,0.543,1.6,0.6
203457,Nerlens Noel,BKN,17,11.5,-6.286590230108976,-2.4741298193982697,-1.1926733827598552,-1.518612602344451,-0.19117778626734183,0.04098560255364631,-1.7407730701911324,-0.32563289800299317,-0.3154052032559768,1.430828929557397,2.1,2.7,0.6,0.9,0.6,0.1,0.361,2.1,0.667,0.7,0.8
200782,P.J. Tucker,PHI,75,25.6,-6.290222626937988,-2.2500818409275336,-0.6967592942942189,-1.4275686813405872,-1.4379894358369598,-0.7787264485192792,-1.1227471281114407,-0.19683571788017673,-0.05258267034547009,1.6730685903176785,3.5,3.9,0.8,0.5,0.2,0.7,0.427,3.0,0.826,0.3,0.6
1630700,Dyson Daniels,NOP,59,17.7,-6.294137720278067,-2.2020715598266616,-0.9860425125658401,-0.7447392738116073,-0.814583611052151,-0.7787264485192792,-1.328755775471338,-0.28061601867590863,-0.34719178915239635,1.1885892687971154,3.8,3.2,2.3,0.7,0.2,0.5,0.418,3.5,0.65,0.7,1.0
1630560,Cam Thomas,BKN,57,16.6,-6.343620827173966,-1.11383852154023,-1.6059351231478856,-1.154436918328995,-1.7496923482293643,-0.9836544612875107,-0.9167384807515433,-0.423323133906916,0.5365287216015031,1.0674694384169743,10.6,1.7,1.4,0.4,0.1,0.9,0.441,8.0,0.868,3.1,1.1
1629638,Nickeil Alexander-Walker,MIN,59,15.0,-6.353998693025265,-1.8179893110196859,-1.6059351231478856,-0.9723490763212673,-1.4379894358369598,-0.36887042298281636,-0.8137341570715947,-0.22987825619811061,-0.41696200962420105,1.3097090991772562,6.2,1.7,1.8,0.5,0.4,1.0,0.444,5.0,0.667,1.0,0.9
201599,DeAndre Jordan,DEN,39,15.0,-6.39381242974262,-1.9940270083895497,-0.1595190317897794,-1.382046720838655,-2.061395260621769,0.04098560255364631,-1.843777393871081,1.2142066537103304,-1.1545888785325968,0.9463496080368337,5.1,5.2,0.9,0.3,0.6,0.0,0.765,2.9,0.458,1.2,1.2
203115,Will Barton,TOR,56,17.7,-6.441779997159882,-1.7219687488179416,-1.3166519048762644,-0.8813051553174033,-1.4379894358369598,-0.7787264485192792,-0.6077255097116975,-0.9142940217211382,-0.09282787153645493,1.3097090991772562,6.8,2.4,2.0,0.5,0.2,1.2,0.379,6.5,0.787,0.8,0.9
1628427,Vlatko Čančar,DEN,60,14.8,-6.450129726568299,-2.0100304354231735,-1.4406304269926735,-1.1999588788309272,-1.7496923482293643,-0.7787264485192792,-1.1227471281114407,0.007844768178678027,0.17074258104220294,1.6730685903176785,5.0,2.1,1.3,0.4,0.2,0.7,0.476,3.8,0.927,0.7,0.6
203967,Dario Saric,OKC,57,14.1,-6.453519935388991,-1.7859824569524376,-0.8207378164106279,-1.1999588788309272,-1.7496923482293643,-0.9836544612875107,-1.019742804431492,-0.12636405816778598,0.044023620124039715,1.1885892687971154,6.4,3.6,1.3,0.4,0.1,0.8,0.458,4.9,0.829,1.3,1.0
1630537,Chris Duarte,IND,46,19.5,-6.460845884241522,-1.5459310514480777,-1.2753257308374613,-1.154436918328995,-1.4379894358369598,-0.7787264485192792,-0.6077255097116975,-1.1196330679024475,0.14921317916614035,1.3097090991772562,7.9,2.5,1.4,0.5,0.2,1.2,0.369,7.2,0.847,1.6,0.9
1630322,Lindy Waters III,OKC,41,12.9,-6.471875315533885,-1.9780235813559257,-1.5646089491090827,-1.473090641842519,-2.061395260621769,-0.5737984357510478,-0.40171686235180026,-0.5067197518486959,-0.07006974449128733,2.1575479118382423,5.2,1.8,0.7,0.3,0.3,1.4,0.393,4.3,0.8,0.5,0.2
1630702,Jaden Hardy,DAL,48,14.8,-6.472359928678467,-1.4019002081454617,-1.5232827750702795,-1.154436918328995,-1.7496923482293643,-0.9836544612875107,-0.5047211860317488,-0.38990263934479086,0.04664133896256827,1.1885892687971154,8.8,1.9,1.4,0.4,0.1,1.3,0.438,6.9,0.823,1.6,1.0
1630549,Day'Ron Sharpe,BKN,48,11.5,-6.487079604604615,-2.0580407165240455,-0.5727807721778098,-1.4275686813405872,-2.061395260621769,0.24591361532187767,-1.7407730701911324,0.35975639117931485,-0.5419002094277188,1.3097090991772562,4.7,4.2,0.8,0.3,0.7,0.1,0.544,3.6,0.636,1.1,0.9
1631115,Orlando Robinson,MIA,31,13.7,-6.499773344915585,-2.2180749868602856,-0.614106946216613,-1.4275686813405872,-1.7496923482293643,-0.36887042298281636,-1.843777393871081,0.23023193161691818,-0.3021029177295763,1.7941884206978196,3.7,4.1,0.8,0.4,0.4,0.0,0.528,2.9,0.71,1.0,0.5
1628981,Bruno Fernando,ATL,39,10.4,-6.541584839016714,-2.1860681327930376,-0.862063990449431,-1.4275686813405872,-2.3730981730141734,0.6557696408583406,-1.843777393871081,0.22608013954057465,-0.4039268382649974,1.6730685903176785,3.9,3.5,0.8,0.2,0.9,0.0,0.527,2.9,0.7,1.3,0.6
1629111,Jock Landale,PHX,69,14.2,-6.552591290691969,-1.7539756028851896,-0.614106946216613,-1.3365247603367232,-2.3730981730141734,-0.36887042298281636,-1.5347644228312352,0.36469272879284326,-0.24565279039531882,1.3097090991772562,6.6,4.1,1.0,0.2,0.4,0.3,0.528,4.9,0.752,1.5,0.9
1629004,Svi Mykhailiuk,CHA,32,14.6,-6.553332878131508,-1.7059653217843176,-1.6059351231478856,-1.0178710368231991,-1.4379894358369598,-0.9836544612875107,-0.5047211860317488,-0.24335869557426595,-0.4846665472030171,1.430828929557397,6.9,1.7,1.7,0.5,0.1,1.3,0.445,5.4,0.667,1.2,0.8
201933,Blake Griffin,BOS,41,13.9,-6.5921042884461905,-2.1540612787257896,-0.738085468333022,-1.1089149578270632,-2.061395260621769,-0.7787264485192792,-1.2257514517913892,0.053405675433007734,-0.37276351875870356,1.7941884206978196,4.1,3.8,1.5,0.3,0.2,0.6,0.485,3.2,0.656,0.8,0.5
1630539,Kai Jones,CHA,46,11.9,-6.663789569625569,-2.2660852679611576,-1.1926733827598552,-1.655178483850247,-1.7496923482293643,0.24591361532187767,-1.7407730701911324,0.32173170236976883,-0.17898109426299685,1.551948759937538,3.4,2.7,0.3,0.4,0.7,0.1,0.558,2.6,0.731,0.6,0.7
1628995,Kevin Knox II,POR,63,15.1,-6.670187408198783,-1.7539756028851896,-1.1513472087210523,-1.564134562846383,-1.7496923482293643,-0.7787264485192792,-0.8137341570715947,-0.13955816705591761,-0.14984784242739901,1.430828929557397,6.6,2.8,0.5,0.4,0.2,1.0,0.458,5.3,0.767,1.0,0.8
1630205,Lamar Stevens,CLE,62,18.1,-6.689102630984448,-1.9620201543223015,-0.9447163385270372,-1.564134562846383,-1.7496923482293643,-0.5737984357510478,-1.328755775471338,-0.18232448874713605,-0.29896877816780054,1.9153082510779604,5.3,3.3,0.5,0.4,0.3,0.5,0.448,4.6,0.702,0.9,0.4
1630181,R.J. Hampton,DET,47,15.9,-6.707752320725328,-1.7859824569524376,-1.5232827750702795,-1.291002799834791,-1.1262865234445556,-0.7787264485192792,-0.9167384807515433,-0.33009392700640233,-0.2653480083232964,1.3097090991772562,6.4,1.9,1.1,0.6,0.2,0.9,0.43,5.0,0.75,1.6,0.9
203085,Austin Rivers,MIN,52,19.5,-6.713492177723665,-2.0260338624567975,-1.6472612971866887,-1.154436918328995,-1.4379894358369598,-0.9836544612875107,-1.019742804431492,-0.22838933766038744,-0.13129231161279445,1.9153082510779604,4.9,1.6,1.4,0.5,0.1,0.8,0.435,4.0,0.769,0.8,0.4
1630572,Sandro Mamukelashvili,SAS,43,15.3,-6.719200187120623,-1.8339927380533096,-0.5314545981390069,-1.154436918328995,-2.061395260621769,-0.5737984357510478,-1.1227471281114407,-0.4127174526305185,-0.4594865850419319,1.430828929557397,6.1,4.3,1.4,0.3,0.3,0.7,0.422,5.3,0.684,1.3,0.8
1630240,Saben Lee,PHX,25,14.9,-6.8261561554810966,-1.8499961650869337,-1.5646089491090827,-0.5626514318038792,-0.5028806986597463,-1.188582474055742,-1.4317600991512867,-0.4872779117118872,-0.4269876946996547,1.1885892687971154,6.0,1.8,2.7,0.8,0.0,0.4,0.405,4.8,0.737,2.3,1.0
201145,Jeff Green,DEN,56,19.5,-6.8378956233375865,-1.5619344784817015,-1.2339995567986584,-1.2454808393328591,-2.061395260621769,-0.5737984357510478,-1.328755775471338,0.09405315151285071,-0.3574133579504609,1.430828929557397,7.8,2.6,1.2,0.3,0.3,0.5,0.488,5.9,0.744,2.1,0.8
1629002,Chimezie Metu,SAC,66,10.4,-6.886125546217453,-2.0260338624567975,-1.068694860643446,-1.518612602344451,-2.061395260621769,-0.5737984357510478,-1.7407730701911324,0.5453157272479474,-0.23632160215457718,1.7941884206978196,4.9,3.0,0.6,0.3,0.3,0.1,0.589,3.3,0.74,1.1,0.5
1628988,Aaron Holiday,ATL,63,13.4,-6.90268752428538,-2.1860681327930376,-1.8125659933419007,-1.154436918328995,-1.1262865234445556,-0.7787264485192792,-1.2257514517913892,-0.28061601867590863,-0.011304627707990978,1.6730685903176785,3.9,1.2,1.4,0.6,0.2,0.6,0.418,3.5,0.844,0.5,0.6
1629052,Oshae Brissett,IND,65,16.7,-6.916562826376115,-1.8339927380533096,-0.9033901644882341,-1.473090641842519,-1.4379894358369598,-0.7787264485192792,-1.1227471281114407,-0.6314510390415761,-0.5293636511806159,1.7941884206978196,6.1,3.4,0.7,0.5,0.2,0.7,0.386,4.9,0.717,2.2,0.5
202083,Wesley Matthews,MIL,52,15.8,-6.927840088337627,-2.2660852679611576,-1.3993042529538704,-1.473090641842519,-1.7496923482293643,-0.5737984357510478,-1.019742804431492,-0.48861221178607783,0.006057793159801172,2.036428081458101,3.4,2.2,0.7,0.4,0.3,0.8,0.363,3.1,0.857,0.5,0.3
203095,Evan Fournier,NYK,27,17.0,-6.948286795989593,-1.8339927380533096,-1.5646089491090827,-1.1999588788309272,-1.1262865234445556,-0.9836544612875107,-0.5047211860317488,-1.2226490508836105,0.05675606209375414,1.430828929557397,6.1,1.8,1.3,0.6,0.1,1.3,0.337,6.1,0.857,0.8,0.8
1630647,Eugene Omoruyi,DET,40,16.1,-6.959493959273498,-1.6899618947506936,-1.1513472087210523,-1.473090641842519,-0.814583611052151,-0.9836544612875107,-1.2257514517913892,-0.275158559574177,-0.6556552294312633,1.3097090991772562,7.0,2.8,0.7,0.7,0.1,0.6,0.443,5.7,0.68,1.9,0.9
1631128,Christian Braun,DEN,76,15.5,-6.984346623418881,-2.0580407165240455,-1.3166519048762644,-1.4275686813405872,-1.4379894358369598,-0.7787264485192792,-1.4317600991512867,0.11121007435523038,-0.43900783222351053,1.7941884206978196,4.7,2.4,0.8,0.5,0.2,0.4,0.495,3.8,0.625,0.8,0.5
1631223,David Roddy,MEM,70,18.0,-7.007698514285079,-1.7379721758515658,-1.1513472087210523,-1.4275686813405872,-1.7496923482293643,-0.5737984357510478,-0.9167384807515433,-0.4117553821907589,-0.46965473100655697,1.430828929557397,6.7,2.8,0.8,0.4,0.3,0.9,0.429,6.0,0.631,0.9,0.8
1631107,Nikola Jović,MIA,15,13.6,-7.047328269322602,-1.9300133002550537,-1.4406304269926735,-1.473090641842519,-1.4379894358369598,-0.9836544612875107,-1.328755775471338,-0.45891974017802084,0.4537767526039341,1.551948759937538,5.5,2.1,0.7,0.5,0.1,0.5,0.406,4.6,0.947,1.3,0.7
1627745,Damian Jones,UTA,41,11.6,-7.060385377260387,-2.2500818409275336,-1.068694860643446,-1.609656523348315,-2.3730981730141734,-0.16394241021458503,-1.6377687465111839,0.5131722666624081,-0.14338367958123635,1.6730685903176785,3.5,3.0,0.4,0.2,0.5,0.2,0.64,2.1,0.759,0.7,0.6
1626149,Montrezl Harrell,PHI,57,11.9,-7.092900668658315,-1.9140098732214297,-1.1513472087210523,-1.518612602344451,-2.061395260621769,-0.36887042298281636,-1.843777393871081,0.6548142324779671,-0.5627707296913625,1.6730685903176785,5.6,2.8,0.6,0.3,0.4,0.0,0.598,3.7,0.693,1.8,0.6
1629637,Jaxson Hayes,NOP,47,13.0,-7.109991255829533,-2.0100304354231735,-1.1513472087210523,-1.473090641842519,-1.7496923482293643,-0.36887042298281636,-1.7407730701911324,0.3657865112570938,-0.5339223996341079,1.551948759937538,5.0,2.8,0.7,0.4,0.4,0.1,0.551,3.3,0.699,1.8,0.7
1629134,Kendrick Nunn,WAS,70,13.8,-7.124766563805764,-1.6739584677170698,-1.6472612971866887,-1.1999588788309272,-1.7496923482293643,-0.9836544612875107,-0.710729833391646,-0.4873695374680552,0.018149161128243056,1.3097090991772562,7.1,1.6,1.3,0.4,0.1,1.1,0.424,6.4,0.854,0.6,0.9
203473,Dewayne Dedmon,PHI,38,11.2,-7.129611976346258,-1.9780235813559257,-0.862063990449431,-1.473090641842519,-2.3730981730141734,-0.16394241021458503,-1.5347644228312352,0.20110639437514832,-0.4976839109510746,1.551948759937538,5.2,3.5,0.7,0.2,0.5,0.3,0.51,4.0,0.673,1.3,0.7
1629726,Garrison Mathews,ATL,54,12.7,-7.130416279980582,-2.0420372894904215,-1.729913645264295,-1.564134562846383,-1.7496923482293643,-0.9836544612875107,-0.6077255097116975,-0.5900075642050271,0.2214408499761559,1.9153082510779604,4.8,1.4,0.5,0.4,0.1,1.2,0.363,3.7,0.906,1.0,0.4
203469,Cody Zeller,MIA,15,14.4,-7.145578448846273,-1.7699790299188136,-0.5314545981390069,-1.473090641842519,-2.3730981730141734,-0.5737984357510478,-1.843777393871081,0.8502233373346149,-0.7403126128215031,1.3097090991772562,6.5,4.3,0.7,0.2,0.3,0.0,0.627,3.9,0.686,2.3,0.9
203200,Justin Holiday,DAL,46,15.4,-7.211462593427109,-2.0900475705912935,-1.8125659933419007,-1.382046720838655,-1.7496923482293643,-0.36887042298281636,-0.8137341570715947,-0.6201123517158379,-0.16858144935346794,1.7941884206978196,4.5,1.2,0.9,0.4,0.4,1.0,0.377,4.4,0.625,0.2,0.5
201988,Patty Mills,BKN,40,14.2,-7.2172471406074274,-1.8179893110196859,-1.8538921673807036,-1.154436918328995,-1.7496923482293643,-0.9836544612875107,-0.6077255097116975,-0.48615549619883475,0.005470141991968102,1.430828929557397,6.2,1.1,1.4,0.4,0.1,1.2,0.411,5.2,0.833,0.8,0.8
1631172,Ousmane Dieng,OKC,39,14.6,-7.23571978202073,-2.0260338624567975,-1.1926733827598552,-1.2454808393328591,-1.7496923482293643,-0.7787264485192792,-1.1227471281114407,-0.3667213230343928,-0.305593209514281,1.551948759937538,4.9,2.7,1.2,0.4,0.2,0.7,0.42,4.6,0.652,0.6,0.7
1630192,Zeke Nnaji,DEN,53,13.7,-7.255526812040195,-1.9780235813559257,-1.2339995567986584,-1.655178483850247,-2.061395260621769,-0.36887042298281636,-1.5347644228312352,0.4588210134257514,-0.555184687342973,1.6730685903176785,5.2,2.6,0.3,0.3,0.4,0.3,0.561,3.7,0.645,1.2,0.6
1630184,Kira Lewis Jr.,NOP,25,9.4,-7.2758540440051584,-2.0740441435576695,-1.7712398193030978,-1.382046720838655,-1.7496923482293643,-0.9836544612875107,-1.2257514517913892,-0.09521702768056892,0.09048367760513702,1.9153082510779604,4.6,1.3,0.9,0.4,0.1,0.6,0.455,3.5,0.864,0.9,0.4
1631169,Josh Minott,MIN,15,6.4,-7.291245886965146,-2.3140955490620296,-1.6059351231478856,-1.655178483850247,-2.061395260621769,-0.36887042298281636,-1.7407730701911324,0.10040968834697683,0.19704442270551467,2.1575479118382423,3.1,1.7,0.3,0.3,0.4,0.1,0.5,2.4,1.0,0.5,0.2
202722,Davis Bertans,DAL,45,10.9,-7.295114368393995,-2.0740441435576695,-1.8125659933419007,-1.564134562846383,-2.3730981730141734,-0.7787264485192792,-0.6077255097116975,-0.22263982146087175,-0.019727627780263407,2.1575479118382423,4.6,1.2,0.5,0.2,0.2,1.2,0.431,3.6,0.867,0.3,0.2
1630625,Dalano Banton,TOR,31,9.0,-7.357733711997664,-2.0740441435576695,-1.6885874712254916,-1.2454808393328591,-1.7496923482293643,-0.36887042298281636,-1.328755775471338,-0.3137272763109682,-0.261644025204834,1.6730685903176785,4.6,1.5,1.2,0.4,0.4,0.5,0.423,4.2,0.708,0.8,0.6
200752,Rudy Gay,UTA,56,14.6,-7.362382732820802,-1.9780235813559257,-1.1100210346822492,-1.3365247603367232,-2.061395260621769,-0.5737984357510478,-1.2257514517913892,-0.7024724532909722,0.07365548507173847,1.551948759937538,5.2,2.9,1.0,0.3,0.3,0.6,0.38,5.1,0.857,0.9,0.7
1629130,Duncan Robinson,MIA,42,16.4,-7.406478069298569,-1.7859824569524376,-1.6472612971866887,-1.291002799834791,-2.061395260621769,-1.188582474055742,-0.29871253867185155,-0.8469548175477265,0.16146481563490064,1.551948759937538,6.4,1.6,1.1,0.3,0.0,1.5,0.371,5.6,0.906,0.8,0.7
203526,Raul Neto,CLE,48,10.5,-7.414961565561754,-2.282088694994781,-1.8952183414195067,-1.063392997325131,-1.7496923482293643,-0.9836544612875107,-1.5347644228312352,0.15696568634141622,0.14269559348653868,1.7941884206978196,3.3,1.0,1.6,0.4,0.1,0.3,0.518,2.3,0.912,0.7,0.5
1628962,Udoka Azubuike,UTA,36,10.0,-7.428192019913263,-2.2500818409275336,-0.9447163385270372,-1.655178483850247,-2.3730981730141734,-0.36887042298281636,-1.843777393871081,1.0029462930366908,-0.7896040804748864,1.7941884206978196,3.5,3.3,0.3,0.2,0.4,0.0,0.819,2.0,0.35,0.6,0.5
203476,Gorgui Dieng,SAS,31,11.6,-7.440990977286897,-2.1860681327930376,-0.862063990449431,-1.0178710368231991,-2.684801085406578,-0.16394241021458503,-1.1227471281114407,-0.4872206456142826,-0.10486581667145746,1.1885892687971154,3.9,3.5,1.7,0.1,0.5,0.7,0.385,3.8,0.769,0.4,1.0
1627863,Danuel House Jr.,PHI,56,14.4,-7.461194261790014,-2.0420372894904215,-1.6059351231478856,-1.4275686813405872,-2.061395260621769,-0.7787264485192792,-1.1227471281114407,-0.010033707493521202,-0.2069390437629289,1.7941884206978196,4.8,1.7,0.8,0.3,0.2,0.7,0.472,3.5,0.75,1.1,0.5
202693,Markieff Morris,DAL,35,10.1,-7.554913884590899,-2.2020715598266616,-1.4819566010314764,-1.382046720838655,-2.061395260621769,-0.9836544612875107,-1.019742804431492,-0.3050858221824132,0.08685092493126062,1.7941884206978196,3.8,2.0,0.9,0.3,0.1,0.8,0.409,3.3,1.0,0.3,0.5
1630568,Luka Garza,MIN,28,8.7,-7.558174535999607,-1.7699790299188136,-1.3579780789150675,-1.518612602344451,-2.684801085406578,-0.9836544612875107,-1.328755775471338,0.3989550349897581,-0.1075369583434256,1.7941884206978196,6.5,2.3,0.6,0.1,0.1,0.5,0.543,4.1,0.788,1.9,0.5
1630284,Kevon Harris,ORL,34,13.4,-7.58686086437398,-2.1540612787257896,-1.4406304269926735,-1.564134562846383,-1.4379894358369598,-0.9836544612875107,-1.328755775471338,-0.15131489689417044,-0.19938861663683263,1.6730685903176785,4.1,2.1,0.5,0.5,0.1,0.5,0.439,3.1,0.756,1.2,0.6
1630541,Moses Moody,GSW,63,13.0,-7.619870484364107,-2.0420372894904215,-1.6059351231478856,-1.4275686813405872,-2.061395260621769,-0.9836544612875107,-1.019742804431492,0.00928787383831744,-0.2830131585805782,1.7941884206978196,4.8,1.7,0.8,0.3,0.1,0.8,0.476,3.6,0.698,0.8,0.5
1630533,Ziaire Williams,MEM,37,15.2,-7.654531721313629,-1.8980064461878057,-1.4406304269926735,-1.382046720838655,-1.7496923482293643,-0.7787264485192792,-1.1227471281114407,-0.35960314710212393,-0.1116683241294027,1.1885892687971154,5.7,2.1,0.9,0.4,0.2,0.7,0.429,5.3,0.773,0.6,1.0
1631219,John Butler Jr.,POR,19,11.6,-7.6560835415658115,-2.4261195382973972,-1.9365445154583096,-1.518612602344451,-1.7496923482293643,-0.16394241021458503,-1.4317600991512867,-0.6062768625345331,-0.10180290755426744,2.2786677422183828,2.4,0.9,0.6,0.4,0.5,0.4,0.321,2.8,0.75,0.2,0.1
1630202,Payton Pritchard,BOS,48,13.4,-7.687763491523232,-1.9140098732214297,-1.5646089491090827,-1.1999588788309272,-2.061395260621769,-1.188582474055742,-0.6077255097116975,-0.4688267750636409,-0.11348470046634093,1.430828929557397,5.6,1.8,1.3,0.3,0.0,1.2,0.412,5.1,0.75,0.3,0.8
1631260,AJ Green,MIL,35,9.9,-7.707937206710879,-2.1060509976249175,-1.7712398193030978,-1.518612602344451,-2.3730981730141734,-1.188582474055742,-0.5047211860317488,-0.25871746295185677,-0.02334257284299341,2.036428081458101,4.4,1.3,0.6,0.2,0.0,1.3,0.424,3.6,1.0,0.1,0.3
1630593,McKinley Wright IV,DAL,27,12.4,-7.7131219267024935,-2.1380578516921656,-1.6059351231478856,-0.8357831948154711,-2.061395260621769,-0.7787264485192792,-1.5347644228312352,-0.026789767652667586,-0.2836186173595574,1.551948759937538,4.2,1.7,2.1,0.3,0.2,0.3,0.469,3.6,0.684,0.7,0.7
1630528,Josh Christopher,HOU,64,12.3,-7.734095772818298,-1.8820030191541814,-1.8538921673807036,-1.291002799834791,-1.4379894358369598,-0.7787264485192792,-1.5347644228312352,-0.081851120499623,-0.1835754579387819,1.3097090991772562,5.8,1.1,1.1,0.5,0.2,0.3,0.465,5.1,0.75,0.9,0.9
1627823,Juancho Hernangomez,TOR,42,14.6,-7.746321126238695,-2.346102403129277,-1.1100210346822492,-1.518612602344451,-1.7496923482293643,-0.9836544612875107,-1.4317600991512867,-0.19681853805089533,-0.3249678904416225,1.9153082510779604,2.9,2.9,0.6,0.4,0.1,0.4,0.421,2.7,0.563,0.4,0.4
1630201,Malachi Flynn,TOR,53,13.0,-7.75737953290769,-2.0740441435576695,-1.729913645264295,-1.1999588788309272,-1.7496923482293643,-0.9836544612875107,-0.9167384807515433,-0.7618573965070857,-0.1357085991771149,1.7941884206978196,4.6,1.4,1.3,0.4,0.1,0.9,0.36,4.6,0.758,0.6,0.5
1630540,Miles McBride,NYK,64,11.9,-7.818392698438475,-2.2500818409275336,-1.977870689497113,-1.291002799834791,-1.1262865234445556,-0.9836544612875107,-1.2257514517913892,-0.5636479794775661,-0.3154052032559768,1.9153082510779604,3.5,0.8,1.1,0.6,0.1,0.6,0.358,3.4,0.667,0.7,0.4
1629678,Admiral Schofield,ORL,37,12.2,-7.832708708861836,-2.1380578516921656,-1.6059351231478856,-1.4275686813405872,-2.3730981730141734,-0.9836544612875107,-1.2257514517913892,-0.10665879398199558,0.11270757631591105,1.9153082510779604,4.2,1.7,0.8,0.2,0.1,0.6,0.451,3.3,0.913,0.6,0.4
1631323,Simone Fontecchio,UTA,52,14.7,-7.855390803239145,-1.8019858839860616,-1.6059351231478856,-1.4275686813405872,-2.061395260621769,-0.7787264485192792,-0.6077255097116975,-0.9271502606334018,-0.07573256483585958,1.430828929557397,6.3,1.7,0.8,0.3,0.2,1.2,0.369,6.0,0.795,0.8,0.8
201565,Derrick Rose,NYK,27,12.5,-7.883651304399993,-1.9140098732214297,-1.6885874712254916,-1.0178710368231991,-2.061395260621769,-0.7787264485192792,-1.1227471281114407,-0.7844087857438317,0.053265770309049415,1.430828929557397,5.6,1.5,1.7,0.3,0.2,0.7,0.384,5.9,0.917,0.4,0.8
1630556,Kessler Edwards,SAC,36,10.7,-7.88663110605195,-2.362105830162901,-1.6059351231478856,-1.518612602344451,-1.7496923482293643,-0.7787264485192792,-1.328755775471338,-0.31478097250689524,-0.14333025674779698,1.9153082510779604,2.8,1.7,0.6,0.4,0.2,0.5,0.387,2.6,0.733,0.4,0.4
201949,James Johnson,IND,18,9.0,-7.922427188218168,-2.362105830162901,-1.6059351231478856,-1.4275686813405872,-1.7496923482293643,-0.5737984357510478,-1.6377687465111839,-0.08858561357794027,-0.39228066057521654,1.9153082510779604,2.8,1.7,0.8,0.4,0.3,0.2,0.449,2.7,0.5,0.4,0.4
1630699,MarJon Beauchamp,MIL,52,13.5,-7.948085241042083,-1.9940270083895497,-1.3993042529538704,-1.473090641842519,-1.7496923482293643,-0.9836544612875107,-0.9167384807515433,-0.5436792912427938,-0.19760785552218726,1.3097090991772562,5.1,2.2,0.7,0.4,0.1,0.9,0.395,4.7,0.73,0.7,0.9
1629308,Juan Toscano-Anderson,UTA,52,13.5,-7.950587021525111,-2.3300989760956536,-1.3166519048762644,-1.1999588788309272,-2.061395260621769,-0.7787264485192792,-1.6377687465111839,-0.09718125482841145,-0.08075431117915943,1.551948759937538,3.0,2.4,1.3,0.3,0.2,0.2,0.448,2.8,0.792,0.5,0.7
1630550,JT Thor,CHA,69,14.0,-7.967424795091258,-2.2020715598266616,-1.3993042529538704,-1.564134562846383,-2.061395260621769,-0.5737984357510478,-1.2257514517913892,-0.3640756293250537,-0.2499622322927605,1.6730685903176785,3.8,2.2,0.5,0.3,0.3,0.6,0.399,3.4,0.702,0.7,0.6
1631108,Max Christie,LAL,41,12.5,-7.98615313753052,-2.3140955490620296,-1.5646089491090827,-1.564134562846383,-2.3730981730141734,-0.7787264485192792,-1.2257514517913892,-0.210556674866272,0.008390590219986624,2.036428081458101,3.1,1.8,0.5,0.2,0.2,0.6,0.415,2.6,0.875,0.4,0.3
1631102,TyTy Washington Jr.,HOU,31,14.0,-8.011696988866678,-2.0580407165240455,-1.6885874712254916,-1.1089149578270632,-1.4379894358369598,-0.9836544612875107,-1.2257514517913892,-0.8434959452524005,-0.459450969819639,1.7941884206978196,4.7,1.5,1.5,0.5,0.1,0.6,0.363,5.2,0.556,0.6,0.5
1630527,Brandon Boston,LAC,22,11.3,-8.033897901691306,-1.7699790299188136,-1.729913645264295,-1.382046720838655,-1.7496923482293643,-1.188582474055742,-1.328755775471338,-0.46111875832604327,-0.21799757028487654,1.7941884206978196,6.5,1.4,0.9,0.4,0.0,0.5,0.418,5.5,0.763,1.7,0.5
201959,Taj Gibson,WAS,49,9.8,-8.035996726652849,-2.2660852679611576,-1.5232827750702795,-1.473090641842519,-2.061395260621769,-0.7787264485192792,-1.6377687465111839,0.18028444128606558,-0.2701204481105458,1.7941884206978196,3.4,1.9,0.7,0.3,0.2,0.2,0.52,2.6,0.714,0.9,0.5
1631098,Johnny Davis,WAS,28,15.1,-8.059698617467768,-1.8820030191541814,-1.3579780789150675,-1.3365247603367232,-1.7496923482293643,-0.5737984357510478,-1.2257514517913892,-0.7947281365322052,-0.8122909770754682,1.6730685903176785,5.8,2.3,1.0,0.4,0.3,0.6,0.386,6.1,0.519,1.0,0.6
1631217,Moussa Diabaté,LAC,22,8.9,-8.064121754638997,-2.3781092571965257,-1.3579780789150675,-1.700700444352179,-2.061395260621769,-0.36887042298281636,-1.843777393871081,0.12533762063431936,-0.3939367684118367,1.9153082510779604,2.7,2.3,0.2,0.3,0.4,0.0,0.511,2.1,0.625,0.7,0.4
203920,Khem Birch,SAS,20,8.1,-8.079083914759792,-2.4581263923646457,-1.7712398193030978,-1.609656523348315,-2.061395260621769,-0.5737984357510478,-1.7407730701911324,0.29401491112907535,-0.07341757538682057,1.9153082510779604,2.2,1.3,0.4,0.3,0.3,0.1,0.594,1.6,0.8,0.3,0.4
1630531,Jaden Springer,PHI,16,5.6,-8.092398036788463,-2.3941126842301497,-1.9365445154583096,-1.564134562846383,-1.7496923482293643,-0.7787264485192792,-1.7407730701911324,0.05088596713839931,-0.13684828629048792,2.1575479118382423,2.6,0.9,0.5,0.4,0.2,0.1,0.486,2.2,0.75,0.5,0.2
201609,Goran Dragic,MIL,58,15.0,-8.11162339362667,-1.8019858839860616,-1.729913645264295,-0.6081733923058112,-2.3730981730141734,-0.9836544612875107,-0.9167384807515433,-0.4632834168155023,-0.30224537861874795,1.0674694384169743,6.3,1.4,2.6,0.2,0.1,0.9,0.421,5.8,0.689,0.8,1.1
201580,JaVale McGee,DAL,42,8.4,-8.132444425229448,-2.1060509976249175,-1.2753257308374613,-1.655178483850247,-2.684801085406578,0.04098560255364631,-1.843777393871081,0.7179901913555142,-0.635995626725579,1.3097090991772562,4.4,2.5,0.3,0.1,0.6,0.0,0.64,3.0,0.585,1.0,0.9
1630288,Jeff Dowtin Jr.,TOR,25,10.3,-8.138726496194241,-2.4261195382973972,-1.9365445154583096,-1.2454808393328591,-1.7496923482293643,-0.9836544612875107,-1.6377687465111839,-0.10316556202810659,-0.21384839688775267,2.1575479118382423,2.4,0.9,1.2,0.4,0.1,0.2,0.439,2.3,0.667,0.4,0.2
1626158,Richaun Holmes,SAC,42,8.3,-8.138754378133319,-2.3140955490620296,-1.5232827750702795,-1.700700444352179,-2.684801085406578,-0.5737984357510478,-1.7407730701911324,0.44702992392893554,-0.08476102368711147,2.036428081458101,3.1,1.9,0.2,0.1,0.3,0.1,0.618,2.1,0.789,0.5,0.3
1630547,James Bouknight,CHA,34,15.2,-8.189396914604536,-1.9140098732214297,-1.4406304269926735,-1.2454808393328591,-1.7496923482293643,-0.9836544612875107,-0.8137341570715947,-0.9687941668115675,-0.383109740834793,1.3097090991772562,5.6,2.1,1.2,0.4,0.1,1.0,0.358,5.7,0.667,0.9,0.9
1631222,Jake LaRavia,MEM,35,11.8,-8.198489376171027,-2.3300989760956536,-1.5646089491090827,-1.518612602344451,-2.061395260621769,-0.9836544612875107,-1.1227471281114407,-0.3205133088771295,-0.09104711042180955,1.7941884206978196,3.0,1.8,0.6,0.3,0.1,0.7,0.389,2.7,0.778,0.3,0.5
1626163,Frank Kaminsky,HOU,36,6.5,-8.202263124091122,-2.4101161112637737,-1.729913645264295,-1.382046720838655,-2.3730981730141734,-0.9836544612875107,-1.4317600991512867,0.06350741505048363,0.008390590219986624,2.036428081458101,2.5,1.4,0.9,0.2,0.1,0.4,0.492,1.8,0.875,0.4,0.3
1629603,Mamadi Diakite,CLE,22,8.0,-8.207730760741095,-2.3941126842301497,-1.729913645264295,-1.609656523348315,-2.3730981730141734,-0.36887042298281636,-1.5347644228312352,0.0318392630750634,-0.02334257284299341,1.7941884206978196,2.6,1.4,0.4,0.2,0.4,0.3,0.48,2.3,1.0,0.1,0.5
1631216,Caleb Houstan,ORL,51,15.9,-8.211742729887606,-2.2020715598266616,-1.5232827750702795,-1.518612602344451,-2.3730981730141734,-0.9836544612875107,-0.9167384807515433,-0.573108338801869,-0.03648458986907617,1.9153082510779604,3.8,1.9,0.6,0.2,0.1,0.9,0.363,3.6,0.833,0.4,0.4
1629676,Isaiah Roby,NYK,42,11.3,-8.297940757474759,-2.1540612787257896,-1.2339995567986584,-1.382046720838655,-1.7496923482293643,-0.7787264485192792,-1.4317600991512867,-0.2245066962427862,-0.8950963689064769,1.551948759937538,4.1,2.6,0.9,0.4,0.2,0.4,0.432,3.7,0.488,1.0,0.7
201586,Serge Ibaka,MIL,16,11.6,-8.319377713519517,-2.1540612787257896,-1.1513472087210523,-1.655178483850247,-2.684801085406578,-0.36887042298281636,-1.4317600991512867,0.035069070979970564,-0.46037696559925473,1.551948759937538,4.1,2.8,0.3,0.1,0.4,0.4,0.481,3.4,0.615,0.8,0.7
1631254,Kenneth Lofton Jr.,MEM,24,7.3,-8.351924505014921,-2.0100304354231735,-1.4406304269926735,-1.4275686813405872,-2.3730981730141734,-0.9836544612875107,-1.5347644228312352,0.29187888568841874,-0.6682452105118062,1.7941884206978196,5.0,2.1,0.8,0.2,0.1,0.3,0.527,3.9,0.593,1.1,0.5
202066,Garrett Temple,NOP,25,6.5,-8.356400806231512,-2.4901332464318933,-2.0191968635359157,-1.564134562846383,-1.7496923482293643,-0.9836544612875107,-1.4317600991512867,-0.17357422903313202,-0.10180290755426744,2.1575479118382423,2.0,0.7,0.5,0.4,0.1,0.4,0.4,1.8,0.75,0.2,0.2
1631116,Patrick Baldwin Jr.,GSW,31,7.3,-8.369161698694565,-2.1860681327930376,-1.7712398193030978,-1.609656523348315,-2.3730981730141734,-0.9836544612875107,-0.8137341570715947,-0.40087482364585847,-0.14614385930893656,1.9153082510779604,3.9,1.3,0.4,0.2,0.1,1.0,0.394,3.5,0.667,0.2,0.4
1630553,Keon Johnson,POR,40,10.4,-8.372622258465826,-2.0580407165240455,-1.8538921673807036,-1.1089149578270632,-1.4379894358369598,-0.7787264485192792,-1.1227471281114407,-0.6414496996833633,-0.43833114299994524,1.0674694384169743,4.7,1.1,1.5,0.5,0.2,0.7,0.376,4.5,0.659,1.0,1.1
1631133,Jabari Walker,POR,56,11.1,-8.38973685785618,-2.1860681327930376,-1.3579780789150675,-1.518612602344451,-2.3730981730141734,-0.7787264485192792,-1.5347644228312352,-0.27560523513549406,-0.15907218500126188,1.7941884206978196,3.9,2.3,0.6,0.2,0.2,0.3,0.419,3.5,0.756,0.8,0.5
1631121,Bryce McGowens,CHA,46,17.1,-8.428005678167354,-1.9620201543223015,-1.4819566010314764,-1.2454808393328591,-2.061395260621769,-0.9836544612875107,-1.2257514517913892,-0.5004262077219352,-0.2770298012353699,1.3097090991772562,5.3,2.0,1.2,0.3,0.1,0.6,0.396,4.4,0.75,1.7,0.9
1631212,Peyton Watson,DEN,23,8.1,-8.428885207269733,-2.282088694994781,-1.6472612971866887,-1.564134562846383,-2.684801085406578,-0.16394241021458503,-1.5347644228312352,0.07606014364544217,-0.6643809588930256,2.036428081458101,3.3,1.6,0.5,0.1,0.5,0.3,0.492,2.6,0.55,0.9,0.3
1630548,Johnny Juzang,UTA,18,12.9,-8.461162056713189,-2.0420372894904215,-1.3993042529538704,-1.609656523348315,-2.3730981730141734,-0.7787264485192792,-1.019742804431492,-1.160784485641212,-0.23535999115266845,2.1575479118382423,4.8,2.2,0.4,0.2,0.2,0.8,0.337,5.8,0.5,0.2,0.2
1629033,Theo Pinson,DAL,40,8.1,-8.464988143269288,-2.4261195382973972,-1.6472612971866887,-1.2454808393328591,-2.3730981730141734,-1.188582474055742,-1.2257514517913892,-0.35856663073547806,-0.036555820313661946,2.036428081458101,2.4,1.6,1.2,0.2,0.0,0.6,0.356,2.2,0.846,0.3,0.3
1626246,Boban Marjanovic,HOU,31,5.5,-8.487480090228136,-2.282088694994781,-1.5232827750702795,-1.655178483850247,-2.3730981730141734,-0.9836544612875107,-1.843777393871081,0.5846231766438399,-0.20521170548172288,1.7941884206978196,3.3,1.9,0.3,0.2,0.1,0.0,0.683,1.9,0.741,0.9,0.5
203458,Alex Len,SAC,26,6.2,-8.49629994958629,-2.5381435275327657,-1.3579780789150675,-1.564134562846383,-2.3730981730141734,-0.36887042298281636,-1.843777393871081,0.1245301686580926,-0.24789654939977182,1.6730685903176785,1.7,2.3,0.5,0.2,0.4,0.0,0.533,1.2,0.688,0.6,0.6
1627854,Bryn Forbes,MIN,25,10.7,-8.52402324341853,-2.2340784138939096,-2.060523037574719,-1.473090641842519,-2.061395260621769,-0.9836544612875107,-1.2257514517913892,-0.531859568697176,0.25214117159264166,1.7941884206978196,3.6,0.6,0.7,0.3,0.1,0.6,0.361,3.3,1.0,0.6,0.5
1630227,Daishen Nix,HOU,57,16.0,-8.56446838196424,-2.1700647057594136,-1.6059351231478856,-0.7447392738116073,-1.4379894358369598,-0.9836544612875107,-1.1227471281114407,-0.8007754364392656,-0.28155293446656876,0.5829901168964111,4.0,1.7,2.3,0.5,0.1,0.7,0.342,4.2,0.667,0.6,1.5
1630233,Nathan Knight,MIN,38,7.7,-8.588065630490135,-2.2180749868602856,-1.6885874712254916,-1.655178483850247,-2.061395260621769,-0.7787264485192792,-1.6377687465111839,0.29670641771649797,-0.5181092409360567,1.6730685903176785,3.7,1.5,0.3,0.3,0.2,0.2,0.568,2.1,0.684,1.5,0.6
1630264,Anthony Gill,WAS,59,10.6,-8.622607841565117,-2.282088694994781,-1.6059351231478856,-1.518612602344451,-2.684801085406578,-0.7787264485192792,-1.7407730701911324,0.21466700628795043,-0.2627659047070606,2.036428081458101,3.3,1.7,0.6,0.1,0.2,0.1,0.538,2.2,0.731,1.1,0.3
1630613,Duane Washington Jr.,NYK,31,12.7,-8.702905125807598,-1.5459310514480777,-1.8125659933419007,-0.8813051553174033,-2.3730981730141734,-0.9836544612875107,-0.5047211860317488,-1.3198410717383726,-0.3492574720453849,1.0674694384169743,7.9,1.2,2.0,0.2,0.1,1.3,0.367,8.3,0.667,0.8,1.1
1627788,Furkan Korkmaz,PHI,37,9.6,-8.720723385559115,-2.2020715598266616,-1.8538921673807036,-1.518612602344451,-2.061395260621769,-0.9836544612875107,-1.328755775471338,-0.17536093127839997,-0.2700492176659601,1.6730685903176785,3.8,1.1,0.6,0.3,0.1,0.5,0.432,3.0,0.722,1.0,0.6
1631207,Dalen Terry,CHI,38,5.6,-8.744271023591342,-2.4581263923646457,-1.8952183414195067,-1.518612602344451,-2.061395260621769,-0.9836544612875107,-1.6377687465111839,-0.06549019641394939,-0.28155293446656876,2.1575479118382423,2.2,1.0,0.6,0.3,0.1,0.2,0.444,1.9,0.667,0.6,0.2
1630235,Trent Forrest,ATL,23,12.0,-8.759537327880917,-2.4421229653310212,-1.6472612971866887,-1.0178710368231991,-2.061395260621769,-0.9836544612875107,-1.843777393871081,-0.20311208217765608,-0.1122915905195285,1.551948759937538,2.3,1.6,1.7,0.3,0.1,0.0,0.417,2.6,0.667,0.1,0.7
1629650,Moses Brown,LAC,36,8.2,-8.788808449540754,-2.1220544246585415,-0.6967592942942189,-1.7462224048541108,-2.684801085406578,-0.36887042298281636,-1.843777393871081,0.6303902418495465,-1.8720219164009144,1.9153082510779604,4.3,3.9,0.1,0.1,0.4,0.0,0.635,2.7,0.458,2.0,0.4
1631165,Keon Ellis,SAC,16,4.4,-8.82257297780623,-2.5701503816000133,-2.101849211613522,-1.609656523348315,-2.061395260621769,-0.9836544612875107,-1.4317600991512867,-0.02635454531087135,-0.3164202370913248,2.2786677422183828,1.5,0.5,0.4,0.3,0.1,0.4,0.438,1.0,0.571,0.4,0.1
1629644,KZ Okpala,SAC,35,7.1,-8.8333902004399,-2.6021572356672613,-1.8952183414195067,-1.609656523348315,-2.3730981730141734,-0.7787264485192792,-1.6377687465111839,-0.05928827804335627,-0.03502436575506691,2.1575479118382423,1.3,1.0,0.4,0.2,0.2,0.2,0.421,1.1,0.875,0.2,0.2
1631111,Wendell Moore Jr.,MIN,29,5.3,-8.882813437627071,-2.5861538086336378,-2.060523037574719,-1.518612602344451,-2.061395260621769,-0.7787264485192792,-1.7407730701911324,-0.09796580036559639,-0.0750914908345872,2.036428081458101,1.4,0.6,0.6,0.3,0.2,0.1,0.419,1.5,0.8,0.2,0.3
201577,Robin Lopez,CLE,37,8.1,-8.885536611794432,-2.3300989760956536,-1.729913645264295,-1.564134562846383,-2.684801085406578,-0.7787264485192792,-1.7407730701911324,0.4904147194742852,-0.09945230288293559,1.551948759937538,3.0,1.4,0.5,0.1,0.2,0.1,0.64,2.0,0.778,0.5,0.7
1628373,Frank Ntilikina,DAL,47,12.9,-8.915875404508373,-2.346102403129277,-1.7712398193030978,-1.2454808393328591,-2.061395260621769,-0.9836544612875107,-1.4317600991512867,-0.43390590874427143,-0.3154052032559768,1.6730685903176785,2.9,1.3,1.2,0.3,0.1,0.4,0.364,2.8,0.667,0.7,0.6
1630346,Matt Ryan,MIN,34,9.1,-8.918584807012689,-2.2340784138939096,-1.977870689497113,-1.564134562846383,-2.684801085406578,-1.188582474055742,-0.9167384807515433,-0.47344242253058266,-0.03648458986907617,2.1575479118382423,3.6,0.8,0.5,0.1,0.0,0.9,0.37,3.2,0.833,0.4,0.2
1630678,Terry Taylor,CHI,31,8.5,-8.929807662191086,-2.346102403129277,-1.6885874712254916,-1.655178483850247,-2.684801085406578,-0.7787264485192792,-1.6377687465111839,0.1691290054726626,-0.3442001104797921,2.036428081458101,2.9,1.5,0.3,0.1,0.2,0.2,0.52,2.4,0.545,0.4,0.3
1631104,Blake Wesley,SAS,37,18.1,-8.946787802508572,-2.0100304354231735,-1.3993042529538704,-0.6081733923058112,-0.814583611052151,-0.9836544612875107,-1.328755775471338,-1.2936418320842045,-0.7282746676865008,0.2196306257559885,5.0,2.2,2.6,0.7,0.1,0.5,0.321,5.8,0.591,1.2,1.8
1631113,Kennedy Chandler,MEM,36,7.8,-8.959071114898942,-2.4581263923646457,-1.8538921673807036,-1.063392997325131,-2.061395260621769,-0.9836544612875107,-1.7407730701911324,-0.15914317243673812,-0.4328820139891304,1.7941884206978196,2.2,1.1,1.6,0.3,0.1,0.1,0.422,2.3,0.462,0.4,0.5
1631246,Vince Williams Jr.,MEM,15,7.0,-8.960095185672243,-2.4901332464318933,-1.8952183414195067,-1.655178483850247,-1.7496923482293643,-0.9836544612875107,-1.5347644228312352,-0.6645393902375937,-0.02334257284299341,2.036428081458101,2.0,1.0,0.3,0.4,0.1,0.3,0.3,2.7,1.0,0.1,0.3
1630561,David Duke Jr.,BKN,23,9.9,-9.02248352586376,-2.2180749868602856,-1.7712398193030978,-1.382046720838655,-1.7496923482293643,-1.188582474055742,-1.843777393871081,-0.05741567665168126,-0.24248303561125004,1.430828929557397,3.7,1.3,0.9,0.4,0.0,0.0,0.462,3.4,0.706,0.7,0.8
1628408,PJ Dozier,SAC,16,5.0,-9.057450211625845,-2.5861538086336378,-1.9365445154583096,-1.518612602344451,-1.7496923482293643,-0.9836544612875107,-1.7407730701911324,-0.5000081652094207,-0.07843932173012044,2.036428081458101,1.4,0.9,0.6,0.4,0.1,0.1,0.303,2.1,0.0,0.0,0.3
203943,Noah Vonleh,BOS,23,7.5,-9.059225564259812,-2.6341640897345093,-1.4406304269926735,-1.655178483850247,-2.684801085406578,-0.5737984357510478,-1.843777393871081,0.00227850349149772,-0.02334257284299341,1.7941884206978196,1.1,2.1,0.3,0.1,0.3,0.0,0.458,1.0,1.0,0.1,0.5
1628432,Davon Reed,DEN,43,8.0,-9.120972241096709,-2.4741298193982697,-1.729913645264295,-1.564134562846383,-2.061395260621769,-0.9836544612875107,-1.4317600991512867,-0.3886198787584445,-0.28155293446656876,1.7941884206978196,2.1,1.4,0.5,0.3,0.1,0.4,0.333,2.0,0.667,0.6,0.5
1631298,Jack White,DEN,17,3.9,-9.13536522441935,-2.6181606627008853,-1.8952183414195067,-1.700700444352179,-2.3730981730141734,-0.9836544612875107,-1.6377687465111839,-0.05928827804335627,-0.14614385930893656,2.2786677422183828,1.2,1.0,0.2,0.2,0.1,0.2,0.421,1.1,0.667,0.2,0.1
202397,Ish Smith,DEN,43,9.3,-9.215692044918129,-2.4101161112637737,-1.7712398193030978,-0.7447392738116073,-2.3730981730141734,-0.7787264485192792,-1.843777393871081,-0.3256844374908373,-0.15689965644139445,1.1885892687971154,2.5,1.3,2.3,0.2,0.2,0.0,0.397,3.0,0.5,0.1,1.0
1630639,A.J. Lawson,DAL,15,7.2,-9.223445763517404,-2.2180749868602856,-1.729913645264295,-1.7462224048541108,-2.684801085406578,-1.188582474055742,-1.1227471281114407,0.11398175347929974,-0.8046337042824931,2.1575479118382423,3.7,1.4,0.1,0.1,0.0,0.7,0.5,2.9,0.25,0.5,0.2
1627853,Ryan Arcidiacono,NYK,20,8.6,-9.28261593227338,-2.6021572356672613,-1.977870689497113,-1.2454808393328591,-2.061395260621769,-1.188582474055742,-1.4317600991512867,-0.6122382632951863,-0.07843932173012044,1.9153082510779604,1.3,0.8,1.2,0.3,0.0,0.4,0.243,1.9,0.0,0.0,0.4
1629599,Amir Coffey,LAC,50,12.5,-9.294291893255265,-2.2660852679611576,-1.8538921673807036,-1.291002799834791,-2.684801085406578,-0.9836544612875107,-1.6377687465111839,-0.3593225432238605,-0.13307307272743982,1.9153082510779604,3.4,1.1,1.1,0.1,0.1,0.2,0.386,2.9,0.778,1.3,0.4
1628382,Justin Jackson,BOS,23,4.7,-9.30904676660649,-2.666170943801758,-2.0191968635359157,-1.609656523348315,-2.3730981730141734,-0.7787264485192792,-1.6377687465111839,-0.34619715365285453,-0.15689965644139445,2.2786677422183828,0.9,0.7,0.4,0.2,0.2,0.2,0.259,1.2,0.5,0.1,0.1
1630249,Vít Krejčí,ATL,29,5.7,-9.378376849986658,-2.6181606627008853,-1.9365445154583096,-1.518612602344451,-2.3730981730141734,-1.188582474055742,-1.6377687465111839,-0.10625793129876238,-0.15689965644139445,2.1575479118382423,1.2,0.9,0.6,0.2,0.0,0.2,0.405,1.3,0.5,0.1,0.2
203521,Matthew Dellavedova,SAC,32,6.6,-9.458540054472103,-2.5701503816000133,-2.143175385652325,-1.1999588788309272,-2.3730981730141734,-1.188582474055742,-1.5347644228312352,-0.28780864053506355,-0.1974297794107226,2.036428081458101,1.5,0.4,1.3,0.2,0.0,0.3,0.34,1.6,0.571,0.2,0.3
1630535,Greg Brown III,POR,16,5.8,-9.571163909896823,-2.5221401004991413,-1.8125659933419007,-1.700700444352179,-2.061395260621769,-0.5737984357510478,-1.7407730701911324,-0.19161304977862453,-0.8834858064389892,1.9153082510779604,1.8,1.2,0.2,0.3,0.3,0.1,0.393,1.8,0.417,0.8,0.4
1631213,Tyrese Martin,ATL,16,4.1,-9.830286394576293,-2.6021572356672613,-1.977870689497113,-1.7462224048541108,-2.684801085406578,-1.188582474055742,-1.7407730701911324,-0.14520460427974477,-0.02334257284299341,2.2786677422183828,1.3,0.8,0.1,0.1,0.0,0.1,0.391,1.4,1.0,0.1,0.1
203648,Thanasis Antetokounmpo,MIL,37,5.6,-10.077214672728523,-2.5861538086336378,-1.8125659933419007,-1.609656523348315,-2.684801085406578,-0.9836544612875107,-1.843777393871081,-0.04383215829983742,-0.5492013299977645,2.036428081458101,1.4,1.2,0.4,0.1,0.1,0.0,0.435,1.2,0.5,0.6,0.3
