PLAYER_ID,PLAYER_NAME,TEAM_ABBREVIATION,GP,MIN,Z_TOTAL,Z_PTS,Z_REB,Z_AST,Z_STL,Z_BLK,Z_FG3M,Z_FG_PCT,Z_FT_PCT,Z_TOV,PTS,REB,AST,STL,BLK,FG3M,FG_PCT,FGA,FT_PCT,FTA,TOV
201142,Kevin Durant,GSW,62,33.4,9.591647372672734,1.743834121723582,1.0410893081080415,0.6934022998757821,0.1990314530076653,2.069821740025903,0.5982637631144001,2.2674960487763767,1.4349579119654254,-0.45624927392444153,25.1,8.3,4.8,1.1,1.6,1.9,0.537,16.5,0.875,6.2,2.2
203076,Anthony Davis,NOP,75,36.1,8.304508080404842,2.248503034603469,2.32231735957715,-0.5393805423089926,0.7182439391146183,3.2810308206652476,-1.027032359188627,1.6163529821547917,0.37917992838293735,-0.6947070825957518,28.0,11.8,2.1,1.3,2.2,0.5,0.505,20.3,0.802,8.6,2.4
201939,Stephen Curry,GSW,79,33.4,7.507175666186678,1.778638874335988,-0.3499582906298477,1.515257527998965,2.016275154382001,-0.756332781465902,3.1523005267334425,0.24231177652275304,1.318763386918963,-1.4100805086096837,25.3,4.5,6.6,1.8,0.2,4.1,0.468,18.3,0.898,4.6,3.0
202695,Kawhi Leonard,SAS,74,33.4,7.237277982036519,1.8134436269483938,0.12592641420153533,0.09984019067570538,2.016275154382001,0.2530081190668853,0.7143563432789022,0.7760777629440679,1.775370740127814,-0.3370203695887861,25.5,5.8,3.5,1.8,0.7,2.0,0.485,17.7,0.88,7.2,2.1
203507,Giannis Antetokounmpo,MIL,80,35.6,6.914258365365141,1.3609818429871154,1.2241218868893426,0.96735404258351,1.4970626682750479,2.675426280345575,-0.910939779024125,1.7071655613267056,-0.3160625337440032,-1.2908516042740283,22.9,8.8,5.4,1.6,1.9,0.6,0.521,15.7,0.77,7.7,2.9
1626157,Karl-Anthony Towns,MIN,82,37.0,6.696862161628837,1.743834121723582,2.5053499383584508,-0.26542879960126486,-0.8393935192062412,1.4642171997062303,-0.21438429803711345,2.6332103469723886,0.6026220629798655,-0.9331648912670626,25.1,12.3,2.7,0.7,1.3,1.2,0.542,18.0,0.832,5.2,2.6
201935,James Harden,HOU,81,36.4,6.677366923697354,2.439929173971702,0.9678762765955207,3.615554222091544,1.2374564252215712,-0.15072824114622957,2.107467305252926,-0.7018581337982368,1.79093082118093,-4.6292609256723765,29.1,8.1,11.2,1.5,0.5,3.2,0.44,18.9,0.847,10.9,5.7
201566,Russell Westbrook,OKC,81,34.6,6.3177596683136725,2.874988581626777,1.9196456862582867,3.2502852318145745,1.4970626682750479,-0.352596421252787,1.294819244101412,-1.5449640555005688,1.6500929456563431,-4.271574212665411,31.6,10.7,10.4,1.6,0.4,2.5,0.425,24.0,0.845,10.4,5.4
101108,Chris Paul,LAC,61,31.5,6.180775586842862,0.525667780289372,-0.1669257118485465,2.7023817463991184,2.5354876404889537,-0.9582009615724595,0.7143563432789022,0.36350227557496545,1.1592135568283093,-0.6947070825957518,18.1,5.0,9.2,2.0,0.1,2.0,0.476,12.9,0.892,4.3,2.4
202710,Jimmy Butler III,CHI,76,37.0,5.893344709640866,1.5350056060491455,0.2723524772265764,1.0130126663681311,2.275881397435477,-0.352596421252787,-0.21438429803711345,-0.1647269430600556,1.8658205945002788,-0.3370203695887861,23.9,6.2,5.5,1.9,0.4,1.2,0.455,16.5,0.865,8.9,2.1
202738,Isaiah Thomas,BOS,76,33.8,5.290873216519294,2.4051244213592957,-1.0088755742425317,1.1956471615066164,-0.3201810330992879,-0.756332781465902,2.107467305252926,0.08104322805295182,2.758603189093599,-1.171622699938373,28.9,2.7,5.9,0.9,0.2,3.2,0.463,19.4,0.909,8.5,2.8
200768,Kyle Lowry,TOR,60,37.4,4.842505018839902,1.2739699614561006,-0.24013874336106703,1.6978920231374504,1.2374564252215712,-0.5544646013593445,2.107467305252926,0.09655816220043373,0.5146160905658607,-1.2908516042740283,22.4,4.8,7.0,1.5,0.3,3.2,0.464,15.3,0.819,6.1,2.9
202326,DeMarcus Cousins,NOP,72,34.2,4.76038907145449,2.074479271541439,2.0294652335270675,0.6020850523065394,0.9778501821680945,1.4642171997062303,0.48217118294989836,-0.3110006779926026,-0.3141955337929044,-2.244682838959271,27.0,11.0,4.6,1.4,1.3,1.8,0.452,19.9,0.772,9.3,3.7
202331,Paul George,IND,75,35.9,4.645555836967526,1.5002008534367397,0.41877854025161715,0.008522943106462715,1.4970626682750479,-0.352596421252787,1.410911824265914,0.012233907875922656,1.4412931252826366,-1.2908516042740283,23.7,6.6,3.3,1.6,0.4,2.6,0.461,18.0,0.898,5.0,2.9
203081,Damian Lillard,POR,75,35.9,4.512322647162946,2.074479271541439,-0.2035322276048066,1.1956471615066164,-0.3201810330992879,-0.5544646013593445,1.7591895647594196,-0.5940637365458495,2.0884131392318217,-0.9331648912670626,27.0,4.9,5.9,0.9,0.3,2.9,0.444,19.8,0.895,7.3,2.6
2544,LeBron James,CLE,74,37.8,4.493959080077052,1.9700650137042206,1.1509088553768219,2.474088627476012,0.4586376960611415,0.05113993896032786,0.3660786027853963,2.8585016678836217,-2.113862865868599,-2.7215984563018916,26.4,8.6,8.7,1.2,0.6,1.7,0.548,18.2,0.674,7.2,4.1
202681,Kyrie Irving,CLE,72,35.1,4.309694229698696,1.7612364980297848,-0.8258429954612306,1.149988537721995,0.4586376960611415,-0.5544646013593445,1.294819244101412,0.43605790226713587,1.403197935269209,-0.8139359869314072,25.2,3.2,5.8,1.2,0.3,2.5,0.473,19.7,0.905,4.6,2.5
202322,John Wall,WAS,78,36.4,3.802099420879496,1.3957865955995221,-0.4597778378986283,3.387261103168438,2.5354876404889537,0.05113993896032786,-0.33047687820161525,-0.3188024871460173,0.26307980221040655,-2.7215984563018916,23.1,4.2,10.7,2.0,0.6,1.1,0.451,18.4,0.801,6.8,4.1
203999,Nikola Jokić,DEN,73,27.9,3.7430962454082866,0.28203451200252966,1.590187044451945,0.7390609236604035,-0.5797872761527644,0.45487629917344297,-0.910939779024125,2.477267641801783,0.26587505775516806,-0.5754781782600964,16.7,9.8,4.9,0.8,0.8,0.6,0.578,11.7,0.825,3.1,2.3
203497,Rudy Gobert,UTA,81,33.9,3.6670579755956503,-0.18782964826495122,2.688382517139752,-0.9503081563705844,-1.0989997622597176,4.088503541091477,-1.6074952600111367,2.787530371713849,-2.0733919708612176,0.020666343418179828,14.0,12.8,1.2,0.6,2.6,0.0,0.661,7.7,0.653,5.9,1.8
203110,Draymond Green,GSW,76,32.5,3.653311300111306,-0.8491199479006654,0.8946632450830004,1.6978920231374504,2.5354876404889537,1.6660853798127875,-0.33047687820161525,-0.6462291971955939,-0.6202838825172591,-0.6947070825957518,10.2,7.9,7.0,2.0,1.4,1.1,0.418,8.6,0.709,2.8,2.4
203490,Otto Porter Jr.,WAS,80,32.6,3.4922668996306694,-0.29224390610216916,0.3455655087390969,-0.8133322850167204,1.2374564252215712,-0.15072824114622957,0.5982637631144001,1.0063114280870504,0.10956101128762626,1.4514131954460434,13.4,6.4,1.5,1.5,0.5,1.9,0.516,10.0,0.832,1.5,0.6
201144,Mike Conley,MEM,69,33.2,3.4681569948156246,0.9433248116382438,-0.71602344819245,1.3782816566451013,0.7182439391146183,-0.5544646013593445,1.294819244101412,-0.011729990101294047,0.9911835612294347,-0.5754781782600964,20.5,3.5,6.3,1.3,0.3,2.5,0.46,14.6,0.859,5.3,2.3
202689,Kemba Walker,CHA,79,34.7,3.178554082513967,1.4131889719057247,-0.5695973851674091,1.0130126663681311,0.1990314530076653,-0.5544646013593445,1.8752821449239216,-0.5472169285877879,0.6863381310118517,-0.3370203695887861,23.2,3.9,5.5,1.1,0.3,3.0,0.444,18.3,0.847,4.5,2.1
1626167,Myles Turner,IND,81,31.4,3.1767778263597863,-0.10081776673393623,0.6750241505454389,-0.9046495325859629,-0.3201810330992879,3.0791626405586903,-1.027032359188627,0.9788768635494202,0.1795839982175948,0.6168108650964563,14.5,7.3,1.3,0.9,2.1,0.5,0.511,10.7,0.809,3.7,1.3
202355,Hassan Whiteside,MIA,77,32.6,2.9866899064522925,0.3342416409211388,3.1642672219711345,-1.1786012752936907,-0.8393935192062412,3.0791626405586903,-1.6074952600111367,2.190297686498902,-1.9379977637333736,-0.2177914652531307,17.0,14.1,0.7,0.7,2.1,0.0,0.557,12.6,0.628,4.6,2.0
201188,Marc Gasol,MEM,74,34.2,2.9116036100691542,0.7693010485762137,0.30895899298283647,0.6020850523065394,-0.3201810330992879,1.4642171997062303,0.0178008622918904,-0.042668777367738685,0.5683395385969118,-0.45624927392444153,19.5,6.3,4.6,0.9,1.3,1.4,0.459,15.7,0.837,4.5,2.2
203078,Bradley Beal,WAS,77,34.9,2.896475678345923,1.3957865955995221,-0.8624495112174909,0.09984019067570538,0.1990314530076653,-0.5544646013593445,1.7591895647594196,0.6620826651448654,0.41525078698871154,-0.2177914652531307,23.1,3.1,3.5,1.1,0.3,2.9,0.482,17.2,0.825,4.4,2.0
203468,CJ McCollum,POR,80,34.9,2.785873453724942,1.378384219293319,-0.6794169324361897,0.1454988144603267,-0.3201810330992879,-0.15072824114622957,1.0626340837724078,0.6270308503800306,1.1789009664250065,-0.45624927392444153,23.0,3.6,3.6,0.9,0.5,2.3,0.48,18.0,0.912,3.7,2.2
202691,Klay Thompson,GSW,78,34.0,2.6135943007289124,1.2565675851498979,-0.6428104166799294,-0.5393805423089926,-0.5797872761527644,-0.15072824114622957,2.3396524655819295,0.2339730686749098,0.43698350552060106,0.25912415208949036,22.3,3.7,2.1,0.8,0.5,3.4,0.468,17.6,0.853,2.8,1.6
201567,Kevin Love,CLE,60,31.4,2.5979061632550136,0.6822891670451988,2.066071749283328,-0.6306977898782352,-0.3201810330992879,-0.352596421252787,1.1787266639369098,-0.8716595365187774,1.0637448289917952,-0.2177914652531307,19.0,11.1,1.9,0.9,0.4,2.4,0.427,14.5,0.871,4.9,2.0
200752,Rudy Gay,SAC,30,33.8,2.4733263729285886,0.6300820381265897,0.30895899298283647,-0.2197701758166437,1.2374564252215712,0.6567444792800003,0.0178008622918904,-0.1441042807079879,0.8000940184817388,-0.8139359869314072,18.7,6.3,2.8,1.5,0.9,1.4,0.455,14.7,0.855,4.6,2.5
204001,Kristaps Porziņģis,NYK,66,32.8,2.4527777099551535,0.525667780289372,0.6384176347891787,-0.8133322850167204,-0.8393935192062412,2.8772944604521324,0.3660786027853963,-0.28032075259668604,-0.04230055495945807,0.020666343418179828,18.1,7.2,1.5,0.7,2.0,1.7,0.45,14.9,0.786,3.8,1.8
202330,Gordon Hayward,UTA,73,34.5,2.446347391151668,1.1869580799250856,-0.020499648823505426,0.09984019067570538,-0.060574790045811434,-0.5544646013593445,0.7143563432789022,0.29773937611498363,0.881555002303128,-0.09856256091747531,21.9,5.4,3.5,1.0,0.3,2.0,0.471,15.8,0.844,5.9,1.9
201143,Al Horford,BOS,68,32.3,2.2942279659703484,-0.18782964826495122,0.49199157176413766,0.7847195474450247,-0.5797872761527644,1.4642171997062303,-0.09829171787261139,0.2709423787769882,0.00837066281445945,0.13989524775383524,14.0,6.8,5.0,0.8,1.3,1.3,0.473,11.8,0.8,2.0,1.7
203954,Joel Embiid,PHI,31,25.4,2.2844160190494334,0.8911176827196347,0.85805672932674,-0.5393805423089926,-0.3201810330992879,3.88663536098492,-0.21438429803711345,0.13909060564969467,-0.052626742891236124,-2.363911743294926,20.2,7.8,2.1,0.9,2.5,1.2,0.466,13.8,0.783,7.9,3.8
203496,Robert Covington,PHI,67,31.6,1.8107583957309674,-0.3792557876331842,0.38217202449535703,-0.8133322850167204,2.275881397435477,0.8586126593865578,0.7143563432789022,-1.1978542558141734,0.18796976485188233,-0.2177914652531307,12.9,6.5,1.5,1.9,1.0,2.0,0.399,10.9,0.822,2.6,2.0
202339,Eric Bledsoe,PHX,66,33.0,1.7283070705306753,1.047739069475462,-0.24013874336106703,1.3782816566451013,0.9778501821680945,-0.15072824114622957,0.2499860226208945,-0.7482471397445313,1.100560389825256,-1.8869961259523047,21.1,4.8,6.3,1.4,0.5,1.6,0.434,15.7,0.847,6.9,3.4
201572,Brook Lopez,BKN,75,29.6,1.7144613401279578,0.9433248116382438,-0.020499648823505426,-0.44806329473975015,-1.358606005313194,2.27168992013246,0.48217118294989836,0.3784084049528718,0.27997195626234067,-0.8139359869314072,20.5,5.4,2.3,0.5,1.7,1.8,0.474,15.6,0.81,4.9,2.5
201586,Serge Ibaka,TOR,79,30.7,1.5972076278570544,-0.0486106378153271,0.49199157176413766,-1.0872840277244482,-1.358606005313194,2.069821740025903,0.2499860226208945,0.43951898135086354,0.2235791178517688,0.6168108650964563,14.8,6.8,0.9,0.5,1.6,1.6,0.48,12.4,0.856,1.6,1.3
2772,Trevor Ariza,HOU,80,34.7,1.5531107618228341,-0.5880843033076204,0.08931989844527521,-0.4937219185243713,2.016275154382001,-0.5544646013593445,1.1787266639369098,-0.9171760820866256,-0.27149053210246726,1.0937264824390776,11.7,5.7,2.2,1.8,0.3,2.4,0.409,10.0,0.738,1.6,0.9
201942,DeMar DeRozan,TOR,74,35.4,1.4531900291587556,2.126686400460048,-0.09371268033602596,0.2824746858141905,0.1990314530076653,-0.756332781465902,-1.1431249393531289,0.23571319569345944,1.2971617779342008,-0.6947070825957518,27.3,5.2,3.9,1.1,0.2,0.4,0.467,20.9,0.842,8.7,2.4
200794,Paul Millsap,ATL,69,34.0,1.2463337284159004,0.525667780289372,0.8214502135704799,0.19115743824494802,0.7182439391146183,0.6567444792800003,-0.33047687820161525,-0.46673964928362416,-0.29423541633818207,-0.5754781782600964,18.1,7.7,3.7,1.3,0.9,1.1,0.442,14.1,0.768,5.9,2.3
201933,Blake Griffin,LAC,61,34.0,1.1372404494506245,1.134750951006477,0.9678762765955207,0.7390609236604035,-0.3201810330992879,-0.352596421252787,-0.910939779024125,0.9282885428145592,-0.47354083299003946,-0.5754781782600964,21.6,8.1,4.9,0.9,0.4,0.6,0.493,15.9,0.76,6.9,2.3
201952,Jeff Teague,IND,82,32.4,1.1060679428188704,0.0384012437156879,-0.5329908694111488,2.0631610134144203,0.4586376960611415,-0.352596421252787,-0.33047687820161525,-0.3622601220954988,1.057357171855733,-0.9331648912670626,15.3,4.0,7.8,1.2,0.4,1.1,0.442,11.1,0.867,5.1,2.6
201568,Danilo Gallinari,DEN,63,33.9,0.9448819208163766,0.5430701565955747,-0.09371268033602596,-0.5393805423089926,-1.0989997622597176,-0.756332781465902,0.7143563432789022,-0.28316104256497987,1.8422313647810613,0.6168108650964563,18.2,5.2,2.1,0.6,0.2,2.0,0.447,11.9,0.902,6.1,1.3
201950,Jrue Holiday,NOP,67,32.7,0.9325488724148345,0.055803620021890835,-0.5695973851674091,1.834867894491314,1.2374564252215712,0.2530081190668853,0.13389344245639245,-0.1519732021982062,-0.5700584372035756,-1.2908516042740283,15.4,3.9,7.3,1.5,0.7,1.5,0.454,13.3,0.708,2.5,2.9
201599,DeAndre Jordan,LAC,81,31.7,0.8317616064767972,-0.41406054024559036,3.0544476747023546,-0.9503081563705844,-1.0989997622597176,2.27168992013246,-1.6074952600111367,3.2486712222370175,-4.169765452468807,0.4975819607608012,12.7,13.8,1.2,0.6,1.7,0.0,0.714,7.1,0.482,5.2,1.4
203109,Jae Crowder,BOS,72,32.4,0.811551786927694,-0.20523202457115416,0.12592641420153533,-0.4937219185243713,-0.060574790045811434,-0.5544646013593445,0.9465415036079062,0.053555932393547855,0.14425259745761917,0.8552686737677668,13.9,5.8,2.2,1.0,0.3,2.2,0.463,10.0,0.811,3.0,1.1
202696,Nikola Vučević,ORL,75,28.8,0.784040526052057,-0.08341539042773329,1.8098261389895063,-0.2197701758166437,-0.060574790045811434,0.8586126593865578,-1.259217519517631,0.18751455352264018,-0.7080591021283185,0.25912415208949036,14.6,10.4,2.8,1.0,1.0,0.3,0.468,13.7,0.669,2.1,1.6
203476,Gorgui Dieng,MIN,82,32.4,0.7805922200441142,-0.8839247005130713,0.8946632450830004,-0.6306977898782352,0.1990314530076653,1.2623490195996727,-1.3753100996821328,0.6158782181247816,0.081792009205977,0.6168108650964563,10.0,7.9,1.9,1.1,1.2,0.2,0.502,8.1,0.814,2.0,1.3
203953,Jabari Parker,MIL,51,33.9,0.7623634683176321,0.873715306413432,0.2723524772265764,-0.2197701758166437,-0.060574790045811434,-0.352596421252787,-0.09829171787261139,0.8476866263134747,-0.5208241800661774,0.020666343418179828,20.1,6.2,2.8,1.0,0.4,1.3,0.49,16.0,0.743,4.3,1.8
201937,Ricky Rubio,MIN,75,32.9,0.7540829246072159,-0.6924985611448383,-0.49638435365488875,2.6567231226144976,1.756668911328524,-0.9582009615724595,-0.6787546186951211,-0.9042593541211095,1.003953631119674,-0.9331648912670626,11.1,4.1,9.1,1.7,0.1,0.8,0.402,8.7,0.891,3.8,2.6
2546,Carmelo Anthony,NYK,74,34.3,0.5501177315123877,1.2739699614561006,0.16253292995779575,-0.1741115520320224,-0.5797872761527644,-0.15072824114622957,0.7143563432789022,-0.9345869397488081,0.5754928754881997,-0.3370203695887861,22.4,5.9,2.9,0.8,0.5,2.0,0.433,18.8,0.833,4.9,2.1
201609,Goran Dragic,MIA,73,33.7,0.5452321635657114,0.9085200590258379,-0.6062039009236694,1.149988537721995,0.4586376960611415,-0.756332781465902,0.2499860226208945,0.40155257367341646,0.029935561126025696,-1.2908516042740283,20.3,3.8,5.8,1.2,0.2,1.6,0.475,15.4,0.79,5.2,2.9
200746,LaMarcus Aldridge,SAS,72,32.4,0.48370794543882634,0.3864487698397479,0.6750241505454389,-0.6306977898782352,-1.0989997622597176,1.2623490195996727,-1.259217519517631,0.4344472061838508,0.21677191016489872,0.4975819607608012,17.3,7.3,1.9,0.6,1.2,0.3,0.477,14.6,0.812,3.8,1.4
203897,Zach LaVine,MIN,47,37.2,0.4396762487184557,0.6648867907389955,-0.7526299639487103,-0.12845292824740107,-0.3201810330992879,-0.756332781465902,1.410911824265914,-0.04010892109251689,0.3409169181491847,0.020666343418179828,18.9,3.4,3.0,0.9,0.2,2.6,0.459,15.1,0.836,3.0,1.8
201976,Patrick Beverley,HOU,67,30.7,0.4074105568754659,-0.9709365820440863,0.16253292995779575,0.41945055716805446,1.2374564252215712,-0.352596421252787,0.2499860226208945,-0.5781221596858307,-0.13871327153529184,0.3783530564251458,9.5,5.9,4.2,1.5,0.4,1.6,0.42,8.1,0.768,1.4,1.5
201588,George Hill,UTA,49,31.5,0.3951163223176706,0.31683926461493556,-0.7526299639487103,0.41945055716805446,-0.060574790045811434,-0.756332781465902,0.5982637631144001,0.3726463314644516,0.11755869366241734,0.13989524775383524,16.9,3.4,4.2,1.0,0.2,1.9,0.477,12.4,0.801,4.0,1.7
202340,Avery Bradley,BOS,55,33.4,0.3817623068681539,0.2124250067777179,0.23574596147031596,-0.4937219185243713,0.4586376960611415,-0.756332781465902,0.7143563432789022,0.06554507198967086,-0.31401722480881156,0.25912415208949036,16.3,6.1,2.2,1.2,0.2,2.0,0.463,14.1,0.731,1.7,1.6
203914,Gary Harris,DEN,57,31.3,0.36709364534223043,-0.031208261509124164,-0.8624495112174909,-0.1741115520320224,0.4586376960611415,-0.9582009615724595,0.5982637631144001,0.8422792894624449,-0.12292768206111535,0.6168108650964563,14.9,3.1,2.9,1.2,0.1,1.9,0.502,11.2,0.776,2.4,1.3
201587,Nicolas Batum,CHA,77,34.0,0.31348984863802654,0.003596491103281712,0.2723524772265764,1.1956471615066164,0.1990314530076653,-0.352596421252787,0.48217118294989836,-1.30835951209959,0.6355830031277724,-0.8139359869314072,15.1,6.2,5.9,1.1,0.4,1.8,0.403,12.7,0.856,3.7,2.5
203114,Khris Middleton,MIL,29,30.7,0.07170921574133476,-0.06601301412153035,-0.4597778378986283,0.05418156689108404,0.9778501821680945,-0.756332781465902,0.2499860226208945,-0.21080675288321934,0.7388711043549832,-0.45624927392444153,14.7,4.2,3.4,1.4,0.2,1.6,0.45,11.5,0.88,3.2,2.2
203933,T.J. Warren,PHX,66,31.0,-0.15595211910444995,-0.11822014304013917,-0.1303191960922864,-0.9959667801552055,0.4586376960611415,0.05113993896032786,-1.1431249393531289,0.7678373267322591,-0.13966250465649635,1.0937264824390776,14.4,5.1,1.1,1.2,0.6,0.4,0.495,12.3,0.773,2.3,0.9
203457,Nerlens Noel,DAL,51,20.5,-0.18562908234200937,-1.1101555924937103,0.12592641420153533,-1.0416254039398267,0.7182439391146183,0.8586126593865578,-1.6074952600111367,1.4896209215779412,-0.5932543382814103,0.9744975781034223,8.7,5.8,1.0,1.3,1.0,0.0,0.595,6.1,0.694,2.2,1.0
202699,Tobias Harris,DET,82,31.3,-0.19523078514712666,0.17762025416531202,-0.1303191960922864,-0.7220150374474779,-0.8393935192062412,-0.15072824114622957,-0.09829171787261139,0.4829790131695165,0.34887788985077933,0.7360397694321117,16.1,5.1,1.7,0.7,0.5,1.3,0.481,13.0,0.841,2.8,1.2
101107,Marvin Williams,CHA,76,30.2,-0.22187141586592007,-0.6750961848386353,0.41877854025161715,-0.8589909088013417,-0.5797872761527644,0.2530081190668853,0.2499860226208945,-0.6339356552146834,0.3912105404273748,1.2129553867747327,11.2,6.6,1.4,0.8,0.7,1.6,0.422,9.3,0.873,2.0,0.8
2548,Dwyane Wade,CHI,60,29.9,-0.2664639871922977,0.5604725329017779,-0.3499582906298477,0.23681606202956915,0.9778501821680945,0.2530081190668853,-0.6787546186951211,-0.7580886845629402,0.06766888878938085,-0.5754781782600964,18.3,4.5,3.8,1.4,0.7,0.8,0.434,15.9,0.794,4.7,2.3
1717,Dirk Nowitzki,DAL,54,26.4,-0.3040081288962173,-0.15302489565254535,0.38217202449535703,-0.8133322850167204,-1.0989997622597176,0.2530081190668853,0.13389344245639245,-0.5277519540455817,0.4263006996206353,1.0937264824390776,14.2,6.5,1.5,0.6,0.7,1.5,0.437,12.6,0.875,2.1,0.9
202391,Jeremy Lin,BKN,36,24.5,-0.3916394657490801,-0.10081776673393623,-0.6062039009236694,0.8303781712296459,0.4586376960611415,-0.352596421252787,0.2499860226208945,-0.442075865508313,0.2657596813536955,-0.6947070825957518,14.5,3.8,5.1,1.2,0.4,1.6,0.438,11.1,0.816,3.9,2.4
204020,Tyler Johnson,MIA,73,29.8,-0.42597453310367817,-0.24003677718356034,-0.5329908694111488,-0.03713568067815841,0.4586376960611415,0.05113993896032786,-0.09829171787261139,-0.5520466199684732,-0.21129027244330728,0.7360397694321117,13.7,4.0,3.2,1.2,0.6,1.3,0.433,11.3,0.768,3.5,1.2
201152,Thaddeus Young,IND,74,30.2,-0.43235145618973814,-0.7099009374510412,0.23574596147031596,-0.767673661232099,1.2374564252215712,-0.352596421252787,-0.910939779024125,1.1214714043036293,-0.9027253133216585,0.6168108650964563,11.0,6.1,1.6,1.5,0.4,0.6,0.527,9.3,0.523,1.2,1.3
101150,Lou Williams,HOU,81,24.6,-0.4403562875871602,0.4212535224521538,-1.0820886057550523,-0.12845292824740107,-0.060574790045811434,-0.756332781465902,0.7143563432789022,-0.6914964683696003,1.3607708858186816,-0.2177914652531307,17.5,2.5,3.0,1.0,0.2,2.0,0.429,12.3,0.88,5.6,2.0
202693,Markieff Morris,WAS,76,31.2,-0.4484268315587584,-0.18782964826495122,0.38217202449535703,-0.7220150374474779,0.1990314530076653,0.05113993896032786,-0.5626620385306192,-0.06766812282706756,0.3195093512941721,0.13989524775383524,14.0,6.5,1.7,1.1,0.6,0.9,0.457,11.7,0.837,2.8,1.7
202685,Jonas Valančiūnas,TOR,80,25.8,-0.470666026308719,-0.5358771743890113,1.480367497183164,-1.1786012752936907,-1.358606005313194,0.45487629917344297,-1.6074952600111367,1.5370645499597213,0.12079447728552913,0.6168108650964563,12.0,9.5,0.7,0.5,0.8,0.0,0.557,8.8,0.811,2.7,1.3
2200,Pau Gasol,SAS,64,25.4,-0.5034557782130715,-0.46626766916419915,0.85805672932674,-0.44806329473975015,-1.6182122483666705,1.0604808394931156,-0.5626620385306192,0.7108206028792856,-0.6544195642074299,0.6168108650964563,12.4,7.8,2.3,0.4,1.1,0.9,0.502,9.4,0.707,2.9,1.3
203084,Harrison Barnes,DAL,79,35.5,-0.5485838676552088,0.7170939196576046,-0.1669257118485465,-0.8133322850167204,-0.5797872761527644,-0.756332781465902,-0.4465694583661173,0.21729565297922326,0.6631632074615577,0.6168108650964563,19.2,5.0,1.5,0.8,0.2,1.0,0.468,16.2,0.861,3.6,1.3
203991,Clint Capela,HOU,65,23.9,-0.5888579599298003,-0.4314629165517933,0.9678762765955207,-1.0416254039398267,-1.358606005313194,1.2623490195996727,-1.6074952600111367,2.8648773398799596,-1.8615818752854587,0.6168108650964563,12.6,8.1,1.0,0.5,1.2,0.0,0.643,8.7,0.531,2.7,1.3
203552,Seth Curry,DAL,70,29.0,-0.596123834505343,-0.39665816393938713,-1.045482089998792,-0.26542879960126486,0.1990314530076653,-0.9582009615724595,0.7143563432789022,0.3771332705536046,0.16231424866993205,0.6168108650964563,12.8,2.6,2.7,1.1,0.1,2.0,0.481,10.0,0.85,1.4,1.3
203077,Michael Kidd-Gilchrist,CHA,81,29.0,-0.6289766726620565,-1.0231437109626953,0.5652046032766582,-0.8589909088013417,-0.060574790045811434,0.8586126593865578,-1.6074952600111367,0.23780805934939866,-0.07258161596407435,1.3321842911103883,9.2,7.0,1.4,1.0,1.0,0.0,0.477,7.6,0.784,2.4,0.7
201949,James Johnson,MIA,76,27.4,-0.6513598418687753,-0.39665816393938713,-0.2035322276048066,0.1454988144603267,-0.060574790045811434,1.0604808394931156,-0.33047687820161525,0.34434889402506186,-0.6349681517955627,-0.5754781782600964,12.8,4.9,3.6,1.0,1.1,1.1,0.479,10.1,0.707,2.8,2.3
203469,Cody Zeller,CHA,62,27.8,-0.778254041074191,-0.8317175715944621,0.38217202449535703,-0.767673661232099,-0.060574790045811434,0.6567444792800003,-1.6074952600111367,1.4235152698264268,-0.9477221098958886,0.9744975781034223,10.3,6.5,1.6,1.0,0.9,0.0,0.571,7.1,0.679,3.2,1.0
203506,Victor Oladipo,OKC,67,33.2,-0.7883976782260446,0.14281550155290584,-0.4231713221423682,-0.3110874233858862,0.4586376960611415,-0.5544646013593445,0.5982637631144001,-0.4597743474710825,-0.2602832880139904,0.020666343418179828,15.9,4.3,2.6,1.2,0.3,1.9,0.442,13.9,0.753,2.3,1.8
2199,Tyson Chandler,PHX,47,27.6,-0.8153379834440717,-1.162362721412319,2.212497812308369,-1.224259899078312,-0.8393935192062412,-0.15072824114622957,-1.6074952600111367,1.870809407145519,-0.41198752280452217,0.4975819607608012,8.4,11.5,0.6,0.7,0.5,0.0,0.671,4.9,0.734,2.6,1.4
203083,Andre Drummond,DET,81,29.7,-0.8508291341931392,-0.2574391534897633,3.0544476747023546,-0.9959667801552055,1.2374564252215712,1.0604808394931156,-1.6074952600111367,1.4060229186124122,-4.649773237649012,-0.09856256091747531,13.6,13.8,1.1,1.5,1.1,0.0,0.53,11.2,0.386,4.4,1.9
2730,Dwight Howard,ATL,74,29.7,-0.9375383510187878,-0.2748415297959662,2.6517760013834915,-0.8589909088013417,-0.3201810330992879,1.2623490195996727,-1.6074952600111367,2.585071626530858,-3.7997480885649813,-0.5754781782600964,13.5,12.7,1.4,0.9,1.2,0.0,0.633,8.3,0.533,5.7,2.3
201569,Eric Gordon,HOU,75,31.0,-0.9927283941275998,0.19502263047151466,-1.0088755742425317,-0.3567460471705075,-1.0989997622597176,-0.15072824114622957,2.223559885417427,-1.3195025568781538,0.26441711959110803,0.25912415208949036,16.2,2.7,2.5,0.6,0.5,3.3,0.406,13.5,0.84,2.3,1.6
201584,Courtney Lee,NYK,77,31.9,-1.050672256566804,-0.7447056900634471,-0.7526299639487103,-0.44806329473975015,0.1990314530076653,-0.5544646013593445,0.0178008622918904,-0.06358625462790772,0.20221875043372217,1.0937264824390776,10.8,3.4,2.3,1.1,0.3,1.4,0.456,9.1,0.867,1.3,0.9
101162,Marcin Gortat,WAS,82,31.2,-1.078586095991199,-0.7447056900634471,1.8098261389895063,-0.8133322850167204,-1.358606005313194,0.2530081190668853,-1.6074952600111367,1.7582188746808471,-0.7538530447490854,0.3783530564251458,10.8,10.4,1.5,0.5,0.7,0.0,0.579,8.2,0.648,1.9,1.5
1626204,Larry Nance Jr.,LAL,63,22.9,-1.102596631903732,-1.3885936133929584,0.16253292995779575,-0.8133322850167204,0.7182439391146183,0.05113993896032786,-1.3753100996821328,0.6865187463488799,-0.23752267063261992,1.0937264824390776,7.1,5.9,1.5,1.3,0.6,0.2,0.526,5.7,0.738,1.3,0.9
203901,Elfrid Payton,ORL,82,29.4,-1.1207096961780425,-0.39665816393938713,-0.2767452591173271,1.469598904214344,0.1990314530076653,-0.15072824114622957,-1.027032359188627,0.21640401764740336,-0.6983307737314428,-0.45624927392444153,12.8,4.7,6.5,1.1,0.5,0.5,0.471,11.1,0.692,2.6,2.2
2738,Andre Iguodala,GSW,76,26.3,-1.1210414440721599,-1.3015817318619434,-0.5329908694111488,0.05418156689108404,-0.060574790045811434,-0.15072824114622957,-0.6787546186951211,0.683057667265153,-0.3466058138428755,1.2129553867747327,7.6,4.0,3.4,1.0,0.5,0.8,0.528,5.5,0.706,1.3,0.8
1626158,Richaun Holmes,PHI,57,20.9,-1.180815095975377,-0.9187294531254772,0.01610686693275468,-1.0416254039398267,-0.8393935192062412,0.8586126593865578,-1.027032359188627,1.2749621123117316,-0.4782135772496716,0.9744975781034223,9.8,5.5,1.0,0.7,1.0,0.5,0.558,7.2,0.699,1.8,1.0
203484,Kentavious Caldwell-Pope,DET,76,33.3,-1.2108096731059346,-0.2226344008773571,-0.7892364797049706,-0.3567460471705075,0.4586376960611415,-0.756332781465902,0.7143563432789022,-1.3436174576131785,0.22949478061817094,0.8552686737677668,13.8,3.3,2.5,1.2,0.2,2.0,0.399,12.2,0.832,2.4,1.1
203500,Steven Adams,OKC,80,29.9,-1.2394131268712856,-0.6576938085324321,0.8214502135704799,-0.9959667801552055,0.1990314530076653,0.8586126593865578,-1.6074952600111367,1.6402929114402927,-1.5183108589956866,0.020666343418179828,11.3,7.7,1.1,1.1,1.0,0.0,0.571,8.2,0.611,3.2,1.8
203090,Maurice Harkless,POR,77,28.9,-1.2499991977362035,-0.8839247005130713,-0.38656480638610774,-0.9959667801552055,0.1990314530076653,0.6567444792800003,-0.5626620385306192,0.6304391983419843,-0.7623646765486166,0.8552686737677668,10.0,4.4,1.1,1.1,0.9,0.9,0.503,8.1,0.621,1.6,1.1
202328,Greg Monroe,MIL,81,22.5,-1.259920923105935,-0.5880843033076204,0.41877854025161715,-0.44806329473975015,0.1990314530076653,-0.15072824114622957,-1.6074952600111367,1.183152435564451,-0.4064075004787667,0.13989524775383524,11.7,6.6,2.3,1.1,0.5,0.0,0.533,9.0,0.741,3.0,1.7
200755,JJ Redick,LAC,78,28.2,-1.28554611895566,-0.013805885202921227,-1.191908153023833,-0.8589909088013417,-0.8393935192062412,-0.756332781465902,1.410911824265914,-0.3112283805639004,0.6583908199461092,0.6168108650964563,15.0,2.2,1.4,0.7,0.2,2.6,0.445,11.4,0.891,2.6,1.3
1626156,D'Angelo Russell,LAL,63,28.7,-1.307851731725362,0.09060837263429672,-0.71602344819245,0.6934022998757821,0.9778501821680945,-0.5544646013593445,0.8304489234434043,-1.3741727458121742,-0.08387801454459785,-1.171622699938373,15.6,3.5,4.8,1.4,0.3,2.1,0.405,13.8,0.782,3.0,2.8
202083,Wesley Matthews,DAL,73,34.2,-1.309494820956069,-0.2748415297959662,-0.71602344819245,-0.1741115520320224,0.1990314530076653,-0.756332781465902,1.1787266639369098,-1.4014587044611675,0.13793311728606272,0.4975819607608012,13.5,3.5,2.9,1.1,0.2,2.4,0.393,11.6,0.816,2.5,1.4
203952,Andrew Wiggins,MIN,82,37.2,-1.3395969119644897,1.4827984771305371,-0.5329908694111488,-0.44806329473975015,-0.060574790045811434,-0.352596421252787,-0.09829171787261139,-0.29752068577177176,-0.4568794317410499,-0.5754781782600964,23.6,4.0,2.3,1.0,0.4,1.3,0.452,19.1,0.76,6.6,2.3
201163,Wilson Chandler,DEN,71,30.9,-1.3522918670141766,0.10801074894049965,0.38217202449535703,-0.585039166093614,-0.8393935192062412,-0.352596421252787,0.13389344245639245,0.015455300042493923,-0.4739184284857677,0.25912415208949036,15.7,6.5,2.0,0.7,0.4,1.5,0.461,13.2,0.727,2.7,1.6
201954,Darren Collison,SAC,68,30.3,-1.3994575165046537,-0.32704865871457534,-1.191908153023833,0.6020850523065394,-0.060574790045811434,-0.9582009615724595,-0.33047687820161525,0.30039750402623977,0.42637412096702676,0.13989524775383524,13.2,2.2,4.6,1.0,0.1,1.1,0.476,10.5,0.86,2.5,1.7
202703,Nikola Mirotic,CHI,70,24.0,-1.4253949719029,-0.7795104426758533,0.01610686693275468,-0.9959667801552055,-0.5797872761527644,0.45487629917344297,0.48217118294989836,-0.7496157520414898,-0.12893774370144967,0.8552686737677668,10.6,5.5,1.1,0.8,0.8,1.8,0.413,8.9,0.773,1.8,1.1
203512,Lucas Nogueira,TOR,57,19.1,-1.4817335171860857,-1.8584577736604393,-0.4231713221423682,-1.1786012752936907,-0.3201810330992879,2.069821740025903,-1.4914026798466347,0.9883804498146405,-0.4810770097589405,1.2129553867747327,4.4,4.3,0.7,0.9,1.6,0.1,0.66,2.7,0.657,1.2,0.8
202344,Trevor Booker,BKN,71,24.7,-1.5358359350863229,-0.8839247005130713,0.9312697608392605,-0.6306977898782352,0.1990314530076653,-0.352596421252787,-1.1431249393531289,0.8393718871573478,-0.515831528511554,0.020666343418179828,10.0,8.0,1.9,1.1,0.4,0.4,0.516,8.3,0.673,1.5,1.8
200757,Thabo Sefolosha,ATL,62,25.7,-1.546177310587779,-1.3711912370867552,-0.38656480638610774,-0.7220150374474779,1.2374564252215712,-0.15072824114622957,-0.7948471988596232,-0.21008050152423785,-0.24193319579799616,1.0937264824390776,7.2,4.4,1.7,1.5,0.5,0.7,0.441,6.4,0.733,1.2,0.9
203935,Marcus Smart,BOS,79,30.4,-1.5904361504736044,-0.7795104426758533,-0.5695973851674091,0.6020850523065394,1.4970626682750479,-0.352596421252787,-0.21438429803711345,-1.723986213924084,0.16828235525518606,-0.2177914652531307,10.6,3.9,4.6,1.6,0.4,1.2,0.359,9.5,0.812,3.2,2.0
203115,Will Barton,DEN,60,28.4,-1.6156179361293015,-0.24003677718356034,-0.4231713221423682,0.05418156689108404,-0.5797872761527644,-0.15072824114622957,0.13389344245639245,-0.34230618624229525,-0.32678729469905043,0.25912415208949036,13.7,4.3,3.4,0.8,0.5,1.5,0.443,11.1,0.753,3.2,1.6
201583,Ryan Anderson,HOU,72,29.4,-1.6428324505326417,-0.2574391534897633,-0.31335177487358756,-1.0872840277244482,-1.6182122483666705,-0.756332781465902,1.6430969845949175,-0.8099665209120979,0.34370168493017744,1.2129553867747327,13.6,4.6,0.9,0.4,0.2,2.8,0.418,10.7,0.86,2.1,0.8
201156,Nick Young,LAL,60,25.9,-1.6543463649176409,-0.32704865871457534,-1.1553016372675728,-1.0416254039398267,-1.0989997622597176,-0.756332781465902,1.6430969845949175,-0.5735081865305854,0.20395988521957814,1.4514131954460434,13.2,2.3,1.0,0.6,0.2,2.8,0.43,10.6,0.856,1.5,0.6
204456,T.J. McConnell,PHI,81,26.3,-1.6655459902512686,-1.4233983660053642,-0.8624495112174909,1.515257527998965,1.756668911328524,-0.9582009615724595,-1.4914026798466347,0.02008605128194012,-0.004315496965617944,-0.2177914652531307,6.9,3.1,6.6,1.7,0.1,0.1,0.461,6.3,0.811,1.1,2.0
203471,Dennis Schröder,ATL,79,31.5,-1.6696413126811298,0.49086302767696555,-0.8624495112174909,1.3782816566451013,-0.3201810330992879,-0.756332781465902,-0.09829171787261139,-0.26285956068190064,0.5290958289506457,-1.7677672216166493,17.9,3.1,6.3,0.9,0.2,1.3,0.451,15.4,0.855,3.2,3.3
203486,Mason Plumlee,DEN,81,26.5,-1.6784459773297868,-0.8143151952882591,0.7482371820579594,0.09984019067570538,-0.3201810330992879,1.0604808394931156,-1.6074952600111367,1.0572904384968749,-2.0421983874085936,0.13989524775383524,10.4,7.5,3.5,0.9,1.1,0.0,0.536,7.7,0.58,3.7,1.7
203082,Terrence Ross,ORL,78,25.1,-1.6850158106438664,-0.7099009374510412,-1.045482089998792,-0.9959667801552055,0.1990314530076653,-0.352596421252787,0.48217118294989836,-0.39630764867745155,0.04030894849476943,1.0937264824390776,11.0,2.6,1.1,1.1,0.4,1.8,0.437,9.6,0.831,1.0,0.9
203095,Evan Fournier,ORL,68,32.8,-1.7403211343273093,0.3690463935335447,-0.8624495112174909,-0.12845292824740107,-0.060574790045811434,-0.9582009615724595,0.5982637631144001,-0.526692537871754,0.16575980756844896,-0.3370203695887861,17.2,3.1,3.0,1.0,0.1,1.9,0.439,13.7,0.805,4.1,2.1
201565,Derrick Rose,NYK,64,32.5,-1.759491963417104,0.5082654039831688,-0.6062039009236694,0.5107678047372971,-0.8393935192062412,-0.5544646013593445,-1.3753100996821328,0.2890866784056666,0.883238448888248,-0.5754781782600964,18.0,3.8,4.4,0.7,0.3,0.2,0.471,15.3,0.874,4.0,2.3
1627763,Malcolm Brogdon,MIL,75,26.4,-1.7866488917154675,-0.8491199479006654,-0.9722690584862718,0.41945055716805446,0.1990314530076653,-0.756332781465902,-0.4465694583661173,-0.04251058400241595,0.283317871905039,0.3783530564251458,10.2,2.8,4.2,1.1,0.2,1.0,0.457,8.5,0.865,1.7,1.5
1626164,Devin Booker,PHX,78,35.0,-1.924392491051569,1.221762832537492,-0.8258429954612306,0.05418156689108404,-0.3201810330992879,-0.5544646013593445,0.5982637631144001,-1.2380545455595113,0.6692519348301682,-1.529309412945339,22.1,3.2,3.4,0.9,0.3,1.9,0.423,18.3,0.832,5.7,3.1
201980,Danny Green,SAS,68,26.6,-2.0104645064986544,-1.3537888607805524,-0.7892364797049706,-0.6763564136628565,-0.060574790045811434,0.45487629917344297,0.3660786027853963,-0.7987659512734161,-0.007965586757653643,0.8552686737677668,7.3,3.3,1.8,1.0,0.8,1.7,0.392,6.6,0.844,0.5,1.1
200782,P.J. Tucker,TOR,81,27.6,-2.01924913293183,-1.4582031186177704,0.12592641420153533,-0.9503081563705844,0.9778501821680945,-0.756332781465902,-0.5626620385306192,-0.4974363527637416,-0.11103866832757465,1.2129553867747327,6.7,5.8,1.2,1.4,0.2,0.9,0.413,6.0,0.774,1.1,0.8
1626196,Josh Richardson,MIA,53,30.5,-2.0295630557097186,-0.8491199479006654,-0.8258429954612306,-0.3110874233858862,0.1990314530076653,0.2530081190668853,0.0178008622918904,-1.1504897241150556,-0.09890316864543369,0.7360397694321117,10.2,3.2,2.6,1.1,0.7,1.4,0.394,9.7,0.779,1.5,1.2
202066,Garrett Temple,SAC,65,26.6,-2.0480343341587908,-1.2667769792495374,-0.9722690584862718,-0.3110874233858862,0.7182439391146183,-0.352596421252787,-0.09829171787261139,-0.4191018744989489,-0.08219456795947826,0.7360397694321117,7.8,2.8,2.6,1.3,0.4,1.3,0.424,6.6,0.784,1.1,1.2
101141,Ersan Ilyasova,ATL,82,26.1,-2.1161390023215647,-0.3444510350207783,0.16253292995779575,-0.7220150374474779,-0.8393935192062412,-0.5544646013593445,0.3660786027853963,-0.5708332805351289,-0.11117502225658732,0.4975819607608012,13.1,5.9,1.7,0.7,0.3,1.7,0.431,10.9,0.778,2.5,1.4
203944,Julius Randle,LAL,74,28.8,-2.1194890007763822,-0.32704865871457534,1.1509088553768219,0.1454988144603267,-0.8393935192062412,-0.15072824114622957,-1.3753100996821328,0.5221150930026829,-0.6700530666069381,-0.5754781782600964,13.2,8.6,3.6,0.7,0.5,0.2,0.488,10.4,0.723,3.8,2.3
101139,CJ Miles,IND,76,23.4,-2.122662522449918,-0.7621080663696503,-0.8990560269737512,-1.224259899078312,-1.0989997622597176,-0.5544646013593445,0.9465415036079062,-0.393951526281812,0.2929937564830641,1.5706420997816988,10.7,3.0,0.6,0.6,0.3,2.2,0.434,8.5,0.903,1.2,0.5
203460,Andre Roberson,OKC,79,30.1,-2.142884880993887,-1.4756054949239734,-0.1303191960922864,-1.0416254039398267,0.4586376960611415,0.8586126593865578,-0.910939779024125,0.05217293888156007,-1.4052314967889785,1.4514131954460434,6.6,5.1,1.0,1.2,1.0,0.6,0.464,5.9,0.423,1.4,0.6
203932,Aaron Gordon,ORL,80,28.7,-2.1462880668598396,-0.41406054024559036,-0.1303191960922864,-0.6306977898782352,-0.5797872761527644,-0.15072824114622957,-0.4465694583661173,-0.1188364859014447,-0.5305577528449388,0.8552686737677668,12.7,5.1,1.9,0.8,0.5,1.0,0.454,10.8,0.719,2.7,1.1
203459,Allen Crabbe,POR,79,28.5,-2.155087193478558,-0.7621080663696503,-0.9356625427300115,-0.9503081563705844,-0.8393935192062412,-0.5544646013593445,0.3660786027853963,0.12199613471815741,0.18581956827898805,1.2129553867747327,10.7,2.9,1.2,0.7,0.3,1.7,0.468,8.2,0.847,1.6,0.8
202348,Jordan Crawford,NOP,19,23.3,-2.163653577625829,-0.1704272719587483,-1.338334216048874,-0.12845292824740107,-1.0989997622597176,-0.9582009615724595,0.5982637631144001,0.45072913846623086,-0.13504220421571594,0.6168108650964563,14.1,1.8,3.0,0.6,0.1,1.9,0.482,11.5,0.769,1.4,1.3
202702,Kenneth Faried,DEN,61,21.2,-2.1992417526158876,-0.9535342057378833,0.7848436978142195,-1.0872840277244482,-0.8393935192062412,0.2530081190668853,-1.6074952600111367,1.0832413410173114,-0.8071254759380173,0.9744975781034223,9.6,7.6,0.9,0.7,0.7,0.0,0.548,6.8,0.693,3.1,1.0
2594,Kyle Korver,CLE,67,26.2,-2.2011599663525914,-0.8665223242068683,-0.9722690584862718,-0.767673661232099,-1.358606005313194,-0.5544646013593445,1.1787266639369098,0.060672236963897584,0.10447920524095634,0.9744975781034223,10.1,2.8,1.6,0.5,0.3,2.4,0.464,7.7,0.905,0.6,1.0
203501,Tim Hardaway Jr.,ATL,79,27.3,-2.2070452845159205,-0.10081776673393623,-0.9722690584862718,-0.44806329473975015,-0.8393935192062412,-0.756332781465902,0.5982637631144001,-0.10744176985986756,-0.1978017222348085,0.6168108650964563,14.5,2.8,2.3,0.7,0.2,1.9,0.455,11.5,0.766,2.7,1.3
202684,Tristan Thompson,CLE,78,30.0,-2.253683371685948,-1.2145698503309283,1.3705479499143831,-1.0416254039398267,-1.358606005313194,1.0604808394931156,-1.6074952600111367,1.4198480599939465,-2.0952190882670396,1.2129553867747327,8.1,9.2,1.0,0.5,1.1,0.0,0.6,5.6,0.498,2.7,0.8
200765,Rajon Rondo,CHI,69,26.7,-2.279961419347344,-1.2667769792495374,-0.1303191960922864,1.5609161517835866,0.9778501821680945,-0.756332781465902,-0.7948471988596232,-0.7528539222922618,-0.4228905927436626,-0.6947070825957518,7.8,5.1,6.7,1.4,0.2,0.7,0.408,8.1,0.6,0.7,2.4
203124,Kyle O'Quinn,NYK,79,15.6,-2.3538182389920905,-1.5278126238425822,0.052713382689014786,-0.8133322850167204,-1.358606005313194,1.4642171997062303,-1.6074952600111367,0.581691673130879,-0.11969189843800358,0.9744975781034223,6.3,5.6,1.5,0.5,1.3,0.0,0.521,5.2,0.771,1.1,1.0
202329,Al-Farouq Aminu,POR,61,29.1,-2.3597304775690895,-1.1101555924937103,0.7116306663016992,-0.767673661232099,-0.060574790045811434,0.2530081190668853,-0.33047687820161525,-0.9098128999916046,-0.524028497397979,0.3783530564251458,8.7,7.4,1.6,1.0,0.7,1.1,0.393,7.6,0.706,2.2,1.5
202683,Enes Freedom,OKC,72,21.3,-2.370045375770973,-0.1356225193463421,0.45538505600787754,-1.0872840277244482,-1.6182122483666705,-0.15072824114622957,-1.4914026798466347,1.557696799788475,-0.03977276289083578,0.13989524775383524,14.3,6.7,0.9,0.4,0.5,0.1,0.545,10.2,0.786,4.0,1.7
201577,Robin Lopez,CHI,81,28.0,-2.4593041205623427,-0.8143151952882591,0.3455655087390969,-1.0416254039398267,-2.137424734473624,1.6660853798127875,-1.6074952600111367,0.57011000129392,-0.29547309046306813,0.8552686737677668,10.4,6.4,1.0,0.2,1.4,0.0,0.493,9.6,0.721,1.3,1.1
2754,Tony Allen,MEM,71,27.0,-2.4727041765913595,-1.0405460872688983,0.01610686693275468,-0.8589909088013417,1.4970626682750479,-0.352596421252787,-1.3753100996821328,0.01867669220906519,-0.874688847763869,0.4975819607608012,9.1,5.5,1.4,1.6,0.4,0.2,0.461,8.4,0.615,1.8,1.4
203210,JaMychal Green,MEM,77,27.3,-2.474475306423722,-1.075350839881304,0.6018111190329183,-0.9959667801552055,-1.0989997622597176,-0.352596421252787,-0.7948471988596232,0.47565657785041365,0.029778229669472123,0.7360397694321117,8.9,7.1,1.1,0.6,0.4,0.7,0.5,6.5,0.802,2.2,1.2
204060,Joe Ingles,UTA,82,24.1,-2.4842880108765746,-1.3885936133929584,-0.8258429954612306,-0.26542879960126486,0.4586376960611415,-0.9582009615724595,0.13389344245639245,-0.06836081801764722,-0.18720282644500455,0.6168108650964563,7.1,3.2,2.7,1.2,0.1,1.5,0.452,5.5,0.735,0.8,1.3
201960,DeMarre Carroll,TOR,72,26.1,-2.51906800922179,-1.075350839881304,-0.6062039009236694,-1.0416254039398267,0.1990314530076653,-0.352596421252787,0.13389344245639245,-0.8141778200465208,-0.17499390541647197,1.2129553867747327,8.9,3.8,1.0,1.1,0.4,1.5,0.4,7.6,0.761,1.6,0.8
202694,Marcus Morris Sr.,DET,79,32.5,-2.530144496596984,-0.18782964826495122,-0.31335177487358756,-0.585039166093614,-0.8393935192062412,-0.5544646013593445,0.13389344245639245,-0.96590682921353,-0.07332107380987464,0.8552686737677668,14.0,4.6,2.0,0.7,0.3,1.5,0.418,12.7,0.784,2.3,1.1
101112,Channing Frye,CLE,74,18.9,-2.5982774639845676,-1.0405460872688983,-0.5695973851674091,-1.224259899078312,-1.6182122483666705,-0.15072824114622957,0.5982637631144001,-0.018134424527691595,0.0927527673458538,1.3321842911103883,9.1,3.9,0.6,0.4,0.5,1.9,0.458,7.0,0.851,1.0,0.7
203903,Jordan Clarkson,LAL,82,29.2,-2.5987000983522623,-0.06601301412153035,-0.8990560269737512,-0.3110874233858862,0.1990314530076653,-0.9582009615724595,0.0178008622918904,-0.36126542138930307,-0.002118100955757424,-0.2177914652531307,14.7,3.0,2.6,1.1,0.1,1.4,0.445,13.1,0.798,2.0,2.0
203145,Kent Bazemore,ATL,73,26.9,-2.6243404894072553,-0.7099009374510412,-0.8258429954612306,-0.40240467095512883,0.4586376960611415,0.2530081190668853,-0.09829171787261139,-0.9077611799807537,-0.5316800505683521,0.13989524775383524,11.0,3.2,2.4,1.2,0.7,1.3,0.409,9.9,0.708,2.3,1.7
203503,Tony Snell,MIL,80,29.2,-2.8301110705459323,-1.1449603451061163,-0.8624495112174909,-0.9503081563705844,-0.8393935192062412,-0.756332781465902,0.48217118294989836,-0.053593707051690816,-0.03742852418819268,1.3321842911103883,8.5,3.1,1.2,0.7,0.2,1.8,0.455,6.8,0.81,0.7,0.7
203079,Dion Waiters,MIA,46,30.1,-2.8715470525689524,0.1254131252467029,-0.7892364797049706,0.4651091809526756,-0.3201810330992879,-0.352596421252787,0.48217118294989836,-0.9431389689529198,-1.0828383647838224,-0.45624927392444153,15.8,3.3,4.3,0.9,0.4,1.8,0.424,14.4,0.646,2.8,2.2
101161,Amir Johnson,BOS,80,20.1,-2.90869900939908,-1.4930078712301762,-0.31335177487358756,-0.6763564136628565,-1.0989997622597176,0.45487629917344297,-1.259217519517631,0.9721848048224357,-0.4693243499544125,0.9744975781034223,6.5,4.6,1.8,0.6,0.8,0.3,0.576,4.6,0.67,1.3,1.0
203482,Kelly Olynyk,BOS,75,20.5,-2.934061134007805,-1.0579484635751013,-0.24013874336106703,-0.585039166093614,-1.0989997622597176,-0.352596421252787,-0.5626620385306192,0.6431761611196329,-0.29666356515098774,0.6168108650964563,9.0,4.8,2.0,0.6,0.4,0.9,0.512,6.8,0.732,1.6,1.3
1626178,Rondae Hollis-Jefferson,BKN,78,22.6,-2.974842480140722,-1.1101555924937103,0.12592641420153533,-0.585039166093614,0.1990314530076653,0.05113993896032786,-1.3753100996821328,-0.3152191677345411,-0.3435693167313974,0.3783530564251458,8.7,5.8,2.0,1.1,0.6,0.2,0.434,6.9,0.751,3.2,1.5
1626163,Frank Kaminsky,CHA,75,26.1,-2.977515460076731,-0.5880843033076204,-0.3499582906298477,-0.4937219185243713,-1.0989997622597176,-0.15072824114622957,0.13389344245639245,-1.1754291478450953,-0.2289848169236633,0.9744975781034223,11.7,4.5,2.2,0.6,0.5,1.5,0.399,10.7,0.756,2.1,1.0
1713,Vince Carter,MEM,73,24.7,-2.9805761450327015,-1.2319722266371314,-0.8624495112174909,-0.6763564136628565,-0.5797872761527644,-0.15072824114622957,0.13389344245639245,-0.7871483263988842,-0.15821188338412498,1.3321842911103883,8.0,3.1,1.8,0.8,0.5,1.5,0.394,6.7,0.765,1.6,0.7
201961,Wayne Ellington,MIA,62,24.2,-2.9846530619016045,-0.7969128189820562,-1.2285146687800932,-0.9959667801552055,-1.0989997622597176,-0.9582009615724595,1.1787266639369098,-0.7097749926718862,0.054348158801204756,1.5706420997816988,10.5,2.1,1.1,0.6,0.1,2.4,0.416,9.0,0.86,0.7,0.5
201959,Taj Gibson,OKC,78,25.5,-2.989880100007111,-0.7447056900634471,0.2723524772265764,-1.0872840277244482,-1.358606005313194,0.45487629917344297,-1.6074952600111367,0.9015730390283969,-0.4374017974197577,0.6168108650964563,10.8,6.2,0.9,0.5,0.8,0.0,0.515,9.1,0.715,2.0,1.3
202324,Derrick Favors,UTA,50,23.7,-2.994139089204473,-0.9709365820440863,0.23574596147031596,-0.9959667801552055,-0.3201810330992879,0.45487629917344297,-1.4914026798466347,0.40667707996220387,-1.0489911240973329,0.7360397694321117,9.5,6.1,1.1,0.9,0.8,0.1,0.487,8.3,0.615,2.2,1.2
203089,John Henson,MIL,58,19.4,-2.9969109663240907,-1.4408007423115672,-0.1303191960922864,-1.0416254039398267,-1.358606005313194,1.4642171997062303,-1.6074952600111367,0.5352451423244671,-0.5112531831258548,1.0937264824390776,6.8,5.1,1.0,0.5,1.3,0.0,0.515,5.3,0.692,1.8,0.9
202720,Jon Leuer,DET,75,25.9,-2.9972446276060856,-0.8491199479006654,-0.020499648823505426,-0.8133322850167204,-1.6182122483666705,-0.5544646013593445,-0.7948471988596232,0.31227878450964297,0.24722603577172275,1.0937264824390776,10.2,5.4,1.5,0.4,0.3,0.7,0.48,8.6,0.867,1.5,0.9
2747,JR Smith,CLE,41,29.0,-3.0043160828888937,-1.1275579687999133,-0.9722690584862718,-0.8133322850167204,-0.060574790045811434,-0.5544646013593445,1.0626340837724078,-1.7800753494076655,-0.2100893089916177,1.4514131954460434,8.6,2.8,1.5,1.0,0.3,2.3,0.346,8.7,0.667,0.4,0.6
203458,Alex Len,PHX,77,20.3,-3.030344513656197,-1.2319722266371314,0.41877854025161715,-1.224259899078312,-1.358606005313194,1.4642171997062303,-1.6074952600111367,0.40858019408441953,-0.5163979217551461,0.6168108650964563,8.0,6.6,0.6,0.5,1.3,0.0,0.497,6.0,0.721,2.7,1.3
203093,Terrence Jones,MIL,54,23.5,-3.0304276669377357,-0.7447056900634471,0.08931989844527521,-0.9959667801552055,-0.8393935192062412,0.8586126593865578,-1.1431249393531289,0.16543459471426558,-1.5143303731448894,1.0937264824390776,10.8,5.7,1.1,0.7,1.0,0.4,0.47,9.1,0.606,3.1,0.9
1627812,Yogi Ferrell,DAL,46,26.0,-3.049593824560099,-0.8839247005130713,-1.1186951215113126,0.19115743824494802,-0.3201810330992879,-0.756332781465902,0.13389344245639245,-0.8317468710740262,0.15788274597701532,0.3783530564251458,10.0,2.4,3.7,0.9,0.2,1.5,0.406,8.6,0.831,1.9,1.5
201988,Patty Mills,SAS,80,21.9,-3.101105185859003,-0.9709365820440863,-1.338334216048874,0.09984019067570538,-0.5797872761527644,-1.160069141679017,0.48217118294989836,-0.27537601149576596,0.02457580283944412,0.6168108650964563,9.5,1.8,3.5,0.8,0.0,1.8,0.44,7.8,0.825,1.0,1.3
2585,Zaza Pachulia,GSW,70,18.1,-3.1393243003628637,-1.5626173764549882,0.16253292995779575,-0.6306977898782352,-0.5797872761527644,-0.15072824114622957,-1.6074952600111367,0.5987669691090439,-0.10533802521846171,0.7360397694321117,6.1,5.9,1.9,0.8,0.5,0.0,0.534,4.4,0.778,1.8,1.2
202734,E'Twaun Moore,NOP,73,24.9,-3.1474375079317114,-0.9535342057378833,-1.2285146687800932,-0.4937219185243713,-0.8393935192062412,-0.352596421252787,-0.33047687820161525,-0.04251058400241595,-0.11964469900103762,1.2129553867747327,9.6,2.1,2.2,0.7,0.4,1.1,0.457,8.5,0.77,1.0,0.8
201951,Ty Lawson,SAC,69,25.1,-3.176323900713308,-0.9013270768192742,-1.045482089998792,0.6934022998757821,0.1990314530076653,-0.9582009615724595,-1.027032359188627,-0.07642148904159,0.03826888394146278,-0.09856256091747531,9.9,2.6,4.8,1.1,0.1,0.5,0.454,7.6,0.797,3.1,1.9
202711,Bojan Bogdanovic,WAS,81,25.7,-3.1792587826445895,-0.24003677718356034,-0.7526299639487103,-0.8589909088013417,-1.6182122483666705,-0.9582009615724595,0.48217118294989836,-0.28179482713719295,0.7893115693259561,0.25912415208949036,13.7,3.4,1.4,0.4,0.1,1.8,0.445,10.4,0.893,3.0,1.6
203939,Dwight Powell,DAL,77,17.3,-3.2136485641678436,-1.4582031186177704,-0.5329908694111488,-1.224259899078312,-0.5797872761527644,-0.15072824114622957,-1.259217519517631,0.4966843110924746,-0.19501695545381598,1.6898710041173541,6.7,4.0,0.6,0.8,0.5,0.3,0.515,4.9,0.759,1.8,0.4
203473,Dewayne Dedmon,SAS,76,17.5,-3.219850232298785,-1.7366411395170183,0.38217202449535703,-1.224259899078312,-1.358606005313194,0.45487629917344297,-1.6074952600111367,1.0060669474315513,-0.34891858625420824,1.2129553867747327,5.1,6.5,0.6,0.5,0.8,0.0,0.622,3.4,0.699,1.2,0.8
202704,Reggie Jackson,DET,52,27.4,-3.233169196773963,-0.10081776673393623,-1.191908153023833,0.8760367950142673,-0.8393935192062412,-0.9582009615724595,-0.09829171787261139,-0.9659284010360742,0.5015838015813668,-0.45624927392444153,14.5,2.2,5.2,0.7,0.1,1.3,0.419,13.0,0.868,2.6,2.2
201967,Dante Cunningham,NOP,66,25.0,-3.285885704600489,-1.4756054949239734,-0.4597778378986283,-1.224259899078312,-1.0989997622597176,-0.352596421252787,-0.33047687820161525,0.25366574578841333,-0.28770616089122253,1.6898710041173541,6.6,4.2,0.6,0.6,0.4,1.1,0.485,5.4,0.593,0.4,0.4
1626195,Willy Hernangomez,NYK,72,18.4,-3.293037567462507,-1.1971674740247253,0.5652046032766582,-0.9046495325859629,-1.0989997622597176,-0.15072824114622957,-1.4914026798466347,0.8145139569791409,-0.3273903986158381,0.4975819607608012,8.2,7.0,1.3,0.6,0.5,0.1,0.529,6.5,0.728,1.7,1.4
203087,Jeremy Lamb,CHA,62,18.4,-3.3138876988514254,-0.9361318294316804,-0.4231713221423682,-0.9503081563705844,-1.6182122483666705,-0.352596421252787,-0.7948471988596232,0.004810804051613829,0.3051554780746304,1.4514131954460434,9.7,4.3,1.2,0.4,0.4,0.7,0.46,7.9,0.853,2.1,0.6
201158,Marco Belinelli,CHA,74,24.0,-3.320970824627808,-0.7969128189820562,-1.1186951215113126,-0.585039166093614,-1.0989997622597176,-0.9582009615724595,0.0178008622918904,-0.45871253442808324,0.5840621954884672,1.0937264824390776,10.5,2.4,2.0,0.6,0.1,1.4,0.429,8.3,0.893,2.3,0.9
2749,Jameer Nelson,DEN,75,27.3,-3.3380602692176997,-1.0231437109626953,-1.045482089998792,0.8303781712296459,-0.8393935192062412,-0.9582009615724595,0.0178008622918904,-0.2286586344729683,-0.2312556342799154,0.13989524775383524,9.2,2.6,5.1,0.7,0.1,1.4,0.444,8.1,0.714,0.8,1.7
201578,Marreese Speights,LAC,82,15.7,-3.3474774352244556,-1.1101555924937103,-0.3499582906298477,-1.1329426515090693,-1.877818491420147,-0.15072824114622957,-0.09829171787261139,-0.17289067945837522,0.3323528425308029,1.2129553867747327,8.7,4.5,0.8,0.3,0.5,1.3,0.445,6.7,0.876,1.7,0.8
203524,Solomon Hill,NOP,80,29.7,-3.412625832555907,-1.4059959896991612,-0.6062039009236694,-0.6763564136628565,-0.3201810330992879,-0.352596421252787,-0.21438429803711345,-0.8210136909237987,0.009608336939345005,0.9744975781034223,7.0,3.8,1.8,0.9,0.4,1.2,0.383,6.0,0.805,1.6,1.0
1938,Manu Ginobili,SAS,69,18.7,-3.429540630843438,-1.3189841081681462,-1.1553016372675728,-0.26542879960126486,0.4586376960611415,-0.756332781465902,-0.09829171787261139,-0.796834074721142,0.005412831431258248,0.4975819607608012,7.5,2.3,2.7,1.2,0.2,1.3,0.39,6.4,0.804,1.6,1.4
202397,Ish Smith,DET,81,24.1,-3.4342947227988514,-0.9883389583502892,-0.9356625427300115,0.8760367950142673,-0.5797872761527644,-0.352596421252787,-1.259217519517631,-0.34570494672756164,-0.3466058138428755,0.4975819607608012,9.4,2.9,5.2,0.8,0.4,0.3,0.439,9.2,0.706,1.3,1.4
203200,Justin Holiday,NYK,82,20.0,-3.4649212449034734,-1.2841793555557401,-1.0088755742425317,-0.9503081563705844,-0.5797872761527644,-0.352596421252787,-0.21438429803711345,-0.3123213529061299,0.02457580283944412,1.2129553867747327,7.7,2.7,1.2,0.8,0.4,1.2,0.433,6.6,0.825,1.0,0.8
203918,Rodney Hood,UTA,59,27.0,-3.4773086159456783,-0.41406054024559036,-0.7526299639487103,-0.767673661232099,-1.0989997622597176,-0.756332781465902,0.5982637631144001,-1.0598832756918972,-0.08126106798392886,0.8552686737677668,12.7,3.4,1.6,0.6,0.2,1.9,0.408,11.3,0.783,1.9,1.1
203120,Justin Hamilton,BKN,64,18.4,-3.4997367077247103,-1.4233983660053642,-0.49638435365488875,-1.0872840277244482,-1.358606005313194,0.2530081190668853,-0.5626620385306192,-0.0008577915391160629,-0.15573653513435393,1.3321842911103883,6.9,4.1,0.9,0.5,0.7,0.9,0.459,5.9,0.75,0.8,0.7
2736,Luol Deng,LAL,56,26.5,-3.515560070741652,-1.3015817318619434,-0.057106164579765854,-0.9046495325859629,-0.3201810330992879,-0.352596421252787,-0.5626620385306192,-0.9917858256588193,-0.23795270994719886,1.2129553867747327,7.6,5.3,1.3,0.9,0.4,0.9,0.387,7.6,0.73,1.1,0.8
201975,Jodie Meeks,ORL,36,20.5,-3.518275399409747,-1.0405460872688983,-1.2285146687800932,-0.9046495325859629,-0.3201810330992879,-0.9582009615724595,0.2499860226208945,-0.7334872193860887,0.44282050255872696,0.9744975781034223,9.1,2.1,1.3,0.9,0.1,1.6,0.402,7.1,0.878,2.1,1.0
203967,Dario Saric,PHI,81,26.3,-3.5397022483243488,-0.39665816393938713,0.30895899298283647,-0.4937219185243713,-0.8393935192062412,-0.352596421252787,-0.09829171787261139,-1.0079982487352248,-0.08452307351646622,-0.5754781782600964,12.8,6.3,2.2,0.7,0.4,1.3,0.411,11.4,0.782,2.7,2.3
1626149,Montrezl Harrell,HOU,58,18.3,-3.5497683535206934,-1.0405460872688983,-0.6062039009236694,-0.9959667801552055,-1.877818491420147,0.2530081190668853,-1.6074952600111367,2.046128402698981,-0.9338297422822367,1.2129553867747327,9.1,3.8,1.1,0.3,0.7,0.0,0.652,5.9,0.628,2.1,0.8
101135,David Lee,SAS,79,18.7,-3.579852857359504,-1.3537888607805524,0.052713382689014786,-0.767673661232099,-1.6182122483666705,-0.15072824114622957,-1.6074952600111367,1.2498117640945938,-0.35897731070984623,0.9744975781034223,7.3,5.6,1.6,0.4,0.5,0.0,0.59,5.3,0.708,1.4,1.0
202335,Patrick Patterson,TOR,65,24.6,-3.581255176992626,-1.4408007423115672,-0.3499582906298477,-0.9503081563705844,-1.0989997622597176,-0.352596421252787,0.0178008622918904,-0.6160142644189586,-0.24179159748709822,1.4514131954460434,6.8,4.5,1.2,0.6,0.4,1.4,0.401,5.9,0.717,0.9,0.6
203994,Jusuf Nurkić,POR,65,21.4,-3.5815171677117164,-0.8491199479006654,0.6384176347891787,-0.6306977898782352,-0.5797872761527644,1.0604808394931156,-1.6074952600111367,0.6968852055158592,-1.8539512996426266,-0.45624927392444153,10.2,7.2,1.9,0.8,1.1,0.0,0.507,8.2,0.571,3.2,2.2
2216,Zach Randolph,MEM,73,24.5,-3.668135412391731,-0.1704272719587483,1.0044827923517807,-0.7220150374474779,-1.358606005313194,-0.9582009615724595,-1.259217519517631,-0.26929275753835685,-0.4324406121564451,0.4975819607608012,14.1,8.2,1.7,0.5,0.1,0.3,0.449,13.2,0.731,2.6,1.4
1627737,Marquese Chriss,PHX,82,21.3,-3.6744450929188397,-1.0231437109626953,-0.4597778378986283,-1.1786012752936907,-0.5797872761527644,0.6567444792800003,-0.5626620385306192,-0.14695655502213947,-0.9970717434347593,0.6168108650964563,9.2,4.2,0.7,0.8,0.9,0.9,0.449,7.7,0.624,2.2,1.3
2403,Nene,HOU,67,17.9,-3.699643267538394,-1.0405460872688983,-0.4597778378986283,-1.0416254039398267,-0.5797872761527644,0.05113993896032786,-1.6074952600111367,1.6749132897542482,-1.5517333047494826,0.8552686737677668,9.1,4.2,1.0,0.8,0.6,0.0,0.617,5.9,0.589,2.9,1.1
202323,Evan Turner,POR,65,25.5,-3.70502445227605,-1.0579484635751013,-0.6062039009236694,-0.03713568067815841,-0.5797872761527644,-0.352596421252787,-1.027032359188627,-0.5161918540311672,0.09351844710107952,0.3783530564251458,9.0,3.8,3.2,0.8,0.4,0.5,0.426,8.5,0.825,1.6,1.5
1626161,Willie Cauley-Stein,SAC,75,18.9,-3.7272986345042227,-1.2145698503309283,-0.3499582906298477,-0.9959667801552055,-0.8393935192062412,0.05113993896032786,-1.6074952600111367,0.8138620085644777,-0.6786433641347452,1.0937264824390776,8.1,4.5,1.1,0.7,0.6,0.0,0.53,6.4,0.669,2.0,0.9
101145,Monta Ellis,IND,74,27.0,-3.75345391171954,-1.1449603451061163,-0.9722690584862718,-0.03713568067815841,0.1990314530076653,-0.352596421252787,-0.910939779024125,-0.223402300379746,-0.33184812321818025,0.020666343418179828,8.5,2.8,3.2,1.1,0.4,0.6,0.443,7.5,0.727,1.7,1.8
201585,Kosta Koufos,SAC,71,20.0,-3.7610215753844036,-1.4756054949239734,0.08931989844527521,-1.1786012752936907,-1.358606005313194,0.2530081190668853,-1.6074952600111367,0.910460629916527,-0.48722866971017287,1.0937264824390776,6.6,5.7,0.7,0.5,0.7,0.0,0.551,5.5,0.613,0.9,0.9
203930,Sean Kilpatrick,BKN,70,25.1,-3.7669973395323493,-0.3444510350207783,-0.5329908694111488,-0.4937219185243713,-1.0989997622597176,-0.9582009615724595,0.13389344245639245,-0.8509985242599647,0.4770348499771741,-0.09856256091747531,13.1,4.0,2.2,0.6,0.1,1.5,0.415,10.5,0.843,3.5,1.9
201149,Joakim Noah,NYK,46,22.1,-3.777149579506364,-1.7540435158232213,1.2241218868893426,-0.4937219185243713,-0.8393935192062412,0.45487629917344297,-1.6074952600111367,0.25074156539911513,-1.629045982499751,0.6168108650964563,5.0,8.8,2.2,0.7,0.8,0.0,0.49,4.4,0.436,1.7,1.3
101133,Ian Mahinmi,WAS,31,17.9,-3.7819644139853947,-1.6496292579860032,-0.24013874336106703,-1.224259899078312,0.1990314530076653,0.45487629917344297,-1.6074952600111367,0.8308414297757798,-1.40045910927353,0.8552686737677668,5.6,4.8,0.6,1.1,0.8,0.0,0.586,3.6,0.573,2.4,1.1
203915,Spencer Dinwiddie,BKN,59,22.6,-3.805202206069338,-1.3537888607805524,-0.9722690584862718,-0.08279430446277974,-0.8393935192062412,-0.352596421252787,-0.910939779024125,-0.13496501855684487,-0.013723918067502311,0.8552686737677668,7.3,2.8,3.1,0.7,0.4,0.6,0.444,5.1,0.792,2.7,1.1
2440,Matt Barnes,GSW,74,24.0,-3.8191365633218437,-1.3885936133929584,-0.09371268033602596,-0.3110874233858862,-1.0989997622597176,-0.352596421252787,-0.21438429803711345,-0.7853291026976733,-0.07201522272048277,0.4975819607608012,7.1,5.2,2.6,0.6,0.4,1.2,0.391,6.4,0.787,1.2,1.4
1627747,Caris LeVert,BKN,57,21.7,-3.8272345913134345,-1.1971674740247253,-0.7892364797049706,-0.6306977898782352,-0.3201810330992879,-0.9582009615724595,-0.4465694583661173,-0.11266934152303115,-0.34700963124802875,0.9744975781034223,8.2,3.3,1.9,0.9,0.1,1.0,0.45,6.7,0.72,1.6,1.0
201936,Tyreke Evans,SAC,40,19.7,-3.8923002990971596,-0.8317175715944621,-0.7526299639487103,-0.08279430446277974,-0.3201810330992879,-0.756332781465902,-0.33047687820161525,-0.9181444172319334,-0.2783764055176145,0.3783530564251458,10.3,3.4,3.1,0.9,0.2,1.1,0.405,9.3,0.75,2.3,1.5
2207,Joe Johnson,UTA,78,23.6,-3.899725845826725,-1.0231437109626953,-0.8624495112174909,-0.6763564136628565,-1.358606005313194,-0.756332781465902,0.0178008622918904,-0.34058523417711806,0.0062204662415645895,1.0937264824390776,9.2,3.1,1.8,0.5,0.2,1.4,0.436,8.0,0.818,1.0,0.9
202697,Iman Shumpert,CLE,76,25.5,-3.906859603725393,-1.3189841081681462,-0.9356625427300115,-0.8589909088013417,-0.5797872761527644,-0.352596421252787,-0.21438429803711345,-0.5552296622282995,-0.06572196445835264,0.9744975781034223,7.5,2.9,1.4,0.8,0.4,1.2,0.411,6.4,0.789,1.2,1.0
202709,Cory Joseph,TOR,80,25.0,-3.9322023473225025,-1.005741334656492,-0.9356625427300115,0.008522943106462715,-0.5797872761527644,-0.756332781465902,-0.910939779024125,-0.11554079079055522,-0.13430274636991565,0.4975819607608012,9.3,2.9,3.3,0.8,0.2,0.6,0.452,8.3,0.77,1.5,1.4
101114,Deron Williams,CLE,64,25.9,-3.939059398161647,-0.7099009374510412,-1.1553016372675728,1.0586712901527522,-1.358606005313194,-0.9582009615724595,-0.09829171787261139,-0.3706467673267732,0.10946661241369425,-0.45624927392444153,11.0,2.3,5.6,0.5,0.1,1.3,0.438,9.4,0.826,1.7,2.2
201162,Jared Dudley,PHX,64,21.3,-3.9905982247145175,-1.4408007423115672,-0.71602344819245,-0.6306977898782352,-0.8393935192062412,-0.5544646013593445,-0.21438429803711345,-0.0472611787004399,-0.40284132079689294,0.8552686737677668,6.8,3.5,1.9,0.7,0.3,1.2,0.454,5.4,0.662,1.0,1.1
1627741,Buddy Hield,SAC,82,23.0,-4.000892237591347,-0.7795104426758533,-0.7892364797049706,-0.8133322850167204,-1.358606005313194,-0.9582009615724595,0.48217118294989836,-0.5734218992404094,0.0532048835502511,0.7360397694321117,10.6,3.3,1.5,0.5,0.1,1.8,0.426,9.4,0.842,0.9,1.2
1627826,Ivica Zubac,LAL,38,16.0,-4.004786893580901,-1.3189841081681462,-0.4597778378986283,-1.1329426515090693,-1.6182122483666705,0.6567444792800003,-1.6074952600111367,0.7902001161028769,-0.5272747697848608,1.2129553867747327,7.5,4.2,0.8,0.4,0.9,0.0,0.529,6.3,0.653,1.3,0.8
203917,Nik Stauskas,PHI,80,27.3,-4.007881910183858,-0.9709365820440863,-0.9722690584862718,-0.40240467095512883,-1.0989997622597176,-0.352596421252787,0.3660786027853963,-0.9040819858024143,0.06820381574166104,0.25912415208949036,9.5,2.8,2.4,0.6,0.4,1.7,0.396,7.9,0.813,1.9,1.6
2037,Jamal Crawford,LAC,82,26.3,-4.0158433688769515,-0.4836700454704021,-1.4115472475613944,-0.3110874233858862,-0.8393935192062412,-0.756332781465902,0.0178008622918904,-0.8974450550663766,0.4067076888978701,0.25912415208949036,12.3,1.6,2.6,0.7,0.2,1.4,0.413,10.6,0.857,2.5,1.6
200826,J.J. Barea,DAL,35,22.0,-4.035475818775343,-0.7273033137572442,-1.1186951215113126,1.0130126663681311,-1.6182122483666705,-1.160069141679017,0.13389344245639245,-0.8102613358201993,0.23149289011639743,0.020666343418179828,10.9,2.4,5.5,0.4,0.0,1.5,0.414,9.8,0.863,1.5,1.8
203488,Mike Muscala,ATL,70,17.7,-4.039824887219668,-1.5452150001487854,-0.7526299639487103,-0.8589909088013417,-1.6182122483666705,0.05113993896032786,-0.7948471988596232,0.3921280840908594,-0.12615297692045718,1.2129553867747327,6.2,3.4,1.4,0.4,0.6,0.7,0.504,4.8,0.766,0.9,0.8
201601,Luc Mbah a Moute,LAC,80,22.3,-4.044868717821368,-1.5626173764549882,-1.2285146687800932,-1.2699185228629333,-0.060574790045811434,-0.352596421252787,-1.027032359188627,0.3929142571791298,-0.38794203186129983,1.4514131954460434,6.1,2.1,0.5,1.0,0.4,0.5,0.505,4.7,0.678,1.1,0.6
1626210,Alan Williams,PHX,47,15.1,-4.053394521209443,-1.3363864844743492,0.2723524772265764,-1.2699185228629333,-1.0989997622597176,0.2530081190668853,-1.6074952600111367,0.5942992049732634,-1.0732096796427635,1.2129553867747327,7.4,6.2,0.5,0.6,0.7,0.0,0.517,5.7,0.625,2.4,0.8
201148,Brandan Wright,MEM,28,16.0,-4.129539080693288,-1.4408007423115672,-0.9722690584862718,-1.2699185228629333,-1.6182122483666705,0.2530081190668853,-1.6074952600111367,1.3499170050446294,-0.5136393768835787,1.6898710041173541,6.8,2.8,0.5,0.4,0.7,0.0,0.615,4.8,0.657,1.3,0.4
203516,James Ennis III,MEM,64,23.4,-4.1313499635793605,-1.4582031186177704,-0.5329908694111488,-1.0416254039398267,-0.8393935192062412,-0.5544646013593445,-0.6787546186951211,-0.03297104469962312,-0.08667327008936078,1.0937264824390776,6.7,4.0,1.0,0.7,0.3,0.8,0.455,5.0,0.782,1.7,0.9
1627848,Shawn Long,PHI,18,13.0,-4.143946795444019,-1.1971674740247253,-0.2767452591173271,-1.1786012752936907,-1.358606005313194,-0.15072824114622957,-1.1431249393531289,1.1058222454825404,-1.2769801377886514,1.3321842911103883,8.2,4.7,0.7,0.5,0.5,0.4,0.56,6.1,0.543,1.9,0.7
201563,Michael Beasley,MIL,56,16.7,-4.190174629559437,-0.9883389583502892,-0.7526299639487103,-1.0872840277244482,-1.358606005313194,-0.15072824114622957,-1.259217519517631,0.9511378966270033,-0.2805475796180495,0.7360397694321117,9.4,3.4,0.9,0.5,0.5,0.3,0.532,7.3,0.743,1.9,1.2
201229,Anthony Tolliver,SAC,65,22.7,-4.200680565860061,-1.3885936133929584,-0.6794169324361897,-0.9503081563705844,-1.358606005313194,-0.5544646013593445,0.0178008622918904,-0.1637490204380607,-0.21706958128069703,1.0937264824390776,7.1,3.6,1.2,0.5,0.3,1.4,0.442,5.4,0.744,1.3,0.9
1627750,Jamal Murray,DEN,82,21.5,-4.20772029882312,-0.9013270768192742,-1.045482089998792,-0.5393805423089926,-1.0989997622597176,-0.5544646013593445,0.0178008622918904,-0.8936076675227146,0.310158618393024,0.4975819607608012,9.9,2.6,2.1,0.6,0.3,1.4,0.404,8.9,0.883,1.5,1.4
1626143,Jahlil Okafor,PHI,50,22.7,-4.208811795538493,-0.5706819270014171,-0.24013874336106703,-0.9503081563705844,-1.6182122483666705,0.8586126593865578,-1.6074952600111367,0.9135957347929218,-1.0148501980252764,0.020666343418179828,11.8,4.8,1.2,0.4,1.0,0.0,0.514,9.4,0.671,3.2,1.8
201589,Darrell Arthur,DEN,41,15.6,-4.213338103569325,-1.5104102475363792,-1.0088755742425317,-1.0416254039398267,-1.358606005313194,-0.15072824114622957,-0.09829171787261139,-0.15678371862551901,0.018256322667888545,1.0937264824390776,6.4,2.7,1.0,0.5,0.5,1.3,0.442,5.2,0.864,0.5,0.9
204025,Tim Frazier,NOP,65,23.5,-4.279317078767387,-1.3885936133929584,-1.0088755742425317,0.8760367950142673,-0.3201810330992879,-0.9582009615724595,-0.910939779024125,-0.6262824519499044,-0.20140461258987805,0.25912415208949036,7.1,2.7,5.2,0.9,0.1,0.6,0.403,6.2,0.76,2.0,1.6
101109,Raymond Felton,LAC,80,21.2,-4.367518835789646,-1.4582031186177704,-1.0088755742425317,-0.40240467095512883,-0.5797872761527644,-0.5544646013593445,-0.910939779024125,-0.3366351937823938,-0.09070619975900927,0.9744975781034223,6.7,2.7,2.4,0.8,0.3,0.6,0.43,6.4,0.781,0.8,1.0
1627746,Skal Labissiere,SAC,33,18.5,-4.396312588954179,-1.092753216187507,-0.2035322276048066,-1.1329426515090693,-1.358606005313194,-0.352596421252787,-1.4914026798466347,0.9215868966108895,-0.5413349576188368,0.8552686737677668,8.8,4.9,0.8,0.5,0.4,0.1,0.537,6.6,0.703,2.2,1.1
2561,David West,GSW,68,12.6,-4.4119468131750095,-1.8236530210480333,-0.8990560269737512,-0.4937219185243713,-1.0989997622597176,0.2530081190668853,-1.6074952600111367,0.5206793683689217,-0.11797698556157316,0.8552686737677668,4.6,3.0,2.2,0.6,0.7,0.0,0.536,3.7,0.768,0.8,1.1
101106,Andrew Bogut,CLE,27,21.6,-4.436108387329356,-2.119493418253484,0.9678762765955207,-0.6763564136628565,-1.358606005313194,0.6567444792800003,-1.6074952600111367,0.06544440348446527,-0.6233466015381622,0.25912415208949036,2.9,8.1,1.8,0.5,0.9,0.0,0.469,3.0,0.273,0.4,1.6
1626153,Delon Wright,TOR,27,16.5,-4.450378691640407,-1.6496292579860032,-1.338334216048874,-0.5393805423089926,-0.060574790045811434,-0.352596421252787,-1.1431249393531289,-0.28003792203444233,-0.1804270850494443,1.0937264824390776,5.6,1.8,2.1,1.0,0.4,0.4,0.422,4.3,0.764,2.0,0.9
203922,Glenn Robinson III,IND,69,20.7,-4.517184958298437,-1.5626173764549882,-0.6794169324361897,-1.1786012752936907,-1.0989997622597176,-0.5544646013593445,-0.7948471988596232,0.0738765892299995,-0.29275650064658204,1.5706420997816988,6.1,3.6,0.7,0.6,0.3,0.7,0.467,4.9,0.711,1.1,0.5
201150,Spencer Hawes,MIL,54,14.8,-4.523157385243022,-1.5452150001487854,-0.71602344819245,-0.8133322850167204,-1.877818491420147,0.05113993896032786,-1.027032359188627,0.23175596469122003,0.07964181263308272,1.0937264824390776,6.2,3.5,1.5,0.3,0.6,0.5,0.484,5.1,0.846,1.0,0.9
203085,Austin Rivers,LAC,74,27.8,-4.637355413918115,-0.5358771743890113,-1.191908153023833,-0.2197701758166437,-1.0989997622597176,-0.9582009615724595,0.13389344245639245,-0.3204683112202487,-0.7051484701820839,0.25912415208949036,12.0,2.2,2.8,0.6,0.1,1.5,0.442,9.9,0.691,2.6,1.6
200771,Sergio Rodriguez,PHI,68,22.3,-4.641033718851659,-1.2667769792495374,-1.1553016372675728,0.8303781712296459,-0.8393935192062412,-0.9582009615724595,0.0178008622918904,-0.9608877851682912,-0.2100893089916177,-0.09856256091747531,7.8,2.3,5.1,0.7,0.1,1.4,0.392,7.9,0.667,0.4,1.9
203925,Joe Harris,BKN,52,21.9,-4.643403305319543,-1.1971674740247253,-0.9722690584862718,-1.0416254039398267,-1.0989997622597176,-0.756332781465902,0.2499860226208945,-0.4333920084997657,-0.24887151303199465,0.8552686737677668,8.2,2.8,1.0,0.6,0.2,1.6,0.425,7.0,0.714,0.9,1.1
204028,Tarik Black,LAL,67,16.3,-4.669597407989685,-1.6322268816798005,-0.1303191960922864,-1.224259899078312,-1.6182122483666705,0.2530081190668853,-1.6074952600111367,0.40893493072181003,-0.21275345498925277,1.0937264824390776,5.7,5.1,0.6,0.4,0.7,0.0,0.51,4.4,0.752,1.6,0.9
1626155,Sam Dekker,HOU,77,18.4,-4.671935923068216,-1.4930078712301762,-0.6428104166799294,-1.0416254039398267,-1.358606005313194,-0.5544646013593445,-0.6787546186951211,0.1413580438859861,-0.6146671495183076,1.5706420997816988,6.5,3.7,1.0,0.5,0.3,0.8,0.473,5.6,0.559,0.9,0.5
201945,Gerald Henderson,PHI,72,23.2,-4.724144815423151,-1.0231437109626953,-1.045482089998792,-0.767673661232099,-1.0989997622597176,-0.756332781465902,-0.6787546186951211,-0.5068464611312704,0.05936178788336881,1.0937264824390776,9.2,2.6,1.6,0.6,0.2,0.8,0.423,7.7,0.806,2.3,0.9
1628021,David Nwaba,LAL,20,19.9,-4.743292631000273,-1.5800197527611912,-0.8258429954612306,-1.1786012752936907,-0.8393935192062412,-0.352596421252787,-1.4914026798466347,0.8986368742932406,-0.8254860569177815,1.4514131954460434,6.0,3.2,0.7,0.7,0.4,0.1,0.58,4.1,0.641,2.0,0.6
1626170,Jerian Grant,CHI,63,16.3,-4.748072873878381,-1.5974221290673942,-1.338334216048874,-0.6306977898782352,-0.8393935192062412,-0.9582009615724595,-0.6787546186951211,-0.2895415082996618,0.2520875777792183,1.3321842911103883,5.9,1.8,1.9,0.7,0.1,0.8,0.425,4.8,0.89,1.2,0.7
202357,Nemanja Bjelica,MIN,65,18.3,-4.761558373158831,-1.5452150001487854,-0.6062039009236694,-0.9503081563705844,-1.0989997622597176,-0.5544646013593445,-0.5626620385306192,-0.3451992073323633,-0.19223218867282355,1.0937264824390776,6.2,3.8,1.2,0.6,0.3,0.9,0.424,5.5,0.738,0.9,0.9
201160,Jason Smith,WAS,74,14.4,-4.762872267725868,-1.6322268816798005,-0.71602344819245,-1.2699185228629333,-1.877818491420147,0.2530081190668853,-1.027032359188627,0.5592186277783702,-0.26503469800189866,1.2129553867747327,5.7,3.5,0.5,0.3,0.7,0.5,0.529,4.4,0.686,0.7,0.8
1626181,Norman Powell,TOR,76,18.0,-4.802545462460711,-1.162362721412319,-1.191908153023833,-0.9959667801552055,-0.8393935192062412,-0.756332781465902,-0.7948471988596232,-0.12471360911009995,-0.030747181666564368,1.0937264824390776,8.4,2.2,1.1,0.7,0.2,0.7,0.449,6.7,0.792,2.1,0.9
203186,Willie Reed,MIA,71,14.5,-4.841308704684092,-1.701836386904612,-0.2767452591173271,-1.3155771466475545,-1.877818491420147,0.2530081190668853,-1.6074952600111367,0.7910246390978917,-0.7957399228654465,1.6898710041173541,5.3,4.7,0.4,0.3,0.7,0.0,0.568,4.0,0.557,1.2,0.4
204038,Langston Galloway,SAC,74,20.2,-4.849498880193716,-1.2493746029433341,-1.2285146687800932,-0.9046495325859629,-1.0989997622597176,-0.9582009615724595,0.2499860226208945,-1.0581647204958908,-0.0529938496231945,1.4514131954460434,7.9,2.1,1.3,0.6,0.1,1.6,0.38,7.4,0.797,0.9,0.6
202389,Timofey Mozgov,LAL,54,20.4,-4.869728084926528,-1.3363864844743492,-0.2035322276048066,-1.1329426515090693,-1.877818491420147,0.05113993896032786,-1.6074952600111367,0.6123668047884523,0.008129421247744385,0.6168108650964563,7.4,4.9,0.8,0.3,0.6,0.0,0.515,6.1,0.808,1.4,1.3
201943,Brandon Jennings,WAS,81,22.2,-4.8718902628279634,-1.3885936133929584,-1.1186951215113126,0.7390609236604035,-0.3201810330992879,-1.160069141679017,-0.4465694583661173,-1.190294530447086,-0.24567244008207834,0.25912415208949036,7.1,2.4,4.9,0.9,0.0,1.0,0.359,6.6,0.75,1.9,1.6
1626159,Justise Winslow,MIA,18,34.7,-4.882082582854338,-0.7273033137572442,-0.09371268033602596,0.19115743824494802,0.9778501821680945,-0.5544646013593445,-1.1431249393531289,-2.3434930043503015,-1.2096580075295147,0.020666343418179828,10.9,5.2,3.7,1.4,0.3,0.4,0.356,12.5,0.617,2.6,1.8
2734,Devin Harris,DAL,65,16.7,-4.927515823546212,-1.4582031186177704,-1.2651211845363535,-0.5393805423089926,-0.8393935192062412,-0.9582009615724595,-0.5626620385306192,-0.5587386786954569,0.16045773748260356,1.0937264824390776,6.7,2.0,2.1,0.7,0.1,0.9,0.399,5.2,0.829,2.0,0.9
201580,JaVale McGee,GSW,77,9.6,-4.987788449264097,-1.5626173764549882,-0.8258429954612306,-1.406894394216797,-2.137424734473624,0.6567444792800003,-1.6074952600111367,1.4293037088757352,-1.1042039765837544,1.5706420997816988,6.1,3.2,0.2,0.2,0.9,0.0,0.652,4.1,0.505,1.4,0.5
201579,Roy Hibbert,DEN,48,14.2,-4.991254351699926,-1.8236530210480333,-0.8258429954612306,-1.3155771466475545,-2.137424734473624,0.8586126593865578,-1.6074952600111367,0.4847694744406699,0.043172381004038536,1.3321842911103883,4.6,3.2,0.4,0.2,1.0,0.0,0.544,3.1,0.813,1.6,0.7
203937,Kyle Anderson,SAS,72,14.2,-5.0044189065614555,-2.0324815367224693,-0.9356625427300115,-0.9046495325859629,-0.8393935192062412,-0.352596421252787,-1.3753100996821328,-0.06104317643688678,-0.07392417772666228,1.5706420997816988,3.4,2.9,1.3,0.7,0.4,0.2,0.445,2.9,0.789,0.8,0.5
201582,Alexis Ajinca,NOP,39,15.0,-5.008953970931426,-1.701836386904612,-0.3499582906298477,-1.3612357704321758,-1.358606005313194,0.05113993896032786,-1.6074952600111367,0.3437257080404579,-0.23764329141597745,1.2129553867747327,5.3,4.5,0.3,0.5,0.6,0.0,0.5,4.6,0.725,1.0,0.8
1627783,Pascal Siakam,TOR,55,15.6,-5.009335324805564,-1.8932625262728453,-0.7526299639487103,-1.3612357704321758,-1.358606005313194,0.45487629917344297,-1.6074952600111367,0.2945347620326146,-0.23693005547960272,1.4514131954460434,4.2,3.4,0.3,0.5,0.8,0.0,0.502,3.7,0.688,0.6,0.6
1891,Jason Terry,MIL,74,18.4,-5.020622512135917,-1.9106649025790483,-1.4847602790739147,-0.9046495325859629,-1.0989997622597176,-0.5544646013593445,-0.4465694583661173,-0.14993586340238355,-0.04122021229112622,1.5706420997816988,4.1,1.4,1.3,0.6,0.3,1.0,0.432,3.3,0.828,0.4,0.5
1626162,Kelly Oubre Jr.,WAS,79,20.3,-5.0319331960196365,-1.5278126238425822,-0.7892364797049706,-1.224259899078312,-0.8393935192062412,-0.756332781465902,-0.7948471988596232,-0.3821181831818401,-0.16934570612621022,1.4514131954460434,6.3,3.3,0.6,0.7,0.2,0.7,0.421,5.6,0.758,1.3,0.6
1626257,Salah Mejri,DAL,73,12.4,-5.036480260397996,-2.119493418253484,-0.4597778378986283,-1.406894394216797,-1.6182122483666705,0.45487629917344297,-1.6074952600111367,0.6412514751748736,-0.4913769757812937,1.5706420997816988,2.9,4.2,0.2,0.4,0.8,0.0,0.642,1.9,0.59,0.8,0.5
203926,Doug McDermott,OKC,66,22.8,-5.0549535187223,-1.0579484635751013,-1.0088755742425317,-1.0872840277244482,-2.137424734473624,-0.9582009615724595,-0.21438429803711345,-0.1694727440197364,0.12722408947667152,1.4514131954460434,9.0,2.7,0.9,0.2,0.1,1.2,0.447,7.5,0.845,1.3,0.6
2744,Al Jefferson,IND,66,14.1,-5.073564288166595,-1.2145698503309283,-0.4597778378986283,-1.0872840277244482,-1.877818491420147,-0.756332781465902,-1.6074952600111367,0.504555629451864,-0.14548376854896686,1.5706420997816988,8.1,4.2,0.9,0.3,0.2,0.0,0.499,7.1,0.765,1.3,0.5
2225,Tony Parker,SAS,63,25.2,-5.078724231652656,-0.8665223242068683,-1.338334216048874,0.5564264285219183,-1.358606005313194,-1.160069141679017,-1.1431249393531289,0.09916835272825822,-0.3652443470625507,0.4975819607608012,10.1,1.8,4.5,0.5,0.0,0.4,0.466,9.0,0.726,1.9,1.4
203521,Matthew Dellavedova,MIL,76,26.1,-5.096844527165212,-1.3015817318619434,-1.3017277002926138,0.6477436760911609,-0.8393935192062412,-1.160069141679017,-0.4465694583661173,-0.873816718773177,0.1579037235045559,0.020666343418179828,7.6,1.9,4.7,0.7,0.0,1.0,0.39,7.0,0.854,1.3,1.8
203585,Rodney McGruder,MIA,78,25.2,-5.1125800578007174,-1.5104102475363792,-0.7892364797049706,-0.767673661232099,-1.0989997622597176,-0.756332781465902,-0.5626620385306192,-0.48874051140933655,-0.4707088667720813,1.3321842911103883,6.4,3.3,1.6,0.6,0.2,0.9,0.413,5.9,0.62,0.9,0.7
203924,Jerami Grant,OKC,80,19.1,-5.124537786848981,-1.6670316342922062,-1.045482089998792,-1.224259899078312,-1.6182122483666705,0.8586126593865578,-1.027032359188627,0.036303268096687914,-0.8888486788536618,1.4514131954460434,5.5,2.6,0.6,0.4,1.0,0.5,0.463,4.1,0.612,1.8,0.6
201167,Arron Afflalo,SAC,61,25.9,-5.177776242623193,-1.162362721412319,-1.2651211845363535,-0.9046495325859629,-1.877818491420147,-0.9582009615724595,-0.4465694583661173,-0.24079637995772782,0.34555819611750593,1.3321842911103883,8.4,2.0,1.3,0.3,0.1,1.0,0.44,6.9,0.892,1.5,0.7
1626147,Justin Anderson,PHI,75,16.4,-5.181839516903091,-1.3885936133929584,-0.7892364797049706,-1.0872840277244482,-1.358606005313194,-0.5544646013593445,-0.6787546186951211,-0.37207290448384905,-0.04655374866828124,1.0937264824390776,7.1,3.3,0.9,0.5,0.3,0.8,0.424,5.9,0.791,1.7,0.9
1627834,Georgios Papagiannis,SAC,22,16.1,-5.223015387887495,-1.6496292579860032,-0.5695973851674091,-1.0872840277244482,-2.3970309775271,0.45487629917344297,-1.6074952600111367,0.7489164414919968,0.028960106095394844,0.8552686737677668,5.6,3.9,0.9,0.1,0.8,0.0,0.549,4.6,0.857,0.6,1.1
1627752,Taurean Prince,ATL,59,16.6,-5.226120940865869,-1.6322268816798005,-1.0088755742425317,-1.0872840277244482,-0.8393935192062412,-0.15072824114622957,-0.910939779024125,-0.5052597337396999,-0.0659107622062165,0.9744975781034223,5.7,2.7,0.9,0.7,0.5,0.6,0.4,4.8,0.787,1.6,1.0
202687,Bismack Biyombo,ORL,81,22.1,-5.233510430790213,-1.5800197527611912,0.5652046032766582,-1.0872840277244482,-1.877818491420147,1.0604808394931156,-1.6074952600111367,0.5273546490117049,-1.9699727600868797,0.7360397694321117,6.0,7.0,0.9,0.3,1.1,0.0,0.528,4.2,0.534,2.9,1.2
1627739,Kris Dunn,MIN,78,17.1,-5.240846565078895,-1.962872031497657,-1.2285146687800932,-0.40240467095512883,-0.060574790045811434,-0.15072824114622957,-1.259217519517631,-0.5823813962036852,-0.4494219207004262,0.8552686737677668,3.8,2.1,2.4,1.0,0.5,0.3,0.377,4.0,0.61,0.8,1.1
1626171,Bobby Portis,CHI,64,15.6,-5.301071052767746,-1.4408007423115672,-0.31335177487358756,-1.2699185228629333,-1.877818491420147,-0.756332781465902,-1.027032359188627,0.30672044490080497,-0.37395002099183067,1.4514131954460434,6.8,4.6,0.5,0.3,0.2,0.5,0.488,5.9,0.661,0.9,0.6
201145,Jeff Green,ORL,69,22.2,-5.306447968846115,-1.0231437109626953,-0.8624495112174909,-0.9503081563705844,-1.358606005313194,-0.756332781465902,-0.6787546186951211,-0.9567076453330973,0.42458578674420483,0.8552686737677668,9.2,3.1,1.2,0.5,0.2,0.8,0.394,8.1,0.863,2.4,1.1
1626144,Emmanuel Mudiay,DEN,55,25.6,-5.312383832210117,-0.7099009374510412,-0.8258429954612306,0.2824746858141905,-0.8393935192062412,-0.756332781465902,-0.4465694583661173,-1.4924246832600603,-0.06814486888927254,-0.45624927392444153,11.0,3.2,3.9,0.7,0.2,1.0,0.377,10.0,0.784,3.0,2.2
202714,Shelvin Mack,UTA,55,21.9,-5.314332326111389,-1.2667769792495374,-1.1553016372675728,-0.2197701758166437,-0.5797872761527644,-0.9582009615724595,-0.7948471988596232,-0.1663735921809145,-0.4323986571013643,0.25912415208949036,7.8,2.3,2.8,0.8,0.1,0.7,0.446,6.9,0.688,1.4,1.6
203546,Ian Clark,GSW,77,14.8,-5.3205962498884185,-1.4408007423115672,-1.4115472475613944,-0.9503081563705844,-1.358606005313194,-0.9582009615724595,-0.6787546186951211,0.28229395117347794,-0.13685676034796354,1.3321842911103883,6.8,1.6,1.2,0.5,0.1,0.8,0.487,5.6,0.759,0.8,0.7
203112,Quincy Acy,BKN,38,14.7,-5.345996619656905,-1.6148245053735972,-0.8990560269737512,-1.2699185228629333,-1.6182122483666705,-0.352596421252787,-0.4465694583661173,-0.37508816590166644,-0.22114446600542628,1.4514131954460434,5.8,3.0,0.5,0.4,0.4,1.0,0.412,4.5,0.75,1.6,0.6
203493,Reggie Bullock Jr.,DET,31,15.1,-5.359059322243238,-1.8410553973542363,-1.2285146687800932,-1.0872840277244482,-1.0989997622597176,-0.9582009615724595,-0.5626620385306192,-0.26588201270723266,-0.12556036176744,1.8090999084530093,4.5,2.1,0.9,0.6,0.1,0.9,0.422,4.1,0.714,0.2,0.3
1627755,Tyler Ulis,PHX,61,18.4,-5.362590035342045,-1.3537888607805524,-1.4115472475613944,0.19115743824494802,-0.5797872761527644,-0.9582009615724595,-1.259217519517631,-0.49824170080538444,-0.10977477229326352,0.6168108650964563,7.3,1.6,3.7,0.8,0.1,0.3,0.421,7.2,0.775,1.2,1.3
1626245,Cristiano Felicio,CHI,66,15.8,-5.367532925490877,-1.788848268435627,-0.2767452591173271,-1.224259899078312,-1.6182122483666705,-0.5544646013593445,-1.6074952600111367,0.7221050629389711,-0.5902545518431278,1.5706420997816988,4.8,4.7,0.6,0.4,0.3,0.0,0.579,3.3,0.645,1.4,0.5
203462,Archie Goodwin,BKN,15,14.3,-5.390130547429354,-1.3537888607805524,-1.3017277002926138,-0.767673661232099,-1.877818491420147,-0.5544646013593445,-1.259217519517631,0.6857733200365261,-0.05493951530256952,1.0937264824390776,7.3,1.9,1.6,0.3,0.3,0.3,0.545,4.4,0.786,2.8,0.9
203498,Shabazz Muhammad,MIN,78,19.4,-5.429635634097678,-0.9013270768192742,-0.9722690584862718,-1.3155771466475545,-1.877818491420147,-0.9582009615724595,-0.910939779024125,0.3098267873471413,-0.13551419858537558,1.3321842911103883,9.9,2.8,0.4,0.3,0.1,0.6,0.482,7.7,0.774,2.4,0.7
1627786,Troy Williams,HOU,30,18.6,-5.436223656164809,-1.5452150001487854,-1.1553016372675728,-1.1329426515090693,-0.3201810330992879,-0.5544646013593445,-0.910939779024125,-0.221048574853278,-0.45139905267111197,0.8552686737677668,6.2,2.3,0.8,0.9,0.3,0.6,0.437,5.6,0.656,1.1,1.1
202498,Lance Thomas,NYK,46,21.0,-5.491824564711468,-1.5800197527611912,-0.8624495112174909,-1.1329426515090693,-1.358606005313194,-0.9582009615724595,-0.6787546186951211,-0.5794787876369307,0.08798562421229024,1.5706420997816988,6.0,3.1,0.8,0.5,0.1,0.8,0.398,5.3,0.843,1.1,0.5
1626145,Tyus Jones,MIN,60,12.9,-5.4979710198318195,-2.015079160416266,-1.5945798263426958,-0.3110874233858862,-0.5797872761527644,-0.9582009615724595,-1.1431249393531289,-0.2311681564955874,-0.11635647155907465,1.4514131954460434,3.5,1.1,2.6,0.8,0.1,0.4,0.414,3.0,0.767,0.7,0.6
1627884,Derrick Jones Jr.,PHX,32,17.0,-5.503336799539094,-1.701836386904612,-1.0820886057550523,-1.3155771466475545,-1.6182122483666705,-0.352596421252787,-1.4914026798466347,0.7117026507344187,-0.3431969656175549,1.6898710041173541,5.3,2.5,0.4,0.4,0.4,0.1,0.562,3.8,0.707,1.3,0.4
1627823,Juancho Hernangomez,DEN,62,13.6,-5.510822211649395,-1.7714458921294243,-0.8990560269737512,-1.2699185228629333,-1.358606005313194,-0.756332781465902,-0.7948471988596232,-0.042817383256375095,-0.18844050056989006,1.5706420997816988,4.9,3.0,0.5,0.5,0.2,0.7,0.451,3.6,0.75,1.2,0.5
203518,Alex Abrines,OKC,68,15.5,-5.520155140694985,-1.5800197527611912,-1.5213667948301752,-1.224259899078312,-1.358606005313194,-0.9582009615724595,0.0178008622918904,-0.5902431270863888,0.12409843787314696,1.5706420997816988,6.0,1.3,0.6,0.5,0.1,1.4,0.393,5.0,0.898,0.7,0.5
1626179,Terry Rozier,BOS,74,17.1,-5.525740991526911,-1.6670316342922062,-0.8624495112174909,-0.6763564136628565,-1.0989997622597176,-0.9582009615724595,-0.6787546186951211,-0.9257281112907364,-0.10963317398236562,1.4514131954460434,5.5,3.1,1.8,0.6,0.1,0.8,0.367,5.6,0.773,0.9,0.6
1626246,Boban Marjanovic,DET,35,8.4,-5.527645150646656,-1.6670316342922062,-0.6428104166799294,-1.3612357704321758,-2.137424734473624,-0.5544646013593445,-1.6074952600111367,0.5955743393725313,0.03814301877622001,1.8090999084530093,5.5,3.7,0.3,0.2,0.3,0.0,0.545,3.8,0.81,1.7,0.3
201575,Brandon Rush,MIN,47,21.9,-5.540340015539879,-1.8932625262728453,-1.2285146687800932,-1.0416254039398267,-1.358606005313194,-0.15072824114622957,-0.5626620385306192,-0.6039532187476891,-0.152401108255425,1.4514131954460434,4.2,2.1,1.0,0.5,0.5,0.9,0.374,4.0,0.722,0.4,0.6
201962,Toney Douglas,MEM,24,16.4,-5.5443766527796186,-1.7714458921294243,-1.0820886057550523,-0.44806329473975015,-0.5797872761527644,-0.756332781465902,-1.259217519517631,-0.7981643371113557,0.05699657165318443,1.0937264824390776,4.9,2.5,2.3,0.8,0.2,0.3,0.368,4.9,0.828,1.2,0.9
203086,Meyers Leonard,POR,74,16.5,-5.551882995724898,-1.6844340105984092,-0.8258429954612306,-1.0416254039398267,-2.137424734473624,-0.352596421252787,-0.4465694583661173,-0.6667104442665392,0.03267837285193675,1.5706420997816988,5.4,3.2,1.0,0.2,0.4,1.0,0.386,5.1,0.875,0.5,0.5
203487,Michael Carter-Williams,CHI,45,18.8,-5.553841394012905,-1.4756054949239734,-0.7526299639487103,-0.3567460471705075,-0.5797872761527644,-0.15072824114622957,-1.259217519517631,-1.141532624020951,-0.2159472835572838,0.3783530564251458,6.6,3.4,2.5,0.8,0.5,0.3,0.366,6.8,0.753,1.7,1.5
203382,Aron Baynes,DET,75,15.5,-5.559172747839258,-1.7714458921294243,-0.38656480638610774,-1.3155771466475545,-2.137424734473624,-0.15072824114622957,-1.6074952600111367,0.367699193494361,0.1101798483500691,1.3321842911103883,4.9,4.4,0.4,0.2,0.5,0.0,0.513,3.7,0.84,1.3,0.7
2733,Shaun Livingston,GSW,76,17.7,-5.575546121532364,-1.7366411395170183,-1.2651211845363535,-0.6763564136628565,-1.358606005313194,-0.5544646013593445,-1.6074952600111367,0.6708072689293305,-0.26062417283652267,1.2129553867747327,5.1,2.0,1.8,0.5,0.3,0.0,0.547,4.2,0.7,0.8,0.8
202688,Brandon Knight,PHX,54,21.1,-5.6351585303404095,-0.7099009374510412,-1.191908153023833,-0.40240467095512883,-1.358606005313194,-0.9582009615724595,-0.6787546186951211,-1.0807408312227762,0.4862334958036544,0.25912415208949036,11.0,2.2,2.4,0.5,0.1,0.8,0.398,9.7,0.857,2.9,1.6
203584,Troy Daniels,MEM,67,17.7,-5.694529123431949,-1.1971674740247253,-1.4481537633176547,-1.1786012752936907,-1.877818491420147,-0.9582009615724595,0.8304489234434043,-1.137980463908705,-0.05923990844835865,1.3321842911103883,8.2,1.5,0.7,0.3,0.1,2.1,0.374,7.4,0.796,0.8,0.7
1627785,Isaiah Whitehead,BKN,73,22.5,-5.708244539813804,-1.3363864844743492,-1.0820886057550523,-0.3110874233858862,-1.0989997622597176,-0.15072824114622957,-0.910939779024125,-0.72281396096515,0.0033622781141808378,-0.09856256091747531,7.4,2.5,2.6,0.6,0.5,0.6,0.402,7.0,0.805,1.5,1.9
202722,Davis Bertans,SAS,67,12.1,-5.718502419775714,-1.8410553973542363,-1.4481537633176547,-1.1786012752936907,-1.877818491420147,-0.352596421252787,-0.4465694583661173,-0.11016221636958357,-0.03418749618319583,1.5706420997816988,4.5,1.5,0.7,0.3,0.4,1.0,0.44,3.5,0.824,0.5,0.5
201977,Marcus Thornton,WAS,33,17.4,-5.727765353023081,-1.4756054949239734,-1.1553016372675728,-0.9503081563705844,-1.0989997622597176,-0.9582009615724595,-0.6787546186951211,-0.6817843544864548,0.05823424577807011,1.2129553867747327,6.6,2.3,1.2,0.6,0.1,0.8,0.4,6.4,0.852,0.8,0.8
101138,Brandon Bass,LAC,52,11.1,-5.749978814530726,-1.6496292579860032,-1.0820886057550523,-1.3155771466475545,-1.877818491420147,-0.756332781465902,-1.6074952600111367,0.7596544153805671,0.3278951179284607,1.4514131954460434,5.6,2.5,0.4,0.3,0.2,0.0,0.575,3.6,0.875,1.7,0.6
203138,Hollis Thompson,NOP,40,18.8,-5.76487316643734,-1.7366411395170183,-0.9722690584862718,-1.0872840277244482,-1.358606005313194,-0.756332781465902,-0.6787546186951211,-0.6621492022330683,-0.3219362414553252,1.8090999084530093,5.1,2.8,0.9,0.5,0.2,0.8,0.385,5.0,0.655,0.7,0.3
1627827,Dorian Finney-Smith,DAL,81,20.3,-5.79632291470303,-1.875860149966642,-1.0088755742425317,-1.1329426515090693,-1.0989997622597176,-0.5544646013593445,-0.7948471988596232,-0.6344006478339647,-0.14734552411818042,1.4514131954460434,4.3,2.7,0.8,0.6,0.3,0.7,0.372,4.1,0.754,0.8,0.6
203463,Ben McLemore,SAC,61,19.3,-5.814816412594735,-1.2145698503309283,-1.2285146687800932,-1.1329426515090693,-1.358606005313194,-0.9582009615724595,-0.33047687820161525,-0.36483435958574995,-0.2011686154050482,0.9744975781034223,8.1,2.1,0.8,0.5,0.1,1.1,0.43,6.9,0.753,1.5,1.0
2757,Beno Udrih,DET,39,14.4,-5.849433728635261,-1.6148245053735972,-1.4481537633176547,0.05418156689108404,-1.877818491420147,-1.160069141679017,-1.259217519517631,0.07589954681079276,0.28684209653183174,1.0937264824390776,5.8,1.5,3.4,0.3,0.0,0.3,0.467,5.1,0.941,0.9,0.9
1627742,Brandon Ingram,LAL,79,28.9,-5.8555813462767485,-0.9883389583502892,-0.5329908694111488,-0.5393805423089926,-1.0989997622597176,-0.15072824114622957,-0.7948471988596232,-0.9042593541211095,-1.2243894762447842,0.3783530564251458,9.4,4.0,2.1,0.6,0.5,0.7,0.402,8.7,0.621,2.7,1.5
202337,Luke Babbitt,MIA,68,15.7,-5.8587389496636195,-1.788848268435627,-1.2285146687800932,-1.2699185228629333,-1.877818491420147,-0.756332781465902,-0.09829171787261139,-0.4132894667579253,-0.11559603618573398,1.6898710041173541,4.8,2.1,0.5,0.3,0.2,1.3,0.402,4.1,0.733,0.2,0.4
1627734,Domantas Sabonis,OKC,81,20.1,-5.95416319077771,-1.5974221290673942,-0.6794169324361897,-1.0416254039398267,-1.358606005313194,-0.352596421252787,-0.910939779024125,-0.6372265565872292,-0.3508275412603876,0.9744975781034223,5.9,3.6,1.0,0.5,0.4,0.6,0.399,5.9,0.657,0.8,1.0
203613,Jonathon Simmons,SAS,78,17.9,-5.9701255760177565,-1.5452150001487854,-1.2285146687800932,-0.767673661232099,-1.0989997622597176,-0.5544646013593445,-1.1431249393531289,-0.37731006362369884,-0.22932045736431028,0.9744975781034223,6.2,2.1,1.6,0.6,0.3,0.4,0.42,5.4,0.75,1.7,1.0
2571,Leandro Barbosa,PHX,67,14.4,-6.006725141025218,-1.5278126238425822,-1.4115472475613944,-0.9503081563705844,-1.358606005313194,-0.9582009615724595,-1.027032359188627,-0.21298071322182058,0.1075786349350554,1.3321842911103883,6.3,1.6,1.2,0.5,0.1,0.5,0.439,5.9,0.889,0.7,0.7
201956,Omri Casspi,MIN,36,17.8,-6.014802192791759,-1.7192387632108155,-0.8624495112174909,-1.0416254039398267,-1.0989997622597176,-0.9582009615724595,-1.1431249393531289,0.0956497487844136,-0.4997679867974672,1.2129553867747327,5.2,3.1,1.0,0.6,0.1,0.4,0.47,4.6,0.586,0.8,0.8
2399,Mike Dunleavy,ATL,53,15.9,-6.026636482448743,-1.7192387632108155,-1.191908153023833,-1.0872840277244482,-1.877818491420147,-0.9582009615724595,-0.4465694583661173,-0.2654098294804362,-0.05084889743218515,1.5706420997816988,5.2,2.2,0.9,0.3,0.1,1.0,0.423,4.2,0.8,0.8,0.5
1627851,Mindaugas Kuzminskas,NYK,68,14.9,-6.028540744534693,-1.5278126238425822,-1.3017277002926138,-1.0416254039398267,-1.6182122483666705,-0.756332781465902,-0.6787546186951211,-0.299651502465285,-0.017379252241423088,1.2129553867747327,6.3,1.9,1.0,0.4,0.2,0.8,0.428,5.4,0.809,1.0,0.8
201147,Corey Brewer,LAL,82,15.6,-6.039407061156403,-1.8410553973542363,-1.2651211845363535,-0.9503081563705844,-0.8393935192062412,-0.756332781465902,-1.259217519517631,-0.2729599673708375,-0.18720282644500455,1.3321842911103883,4.5,2.0,1.2,0.7,0.2,0.3,0.422,4.2,0.735,0.8,0.7
202334,Ed Davis,POR,46,17.2,-6.049955838539388,-1.875860149966642,-0.057106164579765854,-1.224259899078312,-1.877818491420147,-0.15072824114622957,-1.6074952600111367,0.39560594125878734,-0.8652489603706738,1.2129553867747327,4.3,5.3,0.6,0.3,0.5,0.0,0.528,3.1,0.617,1.8,0.8
203141,Mirza Teletovic,MIL,70,16.2,-6.057739682024571,-1.5104102475363792,-1.1553016372675728,-1.1786012752936907,-2.137424734473624,-0.756332781465902,0.13389344245639245,-0.928872803643818,-0.09533174458167495,1.5706420997816988,6.4,2.3,0.7,0.2,0.2,1.5,0.373,6.0,0.778,0.6,0.5
203943,Noah Vonleh,POR,74,17.1,-6.063310941196044,-1.8584577736604393,-0.09371268033602596,-1.3155771466475545,-1.6182122483666705,-0.352596421252787,-1.4914026798466347,0.15132901963965922,-0.578407493164668,1.0937264824390776,4.4,5.2,0.4,0.4,0.4,0.1,0.481,3.6,0.638,1.3,0.9
201177,Josh McRoberts,MIA,22,17.3,-6.067163557938682,-1.7714458921294243,-0.7526299639487103,-0.44806329473975015,-1.358606005313194,-0.756332781465902,-0.910939779024125,-0.8335541104293799,-0.2100893089916177,0.9744975781034223,4.9,3.4,2.3,0.5,0.2,0.6,0.373,5.4,0.667,0.4,1.0
201973,Jonas Jerebko,BOS,78,15.8,-6.070338624775674,-1.962872031497657,-0.71602344819245,-1.0872840277244482,-1.877818491420147,-0.756332781465902,-0.910939779024125,-0.1368801170249181,-0.19283004820772592,1.5706420997816988,3.8,3.5,0.9,0.3,0.2,0.6,0.435,3.4,0.703,0.5,0.5
2743,Kris Humphries,ATL,56,12.3,-6.097456481031801,-1.8236530210480333,-0.6428104166799294,-1.2699185228629333,-1.877818491420147,-0.352596421252787,-1.259217519517631,-0.3471143058004365,-0.09496988223160237,1.5706420997816988,4.6,3.7,0.5,0.3,0.4,0.3,0.407,3.8,0.78,1.5,0.5
1627775,Patrick McCaw,GSW,71,15.1,-6.1048668065671,-1.9280672788852513,-1.4847602790739147,-0.9959667801552055,-1.358606005313194,-0.756332781465902,-0.910939779024125,-0.15420468739692475,-0.08663131503428005,1.5706420997816988,4.0,1.4,1.1,0.5,0.2,0.6,0.433,3.5,0.784,0.5,0.5
201571,D.J. Augustin,ORL,78,19.7,-6.10591853189495,-1.2493746029433341,-1.4481537633176547,-0.26542879960126486,-1.6182122483666705,-1.160069141679017,-0.21438429803711345,-0.9767334872614477,0.09039803987943991,0.7360397694321117,7.9,1.5,2.7,0.4,0.0,1.2,0.377,6.6,0.814,2.1,1.2
1626150,Andrew Harrison,MEM,72,20.5,-6.108164370036912,-1.5974221290673942,-1.3017277002926138,-0.2197701758166437,-0.8393935192062412,-0.5544646013593445,-0.910939779024125,-1.201444765833164,-0.21904146886949766,0.7360397694321117,5.9,1.9,2.8,0.7,0.3,0.6,0.325,5.0,0.763,2.7,1.2
2449,Luis Scola,BKN,36,12.8,-6.13426701154564,-1.7366411395170183,-0.5695973851674091,-1.0416254039398267,-1.6182122483666705,-0.9582009615724595,-1.027032359188627,0.08944665136842676,-0.3661306476011339,1.0937264824390776,5.1,3.9,1.0,0.4,0.1,0.5,0.47,4.2,0.676,1.0,0.9
1627767,Cheick Diallo,NOP,17,11.7,-6.149614708538186,-1.7366411395170183,-0.4231713221423682,-1.406894394216797,-2.137424734473624,-0.352596421252787,-1.6074952600111367,0.12645670824642266,-0.30171914928823235,1.6898710041173541,5.1,4.3,0.2,0.2,0.4,0.0,0.474,4.5,0.714,1.2,0.4
1627756,Denzel Valentine,CHI,57,17.1,-6.152379617277674,-1.7366411395170183,-1.045482089998792,-0.9959667801552055,-1.358606005313194,-0.9582009615724595,-0.09829171787261139,-0.9600872308649917,-0.09283017442247826,1.0937264824390776,5.1,2.6,1.1,0.5,0.1,1.3,0.354,5.1,0.778,0.3,0.9
201228,C.J. Watson,ORL,62,16.3,-6.177628809461872,-1.8410553973542363,-1.4847602790739147,-0.6763564136628565,-0.8393935192062412,-1.160069141679017,-1.027032359188627,-0.5104753210570058,0.1485582349852927,1.2129553867747327,4.5,1.4,1.8,0.7,0.0,0.5,0.387,4.0,0.864,1.1,0.8
1626169,Stanley Johnson,DET,77,17.8,-6.179820383928447,-1.8584577736604393,-1.0820886057550523,-0.8589909088013417,-0.8393935192062412,-0.5544646013593445,-0.910939779024125,-0.8913282449405652,-0.2778834336204143,1.0937264824390776,4.4,2.5,1.4,0.7,0.3,0.6,0.353,4.7,0.679,0.7,0.9
203481,Jeff Withey,UTA,51,8.5,-6.194298932227524,-2.119493418253484,-1.1186951215113126,-1.4525530180014183,-1.877818491420147,0.05113993896032786,-1.6074952600111367,0.2854290560498735,-0.16391252649323795,1.8090999084530093,2.9,2.4,0.1,0.3,0.6,0.0,0.534,2.0,0.75,0.9,0.3
1627789,Timothe Luwawu-Cabarrot,PHI,69,17.2,-6.231988286358224,-1.5104102475363792,-1.191908153023833,-0.9959667801552055,-1.358606005313194,-0.9582009615724595,-0.7948471988596232,-0.5306953093882519,0.2533776957229549,0.8552686737677668,6.4,2.2,1.1,0.5,0.1,0.7,0.402,5.2,0.854,1.8,1.1
2210,Richard Jefferson,CLE,79,20.4,-6.23427649351561,-1.6322268816798005,-1.045482089998792,-1.0416254039398267,-1.877818491420147,-0.9582009615724595,-0.6787546186951211,-0.09452024815600922,-0.23783208916384133,1.3321842911103883,5.7,2.6,1.0,0.3,0.1,0.8,0.446,4.3,0.741,1.4,0.7
1627835,Paul Zipser,CHI,44,19.2,-6.237901453622007,-1.6670316342922062,-0.9722690584862718,-1.1329426515090693,-1.877818491420147,-0.352596421252787,-0.6787546186951211,-0.5453018301197141,-0.10491323028576803,1.0937264824390776,5.5,2.8,0.8,0.3,0.4,0.8,0.398,5.0,0.775,0.9,0.9
200751,Randy Foye,BKN,69,18.6,-6.2417568835164055,-1.7192387632108155,-1.191908153023833,-0.585039166093614,-1.358606005313194,-0.9582009615724595,-0.4465694583661173,-0.8068386066432168,0.08860446127473308,0.7360397694321117,5.2,2.2,2.0,0.5,0.1,1.0,0.363,4.7,0.857,0.9,1.2
1626184,Chasson Randle,NYK,26,11.5,-6.243919762733706,-1.701836386904612,-1.5579733105864353,-0.9046495325859629,-1.877818491420147,-0.9582009615724595,-0.910939779024125,-0.34028322866150196,0.6755976369111496,1.3321842911103883,5.3,1.2,1.3,0.3,0.1,0.6,0.408,3.8,0.953,1.7,0.7
203909,KJ McDaniels,BKN,49,10.3,-6.2632304966871555,-1.8932625262728453,-1.374940731805134,-1.3612357704321758,-1.6182122483666705,-0.352596421252787,-1.1431249393531289,-0.008527772888095194,0.03725671823763636,1.4514131954460434,4.2,1.7,0.3,0.4,0.4,0.4,0.456,3.4,0.842,0.8,0.6
202362,Lance Stephenson,IND,18,20.1,-6.271754102947869,-1.4408007423115672,-0.9356625427300115,0.008522943106462715,-1.877818491420147,-0.756332781465902,-1.259217519517631,-0.11266934152303115,-0.3953575878468433,0.4975819607608012,6.8,2.9,3.3,0.3,0.2,0.3,0.45,6.7,0.615,0.7,1.4
1627759,Jaylen Brown,BOS,78,17.2,-6.303981713923638,-1.4756054949239734,-0.9722690584862718,-1.1329426515090693,-1.6182122483666705,-0.756332781465902,-0.910939779024125,-0.03755385855563817,-0.4938523240310646,1.0937264824390776,6.6,2.8,0.8,0.4,0.2,0.6,0.455,5.4,0.685,1.6,0.9
201627,Anthony Morrow,CHI,49,14.6,-6.3048573010661055,-1.6670316342922062,-1.777612405123997,-1.2699185228629333,-1.358606005313194,-1.160069141679017,-0.6787546186951211,-0.6392063705229344,0.19878368029897625,2.0475577171243198,5.5,0.6,0.5,0.5,0.0,0.8,0.389,5.1,0.919,0.8,0.1
202718,Chandler Parsons,MEM,34,19.8,-6.3105619546115355,-1.5452150001487854,-1.0820886057550523,-0.767673661232099,-1.0989997622597176,-0.9582009615724595,-0.7948471988596232,-1.4172708503859224,0.021549794491736496,1.3321842911103883,6.2,2.5,1.6,0.6,0.1,0.7,0.338,6.5,0.814,1.3,0.7
202730,Lavoy Allen,IND,61,14.3,-6.346824365062619,-2.119493418253484,-0.6794169324361897,-1.0872840277244482,-1.877818491420147,-0.352596421252787,-1.6074952600111367,0.00733470728926231,-0.20069662103538857,1.5706420997816988,2.9,3.6,0.9,0.3,0.4,0.0,0.458,2.8,0.697,0.5,0.5
1626168,Trey Lyles,UTA,71,16.3,-6.361962839359868,-1.5452150001487854,-0.7892364797049706,-1.0416254039398267,-1.6182122483666705,-0.5544646013593445,-0.5626620385306192,-1.0832455595070527,-0.261027990241676,1.0937264824390776,6.2,3.3,1.0,0.4,0.3,0.9,0.362,6.2,0.722,1.1,0.9
1627748,Thon Maker,MIL,57,9.9,-6.397019270503468,-1.9280672788852513,-1.2651211845363535,-1.3155771466475545,-2.137424734473624,-0.15072824114622957,-1.027032359188627,0.010661561699382009,-0.39282979577822097,1.8090999084530093,4.0,2.0,0.4,0.2,0.5,0.5,0.459,3.2,0.653,0.9,0.3
203530,Joffrey Lauvergne,CHI,70,14.0,-6.442828533321718,-1.6844340105984092,-0.6794169324361897,-1.0416254039398267,-1.6182122483666705,-0.9582009615724595,-1.027032359188627,-0.1601105730356387,-0.48675143095862794,1.2129553867747327,5.4,3.6,1.0,0.4,0.1,0.5,0.44,4.8,0.63,1.0,0.8
202338,Kevin Seraphin,IND,49,11.4,-6.491361339010508,-1.8062506447418303,-0.9356625427300115,-1.2699185228629333,-2.3970309775271,-0.352596421252787,-1.6074952600111367,0.6687843113485373,-0.24260447667928997,1.4514131954460434,4.7,2.9,0.5,0.1,0.4,0.0,0.551,4.0,0.636,0.4,0.6
202325,Wesley Johnson,LAC,68,11.9,-6.503223906812662,-2.1542981708658906,-1.0088755742425317,-1.3612357704321758,-1.6182122483666705,-0.352596421252787,-1.1431249393531289,-0.4780984122876276,-0.19588227846485895,1.8090999084530093,2.7,2.7,0.3,0.4,0.4,0.4,0.365,2.9,0.647,0.3,0.3
202332,Cole Aldrich,MIN,62,8.6,-6.510137131990795,-2.32832193392792,-1.0820886057550523,-1.3155771466475545,-1.6182122483666705,-0.352596421252787,-1.6074952600111367,0.1794107388536093,-0.19435616333629238,1.8090999084530093,1.7,2.5,0.4,0.4,0.4,0.0,0.523,1.4,0.682,0.4,0.3
202732,DeAndre Liggins,DAL,62,12.5,-6.533719647136977,-2.189102923478296,-1.374940731805134,-1.0872840277244482,-0.5797872761527644,-0.756332781465902,-1.259217519517631,-0.2831898049950382,-0.336048873108152,1.3321842911103883,2.5,1.7,0.9,0.8,0.2,0.3,0.387,2.3,0.625,0.6,0.7
201196,Ramon Sessions,CHA,50,16.2,-6.576030360885559,-1.5452150001487854,-1.4481537633176547,-0.3110874233858862,-1.358606005313194,-0.9582009615724595,-1.1431249393531289,-0.7509747768617614,-0.15439397337176597,1.0937264824390776,6.2,1.5,2.6,0.5,0.1,0.4,0.38,5.3,0.771,2.4,0.9
203957,Dante Exum,UTA,66,18.6,-6.5913139333351065,-1.5452150001487854,-1.2651211845363535,-0.7220150374474779,-1.877818491420147,-0.756332781465902,-0.7948471988596232,-0.315537951334358,-0.0504660575545722,0.7360397694321117,6.2,2.0,1.7,0.3,0.2,0.7,0.427,5.5,0.795,1.1,1.2
203477,Isaiah Canaan,CHI,39,15.2,-6.599740910159136,-1.8236530210480333,-1.5213667948301752,-1.0872840277244482,-1.0989997622597176,-1.160069141679017,-0.910939779024125,-0.745876636133862,0.1778061527585425,1.5706420997816988,4.6,1.3,0.9,0.6,0.0,0.6,0.364,4.4,0.909,0.8,0.5
1627758,Ron Baker,NYK,52,16.5,-6.6039358037713045,-1.9106649025790483,-1.3017277002926138,-0.5393805423089926,-0.8393935192062412,-0.756332781465902,-1.1431249393531289,-0.6051660345484964,-0.36341405778464775,0.8552686737677668,4.1,1.9,2.1,0.7,0.2,0.4,0.378,4.2,0.651,0.8,1.1
202692,Alec Burks,UTA,42,15.5,-6.635102442473094,-1.4582031186177704,-0.9356625427300115,-1.1786012752936907,-1.6182122483666705,-0.9582009615724595,-0.910939779024125,-0.6372265565872292,-0.15101134705587108,1.2129553867747327,6.7,2.9,0.7,0.4,0.1,0.6,0.399,5.9,0.769,1.9,0.8
203080,Thomas Robinson,LAL,48,11.7,-6.697942515849126,-1.7540435158232213,-0.31335177487358756,-1.224259899078312,-1.358606005313194,-0.756332781465902,-1.6074952600111367,0.5743404753817168,-1.232691332768911,0.9744975781034223,5.0,4.6,0.6,0.5,0.2,0.0,0.536,4.1,0.47,1.4,1.0
203940,Adreian Payne,MIN,18,7.5,-6.709452816850039,-2.015079160416266,-1.338334216048874,-1.3155771466475545,-1.6182122483666705,-0.352596421252787,-1.3753100996821328,-0.16645268886357584,-0.21776183968953136,1.6898710041173541,3.5,1.8,0.4,0.4,0.4,0.2,0.426,3.0,0.737,1.1,0.4
1626254,Maurice Ndour,NYK,32,10.4,-6.753661505809447,-2.084688665641078,-1.2651211845363535,-1.3612357704321758,-1.358606005313194,-0.5544646013593445,-1.6074952600111367,-0.016327185172338367,-0.19559383746117806,1.6898710041173541,3.1,2.0,0.3,0.5,0.3,0.0,0.453,2.7,0.731,0.8,0.4
203894,Shabazz Napier,POR,53,9.7,-6.801019561335339,-1.9106649025790483,-1.5579733105864353,-0.9046495325859629,-1.0989997622597176,-1.160069141679017,-0.910939779024125,-0.36812526095829595,-0.10255325843746922,1.2129553867747327,4.1,1.2,1.3,0.6,0.0,0.6,0.399,3.5,0.776,0.9,0.8
1626209,Mario Hezonja,ORL,65,14.8,-6.8228070560087,-1.7714458921294243,-1.191908153023833,-1.0416254039398267,-1.358606005313194,-0.756332781465902,-0.7948471988596232,-0.9509192062837899,-0.05084889743218515,1.0937264824390776,4.9,2.2,1.0,0.5,0.2,0.7,0.355,5.1,0.8,0.8,0.9
1626173,Rashad Vaughn,MIL,41,11.2,-6.838391851678476,-2.015079160416266,-1.5579733105864353,-1.224259899078312,-1.358606005313194,-0.756332781465902,-0.910939779024125,-0.6340195456356873,-0.1902812786115632,1.8090999084530093,3.5,1.2,0.6,0.5,0.2,0.6,0.365,3.8,0.4,0.1,0.3
101123,Gerald Green,BOS,47,11.4,-6.8414331138120374,-1.6496292579860032,-1.338334216048874,-1.1786012752936907,-2.137424734473624,-0.9582009615724595,-0.6787546186951211,-0.4370160746871584,-0.03411407483680412,1.5706420997816988,5.6,1.8,0.7,0.2,0.1,0.8,0.409,4.9,0.805,0.9,0.5
1626185,Jarell Martin,MEM,42,13.3,-6.847152333387467,-1.945469655191454,-0.5695973851674091,-1.406894394216797,-1.6182122483666705,-0.756332781465902,-1.3753100996821328,-0.47641101639085215,-0.031109044016636958,1.3321842911103883,3.9,3.9,0.2,0.4,0.2,0.2,0.384,3.6,0.8,1.2,0.7
203898,Tyler Ennis,LAL,53,11.1,-6.868502110644295,-1.875860149966642,-1.7043993736114764,-0.767673661232099,-1.358606005313194,-1.160069141679017,-1.027032359188627,-0.17460683778520927,-0.01320996864276208,1.2129553867747327,4.3,0.8,1.6,0.5,0.0,0.5,0.433,3.9,0.84,0.5,0.8
201600,Omer Asik,NOP,31,15.6,-6.8687916898001475,-2.1542981708658906,-0.057106164579765854,-1.2699185228629333,-2.137424734473624,-0.5544646013593445,-1.6074952600111367,0.08330587255090055,-0.7420322079800512,1.5706420997816988,2.7,5.3,0.5,0.2,0.3,0.0,0.477,2.1,0.59,1.3,0.5
1627855,Okaro White,MIA,35,13.5,-6.872425694964166,-2.136895794559687,-1.1553016372675728,-1.224259899078312,-1.877818491420147,-0.5544646013593445,-1.259217519517631,-0.3458823150462565,0.11077246350308646,1.5706420997816988,2.8,2.3,0.6,0.3,0.3,0.3,0.379,2.5,0.909,0.6,0.5
203461,Anthony Bennett,BKN,23,11.5,-6.874653523830869,-1.7540435158232213,-0.7526299639487103,-1.2699185228629333,-2.137424734473624,-0.9582009615724595,-0.910939779024125,-0.3235195256756394,-0.33861862023185524,1.5706420997816988,5.0,3.4,0.5,0.2,0.1,0.6,0.413,4.0,0.722,1.6,0.5
201166,Aaron Brooks,IND,65,13.7,-6.895189347100193,-1.7540435158232213,-1.5945798263426958,-0.6306977898782352,-1.6182122483666705,-0.9582009615724595,-0.7948471988596232,-0.458386560220751,-0.06071882413995926,0.9744975781034223,5.0,1.1,1.9,0.4,0.1,0.7,0.403,4.6,0.8,0.6,1.0
1627751,Jakob Poeltl,TOR,54,11.6,-6.912290440029356,-2.084688665641078,-0.8624495112174909,-1.406894394216797,-1.877818491420147,-0.352596421252787,-1.6074952600111367,0.48346318074217154,-0.7744529767937914,1.5706420997816988,3.1,3.1,0.2,0.3,0.4,0.0,0.583,2.1,0.544,1.1,0.5
203526,Raul Neto,UTA,40,8.6,-6.919298934333453,-2.189102923478296,-1.7043993736114764,-1.0872840277244482,-1.358606005313194,-0.9582009615724595,-1.259217519517631,-0.018575448455257864,-0.03378367877804242,1.6898710041173541,2.5,0.8,0.9,0.5,0.1,0.3,0.451,2.3,0.889,0.2,0.4
1626172,Kevon Looney,GSW,53,8.4,-6.946182888294103,-2.189102923478296,-1.1553016372675728,-1.2699185228629333,-1.877818491420147,-0.5544646013593445,-1.6074952600111367,0.2458807147191998,-0.34706207506687975,1.8090999084530093,2.5,2.3,0.5,0.3,0.3,0.0,0.523,2.0,0.618,0.6,0.3
203949,James Michael McAdoo,GSW,52,8.8,-6.952885415141003,-2.136895794559687,-1.338334216048874,-1.3612357704321758,-1.877818491420147,0.05113993896032786,-1.6074952600111367,0.30805789789853355,-0.6801747236451973,1.6898710041173541,2.8,1.8,0.3,0.3,0.6,0.0,0.53,2.3,0.5,0.8,0.4
1627362,Briante Weber,CHA,20,10.2,-6.9615411356605446,-2.084688665641078,-1.5213667948301752,-0.9959667801552055,-1.0989997622597176,-0.9582009615724595,-1.4914026798466347,-0.21498928958758448,-0.28579720588504315,1.6898710041173541,3.1,1.3,1.1,0.6,0.1,0.1,0.417,3.0,0.688,0.8,0.4
202682,Derrick Williams,CLE,50,16.1,-6.965483604793775,-1.5626173764549882,-1.045482089998792,-1.224259899078312,-1.877818491420147,-0.9582009615724595,-0.910939779024125,-0.13752727170123824,-0.700050930989758,1.4514131954460434,6.1,2.6,0.6,0.3,0.1,0.6,0.443,4.9,0.652,1.8,0.6
203107,Tomas Satoransky,WAS,57,12.6,-7.1452585522077525,-2.1542981708658906,-1.4481537633176547,-0.767673661232099,-1.358606005313194,-0.9582009615724595,-1.3753100996821328,-0.1924299569448996,-0.22277022438980998,1.3321842911103883,2.7,1.5,1.6,0.5,0.1,0.2,0.415,2.6,0.697,0.6,0.7
203504,Trey Burke,WAS,57,12.3,-7.1911532007533445,-1.7540435158232213,-1.7043993736114764,-0.6763564136628565,-2.137424734473624,-0.9582009615724595,-1.027032359188627,-0.02724252737960432,-0.11940870181620779,1.2129553867747327,5.0,0.8,1.8,0.2,0.1,0.5,0.455,4.5,0.759,0.5,0.8
1627098,Malcolm Delaney,ATL,73,17.1,-7.229312484952512,-1.6844340105984092,-1.374940731805134,-0.3110874233858862,-1.358606005313194,-1.160069141679017,-1.1431249393531289,-0.8081401066033717,-0.005720991310826991,0.6168108650964563,5.4,1.7,2.6,0.5,0.0,0.4,0.374,5.3,0.806,1.3,1.3
1626166,Cameron Payne,CHI,31,14.9,-7.260289010793352,-1.7192387632108155,-1.4481537633176547,-0.6763564136628565,-1.358606005313194,-0.9582009615724595,-0.5626620385306192,-1.417608808939112,-0.2131887386857168,1.0937264824390776,5.2,1.5,1.8,0.5,0.1,0.9,0.332,6.2,0.625,0.3,0.9
101181,Jose Calderon,ATL,41,13.1,-7.264548911176281,-2.0324815367224693,-1.338334216048874,-0.5393805423089926,-1.877818491420147,-1.160069141679017,-1.027032359188627,-0.28044538979360684,0.01651518788203257,0.9744975781034223,3.4,1.8,2.1,0.3,0.0,0.5,0.41,3.3,0.917,0.3,1.0
203092,Tyler Zeller,BOS,51,10.3,-7.2737537022494525,-2.015079160416266,-1.1186951215113126,-1.1329426515090693,-2.3970309775271,-0.352596421252787,-1.6074952600111367,0.2061334332472868,-0.5459185473864214,1.6898710041173541,3.5,2.4,0.8,0.1,0.4,0.0,0.494,3.1,0.564,0.8,0.4
1627733,Dragan Bender,PHX,43,13.3,-7.280276760678942,-2.0324815367224693,-1.1186951215113126,-1.2699185228629333,-2.137424734473624,-0.15072824114622957,-0.7948471988596232,-0.6898594067254271,-0.4185062894877119,1.3321842911103883,3.4,2.4,0.5,0.2,0.5,0.7,0.354,3.7,0.364,0.3,0.7
2564,Boris Diaw,UTA,73,17.6,-7.322861572765478,-1.8236530210480333,-1.191908153023833,-0.44806329473975015,-2.137424734473624,-0.9582009615724595,-1.259217519517631,-0.10004742846561732,-0.14038622935664155,0.7360397694321117,4.6,2.2,2.3,0.2,0.1,0.3,0.446,4.5,0.743,0.5,1.2
1626192,Pat Connaughton,POR,39,8.1,-7.335344846923835,-2.189102923478296,-1.5213667948301752,-1.1786012752936907,-2.137424734473624,-0.9582009615724595,-1.1431249393531289,0.19460209566293113,-0.09199631770274602,1.6898710041173541,2.5,1.3,0.7,0.2,0.1,0.4,0.514,1.8,0.778,0.2,0.4
202700,Donatas Motiejunas,NOP,34,14.1,-7.34142347912565,-1.8584577736604393,-0.8990560269737512,-1.0872840277244482,-1.358606005313194,-0.5544646013593445,-1.259217519517631,-0.3322153670300445,-1.0858486399858747,1.0937264824390776,4.4,3.0,0.9,0.5,0.3,0.3,0.413,4.1,0.51,1.4,0.9
1627852,Nicolas Brussino,DAL,54,9.7,-7.361261285393335,-2.136895794559687,-1.338334216048874,-1.0872840277244482,-1.877818491420147,-0.9582009615724595,-1.027032359188627,-0.40742912163347106,-0.09890841302731891,1.5706420997816988,2.8,1.8,0.9,0.3,0.1,0.5,0.369,2.6,0.773,0.4,0.5
1627815,Sheldon Mac,WAS,30,9.6,-7.424291120421986,-2.1020910419472814,-1.5945798263426958,-1.2699185228629333,-1.877818491420147,-0.9582009615724595,-1.3753100996821328,-0.2515055914162396,0.07680460203323909,1.9283288127886646,3.0,1.1,0.5,0.3,0.1,0.2,0.4,2.5,0.852,0.9,0.2
1718,Paul Pierce,LAC,25,11.1,-7.428776940702344,-2.0672862893348753,-1.3017277002926138,-1.3155771466475545,-2.137424734473624,-0.756332781465902,-0.910939779024125,-0.2846039578062562,-0.1062977471034367,1.4514131954460434,3.2,1.9,0.4,0.2,0.2,0.6,0.4,2.8,0.769,0.5,0.6
203101,Miles Plumlee,CHA,45,10.8,-7.472581346066723,-2.189102923478296,-1.2285146687800932,-1.2699185228629333,-1.6182122483666705,-0.5544646013593445,-1.6074952600111367,0.08409204563917093,-0.4211494579578065,1.3321842911103883,2.5,2.1,0.5,0.4,0.3,0.0,0.478,2.0,0.641,0.9,0.7
2592,James Jones,CLE,48,7.9,-7.4853227214505464,-2.136895794559687,-1.7043993736114764,-1.3612357704321758,-2.3970309775271,-0.756332781465902,-0.910939779024125,0.08110314978224062,-0.22792020740098637,1.9283288127886646,2.8,0.8,0.3,0.1,0.2,0.6,0.478,1.9,0.65,0.4,0.2
1626780,Jonathan Gibson,DAL,17,13.6,-7.486094053881808,-1.5452150001487854,-1.5213667948301752,-0.8133322850167204,-1.358606005313194,-1.160069141679017,-0.5626620385306192,-0.9156612607702016,-0.34522129702520676,0.7360397694321117,6.2,1.3,1.5,0.5,0.0,0.9,0.368,5.6,0.724,1.7,1.2
1627736,Malik Beasley,DEN,22,7.5,-7.5252761232112135,-1.962872031497657,-1.7043993736114764,-1.2699185228629333,-1.877818491420147,-1.160069141679017,-1.1431249393531289,-0.03129083941036236,-0.0656537874938463,1.6898710041173541,3.8,0.8,0.5,0.3,0.0,0.4,0.452,3.3,0.8,0.5,0.4
203895,Jordan McRae,CLE,37,10.4,-7.537793816340905,-1.8584577736604393,-1.5945798263426958,-1.2699185228629333,-2.137424734473624,-0.756332781465902,-1.027032359188627,-0.5238450572959449,-0.06007376516809089,1.6898710041173541,4.4,1.1,0.5,0.2,0.2,0.5,0.387,4.1,0.794,0.9,0.4
203923,James Young,BOS,29,7.6,-7.540876590933809,-2.223907676090702,-1.667792857855216,-1.4525530180014183,-1.877818491420147,-0.9582009615724595,-1.1431249393531289,-0.08488723095552571,-0.18014913280953362,2.0475577171243198,2.3,0.9,0.1,0.3,0.1,0.4,0.431,2.0,0.667,0.3,0.1
1627832,Fred VanVleet,TOR,37,7.9,-7.550440521184058,-2.119493418253484,-1.5945798263426958,-1.0872840277244482,-1.6182122483666705,-0.9582009615724595,-1.259217519517631,-0.5709243615636478,-0.03239916196037387,1.6898710041173541,2.9,1.1,0.9,0.4,0.1,0.3,0.351,3.0,0.818,0.6,0.4
1627770,Kay Felder,CLE,42,9.2,-7.587214980362552,-1.9280672788852513,-1.6311863420989559,-0.8589909088013417,-1.6182122483666705,-0.756332781465902,-1.3753100996821328,-0.44958046288445436,-0.30171914928823235,1.3321842911103883,4.0,1.0,1.4,0.4,0.2,0.2,0.392,3.8,0.714,1.2,0.7
1627738,Deyonta Davis,MEM,36,6.6,-7.645415768186466,-2.3457243102341234,-1.374940731805134,-1.4525530180014183,-2.3970309775271,-0.15072824114622957,-1.6074952600111367,0.1402890402354726,-0.38556108248546067,1.9283288127886646,1.6,1.7,0.1,0.1,0.5,0.0,0.511,1.3,0.556,0.5,0.2
201155,Rodney Stuckey,IND,39,17.9,-7.6663254494024535,-1.3711912370867552,-1.191908153023833,-0.4937219185243713,-1.6182122483666705,-1.160069141679017,-1.027032359188627,-0.9765321502510372,-0.3252402020429435,0.4975819607608012,7.2,2.2,2.2,0.4,0.0,0.5,0.373,6.3,0.748,2.7,1.4
203527,Ryan Kelly,ATL,16,6.9,-7.671753429031884,-2.3457243102341234,-1.5945798263426958,-1.2699185228629333,-1.877818491420147,-0.5544646013593445,-1.259217519517631,-0.5431542353420001,-0.03597583040601778,1.8090999084530093,1.6,1.1,0.5,0.3,0.3,0.3,0.286,1.8,0.833,0.4,0.3
1627879,Nicolas Laprovittola,SAS,18,9.7,-7.690918587140657,-2.049883913028672,-1.777612405123997,-0.767673661232099,-2.137424734473624,-0.9582009615724595,-0.910939779024125,-0.14101711321502372,0.19656530676157527,0.8552686737677668,3.3,0.6,1.6,0.2,0.1,0.6,0.426,2.6,1.0,0.5,1.1
203094,Andrew Nicholson,BKN,38,9.0,-7.719230835196331,-2.1717005471720934,-1.4115472475613944,-1.3612357704321758,-1.6182122483666705,-0.756332781465902,-1.4914026798466347,-0.36340822242867377,-0.23526234204013818,1.6898710041173541,2.6,1.6,0.3,0.4,0.2,0.1,0.387,2.9,0.643,0.4,0.4
202713,Kyle Singler,OKC,32,12.0,-7.733594595834281,-2.136895794559687,-1.4481537633176547,-1.3612357704321758,-2.137424734473624,-0.756332781465902,-1.3753100996821328,-0.21579943136757043,-0.11154212898854514,1.8090999084530093,2.8,1.5,0.3,0.2,0.2,0.2,0.41,2.6,0.765,0.5,0.3
2617,Udonis Haslem,MIA,16,8.1,-7.829411968639677,-2.293517181315514,-1.1553016372675728,-1.3155771466475545,-1.6182122483666705,-0.9582009615724595,-1.6074952600111367,0.06615867049758913,-0.5179083037380572,1.5706420997816988,1.9,2.3,0.4,0.4,0.1,0.0,0.478,1.4,0.6,0.9,0.5
201202,Joel Anthony,SAS,19,6.4,-7.841548067579125,-2.397931439152732,-1.4115472475613944,-1.406894394216797,-2.3970309775271,-0.5544646013593445,-1.6074952600111367,0.2596291562872449,-0.25414211682652854,1.9283288127886646,1.3,1.6,0.2,0.1,0.3,0.0,0.625,0.8,0.625,0.4,0.2
203148,Brian Roberts,CHA,41,10.2,-7.8911863575554495,-2.015079160416266,-1.6311863420989559,-0.9046495325859629,-2.137424734473624,-1.160069141679017,-1.1431249393531289,-0.4307075150276227,0.07964181263308272,1.4514131954460434,3.5,1.0,1.3,0.2,0.0,0.4,0.377,3.0,0.846,1.0,0.6
2555,Nick Collison,OKC,20,6.4,-7.909897829606007,-2.32832193392792,-1.4115472475613944,-1.224259899078312,-2.3970309775271,-0.9582009615724595,-1.6074952600111367,0.34277175411017874,-0.25414211682652854,1.9283288127886646,1.7,1.6,0.6,0.1,0.1,0.0,0.609,1.2,0.625,0.4,0.2
203902,Semaj Christon,OKC,64,15.2,-7.9127631942139205,-2.119493418253484,-1.4847602790739147,-0.585039166093614,-1.6182122483666705,-0.9582009615724595,-1.3753100996821328,-0.7078814660263565,-0.3960498462556776,1.3321842911103883,2.9,1.4,2.0,0.4,0.1,0.2,0.345,3.5,0.548,0.5,0.7
1627735,Wade Baldwin IV,MEM,33,12.3,-7.934359581674083,-2.0672862893348753,-1.4847602790739147,-0.6763564136628565,-1.358606005313194,-0.756332781465902,-1.4914026798466347,-0.909218476437059,0.07356357402824204,0.7360397694321117,3.2,1.4,1.8,0.5,0.2,0.1,0.313,3.5,0.838,1.1,1.2
2756,Sasha Vujacic,NYK,42,9.7,-7.969883569791941,-2.1020910419472814,-1.4847602790739147,-0.9503081563705844,-1.877818491420147,-1.160069141679017,-1.027032359188627,-0.8522113400607715,-0.2054637641689521,1.6898710041173541,3.0,1.4,1.2,0.3,0.0,0.5,0.309,3.2,0.708,0.6,0.4
1627781,Malachi Richardson,SAC,22,9.0,-7.972232759179814,-1.9976767841100633,-1.6311863420989559,-1.2699185228629333,-2.137424734473624,-1.160069141679017,-1.1431249393531289,-0.25082967430986114,-0.07187362440958488,1.6898710041173541,3.6,1.0,0.5,0.2,0.0,0.4,0.412,3.1,0.789,0.9,0.4
1626273,Marcelo Huertas,LAL,23,10.3,-8.004773328891366,-2.1542981708658906,-1.6311863420989559,-0.44806329473975015,-1.6182122483666705,-0.9582009615724595,-1.3753100996821328,-0.4792441157516314,-0.553213482588607,1.2129553867747327,2.7,1.0,2.3,0.4,0.1,0.2,0.368,3.0,0.529,0.7,0.8
203118,Mike Scott,ATL,18,10.8,-8.080201290203187,-2.189102923478296,-1.2285146687800932,-1.0872840277244482,-2.137424734473624,-0.756332781465902,-1.3753100996821328,-1.0041800361449353,0.008076977428893085,1.6898710041173541,2.5,2.1,0.9,0.2,0.2,0.2,0.288,3.3,0.875,0.4,0.4
1626203,Treveon Graham,CHA,27,7.0,-8.0880714035326,-2.258712428703108,-1.7043993736114764,-1.406894394216797,-2.137424734473624,-1.160069141679017,-1.259217519517631,0.06105813290051798,-0.26996966135578576,2.0475577171243198,2.1,0.8,0.2,0.2,0.0,0.3,0.475,1.5,0.667,0.6,0.1
204014,Damjan Rudez,ORL,45,7.0,-8.116037701105085,-2.310919557621717,-1.777612405123997,-1.3155771466475545,-1.877818491420147,-1.160069141679017,-1.1431249393531289,-0.36891622778490957,-0.09032860426328156,1.9283288127886646,1.8,0.6,0.4,0.3,0.0,0.4,0.352,2.0,0.0,0.0,0.2
1627761,DeAndre' Bembry,ATL,38,9.8,-8.162684646192972,-2.1542981708658906,-1.4115472475613944,-1.1786012752936907,-2.137424734473624,-0.9582009615724595,-1.6074952600111367,0.11137321054982108,-0.5163612110819502,1.6898710041173541,2.7,1.6,0.7,0.2,0.1,0.0,0.48,2.6,0.375,0.4,0.4
2034,Mike Miller,DEN,20,7.5,-8.20670811015062,-2.380529062846529,-1.3017277002926138,-0.9959667801552055,-2.3970309775271,-1.160069141679017,-1.1431249393531289,-0.12749397734910475,-0.032949822058310194,1.3321842911103883,1.4,1.9,1.1,0.1,0.0,0.4,0.391,1.2,1.0,0.1,0.7
1626191,Chris McCullough,WAS,16,5.0,-8.22240625329044,-2.223907676090702,-1.5579733105864353,-1.4525530180014183,-2.3970309775271,-0.9582009615724595,-1.4914026798466347,0.1631887283005184,-0.23285517075487344,1.9283288127886646,2.3,1.2,0.1,0.1,0.1,0.1,0.5,2.0,0.6,0.3,0.2
1627749,Dejounte Murray,SAS,38,8.5,-8.231853084662262,-2.0324815367224693,-1.5945798263426958,-0.9046495325859629,-2.137424734473624,-0.756332781465902,-1.3753100996821328,-0.14494797865637554,-0.26062417283652267,0.9744975781034223,3.4,1.1,1.3,0.2,0.2,0.2,0.431,3.1,0.7,0.8,1.0
1626176,Rakeem Christmas,IND,29,7.6,-8.2503457513065,-2.2761148050093114,-1.3017277002926138,-1.4525530180014183,-2.3970309775271,-0.756332781465902,-1.6074952600111367,-0.02792563509349776,-0.24026548235853168,1.8090999084530093,2.0,1.9,0.1,0.1,0.2,0.0,0.442,1.5,0.724,1.0,0.3
1626199,Darrun Hilliard,DET,39,9.8,-8.281891398634308,-2.049883913028672,-1.7043993736114764,-1.1329426515090693,-1.877818491420147,-0.9582009615724595,-1.259217519517631,-0.48405223530977265,-0.14756054377546984,1.3321842911103883,3.3,0.8,0.8,0.3,0.1,0.3,0.373,3.2,0.75,0.7,0.7
101187,Alan Anderson,LAC,30,10.3,-8.321394835995902,-2.119493418253484,-1.7043993736114764,-1.3155771466475545,-2.3970309775271,-1.160069141679017,-1.027032359188627,-0.3949126708196057,-0.1312085610577018,1.9283288127886646,2.9,0.8,0.4,0.1,0.0,0.5,0.375,2.7,0.75,0.5,0.2
1897,Metta World Peace,LAL,25,6.4,-8.351235348067224,-2.223907676090702,-1.7043993736114764,-1.3155771466475545,-1.6182122483666705,-0.9582009615724595,-1.1431249393531289,-0.8608640377700884,-0.336048873108152,1.8090999084530093,2.3,0.8,0.4,0.4,0.1,0.4,0.279,2.7,0.625,0.6,0.3
1627774,Jake Layman,POR,35,7.1,-8.362009923734414,-2.2413100523969054,-1.7410058893677365,-1.3612357704321758,-1.877818491420147,-0.9582009615724595,-1.1431249393531289,-0.736871598656326,-0.11154212898854514,1.8090999084530093,2.2,0.7,0.3,0.3,0.1,0.4,0.292,2.5,0.765,0.5,0.3
1627757,Stephen Zimmerman,ORL,19,5.7,-8.397760826286358,-2.4153338154589354,-1.338334216048874,-1.406894394216797,-2.3970309775271,-0.5544646013593445,-1.6074952600111367,-0.3736812036979627,-0.23285517075487344,1.9283288127886646,1.2,1.8,0.2,0.1,0.3,0.0,0.323,1.6,0.6,0.3,0.2
1627850,Marshall Plumlee,NYK,21,8.1,-8.467735805622972,-2.293517181315514,-1.1186951215113126,-1.2699185228629333,-2.137424734473624,-0.756332781465902,-1.6074952600111367,0.20457786515494714,-0.9403432645835414,1.4514131954460434,1.9,2.4,0.5,0.2,0.2,0.0,0.533,1.4,0.421,0.9,0.6
201628,Bobby Brown,HOU,25,4.9,-8.48348544052819,-2.189102923478296,-1.9240384681490377,-1.224259899078312,-2.656637220580577,-1.160069141679017,-0.910939779024125,-0.31381699926918055,-0.032949822058310194,1.9283288127886646,2.5,0.2,0.6,0.0,0.0,0.6,0.383,2.4,1.0,0.1,0.2
1627773,AJ Hammons,DAL,22,7.4,-8.510052222467525,-2.2413100523969054,-1.4115472475613944,-1.406894394216797,-2.656637220580577,0.05113993896032786,-1.3753100996821328,-0.16823116578887015,-0.8719040809828764,1.5706420997816988,2.2,1.6,0.2,0.0,0.6,0.2,0.405,1.9,0.45,0.9,0.5
1627740,Henry Ellenson,DET,19,7.7,-8.611496622610767,-2.0672862893348753,-1.191908153023833,-1.3155771466475545,-2.3970309775271,-0.9582009615724595,-1.027032359188627,-0.6013933624724673,-0.38525166395423943,1.3321842911103883,3.2,2.2,0.4,0.1,0.1,0.5,0.359,3.4,0.5,0.4,0.7
1626175,Jordan Mickey,BOS,25,5.6,-8.728078307397471,-2.363126686540326,-1.4847602790739147,-1.3612357704321758,-2.3970309775271,-0.756332781465902,-1.6074952600111367,-0.02695969681736069,-0.42100785964690873,1.6898710041173541,1.5,1.4,0.3,0.1,0.2,0.0,0.441,1.4,0.571,0.6,0.4
1627854,Bryn Forbes,SAS,36,7.9,-8.737171148880154,-2.1717005471720934,-1.777612405123997,-1.224259899078312,-2.656637220580577,-1.160069141679017,-1.027032359188627,-0.4658072671758885,-0.06315221733464967,1.8090999084530093,2.6,0.6,0.6,0.0,0.0,0.5,0.364,2.8,0.833,0.2,0.3
1627817,Tim Quarterman,POR,16,5.0,-8.739276477751554,-2.293517181315514,-1.667792857855216,-1.1786012752936907,-2.3970309775271,-0.756332781465902,-1.259217519517631,-0.018958947522706826,-0.5000092283641822,1.3321842911103883,1.9,0.9,0.7,0.1,0.2,0.3,0.448,1.8,0.0,0.2,0.7
1626202,Joe Young,IND,33,4.1,-8.873074218831148,-2.258712428703108,-1.814218920880257,-1.2699185228629333,-2.3970309775271,-1.160069141679017,-1.3753100996821328,-0.37264575621585067,-0.15349718406941262,1.9283288127886646,2.1,0.5,0.5,0.1,0.0,0.2,0.361,2.2,0.733,0.5,0.2
1627849,Daniel Ochefu,WAS,19,3.9,-8.913644185625243,-2.397931439152732,-1.5579733105864353,-1.406894394216797,-2.3970309775271,-1.160069141679017,-1.6074952600111367,-0.019409558926959343,-0.2951689163137319,1.9283288127886646,1.3,1.2,0.2,0.1,0.0,0.0,0.444,1.4,0.0,0.1,0.2
203912,C.J. Wilcox,ORL,22,4.9,-9.294146832604428,-2.4501385680713414,-1.814218920880257,-1.2699185228629333,-2.3970309775271,-1.160069141679017,-1.4914026798466347,-0.4875181081318425,-0.032949822058310194,1.8090999084530093,1.0,0.5,0.5,0.1,0.0,0.1,0.258,1.4,1.0,0.1,0.3
1627777,Georges Niang,IND,23,4.0,-9.468304559575243,-2.4675409443775442,-1.7410058893677365,-1.406894394216797,-2.3970309775271,-1.160069141679017,-1.6074952600111367,-0.5836469431262667,-0.032949822058310194,1.9283288127886646,0.9,0.7,0.2,0.1,0.0,0.0,0.25,1.6,1.0,0.1,0.2
