PLAYER_ID,PLAYER_NAME,TEAM_ABBREVIATION,GP,MIN,Z_TOTAL,Z_PTS,Z_REB,Z_AST,Z_STL,Z_BLK,Z_FG3M,Z_FG_PCT,Z_FT_PCT,Z_TOV,PTS,REB,AST,STL,BLK,FG3M,FG_PCT,FGA,FT_PCT,FTA,TOV
203076,Anthony Davis,NOP,75,36.4,11.652030038968656,2.538160311304296,2.1161936592045167,-0.5197590702452596,1.1739820338487137,4.072716076923045,-0.9700956319562918,2.4570651080296693,1.120223166712844,-0.3364556148528756,28.1,11.1,2.3,1.5,2.6,0.7,0.534,19.5,0.828,8.0,2.2
201939,Stephen Curry,GSW,51,32.0,9.320648576742277,2.200885230854793,-0.12712117387447658,1.3272650571849023,1.4259095089235452,-0.7709502187237872,3.1141081112438136,1.0212626684727006,2.4316462941726336,-1.302356901511848,26.4,5.1,6.1,1.6,0.2,4.2,0.495,16.9,0.921,5.9,3.0
201935,James Harden,HOU,72,35.4,9.304025465891629,2.994473655441858,-0.014955432220526636,2.639624305622123,1.9297644590732075,0.23814692620263586,2.5306504336437987,-0.34633018085038425,2.325335452143966,-2.9926841531650505,30.4,5.4,8.8,1.8,0.7,3.7,0.449,20.1,0.858,10.1,4.4
201142,Kevin Durant,GSW,68,34.2,8.738394161742297,2.200885230854793,0.508484695497905,0.9870237705530308,-0.8414377667499366,2.458160645040767,1.1303520074037623,1.7234874086883099,1.8737950719655139,-1.302356901511848,26.4,6.8,5.4,0.7,1.8,2.5,0.516,18.0,0.889,5.9,3.0
1626157,Karl-Anthony Towns,MIN,82,35.6,7.501905153219861,1.1890599895062857,2.564856625820316,-0.47115317215499214,-0.5895102916751052,1.6508829290996283,-0.03656334779626773,2.071379007488058,1.0971960452876994,0.025757367644239377,21.3,12.3,2.4,0.8,1.4,1.5,0.545,14.3,0.858,4.9,1.9
2544,LeBron James,CLE,82,36.9,7.240320062897949,2.419122047616236,1.181479145421603,2.785441999892925,0.9220545587738821,0.6417857841732053,0.31351125876374136,2.6921707431333415,-0.9640366433766788,-2.751208831500307,27.5,8.6,9.1,1.4,0.9,1.8,0.542,19.3,0.731,6.5,4.2
203507,Giannis Antetokounmpo,MIL,75,36.7,6.821704710317098,2.300083783928176,1.7049192731400349,0.6953883820114259,1.1739820338487137,1.6508829290996283,-1.0867871674762948,2.1994281137491485,-0.5138357364718862,-1.302356901511848,26.9,10.0,4.8,1.5,1.4,0.6,0.529,18.7,0.76,8.5,3.0
203081,Damian Lillard,POR,73,36.6,6.382789469498285,2.300083783928176,-0.3514526571823758,1.5702945476362395,0.16627213354938877,-0.36731136075321796,1.8305012205237805,-0.6605303215310514,2.9558137031744502,-1.0608815798471045,26.9,4.5,6.6,1.1,0.4,3.1,0.439,19.4,0.916,7.4,2.8
101108,Chris Paul,HOU,58,31.8,6.0869656128865355,0.6533878029100171,-0.014955432220526636,2.2021712228097163,1.677836983998376,-0.7709502187237872,1.1303520074037623,0.023277335114129195,1.5223015264477229,-0.3364556148528756,18.6,5.4,7.9,1.7,0.2,2.5,0.46,13.8,0.919,3.8,2.2
203506,Victor Oladipo,IND,75,34.0,6.052899054142658,1.546174780570465,-0.08973259332315982,0.45235889156008885,3.4413293095221946,0.4399663551879207,0.6635858653237504,0.537849324697825,0.2429863612830487,-1.181619240679476,23.1,5.2,4.3,2.4,0.8,2.1,0.477,17.9,0.799,4.9,2.9
202710,Jimmy Butler III,MIN,59,36.7,5.8328144174458725,1.367617385038375,-0.05234401277184339,0.7439942801016937,2.43361940922287,-0.36731136075321796,-0.3866379543562768,0.39206603947146673,1.5553156030161943,0.14649502847661078,22.2,5.3,4.9,2.0,0.4,1.2,0.474,15.6,0.854,7.2,1.8
202326,DeMarcus Cousins,NOP,48,36.2,5.774071142732067,1.9628087034786736,2.789188109128215,0.9870237705530308,1.4259095089235452,2.054521787070198,0.7802774008437535,0.32847504090932905,-0.8370230600153966,-3.717110118159279,25.2,12.9,5.4,1.6,1.6,2.2,0.47,18.0,0.746,8.2,5.0
203999,Nikola Jokić,DEN,75,32.6,5.430949591466639,0.6335480922953401,1.9666393369992503,1.3272650571849023,0.4181996086242197,0.4399663551879207,-0.03656334779626773,0.9101850894878907,0.8325909793304876,-1.0608815798471045,18.5,10.7,6.1,1.2,0.8,1.5,0.499,13.5,0.85,4.2,2.8
202681,Kyrie Irving,BOS,60,32.2,5.005226080558278,1.8040910185612604,-0.6131727210415917,0.8412060762822281,0.16627213354938877,-0.5691307897385026,1.4804266139637712,0.9705974366806119,1.3821295879863575,-0.45719327568524676,24.4,3.8,5.1,1.1,0.3,2.8,0.491,18.1,0.889,4.4,2.3
202331,Paul George,OKC,79,36.6,4.310524047707423,1.308098253194345,0.09721030943342296,-0.03370008934258537,2.43361940922287,-0.16549193176793334,1.8305012205237805,-0.8344957769022912,0.6149265723605483,-0.9401439190147334,21.9,5.7,3.3,2.0,0.5,3.1,0.43,17.0,0.822,5.2,2.7
204001,Kristaps Porziņģis,NYK,48,32.4,3.943941144606346,1.466815938111758,0.43370753439527177,-1.0544239492382013,-0.5895102916751052,3.669077218952475,0.4302027942837442,-0.6291021081149294,0.1914166402470939,0.025757367644239377,22.7,6.6,1.2,0.8,2.4,1.9,0.439,18.5,0.793,5.7,1.9
200746,LaMarcus Aldridge,SAS,75,33.4,3.7714423769803957,1.546174780570465,1.1440905648702864,-0.6655767645160617,-1.093365241824768,1.247244071129059,-1.3201702385163008,1.5415292737606165,0.862807920533373,0.5087080109737255,23.1,8.5,2.0,0.6,1.2,0.4,0.51,18.0,0.837,5.3,1.5
201950,Jrue Holiday,NOP,81,36.1,3.3319951820890594,0.7327466453687232,-0.3514526571823758,1.2786591590946352,1.1739820338487137,0.4399663551879207,-0.03656334779626773,0.9061741481309349,0.007889103619137014,-0.8194062581823618,19.0,4.5,6.0,1.5,0.8,1.5,0.494,15.4,0.786,2.9,2.6
201566,Russell Westbrook,OKC,80,36.4,3.325860373716441,2.0024881247080266,1.7423078536913512,3.3687127769761345,1.9297644590732075,-0.5691307897385026,-0.3866379543562768,-0.3644024425231409,-0.9216068576198236,-3.475634796494536,25.4,10.1,10.3,1.8,0.3,1.2,0.449,21.1,0.737,7.1,4.8
203114,Khris Middleton,MIL,82,36.4,3.1268334073429904,0.9509834621301664,-0.08973259332315982,0.3065411972892867,1.1739820338487137,-0.5691307897385026,0.31351125876374136,0.18074637611695513,1.3171257379410364,-0.45719327568524676,20.1,5.2,4.0,1.5,0.3,1.8,0.466,15.5,0.884,4.4,2.3
203490,Otto Porter Jr.,WAS,77,31.6,3.0534681245377535,-0.12036091106237164,0.35893037329263894,-0.6655767645160617,1.1739820338487137,-0.16549193176793334,0.31351125876374136,0.8553505453695576,0.19072720547388528,1.1123963151355833,14.7,6.4,2.0,1.5,0.5,1.8,0.503,11.5,0.828,1.7,1.0
203083,Andre Drummond,DET,78,33.7,2.997754799806575,-0.060841779218341635,3.9482341062190276,-0.17951778361338755,1.1739820338487137,2.054521787070198,-1.7869363805963128,1.33576270311649,-2.6680436288374505,-0.8194062581823618,15.0,16.0,3.0,1.5,1.6,0.0,0.529,11.3,0.605,5.1,2.6
202689,Kemba Walker,CHA,80,34.2,2.894698533945227,1.347777674423699,-0.8748927849008075,1.0842355667335652,0.16627213354938877,-0.5691307897385026,1.5971181494837743,-0.8058542186266358,1.2856284178736213,-0.3364556148528756,22.1,3.1,5.6,1.1,0.3,2.9,0.431,17.0,0.864,5.3,2.2
200768,Kyle Lowry,TOR,78,32.2,2.7518580714939196,0.17723474815777768,0.05982172888210621,1.716112241907042,0.16627213354938877,-0.7709502187237872,1.8305012205237805,-0.650245194114182,0.68030468699704,-0.45719327568524676,16.2,5.6,6.9,1.1,0.2,3.1,0.427,12.1,0.854,3.3,2.3
202696,Nikola Vučević,ORL,57,29.5,2.6682824767384585,0.2367538800018077,1.405810628729502,0.014905808747682095,-0.0856553415254427,1.0454246421437747,-0.5033294898762797,0.39518965412105883,0.13342532675211582,0.025757367644239377,16.5,9.2,3.4,1.0,1.1,1.1,0.475,14.7,0.819,1.6,1.9
202339,Eric Bledsoe,MIL,74,31.4,2.611043997057908,0.47483040737792703,-0.6131727210415917,0.7926001781919609,2.43361940922287,0.03632749721735127,0.19681972324373823,0.3165848630306593,0.15505388049446872,-1.181619240679476,17.7,3.8,5.0,2.0,0.6,1.7,0.473,13.4,0.795,4.3,2.9
201567,Kevin Love,CLE,59,28.0,2.5598140156391027,0.4549906967632508,1.4431992092808192,-0.8113944587868641,-0.8414377667499366,-0.36731136075321796,0.8969689363637561,-0.01915035987820837,1.295241108425778,0.5087080109737255,17.6,9.3,1.7,0.7,0.4,2.3,0.458,12.4,0.88,4.5,1.5
203954,Joel Embiid,PHI,63,30.4,2.5175817322534395,1.5064953593411112,2.0788050786532004,-0.08230598743285263,-1.093365241824768,2.458160645040767,-0.6200210253962828,0.6756646407317326,-0.2583312095210192,-2.147520527338449,22.9,11.0,3.2,0.6,1.8,1.0,0.483,16.8,0.769,7.4,3.7
203110,Draymond Green,GSW,70,32.7,2.3991437449098143,-0.8544302038054065,0.8075933399084373,1.9105358342681116,0.9220545587738821,1.449063500114344,-0.5033294898762797,-0.0679825319406553,-0.08274202185314261,-1.181619240679476,11.0,7.6,7.3,1.4,1.3,1.1,0.454,8.8,0.775,2.5,2.9
203497,Rudy Gobert,UTA,56,32.4,2.379827513440433,-0.35843743843849096,1.9666393369992503,-0.9572121530576664,-0.5895102916751052,3.4672577899671904,-1.7869363805963128,2.1767642171653763,-1.5644949345680481,0.025757367644239377,13.5,10.7,1.4,0.8,2.3,0.0,0.622,7.9,0.682,5.3,1.9
203914,Gary Harris,DEN,67,34.4,2.230399425743307,0.4351509861485739,-1.0618356876573902,-0.22812368170365502,1.9297644590732075,-0.7709502187237872,0.8969689363637561,0.5960163983614082,0.28691320540458304,0.14649502847661078,17.5,2.6,2.9,1.8,0.2,2.3,0.485,13.6,0.827,2.4,1.8
203496,Robert Covington,PHI,80,31.6,2.1270309788503017,-0.5369948339705807,-0.014955432220526636,-0.6655767645160617,1.677836983998376,0.6417857841732053,1.1303520074037623,-0.8096899410388463,0.31630282487961936,0.38797035014135384,12.6,5.4,2.0,1.7,0.9,2.5,0.413,10.5,0.853,1.7,1.6
202691,Klay Thompson,GSW,73,34.3,2.0946680854203876,0.9311437515154894,-0.6131727210415917,-0.42254727406472464,-0.5895102916751052,-0.16549193176793334,1.8305012205237805,0.8109684852242927,0.16628181822956917,0.14649502847661078,20.0,3.8,2.5,0.8,0.5,3.1,0.489,16.1,0.837,1.3,1.8
203991,Clint Capela,HOU,74,27.5,2.087247647026437,-0.2790785959797844,2.0040279175505673,-1.2002416435090035,-0.5895102916751052,2.659980074026052,-1.7869363805963128,2.964791203586302,-2.3152303081823753,0.6294456718060971,13.9,10.8,0.9,0.8,1.9,0.0,0.652,9.1,0.56,3.5,1.4
203078,Bradley Beal,WAS,82,36.3,1.9899812384611086,1.4469762274970819,-0.38884123773369217,0.5495706877406238,0.4181996086242197,-0.36731136075321796,1.0136604718837592,0.02525753382942265,0.11187556555527357,-0.8194062581823618,22.6,4.4,4.5,1.2,0.4,2.4,0.46,18.1,0.791,4.5,2.6
202703,Nikola Mirotic,NOP,55,27.2,1.6389873866728748,0.05819648446971802,0.7328161788058045,-0.9086062549673989,-0.5895102916751052,0.23814692620263586,1.1303520074037623,-0.24895674510170226,0.2348904272319487,0.9916586543032117,15.6,7.4,1.5,0.8,0.7,2.5,0.447,12.4,0.818,2.5,1.1
202699,Tobias Harris,LAC,80,33.3,1.5171379650156054,0.6533878029100171,0.022433148330789788,-0.47115317215499214,-0.3375828166002739,-0.36731136075321796,0.8969689363637561,0.023968102107836217,0.3462439921732216,0.7501833326384686,18.6,5.5,2.4,0.9,0.4,2.3,0.46,15.3,0.829,2.7,1.3
101150,Lou Williams,LAC,79,32.8,1.5129280414385478,1.4469762274970819,-1.0992242682087068,0.9384178724627631,0.16627213354938877,-0.7709502187237872,1.0136604718837592,-0.687122042792861,1.8072547672827575,-1.302356901511848,22.6,2.5,5.3,1.1,0.2,2.4,0.435,16.9,0.88,6.2,3.0
1626164,Devin Booker,PHX,54,34.5,1.4759495209415023,1.9032895716346436,-0.3514526571823758,0.6467824839211587,-0.3375828166002739,-0.5691307897385026,1.3637350784437685,-0.8939972102220105,1.7410887271911715,-2.0267828665060774,24.9,4.5,4.7,0.9,0.3,2.7,0.432,19.5,0.878,6.1,3.6
201942,DeMar DeRozan,TOR,80,33.9,1.4141438016447574,1.526335069955788,-0.5757841404902752,0.8898119743724958,0.16627213354938877,-0.5691307897385026,-0.5033294898762797,-0.09421033693260916,0.910634995657627,-0.3364556148528756,23.0,3.9,5.2,1.1,0.3,1.1,0.456,17.7,0.825,7.0,2.2
201188,Marc Gasol,MEM,73,33.0,1.3732962300368963,0.3756318543045439,0.99453624266502,0.40375299346982163,-0.8414377667499366,1.6508829290996283,-0.03656334779626773,-0.9335034662702313,0.7001407103290512,-0.9401439190147334,17.2,8.1,4.2,0.7,1.4,1.5,0.42,14.2,0.834,4.6,2.7
202355,Hassan Whiteside,MIA,54,25.3,1.362508359052767,-0.25923888536510786,2.2283594008584666,-1.151635745418736,-0.8414377667499366,2.2563412160554823,-1.7869363805963128,1.464036449050331,-0.8142126180904022,0.2672326893089824,14.0,11.4,1.0,0.7,1.7,0.0,0.54,10.7,0.703,3.4,1.7
201936,Tyreke Evans,MEM,52,30.9,1.3307203614178884,0.8121054878274294,-0.12712117387447658,0.8898119743724958,0.16627213354938877,-0.5691307897385026,0.7802774008437535,-0.18615647818764552,0.02185508231069241,-0.45719327568524676,19.4,5.1,5.2,1.1,0.3,2.2,0.452,15.6,0.785,4.0,2.3
201143,Al Horford,BOS,72,31.6,1.2302005614746507,-0.4774757021265506,0.7328161788058045,0.6467824839211587,-1.093365241824768,1.0454246421437747,-0.2699464188362737,0.5347785003713297,-0.035308909456435535,0.14649502847661078,12.9,7.4,4.7,0.6,1.1,1.3,0.489,10.5,0.783,1.7,1.8
1627732,Ben Simmons,PHI,81,33.7,1.2055637734367555,0.09787590569907148,0.99453624266502,2.3479889170805177,1.677836983998376,0.6417857841732053,-1.7869363805963128,1.784042402073228,-2.766258536815017,-1.785307544841334,15.8,8.1,8.2,1.7,0.9,0.0,0.545,12.3,0.56,4.2,3.4
203468,CJ McCollum,POR,81,36.1,1.118483287076625,1.2088997001209618,-0.5383955599389586,0.014905808747682095,-0.0856553415254427,-0.36731136075321796,0.8969689363637561,-0.5072451944331989,0.4705589308508039,0.025757367644239377,21.4,4.0,3.4,1.0,0.4,2.3,0.443,18.6,0.836,3.1,1.9
201954,Darren Collison,IND,69,29.3,1.0652228192667423,-0.5766742551999338,-1.0618356876573902,0.9384178724627631,0.6701270836990512,-0.7709502187237872,-0.15325488331627082,0.5636637926919192,0.5848081218395506,0.8709209934708402,12.4,2.6,5.3,1.3,0.2,1.4,0.495,9.2,0.882,2.1,1.2
1626196,Josh Richardson,MIA,81,33.2,0.884749617155195,-0.4774757021265506,-0.7253384626955414,-0.22812368170365502,1.1739820338487137,0.6417857841732053,0.08012818772373538,-0.14333678696635896,0.29589555559266395,0.2672326893089824,12.9,3.5,2.9,1.5,0.9,1.6,0.451,10.9,0.845,1.8,1.7
1628378,Donovan Mitchell,UTA,79,33.4,0.8195260922231447,1.0303423045888727,-0.6505613015929081,0.16072350301848448,1.1739820338487137,-0.5691307897385026,1.0136604718837592,-0.6416628354167591,0.24231662464621803,-0.9401439190147334,20.5,3.7,3.7,1.5,0.3,2.4,0.437,17.2,0.805,3.8,2.7
203115,Will Barton,DEN,81,33.1,0.8103750101884576,0.07803619508439458,-0.164509754425793,0.3551470953795539,-0.0856553415254427,0.03632749721735127,0.4302027942837442,-0.1484046579836043,0.162736153681643,0.14649502847661078,15.7,5.0,4.1,1.0,0.6,1.9,0.452,12.7,0.805,2.8,1.8
202322,John Wall,WAS,41,34.4,0.6901167032332864,0.8121054878274294,-0.6505613015929081,3.0284714903442618,0.9220545587738821,1.0454246421437747,-0.03656334779626773,-1.0740593863116916,-0.9677595911520018,-2.3889958490031917,19.4,3.7,9.6,1.4,1.1,1.5,0.42,16.3,0.726,5.9,3.9
202683,Enes Freedom,NYK,71,25.8,0.6229292678084927,-0.2393991747504313,2.0788050786532004,-0.9086062549673989,-1.345292716899599,-0.16549193176793334,-1.7869363805963128,2.2454601522907622,0.477157806537223,0.2672326893089824,14.1,11.0,1.5,0.5,0.5,0.0,0.592,10.0,0.848,2.6,1.7
201933,Blake Griffin,DET,58,34.0,0.5259129695829714,1.2088997001209618,0.7328161788058045,1.1814473629141002,-0.8414377667499366,-0.5691307897385026,0.4302027942837442,-0.6126843176319783,0.056681387425882704,-1.0608815798471045,21.4,7.4,5.8,0.7,0.3,1.9,0.438,17.2,0.785,5.7,2.8
201952,Jeff Teague,MIN,70,33.0,0.5203395062452368,-0.21955946413575475,-0.9122813654521241,1.7647181399973093,1.1739820338487137,-0.5691307897385026,-0.3866379543562768,-0.24440891492687375,0.612326418358736,-0.6986685973499901,14.2,3.0,7.0,1.5,0.3,1.2,0.446,11.3,0.845,3.4,2.5
2772,Trevor Ariza,HOU,67,33.9,0.3913902769569032,-0.7155522295026703,-0.38884123773369217,-0.8600003568771314,1.1739820338487137,-0.7709502187237872,1.1303520074037623,-0.7630524985791692,0.2315811403205509,1.3538716368003263,11.7,4.4,1.6,1.5,0.2,2.5,0.412,9.7,0.854,1.3,0.8
203932,Aaron Gordon,ORL,58,32.9,0.2910542336247749,0.4549906967632508,0.9197590815623873,-0.5197590702452596,-0.0856553415254427,0.4399663551879207,0.5468943298037473,-0.6289066715996368,-0.9827301747988031,0.14649502847661078,17.6,7.9,2.3,1.0,0.8,2.0,0.434,14.9,0.698,3.9,1.8
1627750,Jamal Murray,DEN,81,31.7,0.24405903597828907,0.2764333012311608,-0.6505613015929081,0.014905808747682095,-0.0856553415254427,-0.5691307897385026,0.5468943298037473,-0.17568265344566572,1.102573636518722,-0.21571795402050395,16.7,3.7,3.4,1.0,0.3,2.0,0.451,13.1,0.905,3.1,2.1
1626167,Myles Turner,IND,65,28.2,0.23771803401114389,-0.5171551233559041,0.35893037329263894,-1.0058180511479335,-1.093365241824768,2.458160645040767,-0.7367125609162857,0.33514459279328424,-0.0701746108443805,0.5087080109737255,12.7,6.4,1.3,0.6,1.8,0.9,0.479,9.8,0.777,3.2,1.5
204060,Joe Ingles,UTA,82,31.4,0.14267203097508255,-0.7552316507320234,-0.4636183988363254,0.6953883820114259,0.16627213354938877,-0.7709502187237872,1.1303520074037623,0.12475830727904931,-0.01005589862064714,0.025757367644239377,11.5,4.2,4.8,1.1,0.2,2.5,0.467,8.8,0.795,1.0,1.9
203095,Evan Fournier,ORL,57,32.2,0.045801336601300535,0.4946701179926039,-0.8375042043494909,-0.22812368170365502,-0.5895102916751052,-0.5691307897385026,0.7802774008437535,-0.0003401568804671131,0.7282302528031815,0.2672326893089824,17.8,3.2,2.9,0.8,0.3,2.2,0.459,14.1,0.867,3.0,1.7
1628374,Lauri Markkanen,CHI,68,29.7,0.038912660341451355,-0.021162357988988533,0.7702047593571208,-1.0544239492382013,-1.093365241824768,0.03632749721735127,0.6635858653237504,-0.5335493769138882,0.4003744709382346,0.8709209934708402,15.2,7.5,1.2,0.6,0.6,2.1,0.434,12.7,0.843,2.4,1.2
203484,Kentavious Caldwell-Pope,LAL,74,33.2,-0.04435934183304291,-0.3782771490531675,-0.08973259332315982,-0.5683649683355269,0.9220545587738821,-0.7709502187237872,0.6635858653237504,-0.5967618576274415,0.02390368849393887,0.7501833326384686,13.4,5.2,2.2,1.4,0.2,2.1,0.426,10.8,0.789,2.6,1.3
203500,Steven Adams,OKC,76,32.7,-0.08240353903571035,-0.2790785959797844,1.3310334676268691,-1.0544239492382013,0.4181996086242197,0.8436052131584899,-1.7869363805963128,2.697720466248635,-2.5197560581886083,0.2672326893089824,13.9,9.0,1.2,1.2,1.0,0.0,0.629,9.4,0.559,3.8,1.7
1628369,Jayson Tatum,BOS,80,30.5,-0.11393229917149195,-0.2790785959797844,-0.164509754425793,-0.8600003568771314,-0.0856553415254427,0.23814692620263586,-0.2699464188362737,0.28454001371283794,0.3931255567513622,0.6294456718060971,13.9,5.0,1.6,1.0,0.7,1.3,0.475,10.4,0.826,3.2,1.4
201152,Thaddeus Young,IND,81,32.2,-0.13449279882749465,-0.6957125188879933,0.32154179274132216,-0.7141826626063292,1.677836983998376,-0.36731136075321796,-0.9700956319562918,0.5085877609253794,-0.6453404949272085,0.7501833326384686,11.8,6.3,1.9,1.7,0.4,0.7,0.487,10.7,0.598,1.1,1.3
200755,JJ Redick,PHI,70,30.2,-0.1357389231809928,0.3557921436898677,-1.0992242682087068,-0.17951778361338755,-1.345292716899599,-0.9727696477090719,1.4804266139637712,0.02272472151916358,1.0934140031032449,0.5087080109737255,17.1,2.5,3.0,0.5,0.1,2.8,0.46,12.6,0.904,3.1,1.5
203933,T.J. Warren,PHX,65,33.0,-0.24556910440092783,0.8517849090567833,-0.12712117387447658,-1.0058180511479335,-0.0856553415254427,0.03632749721735127,-1.4368617740363037,1.074440495004501,-0.3028489977338755,0.7501833326384686,19.6,5.1,1.3,1.0,0.6,0.3,0.498,16.4,0.757,3.9,1.3
1627739,Kris Dunn,CHI,52,29.3,-0.2654928194293735,-0.3782771490531675,-0.42622981828500894,1.2786591590946352,2.43361940922287,-0.16549193176793334,-0.8534040964362887,-0.6457108423197184,-0.32703830920528604,-1.181619240679476,13.4,4.3,6.0,2.0,0.5,0.8,0.429,12.8,0.737,2.2,2.9
1717,Dirk Nowitzki,DAL,77,24.7,-0.29632100952304397,-0.6560330976586403,0.09721030943342296,-0.8600003568771314,-1.093365241824768,0.03632749721735127,0.31351125876374136,-0.04460877399099296,0.43602809778127455,1.474609297632698,12.0,5.7,1.6,0.6,0.6,1.8,0.456,9.8,0.898,1.4,0.7
1628366,Lonzo Ball,LAL,52,34.2,-0.3208493843607465,-1.0131478887228196,0.5458732760492216,1.8619299361778443,1.677836983998376,0.4399663551879207,0.19681972324373823,-1.7976855481502152,-1.4130359639624508,-0.8194062581823618,10.2,6.9,7.2,1.7,0.8,1.7,0.36,10.8,0.451,1.4,2.6
201599,DeAndre Jordan,LAC,77,31.5,-0.3609683226489028,-0.6560330976586403,3.649125461808495,-0.9086062549673989,-1.345292716899599,0.6417857841732053,-1.7869363805963128,2.358032708297726,-2.459538855282989,0.14649502847661078,12.0,15.2,1.5,0.5,0.9,0.0,0.645,7.5,0.58,4.1,1.8
203937,Kyle Anderson,SAS,74,26.7,-0.395421182869901,-1.4694612328603818,-0.014955432220526636,-0.32533547788418976,1.4259095089235452,0.4399663551879207,-1.4368617740363037,0.6856397654002078,-0.45050622801864154,0.7501833326384686,7.9,5.4,2.7,1.6,0.8,0.3,0.527,5.9,0.712,2.0,1.3
203967,Dario Saric,PHI,78,29.6,-0.3996833835710865,-0.1402006216770482,0.47109611494658854,-0.3739413759744572,-0.8414377667499366,-0.5691307897385026,0.5468943298037473,-0.11227473621681973,0.5935540943911027,0.025757367644239377,14.6,6.7,2.6,0.7,0.3,2.0,0.453,11.4,0.86,2.7,1.9
202685,Jonas Valančiūnas,TOR,77,22.4,-0.4023983783307301,-0.5171551233559041,1.181479145421603,-1.1030298473284685,-1.5972201919744302,0.6417857841732053,-1.3201702385163008,1.6404482304578194,0.1627558518180204,0.5087080109737255,12.7,8.6,1.1,0.4,0.9,0.4,0.568,8.9,0.806,2.7,1.5
201959,Taj Gibson,MIN,82,33.2,-0.4134188411397023,-0.6163536764292872,0.6206504371518545,-1.0544239492382013,-0.5895102916751052,0.23814692620263586,-1.6702448450763097,1.7951586962792723,-0.12850079265777323,0.9916586543032117,12.2,7.1,1.2,0.8,0.7,0.1,0.577,9.0,0.768,2.3,1.1
201586,Serge Ibaka,TOR,76,27.5,-0.44457791383331235,-0.5369948339705807,0.32154179274132216,-1.2488475415992708,-1.5972201919744302,1.449063500114344,-0.15325488331627082,0.4207940840211314,0.029419166679602465,0.8709209934708402,12.6,6.3,0.8,0.4,1.3,1.4,0.483,10.3,0.797,1.6,1.2
203501,Tim Hardaway Jr.,NYK,57,33.1,-0.4601177838364934,0.4351509861485739,-0.5757841404902752,-0.32533547788418976,0.16627213354938877,-0.7709502187237872,0.8969689363637561,-0.9617766154825762,0.28736626254126235,0.38797035014135384,17.5,3.9,2.7,1.1,0.2,2.3,0.421,15.0,0.816,3.1,1.6
200794,Paul Millsap,DEN,38,30.1,-0.4701980923239328,-0.1402006216770482,0.35893037329263894,-0.2767295797939225,-0.0856553415254427,1.247244071129059,-0.6200210253962828,0.09899887600477952,-1.0785222120019535,0.025757367644239377,14.6,6.4,2.8,1.0,1.2,1.0,0.464,11.4,0.696,4.2,1.9
201568,Danilo Gallinari,LAC,21,32.0,-0.5565437770035209,-0.0013226473743116291,-0.23928691552842618,-0.6655767645160617,-1.093365241824768,-0.16549193176793334,0.19681972324373823,-1.251840346524593,1.7925993538179947,0.8709209934708402,15.3,4.8,2.0,0.6,0.5,1.7,0.398,12.2,0.931,4.1,1.2
203145,Kent Bazemore,ATL,65,27.5,-0.5711095577066856,-0.4774757021265506,-0.6131727210415917,0.06351170683794956,1.1739820338487137,0.23814692620263586,0.19681972324373823,-0.679164182385684,0.10417359423172184,-0.5779309365176184,12.9,3.8,3.5,1.5,0.7,1.7,0.42,10.4,0.796,3.1,2.4
201937,Ricky Rubio,UTA,77,29.3,-0.6250711471542899,-0.4377962808971975,-0.31406407663105934,0.9384178724627631,1.4259095089235452,-0.9727696477090719,-0.3866379543562768,-0.7352982670108773,0.7973116170786181,-0.9401439190147334,13.1,4.6,5.3,1.6,0.1,1.2,0.418,10.7,0.866,3.3,2.7
202324,Derrick Favors,UTA,77,28.0,-0.8132664149421137,-0.5965139658146102,0.6580390177031713,-1.0058180511479335,-0.8414377667499366,1.0454246421437747,-1.5535533095563068,1.6002736713831667,-1.111339307206651,0.9916586543032117,12.3,7.2,1.3,0.7,1.1,0.2,0.563,9.1,0.651,2.8,1.1
203471,Dennis Schröder,ATL,67,31.0,-0.8252676358721523,0.8121054878274294,-0.8748927849008075,1.37587095527517,0.16627213354938877,-0.9727696477090719,-0.5033294898762797,-0.6666438902249493,0.7782635192017011,-0.9401439190147334,19.4,3.1,6.2,1.1,0.1,1.1,0.436,17.1,0.849,4.0,2.7
1627763,Malcolm Brogdon,MIL,48,29.9,-0.9305750146542587,-0.45763599151187406,-0.8001156237981745,-0.08230598743285263,-0.3375828166002739,-0.5691307897385026,-0.2699464188362737,0.4640170034550046,0.4926799380025909,0.6294456718060971,13.0,3.3,3.2,0.9,0.3,1.3,0.485,10.5,0.882,1.8,1.4
203084,Harrison Barnes,DAL,77,34.2,-0.9379869597286349,0.7129069347540463,0.24676463163868897,-0.6655767645160617,-1.093365241824768,-0.7709502187237872,-0.03656334779626773,-0.3726175153556172,0.532706551121406,0.5087080109737255,18.9,6.1,2.0,0.6,0.2,1.5,0.445,15.7,0.827,4.1,1.5
1627741,Buddy Hield,SAC,80,25.3,-0.9418321251201429,-0.35843743843849096,-0.6131727210415917,-0.7141826626063292,0.16627213354938877,-0.5691307897385026,0.7802774008437535,-0.2536595766507285,0.2322311788210042,0.38797035014135384,13.5,3.8,1.9,1.1,0.3,2.2,0.446,11.7,0.877,1.0,1.6
202083,Wesley Matthews,DAL,63,33.8,-0.9446964721123732,-0.5171551233559041,-0.8748927849008075,-0.32533547788418976,0.4181996086242197,-0.5691307897385026,1.0136604718837592,-0.9878336943232392,0.14760798494382227,0.7501833326384686,12.7,3.1,2.7,1.2,0.3,2.4,0.406,11.1,0.822,1.6,1.3
203915,Spencer Dinwiddie,BKN,80,28.8,-0.9882233264324152,-0.5369948339705807,-0.8375042043494909,1.5702945476362395,-0.3375828166002739,-0.5691307897385026,0.31351125876374136,-1.2696396709949584,0.29085283268005674,0.38797035014135384,12.6,3.2,6.6,0.9,0.3,1.8,0.387,10.5,0.813,3.4,1.6
202329,Al-Farouq Aminu,POR,69,30.0,-1.032027360299181,-1.191705284254909,0.8075933399084373,-1.0544239492382013,0.16627213354938877,0.03632749721735127,0.31351125876374136,-0.8991088859754417,-0.20215212457275988,0.9916586543032117,9.3,7.6,1.2,1.1,0.6,1.8,0.395,8.4,0.738,1.2,1.1
1626204,Larry Nance Jr.,CLE,66,21.5,-1.047011198580406,-1.310743547942969,0.508484695497905,-1.0544239492382013,0.6701270836990512,0.03632749721735127,-1.7869363805963128,1.304144669176893,-0.7678629031944498,1.3538716368003263,8.7,6.8,1.2,1.3,0.6,0.0,0.581,6.3,0.664,2.1,0.8
201569,Eric Gordon,HOU,69,31.2,-1.0979227705368533,0.534349539221957,-1.0992242682087068,-0.5683649683355269,-1.093365241824768,-0.36731136075321796,1.9471927560437836,-0.7367651640739363,0.25980856974932265,0.025757367644239377,18.0,2.5,2.2,0.6,0.4,3.2,0.428,14.1,0.809,3.5,1.9
203459,Allen Crabbe,BKN,75,29.3,-1.114036557819992,-0.417956570282521,-0.42622981828500894,-0.8600003568771314,-1.093365241824768,-0.16549193176793334,1.3637350784437685,-0.9602490657078747,0.33312503334589344,1.1123963151355833,13.2,4.3,1.6,0.6,0.5,2.7,0.407,11.0,0.852,1.8,1.0
203473,Dewayne Dedmon,ATL,62,24.9,-1.1245236784221584,-1.0528273099521728,0.9197590815623873,-0.9086062549673989,-1.093365241824768,0.4399663551879207,-0.8534040964362887,0.8507364464912679,-0.05622833028920254,0.6294456718060971,10.0,7.9,1.5,0.6,0.8,0.8,0.524,7.7,0.779,1.4,1.4
1626178,Rondae Hollis-Jefferson,BKN,68,28.2,-1.1366760625731653,-0.2790785959797844,0.508484695497905,-0.42254727406472464,-0.0856553415254427,0.23814692620263586,-1.5535533095563068,0.23610994666461405,0.07492186171132734,0.14649502847661078,13.9,6.8,2.5,1.0,0.7,0.2,0.472,10.6,0.788,4.6,1.8
201587,Nicolas Batum,CHA,64,31.0,-1.1392364042455334,-0.7353919401173469,-0.23928691552842618,1.035629668643298,-0.0856553415254427,-0.36731136075321796,-0.15325488331627082,-0.7517025791134634,0.25271724065346873,-0.09498029318813228,11.6,4.8,5.5,1.0,0.4,1.4,0.415,10.2,0.831,2.0,2.0
201609,Goran Dragic,MIA,75,31.7,-1.1771924078727798,0.3954715649192208,-0.5010069793876422,0.6953883820114259,-0.5895102916751052,-0.7709502187237872,-0.03656334779626773,-0.2174184582459325,0.18385255587818375,-0.3364556148528756,17.3,4.1,4.8,0.8,0.2,1.5,0.45,14.3,0.801,3.6,2.2
201584,Courtney Lee,NYK,76,30.4,-1.1988540279552709,-0.6560330976586403,-0.9496699460034407,-0.47115317215499214,0.16627213354938877,-0.7709502187237872,-0.03656334779626773,-0.07859563327974027,0.6061805998089971,0.9916586543032117,12.0,2.9,2.4,1.1,0.2,1.5,0.454,9.9,0.919,1.6,1.1
1627752,Taurean Prince,ATL,82,30.0,-1.2255345675516853,-0.2393991747504313,-0.27667549607974257,-0.3739413759744572,-0.0856553415254427,-0.16549193176793334,0.6635858653237504,-0.6592667233718317,0.36850288627964994,-0.45719327568524676,14.1,4.7,2.6,1.0,0.5,2.1,0.426,11.9,0.844,2.2,2.3
1628381,John Collins,ATL,74,24.1,-1.2954572617737279,-0.9536287568787896,0.6954275982544877,-1.0058180511479335,-1.093365241824768,1.0454246421437747,-1.5535533095563068,1.4665602757736789,-0.5259500903439689,0.6294456718060971,10.5,7.3,1.3,0.6,1.1,0.2,0.576,7.4,0.715,2.5,1.4
201960,DeMarre Carroll,BKN,73,29.9,-1.3873035343088524,-0.35843743843849096,0.43370753439527177,-0.6655767645160617,-0.5895102916751052,-0.36731136075321796,0.5468943298037473,-0.8151116195406733,-0.2014035953904198,0.6294456718060971,13.5,6.6,2.0,0.8,0.4,2.0,0.414,10.8,0.764,3.4,1.4
203087,Jeremy Lamb,CHA,80,24.6,-1.4246070939312179,-0.4774757021265506,-0.5010069793876422,-0.5197590702452596,-0.5895102916751052,-0.36731136075321796,-0.3866379543562768,-0.03085408682849584,0.5770273579704892,0.8709209934708402,12.9,4.1,2.3,0.8,0.4,1.2,0.457,10.4,0.861,2.6,1.2
203482,Kelly Olynyk,MIA,76,23.4,-1.436339985737659,-0.7552316507320234,0.09721030943342296,-0.32533547788418976,-0.5895102916751052,-0.16549193176793334,-0.15325488331627082,0.5444256511175889,-0.11490907855738791,0.025757367644239377,11.5,5.7,2.7,0.8,0.5,1.4,0.497,8.4,0.77,2.3,1.9
203994,Jusuf Nurkić,POR,79,26.4,-1.473316572401723,-0.19971975352107785,1.3310334676268691,-0.7627885606965966,-0.5895102916751052,1.6508829290996283,-1.7869363805963128,0.9322390893601453,-1.5913237963140268,-0.45719327568524676,14.3,9.0,1.8,0.8,1.4,0.0,0.505,12.0,0.63,3.5,2.3
201949,James Johnson,MIA,73,26.6,-1.513047579982833,-0.8941096250347595,-0.2018983349771094,0.20932940110875173,-0.0856553415254427,0.23814692620263586,-0.8534040964362887,0.6293394474171791,-0.5805533243820385,0.025757367644239377,10.8,4.9,3.8,1.0,0.7,0.8,0.503,8.4,0.698,2.2,1.9
202734,E'Twaun Moore,NOP,82,31.5,-1.5257147239683748,-0.5568345445852572,-0.9496699460034407,-0.5197590702452596,-0.0856553415254427,-0.9727696477090719,0.08012818772373538,0.8383632933161844,-0.2304386484106633,0.8709209934708402,12.5,2.9,2.3,1.0,0.1,1.6,0.508,10.1,0.706,0.8,1.2
202711,Bojan Bogdanovic,IND,80,30.8,-1.599838646662728,-0.19971975352107785,-0.7627270432468579,-0.9086062549673989,-0.8414377667499366,-0.9727696477090719,0.4302027942837442,0.2742324223286932,0.6308032702807094,0.7501833326384686,14.3,3.4,1.5,0.7,0.1,1.9,0.474,10.7,0.868,2.6,1.3
201572,Brook Lopez,LAL,74,23.4,-1.655847596369207,-0.45763599151187406,-0.5383955599389586,-0.8113944587868641,-1.5972201919744302,1.449063500114344,-0.03656334779626773,0.11198641868483453,-0.5258712977984593,0.7501833326384686,13.0,4.0,1.7,0.4,1.3,1.5,0.465,10.7,0.703,2.1,1.3
101141,Ersan Ilyasova,PHI,69,25.1,-1.7299646594801312,-0.8742699144200831,0.17198747053605615,-1.0058180511479335,-0.3375828166002739,-0.36731136075321796,-0.2699464188362737,-0.09893675564727439,-0.06048312774671446,1.1123963151355833,10.9,5.9,1.3,0.9,0.4,1.3,0.452,8.9,0.778,2.0,1.0
1626161,Willie Cauley-Stein,SAC,73,28.0,-1.7415823945186757,-0.49731541274122715,0.5832618566005381,-0.47115317215499214,0.16627213354938877,0.6417857841732053,-1.7869363805963128,0.7718755661739326,-1.6580807804969337,0.5087080109737255,12.8,7.0,2.4,1.1,0.9,0.0,0.502,10.6,0.619,3.4,1.5
2546,Carmelo Anthony,OKC,78,32.1,-1.7537978447332696,0.17723474815777768,0.1345988899847394,-1.0058180511479335,-1.093365241824768,0.03632749721735127,0.7802774008437535,-1.3913999896174059,-0.14183643098525278,0.7501833326384686,16.2,5.8,1.3,0.6,0.6,2.2,0.404,15.0,0.767,2.5,1.3
1628398,Kyle Kuzma,LAL,77,31.2,-1.7657968523666585,0.1573950375431015,0.32154179274132216,-0.7627885606965966,-1.093365241824768,-0.36731136075321796,0.6635858653237504,-0.20430848694422862,-0.627040926232632,0.14649502847661078,16.1,6.3,1.8,0.6,0.4,2.1,0.45,13.5,0.707,2.7,1.8
200757,Thabo Sefolosha,UTA,38,21.2,-1.768242567894595,-1.409942101016352,-0.4636183988363254,-1.2002416435090035,0.9220545587738821,-0.5691307897385026,-0.8534040964362887,0.35947868534395405,0.09268958072371461,1.3538716368003263,8.2,4.2,0.9,1.4,0.3,0.8,0.492,6.3,0.815,1.4,0.8
1626179,Terry Rozier,BOS,80,25.9,-1.781454955984323,-0.7949110719613764,-0.27667549607974257,-0.22812368170365502,-0.0856553415254427,-0.7709502187237872,0.4302027942837442,-1.0735910125940067,-0.09414724281563988,1.1123963151355833,11.3,4.7,2.9,1.0,0.2,1.9,0.395,10.0,0.772,1.9,1.0
204020,Tyler Johnson,MIA,72,28.5,-1.7864981118138195,-0.7155522295026703,-0.7627270432468579,-0.5197590702452596,-0.5895102916751052,-0.16549193176793334,0.19681972324373823,-0.39550605161213914,0.17357012868919594,0.9916586543032117,11.7,3.4,2.3,0.8,0.5,1.7,0.435,9.9,0.822,1.8,1.1
203200,Justin Holiday,CHI,72,31.5,-1.809507498165742,-0.6163536764292872,-0.5383955599389586,-0.6169708664257944,0.16627213354938877,-0.36731136075321796,0.7802774008437535,-1.6124802467529173,0.24527134510282275,0.7501833326384686,12.2,4.0,2.1,1.1,0.4,2.2,0.371,10.9,0.823,2.3,1.3
203493,Reggie Bullock Jr.,DET,62,27.9,-1.8291998023549725,-0.7949110719613764,-1.0992242682087068,-0.9086062549673989,-0.5895102916751052,-0.7709502187237872,0.5468943298037473,0.45093511211239473,-0.017698775535066723,1.3538716368003263,11.3,2.5,1.5,0.8,0.2,2.0,0.489,8.8,0.796,0.8,0.8
203124,Kyle O'Quinn,NYK,77,18.0,-1.848070207394426,-1.6281789177777948,0.24676463163868897,-0.6169708664257944,-1.345292716899599,1.449063500114344,-1.6702448450763097,1.0553753259781882,-0.08876965158461786,0.7501833326384686,7.1,6.1,2.1,0.5,1.3,0.1,0.583,5.0,0.772,1.6,1.3
101107,Marvin Williams,CHA,78,25.7,-1.8793774525947111,-1.1520258630255558,-0.27667549607974257,-1.0544239492382013,-0.8414377667499366,-0.16549193176793334,0.08012818772373538,-0.004023124315207436,0.18070085405780398,1.3538716368003263,9.5,4.7,1.2,0.7,0.5,1.6,0.458,7.2,0.829,1.6,0.8
1626171,Bobby Portis,CHI,73,22.5,-1.8939180157965514,-0.417956570282521,0.508484695497905,-0.8113944587868641,-0.8414377667499366,-0.5691307897385026,-0.5033294898762797,0.22774773484648636,-0.11634704251293593,0.6294456718060971,13.2,6.8,1.7,0.7,0.3,1.1,0.471,11.1,0.769,2.1,1.4
2200,Pau Gasol,SAS,77,23.5,-1.9124084818327165,-1.0329875993374962,0.9571476621137037,-0.13091188552312008,-1.8491476670492615,0.8436052131584899,-1.0867871674762948,-0.006641299701111442,-0.23613140982372322,0.6294456718060971,10.1,8.0,3.1,0.3,1.0,0.6,0.458,8.1,0.756,2.7,1.4
200765,Rajon Rondo,NOP,65,26.2,-1.919205201993882,-1.3901023904016752,-0.5383955599389586,2.3479889170805177,0.16627213354938877,-0.7709502187237872,-0.8534040964362887,0.12285785564758224,-0.5462785670854142,-0.45719327568524676,8.3,4.0,8.2,1.1,0.2,0.8,0.468,7.6,0.543,0.7,2.3
203918,Rodney Hood,CLE,60,26.9,-1.9510447782905285,-0.12036091106237164,-0.9870585265547572,-0.8600003568771314,-0.5895102916751052,-0.7709502187237872,0.6635858653237504,-0.6301803785441307,0.4725090463521639,0.8709209934708402,14.7,2.8,1.6,0.8,0.2,2.1,0.429,12.5,0.86,2.2,1.2
203085,Austin Rivers,LAC,61,33.7,-1.9782377072542094,-0.041002068603665086,-1.1366128487600236,0.3065411972892867,0.4181996086242197,-0.5691307897385026,0.7802774008437535,-0.7776147653652035,-1.1053904700206856,0.14649502847661078,15.1,2.4,4.0,1.2,0.3,2.2,0.424,13.2,0.642,2.6,1.8
203089,John Henson,MIL,76,25.9,-2.0145461578727484,-1.290903837328292,0.508484695497905,-0.9086062549673989,-1.093365241824768,1.6508829290996283,-1.7869363805963128,1.2653639992716557,-1.3511247213283772,0.9916586543032117,8.8,6.8,1.5,0.6,1.4,0.0,0.572,6.6,0.57,2.1,1.1
202693,Markieff Morris,WAS,73,27.0,-2.0164569850974123,-0.7552316507320234,0.05982172888210621,-0.7141826626063292,-0.5895102916751052,-0.16549193176793334,-0.6200210253962828,0.3379930238437573,0.1629331350454161,0.2672326893089824,11.5,5.6,1.9,0.8,0.5,1.0,0.48,9.4,0.82,1.8,1.7
201980,Danny Green,SAS,70,25.6,-2.0297283756745337,-1.3305832585576456,-0.6879498821442247,-0.8600003568771314,-0.3375828166002739,1.0454246421437747,0.19681972324373823,-0.9633153972409149,-0.08419968394506802,0.9916586543032117,8.6,3.6,1.6,0.9,1.1,1.7,0.387,8.0,0.769,0.9,1.1
203901,Elfrid Payton,PHX,63,28.7,-2.088744583832142,-0.5171551233559041,-0.42622981828500894,1.37587095527517,0.6701270836990512,-0.5691307897385026,-1.2034787029962977,0.611145880321137,-1.0897501497370536,-0.9401439190147334,12.7,4.3,6.2,1.3,0.3,0.5,0.493,10.6,0.649,2.7,2.7
1626162,Kelly Oubre Jr.,WAS,81,27.5,-2.1032370641093903,-0.6957125188879933,-0.3514526571823758,-1.0544239492382013,-0.0856553415254427,-0.36731136075321796,0.08012818772373538,-0.9196926191895458,0.2992245406404392,0.9916586543032117,11.8,4.5,1.2,1.0,0.4,1.6,0.403,9.8,0.82,2.9,1.1
202328,Greg Monroe,BOS,51,20.4,-2.1200060117120696,-0.9933081781081428,0.5458732760492216,-0.5683649683355269,-0.3375828166002739,-0.16549193176793334,-1.7869363805963128,1.3648906062836483,-0.3255806471133606,0.14649502847661078,10.3,6.9,2.2,0.9,0.5,0.0,0.565,7.6,0.739,2.3,1.8
101123,Gerald Green,HOU,41,22.7,-2.184400327236286,-0.6361933870439638,-0.8375042043494909,-1.3460593377798056,-1.093365241824768,-0.36731136075321796,1.3637350784437685,-0.8802986829777012,0.2587251722485668,1.3538716368003263,12.1,3.2,0.6,0.6,0.4,2.7,0.407,10.1,0.85,1.5,0.8
203992,Bogdan Bogdanović,SAC,78,27.9,-2.200452749666886,-0.6957125188879933,-0.9496699460034407,-0.03370008934258537,-0.3375828166002739,-0.7709502187237872,0.19681972324373823,-0.2120315988933819,0.21440436539948415,0.38797035014135384,11.8,2.9,3.3,0.9,0.2,1.7,0.446,9.9,0.84,1.5,1.6
201961,Wayne Ellington,MIA,77,26.5,-2.3083437356785965,-0.8147507825760534,-0.9870585265547572,-1.151635745418736,-0.8414377667499366,-0.9727696477090719,1.5971181494837743,-0.7914649243886195,0.17904621060210504,1.474609297632698,11.2,2.8,1.0,0.7,0.1,2.9,0.407,9.1,0.859,1.0,0.7
201158,Marco Belinelli,PHI,80,24.3,-2.3114882176310676,-0.6361933870439638,-1.3235557515166063,-0.7141826626063292,-0.5895102916751052,-0.7709502187237872,0.4302027942837442,-0.2859638847905766,0.707744190970717,0.8709209934708402,12.1,1.9,1.9,0.8,0.2,1.9,0.441,9.6,0.908,2.0,1.2
2730,Dwight Howard,CHA,81,30.4,-2.341473010436979,0.25659359061648457,2.6396337869229485,-1.0058180511479335,-1.093365241824768,2.054521787070198,-1.7869363805963128,1.8147045942052715,-4.401400837500506,-0.8194062581823618,16.6,12.5,1.3,0.6,1.6,0.0,0.555,11.2,0.574,7.2,2.6
203897,Zach LaVine,CHI,24,27.3,-2.3673324416751824,0.2764333012311608,-0.5757841404902752,-0.17951778361338755,-0.0856553415254427,-0.7709502187237872,0.31351125876374136,-1.8962574365530196,0.40439289075921736,0.14649502847661078,16.7,3.9,3.0,1.0,0.2,1.8,0.383,14.8,0.813,4.5,1.8
203939,Dwight Powell,DAL,79,21.2,-2.3794749337390297,-1.350422969172322,0.05982172888210621,-1.0544239492382013,-0.5895102916751052,-0.36731136075321796,-1.3201702385163008,1.2294306372185277,-0.46149778811721404,1.474609297632698,8.5,5.6,1.2,0.8,0.4,0.4,0.593,5.4,0.719,2.3,0.7
1627756,Denzel Valentine,CHI,77,27.2,-2.392694039689935,-1.0131478887228196,-0.12712117387447658,-0.08230598743285263,-0.5895102916751052,-0.9727696477090719,0.4302027942837442,-0.6597440826764259,-0.1284810945213959,0.7501833326384686,10.2,5.1,3.2,0.8,0.1,1.9,0.417,9.4,0.745,0.7,1.3
203944,Julius Randle,LAL,82,26.7,-2.404621021237345,0.1573950375431015,0.9571476621137037,-0.3739413759744572,-1.345292716899599,-0.16549193176793334,-1.6702448450763097,1.8381996575782191,-0.9829862505717089,-0.8194062581823618,16.1,8.0,2.6,0.5,0.5,0.1,0.558,11.0,0.718,5.2,2.6
203952,Andrew Wiggins,MIN,82,36.3,-2.404717219107438,0.47483040737792703,-0.38884123773369217,-0.6655767645160617,0.16627213354938877,0.03632749721735127,-0.15325488331627082,-0.5650977725549315,-1.5766092884401313,0.2672326893089824,17.7,4.4,2.0,1.1,0.6,1.4,0.438,15.9,0.643,3.8,1.7
2216,Zach Randolph,SAC,59,25.6,-2.4192008556600193,-0.16004033229172474,0.47109611494658854,-0.5683649683355269,-0.8414377667499366,-0.7709502187237872,-0.7367125609162857,0.3054034233195162,-0.02321425372073032,-0.09498029318813228,14.5,6.7,2.2,0.7,0.2,0.9,0.473,12.9,0.785,1.8,2.0
1626209,Mario Hezonja,ORL,75,22.1,-2.4547197651012005,-1.1321861524108792,-0.6505613015929081,-0.9572121530576664,0.16627213354938877,-0.36731136075321796,-0.3866379543562768,-0.22797764606355758,0.10923601528070544,0.9916586543032117,9.6,3.7,1.4,1.1,0.4,1.2,0.442,8.2,0.819,1.4,1.1
203504,Trey Burke,NYK,36,21.8,-2.4565495473577026,-0.49731541274122715,-1.2861671709652898,0.6467824839211587,-0.8414377667499366,-0.9727696477090719,-0.5033294898762797,0.7970251007366855,-0.6702586374445814,0.8709209934708402,12.8,2.0,4.7,0.7,0.1,1.1,0.503,10.7,0.649,1.6,1.2
1626153,Delon Wright,TOR,69,20.8,-2.4716630122963013,-1.4496215222457052,-0.9496699460034407,-0.22812368170365502,-0.0856553415254427,-0.16549193176793334,-0.8534040964362887,0.07289462283283793,0.19575023025011462,0.9916586543032117,8.0,2.9,2.9,1.0,0.5,0.8,0.465,6.3,0.829,1.7,1.1
203953,Jabari Parker,MIL,31,24.0,-2.550854785213907,-0.5369948339705807,-0.2018983349771094,-0.7141826626063292,-0.5895102916751052,-0.5691307897385026,-0.6200210253962828,0.4184510922343463,-0.24627595005806882,0.5087080109737255,12.6,4.9,1.9,0.8,0.3,1.0,0.482,10.7,0.741,1.7,1.5
201588,George Hill,CLE,67,27.0,-2.5690565666091985,-1.0528273099521728,-1.0244471071060737,-0.2767295797939225,-0.3375828166002739,-0.36731136075321796,-0.2699464188362737,0.020468216006387322,-0.010863522212119283,0.7501833326384686,10.0,2.7,2.8,0.9,0.4,1.3,0.46,7.7,0.786,2.1,1.3
1627759,Jaylen Brown,BOS,70,30.7,-2.5798135462042,-0.16004033229172474,-0.2018983349771094,-0.8600003568771314,-0.0856553415254427,-0.36731136075321796,0.19681972324373823,0.1190940179306521,-1.3673165894305748,0.14649502847661078,14.5,4.9,1.6,1.0,0.4,1.7,0.465,11.5,0.644,3.3,1.8
1626166,Cameron Payne,CHI,25,23.3,-2.591040810318522,-1.290903837328292,-0.9870585265547572,0.5495706877406238,-0.0856553415254427,-0.36731136075321796,-0.15325488331627082,-0.7760265628788585,-0.10984665750840383,0.6294456718060971,8.8,2.8,4.5,1.0,0.4,1.4,0.405,8.6,0.75,0.6,1.4
200752,Rudy Gay,SAS,57,21.6,-2.6063190106910534,-0.7552316507320234,-0.12712117387447658,-1.0058180511479335,-0.5895102916751052,0.23814692620263586,-1.0867871674762948,0.19545915148373097,-0.10490242527768392,0.6294456718060971,11.5,5.1,1.3,0.8,0.7,0.6,0.471,9.4,0.772,2.5,1.4
1628386,Jarrett Allen,BKN,72,20.0,-2.608396344413533,-1.409942101016352,-0.014955432220526636,-1.2974534396895383,-1.5972201919744302,1.247244071129059,-1.6702448450763097,1.2148189497044883,-0.07230200957313648,0.9916586543032117,8.2,5.4,0.7,0.4,1.2,0.1,0.589,5.5,0.776,2.0,1.1
1627814,Damion Lee,ATL,15,27.0,-2.624748173634524,-0.9139493356494365,-0.27667549607974257,-0.7141826626063292,0.6701270836990512,-0.9727696477090719,-0.6200210253962828,-0.8632822277668705,-0.16712883809379595,1.2331339759679547,10.7,4.7,1.9,1.3,0.1,1.0,0.408,10.1,0.759,1.9,0.9
202694,Marcus Morris Sr.,BOS,54,26.7,-2.6700018132099332,-0.3385977278238144,-0.014955432220526636,-1.0058180511479335,-1.093365241824768,-0.7709502187237872,0.08012818772373538,-0.5680585234417798,0.17069420077810052,0.8709209934708402,13.6,5.4,1.3,0.6,0.2,1.6,0.429,11.3,0.805,2.9,1.2
201163,Wilson Chandler,DEN,74,31.7,-2.740279926248627,-1.0528273099521728,-0.014955432220526636,-0.6169708664257944,-1.093365241824768,-0.16549193176793334,-0.3866379543562768,-0.19397506199771777,-0.0869771211742772,0.8709209934708402,10.0,5.4,2.1,0.6,0.5,1.2,0.445,8.5,0.772,1.5,1.2
1627832,Fred VanVleet,TOR,76,20.0,-2.742198612835972,-1.3305832585576456,-1.1366128487600236,-0.08230598743285263,-0.3375828166002739,-0.5691307897385026,-0.15325488331627082,-0.3922004788276195,0.14707613526163338,1.1123963151355833,8.6,2.4,3.2,0.9,0.3,1.4,0.426,7.2,0.832,1.3,1.0
203210,JaMychal Green,MEM,55,28.0,-2.747918469736357,-0.9933081781081428,1.10670198431897,-0.9572121530576664,-1.093365241824768,-0.16549193176793334,-0.8534040964362887,-0.02396326486688231,-0.3973212597997424,0.6294456718060971,10.3,8.4,1.4,0.6,0.5,0.8,0.457,8.9,0.721,2.0,1.4
1627747,Caris LeVert,BKN,71,26.2,-2.7486758308640487,-0.6361933870439638,-0.6505613015929081,0.40375299346982163,0.4181996086242197,-0.5691307897385026,-0.3866379543562768,-0.41633576526790494,-0.5753136201056581,-0.3364556148528756,12.1,3.7,4.2,1.2,0.3,1.2,0.435,10.4,0.711,2.6,2.2
201563,Michael Beasley,NYK,74,22.3,-2.819245220302702,-0.417956570282521,0.05982172888210621,-0.8113944587868641,-1.345292716899599,0.03632749721735127,-1.2034787029962977,0.8850636348842316,-0.048092999965348694,0.025757367644239377,13.2,5.6,1.7,0.5,0.6,0.5,0.507,10.9,0.78,2.1,1.9
203925,Joe Harris,BKN,78,25.3,-2.8531461866541443,-0.8941096250347595,-0.8001156237981745,-0.8600003568771314,-1.5972201919744302,-0.5691307897385026,0.4302027942837442,0.4384361607205714,0.12787045229369756,0.8709209934708402,10.8,3.3,1.6,0.4,0.3,1.9,0.491,8.0,0.827,1.3,1.2
1627742,Brandon Ingram,LAL,59,33.5,-2.853692032665518,0.1573950375431015,-0.05234401277184339,0.2579352991990192,-0.5895102916751052,0.23814692620263586,-0.9700956319562918,0.24020175830375948,-1.4367525201608038,-0.6986685973499901,16.1,5.3,3.9,0.8,0.7,0.7,0.47,12.9,0.681,4.8,2.5
203488,Mike Muscala,ATL,53,20.0,-2.9590975763793095,-1.5289803647044118,-0.42622981828500894,-1.151635745418736,-1.093365241824768,-0.16549193176793334,-0.3866379543562768,-0.00024131542445720365,0.4396131586019561,1.3538716368003263,7.6,4.3,1.0,0.6,0.5,1.2,0.458,5.9,0.919,1.2,0.8
2594,Kyle Korver,CLE,73,21.6,-2.9938230744592262,-1.2115449948695858,-1.17400142931134,-1.0544239492382013,-1.5972201919744302,-0.36731136075321796,0.7802774008437535,0.008841989743198705,0.26768782430027027,1.3538716368003263,9.2,2.3,1.2,0.4,0.4,2.2,0.459,6.6,0.889,1.0,0.8
201583,Ryan Anderson,HOU,66,26.1,-2.9938653780537208,-1.191705284254909,-0.164509754425793,-1.2002416435090035,-1.5972201919744302,-0.5691307897385026,0.5468943298037473,-0.3363876289344589,-0.0769113734854411,1.5953469584650697,9.3,5.0,0.9,0.4,0.3,2.0,0.431,7.3,0.774,1.4,0.6
1626156,D'Angelo Russell,BKN,48,25.7,-3.022744328304312,0.03835677385504147,-0.5757841404902752,0.8898119743724958,-0.5895102916751052,-0.36731136075321796,0.4302027942837442,-1.0616401820036947,-0.3637753335490812,-1.4230945623442195,15.5,3.9,5.2,0.8,0.4,1.9,0.414,14.0,0.74,2.7,3.1
1627751,Jakob Poeltl,TOR,82,18.6,-3.0950373984868658,-1.667858339007148,-0.23928691552842618,-1.2974534396895383,-1.345292716899599,1.247244071129059,-1.7869363805963128,1.5948778264437071,-0.7127278194741913,1.1123963151355833,6.9,4.8,0.7,0.5,1.2,0.0,0.659,4.7,0.594,1.2,1.0
200826,J.J. Barea,DAL,69,23.2,-3.1654373025996705,-0.7353919401173469,-0.9496699460034407,1.4244768533654373,-1.345292716899599,-1.1745890766943565,0.19681972324373823,-0.33228009251822077,-0.033792152955378046,-0.21571795402050395,11.6,2.9,6.3,0.5,0.0,1.7,0.439,10.0,0.784,1.5,2.1
201571,D.J. Augustin,ORL,75,23.5,-3.189792813105895,-1.0131478887228196,-1.248778590413973,0.20932940110875173,-0.8414377667499366,-1.1745890766943565,-0.03656334779626773,-0.0768063782862847,0.6042304843076372,0.38797035014135384,10.2,2.1,3.8,0.7,0.0,1.5,0.452,7.2,0.868,2.5,1.6
1627812,Yogi Ferrell,DAL,82,27.8,-3.1977356545773437,-1.0131478887228196,-0.9122813654521241,-0.42254727406472464,-0.5895102916751052,-0.9727696477090719,0.08012818772373538,-0.48879890770531326,0.008795217892496005,1.1123963151355833,10.2,3.0,2.5,0.8,0.1,1.6,0.426,8.9,0.796,1.3,1.0
204456,T.J. McConnell,PHI,76,22.5,-3.2110779757008667,-1.786896602695208,-0.9122813654521241,0.3065411972892867,0.4181996086242197,-0.7709502187237872,-1.3201702385163008,0.38084416461922926,-0.03507253181990712,0.5087080109737255,6.3,3.0,4.0,1.2,0.2,0.4,0.499,5.5,0.795,0.5,1.5
202704,Reggie Jackson,DET,45,26.7,-3.235035552244953,-0.1402006216770482,-0.9870585265547572,0.9384178724627631,-1.093365241824768,-0.9727696477090719,-0.3866379543562768,-0.7104070680717871,0.45344125033886923,-0.3364556148528756,14.6,2.8,5.3,0.6,0.1,1.2,0.426,12.8,0.836,3.0,2.2
1628371,Jonathan Isaac,ORL,27,19.8,-3.2498896672338193,-1.9654539982272972,-0.6505613015929081,-1.2974534396895383,0.4181996086242197,1.0454246421437747,-1.0867871674762948,-0.7175214065077868,-0.10813291964357265,1.1123963151355833,5.4,3.7,0.7,1.2,1.1,0.6,0.379,5.4,0.76,0.9,1.0
202397,Ish Smith,DET,82,24.9,-3.26877157379751,-0.8742699144200831,-1.0244471071060737,0.5009647896503565,-0.5895102916751052,-0.7709502187237872,-1.3201702385163008,0.4507217044232819,-0.3912936300682672,0.7501833326384686,10.9,2.7,4.4,0.8,0.2,0.4,0.486,9.8,0.698,1.4,1.3
1627734,Domantas Sabonis,IND,74,24.5,-3.2745289011743033,-0.7353919401173469,0.8449819204597541,-0.6655767645160617,-1.345292716899599,-0.36731136075321796,-1.5535533095563068,0.8307345300295865,-0.30887662746535083,0.025757367644239377,11.6,7.7,2.0,0.5,0.4,0.2,0.514,8.9,0.75,3.0,1.9
203903,Jordan Clarkson,CLE,81,23.3,-3.2759556825452933,-0.2790785959797844,-1.0244471071060737,-0.32533547788418976,-0.8414377667499366,-0.9727696477090719,-0.15325488331627082,-0.15656918688971175,0.08896663294839213,0.38797035014135384,13.9,2.7,2.7,0.7,0.1,1.4,0.451,11.8,0.8,2.3,1.6
201229,Anthony Tolliver,DET,79,22.2,-3.298700187966709,-1.2710641267136156,-0.8748927849008075,-1.1030298473284685,-1.5972201919744302,-0.5691307897385026,0.5468943298037473,0.06012048784189562,0.03501343741077555,1.474609297632698,8.9,3.1,1.1,0.4,0.3,2.0,0.464,6.0,0.797,1.7,0.7
201145,Jeff Green,CLE,78,23.4,-3.3238122321828194,-0.8941096250347595,-0.8375042043494909,-1.0058180511479335,-1.345292716899599,-0.36731136075321796,-0.9700956319562918,0.24682862864989186,0.737094414172998,1.1123963151355833,10.8,3.2,1.3,0.5,0.4,0.7,0.477,7.9,0.868,3.0,1.0
101162,Marcin Gortat,WAS,82,25.3,-3.3332367123996742,-1.3702626797869986,0.8075933399084373,-0.7627885606965966,-1.345292716899599,0.23814692620263586,-1.7869363805963128,0.6845379078053676,-0.6691555418074485,0.8709209934708402,8.4,7.6,1.8,0.5,0.7,0.0,0.518,6.8,0.675,2.0,1.2
200782,P.J. Tucker,HOU,82,27.8,-3.3457410249321393,-1.826576023924561,0.05982172888210621,-1.2002416435090035,-0.0856553415254427,-0.5691307897385026,-0.15325488331627082,-0.6174444322975556,-0.18639361547086386,1.2331339759679547,6.1,5.6,0.9,1.0,0.3,1.4,0.39,5.4,0.717,0.7,0.9
1626168,Trey Lyles,DEN,73,19.1,-3.352419192550914,-1.0726670205668494,-0.23928691552842618,-1.0544239492382013,-1.5972201919744302,-0.16549193176793334,-0.5033294898762797,0.4120915430987873,-0.4859628734979077,1.3538716368003263,9.9,4.8,1.2,0.4,0.5,1.1,0.491,7.5,0.706,2.0,0.8
203458,Alex Len,PHX,69,20.2,-3.360955722123675,-1.350422969172322,0.7702047593571208,-1.0544239492382013,-1.5972201919744302,0.6417857841732053,-1.7869363805963128,1.0016920601826997,-0.9772934891586478,0.9916586543032117,8.5,7.5,1.2,0.4,0.9,0.0,0.566,5.5,0.684,3.3,1.1
203935,Marcus Smart,BOS,54,29.9,-3.361224435820198,-1.0131478887228196,-0.7253384626955414,0.6953883820114259,0.6701270836990512,-0.36731136075321796,-0.15325488331627082,-1.4672214951624307,-0.4225348743627761,-0.5779309365176184,10.2,3.5,4.8,1.3,0.4,1.4,0.367,9.5,0.729,2.5,2.4
203107,Tomas Satoransky,WAS,73,22.5,-3.3623295526704675,-1.608339207163118,-0.8375042043494909,0.2579352991990192,-0.8414377667499366,-0.7709502187237872,-1.0867871674762948,0.5819168893012402,-0.0488218310113114,0.9916586543032117,7.2,3.2,3.9,0.7,0.2,0.6,0.523,5.3,0.781,1.3,1.1
203460,Andre Roberson,OKC,39,26.6,-3.3772556106870812,-2.0448128406860038,-0.27667549607974257,-1.0544239492382013,0.4181996086242197,0.6417857841732053,-1.5535533095563068,0.5637199526101072,-1.4253669973346843,1.3538716368003263,5.0,4.7,1.2,1.2,0.9,0.2,0.537,4.2,0.316,1.0,0.8
2561,David West,GSW,73,13.7,-3.377311512028757,-1.6876980496218248,-0.8001156237981745,-0.7141826626063292,-1.093365241824768,0.8436052131584899,-1.7869363805963128,0.9917820810193231,-0.12205950206237326,0.9916586543032117,6.8,3.3,1.9,0.6,1.0,0.0,0.571,5.2,0.759,1.1,1.1
1627783,Pascal Siakam,TOR,81,20.7,-3.384375691541692,-1.5884994965484418,-0.3514526571823758,-0.6655767645160617,-0.5895102916751052,-0.16549193176793334,-1.3201702385163008,0.5130401192392894,-0.570586067375089,1.3538716368003263,7.3,4.5,2.0,0.8,0.5,0.4,0.508,6.1,0.621,1.1,0.8
1626149,Montrezl Harrell,LAC,76,17.0,-3.4254280249026703,-0.8544302038054065,-0.5383955599389586,-1.151635745418736,-1.345292716899599,0.23814692620263586,-1.7869363805963128,2.1430828678315694,-1.3631011882458177,1.2331339759679547,11.0,4.0,1.0,0.5,0.7,0.0,0.635,7.2,0.626,2.9,0.9
203082,Terrence Ross,ORL,24,25.0,-3.480806603324219,-1.310743547942969,-0.9122813654521241,-0.8600003568771314,0.16627213354938877,-0.16549193176793334,-0.2699464188362737,-0.8150532132257575,-0.18448289624225897,0.8709209934708402,8.7,3.0,1.6,1.1,0.5,1.3,0.398,8.0,0.75,1.5,1.2
201601,Luc Mbah a Moute,HOU,61,25.6,-3.5223940398173204,-1.5488200753190882,-0.9122813654521241,-1.2002416435090035,0.4181996086242197,-0.36731136075321796,-0.6200210253962828,0.22121745955963731,-0.504794291874673,0.9916586543032117,7.5,3.0,0.9,1.2,0.4,1.0,0.481,5.7,0.684,1.6,1.1
1627749,Dejounte Murray,SAS,81,21.5,-3.534674677308806,-1.4297818116310286,0.09721030943342296,-0.22812368170365502,0.4181996086242197,-0.36731136075321796,-1.6702448450763097,-0.19443557332685577,-0.4274200121843639,0.2672326893089824,8.1,5.7,2.9,1.2,0.4,0.1,0.443,7.5,0.709,1.8,1.7
1626169,Stanley Johnson,DET,69,27.4,-3.5356262307183064,-1.310743547942969,-0.6505613015929081,-0.8600003568771314,0.9220545587738821,-0.7709502187237872,-0.6200210253962828,-1.1393306896260005,-0.09773230363632122,0.9916586543032117,8.7,3.7,1.6,1.4,0.2,1.0,0.375,8.1,0.772,2.1,1.1
203457,Nerlens Noel,DAL,30,15.7,-3.5415903202412746,-2.1638511043740634,0.05982172888210621,-1.2974534396895383,-0.0856553415254427,0.23814692620263586,-1.7869363805963128,0.39592871864440793,-0.13472540375302222,1.2331339759679547,4.4,5.6,0.7,1.0,0.7,0.0,0.524,3.5,0.75,0.9,0.9
1628404,Josh Hart,LAL,63,23.2,-3.5480532509638163,-1.4694612328603818,-0.4636183988363254,-1.0058180511479335,-0.8414377667499366,-0.5691307897385026,-0.3866379543562768,0.11066441421069871,-0.3972227691178556,1.474609297632698,7.9,4.2,1.3,0.7,0.3,1.2,0.469,6.0,0.702,1.5,0.7
201988,Patty Mills,SAS,82,25.7,-3.5484613391347493,-1.0528273099521728,-1.3235557515166063,-0.2767295797939225,-0.8414377667499366,-0.9727696477090719,0.4302027942837442,-0.6644626390025447,0.4029352286672929,0.7501833326384686,10.0,1.9,2.8,0.7,0.1,1.9,0.411,8.3,0.89,1.4,1.3
203894,Shabazz Napier,POR,74,20.7,-3.559175447103564,-1.310743547942969,-1.17400142931134,-0.6655767645160617,0.16627213354938877,-0.7709502187237872,-0.5033294898762797,-0.46498373279869676,0.2932166090453416,0.8709209934708402,8.7,2.3,2.0,1.1,0.2,1.1,0.42,7.2,0.841,1.9,1.2
203109,Jae Crowder,UTA,80,26.1,-3.615902289477561,-1.1123464417962028,-0.7627270432468579,-1.0544239492382013,-0.5895102916751052,-0.5691307897385026,-0.15325488331627082,-0.7717381915260566,0.16409532509168087,1.2331339759679547,9.7,3.4,1.2,0.8,0.3,1.4,0.404,8.4,0.818,1.9,0.9
201585,Kosta Koufos,SAC,71,19.6,-3.640740301849446,-1.707537760236501,0.43370753439527177,-1.0544239492382013,-0.8414377667499366,-0.16549193176793334,-1.7869363805963128,1.0480239926874364,-1.0412533379759688,1.474609297632698,6.7,6.6,1.2,0.7,0.5,0.0,0.571,5.5,0.446,1.0,0.7
203090,Maurice Harkless,POR,59,21.4,-3.6432973869734937,-1.7472171814658544,-1.0244471071060737,-1.2002416435090035,-0.5895102916751052,0.23814692620263586,-0.8534040964362887,0.31406440590240214,-0.2552976965189043,1.474609297632698,6.5,2.7,0.9,0.8,0.7,0.8,0.495,5.0,0.712,1.0,0.7
203613,Jonathon Simmons,ORL,69,29.4,-3.6727058699272814,-0.2790785959797844,-0.7253384626955414,-0.42254727406472464,-0.5895102916751052,-0.7709502187237872,-0.6200210253962828,0.11465176840201612,-0.16419381577356776,-0.21571795402050395,13.9,3.5,2.5,0.8,0.2,1.0,0.465,11.0,0.768,3.5,2.1
202709,Cory Joseph,IND,82,27.0,-3.70368462766646,-1.4694612328603818,-0.8375042043494909,-0.08230598743285263,-0.0856553415254427,-0.7709502187237872,-0.8534040964362887,-0.42850000354733053,-0.16756219709409811,0.9916586543032117,7.9,3.2,3.2,1.0,0.2,0.8,0.424,7.4,0.745,1.1,1.1
1628395,Jordan Bell,GSW,57,14.2,-3.7468901170494355,-2.12417168314471,-0.6879498821442247,-0.7627885606965966,-1.093365241824768,0.8436052131584899,-1.7869363805963128,0.9187517234082211,-0.2871692811774888,1.2331339759679547,4.6,3.6,1.8,0.6,1.0,0.0,0.627,3.2,0.682,0.8,0.9
202325,Wesley Johnson,LAC,74,20.1,-3.754984273042081,-1.9654539982272972,-0.9496699460034407,-1.2488475415992708,-0.0856553415254427,0.4399663551879207,-0.8534040964362887,-0.41882252644525025,-0.14770647562570907,1.474609297632698,5.4,2.9,0.8,1.0,0.8,0.8,0.408,5.0,0.741,0.8,0.7
2738,Andre Iguodala,GSW,64,25.4,-3.7573667288983814,-1.8464157345392376,-0.6131727210415917,-0.03370008934258537,-0.5895102916751052,0.03632749721735127,-1.2034787029962977,0.044496798602116513,-0.6643098002586155,1.1123963151355833,6.0,3.8,3.3,0.8,0.6,0.5,0.463,5.0,0.632,1.4,1.0
201577,Robin Lopez,CHI,64,26.4,-3.764113802417641,-0.6957125188879933,-0.3514526571823758,-0.7141826626063292,-2.1010751421240927,0.4399663551879207,-1.6702448450763097,1.2127253079544569,-0.1513703289918999,0.2672326893089824,11.8,4.5,1.9,0.2,0.8,0.1,0.53,10.1,0.756,1.4,1.7
1626163,Frank Kaminsky,CHA,79,23.2,-3.7744857000823693,-0.83459049319073,-0.6879498821442247,-0.8600003568771314,-1.345292716899599,-0.7709502187237872,-0.2699464188362737,-0.45416845575413645,0.09454120554318787,1.3538716368003263,11.1,3.6,1.6,0.5,0.2,1.3,0.429,9.1,0.799,2.5,0.8
1626145,Tyus Jones,MIN,82,17.9,-3.7900857151221974,-2.024973130071327,-1.4357214931705558,-0.2767295797939225,0.4181996086242197,-0.9727696477090719,-1.2034787029962977,-0.001453246458944784,0.2322311788210042,1.474609297632698,5.1,1.6,2.8,1.2,0.1,0.5,0.457,4.0,0.877,1.0,0.7
202066,Garrett Temple,SAC,65,24.8,-3.8341862785050655,-1.3702626797869986,-1.17400142931134,-0.7141826626063292,-0.3375828166002739,-0.36731136075321796,-0.15325488331627082,-0.4962749160144411,-0.092236523587035,0.8709209934708402,8.4,2.3,1.9,0.9,0.4,1.4,0.418,7.3,0.769,1.2,1.2
2548,Dwyane Wade,MIA,67,22.9,-3.8385465146259086,-0.7750713613467,-0.6131727210415917,0.014905808747682095,-0.3375828166002739,0.23814692620263586,-1.2034787029962977,-0.3564490749094189,-0.5901266186614404,-0.21571795402050395,11.4,3.8,3.4,0.9,0.7,0.5,0.438,10.2,0.714,2.8,2.1
1628372,Dennis Smith Jr.,DAL,69,29.7,-3.8493825202464524,-0.021162357988988533,-0.6131727210415917,0.8898119743724958,-0.0856553415254427,-0.5691307897385026,-0.03656334779626773,-1.5970373924497017,-0.7555909642313487,-1.0608815798471045,15.2,3.8,5.2,1.0,0.3,1.5,0.395,14.8,0.694,2.8,2.8
203477,Isaiah Canaan,PHX,20,21.1,-3.870064584645238,-1.3305832585576456,-1.17400142931134,0.20932940110875173,-0.5895102916751052,-0.9727696477090719,-0.5033294898762797,-0.9099084382429095,0.8920005586446363,0.5087080109737255,8.6,2.3,3.8,0.8,0.1,1.1,0.38,6.9,0.902,2.6,1.5
1626188,Quinn Cook,GSW,33,22.4,-3.8806657696233056,-1.1520258630255558,-1.0992242682087068,-0.32533547788418976,-1.5972201919744302,-1.1745890766943565,-0.15325488331627082,0.32772923719579894,0.18085843914882316,1.1123963151355833,9.5,2.5,2.7,0.4,0.0,1.4,0.484,7.6,0.88,0.8,1.0
2747,JR Smith,CLE,80,28.1,-3.9071513358324315,-1.3901023904016752,-0.9496699460034407,-0.7627885606965966,-0.3375828166002739,-0.9727696477090719,0.31351125876374136,-0.6903175421377328,-0.22982800618296484,1.1123963151355833,8.3,2.9,1.8,0.9,0.1,1.8,0.403,7.4,0.696,0.7,1.0
101139,CJ Miles,TOR,70,19.1,-3.9124980137957146,-1.0528273099521728,-1.2113900098626564,-1.2488475415992708,-1.345292716899599,-0.5691307897385026,0.8969689363637561,-1.1527472940810082,0.17542175350866884,1.5953469584650697,10.0,2.2,0.8,0.5,0.3,2.3,0.379,8.6,0.835,1.4,0.6
1626159,Justise Winslow,MIA,68,24.7,-3.9166942836185843,-1.4893009434750584,-0.014955432220526636,-0.5683649683355269,-0.5895102916751052,-0.16549193176793334,-0.9700956319562918,-0.4164615634846452,-0.6941721750067087,0.9916586543032117,7.8,5.4,2.2,0.8,0.5,0.7,0.424,7.2,0.635,1.5,1.1
202357,Nemanja Bjelica,MIN,67,20.5,-3.942371798065932,-1.6876980496218248,-0.5010069793876422,-1.0058180511479335,-0.8414377667499366,-0.7709502187237872,-0.5033294898762797,0.028721477583231028,-0.014724356942083855,1.3538716368003263,6.8,4.1,1.3,0.7,0.2,1.1,0.461,5.5,0.8,0.7,0.8
2199,Tyson Chandler,PHX,46,25.0,-3.9427846752432867,-1.7472171814658544,1.3684220481781857,-1.0544239492382013,-1.8491476670492615,0.03632749721735127,-1.7869363805963128,1.3105446534535479,-0.9705370283812104,0.7501833326384686,6.5,9.1,1.2,0.3,0.6,0.0,0.647,4.1,0.624,2.0,1.3
202340,Avery Bradley,LAC,46,31.2,-3.9699791099380612,-0.19971975352107785,-1.0992242682087068,-0.6655767645160617,0.16627213354938877,-0.7709502187237872,0.08012818772373538,-1.030824111695817,-0.11362869969285887,-0.3364556148528756,14.3,2.5,2.0,1.1,0.2,1.6,0.414,13.6,0.768,1.8,2.2
1626170,Jerian Grant,CHI,74,22.8,-4.02730681648217,-1.3702626797869986,-1.17400142931134,0.5981765858308911,-0.3375828166002739,-0.9727696477090719,-0.8534040964362887,-0.484037669841372,-0.3043460560985557,0.8709209934708402,8.4,2.3,4.6,0.9,0.1,0.8,0.416,6.8,0.745,2.5,1.2
1628462,Milos Teodosic,LAC,45,25.2,-4.033994393388235,-1.1520258630255558,-0.9870585265547572,0.5981765858308911,-1.345292716899599,-0.9727696477090719,0.5468943298037473,-0.5320072255604579,0.14654428557944446,-0.3364556148528756,9.5,2.8,4.6,0.5,0.1,2.0,0.419,8.0,0.848,1.0,2.2
1627885,Shaquille Harrison,PHX,23,16.7,-4.051694366473541,-1.727377470851178,-1.0244471071060737,-0.47115317215499214,0.16627213354938877,-0.5691307897385026,-1.4368617740363037,0.1649755478915239,-0.2663680491629863,1.1123963151355833,6.6,2.7,2.4,1.1,0.3,0.3,0.476,5.4,0.737,1.7,1.0
203924,Jerami Grant,OKC,81,20.3,-4.089248798489496,-1.3702626797869986,-0.5757841404902752,-1.2974534396895383,-1.5972201919744302,0.8436052131584899,-1.3201702385163008,0.7271161113784479,-0.9736887302015892,1.474609297632698,8.4,3.9,0.7,0.4,1.0,0.4,0.535,5.6,0.675,3.0,0.7
1627988,Myke Henry,MEM,20,18.9,-4.124964739484266,-1.9654539982272972,-1.3235557515166063,-1.1030298473284685,1.4259095089235452,-0.5691307897385026,-0.6200210253962828,-0.758921374997292,-0.323157776338944,1.1123963151355833,5.4,1.9,1.1,1.6,0.3,1.0,0.376,5.5,0.6,0.5,1.0
203503,Tony Snell,MIL,75,27.4,-4.151003167174155,-1.667858339007148,-1.3235557515166063,-1.0058180511479335,-1.093365241824768,-0.36731136075321796,-0.15325488331627082,-0.22053645690370602,-0.03538770200194504,1.716084619297441,6.9,1.9,1.3,0.6,0.4,1.4,0.435,5.7,0.792,0.6,0.5
1626150,Andrew Harrison,MEM,56,23.7,-4.155819227042563,-1.1520258630255558,-1.17400142931134,-0.08230598743285263,-0.8414377667499366,-0.16549193176793334,-0.8534040964362887,-0.472503545844011,-0.044094278280742555,0.6294456718060971,9.5,2.3,3.2,0.7,0.5,0.8,0.422,7.7,0.78,2.8,1.4
1627820,Tyrone Wallace,LAC,30,28.4,-4.158289867320226,-1.1123464417962028,-0.7253384626955414,-0.47115317215499214,-0.3375828166002739,-0.36731136075321796,-1.4368617740363037,-0.1865316264411386,-0.029872223816281383,0.5087080109737255,9.7,3.5,2.4,0.9,0.4,0.3,0.445,8.2,0.782,2.6,1.5
202334,Ed Davis,POR,78,18.9,-4.179665490573203,-1.9852937088419742,0.7328161788058045,-1.394665235870073,-1.5972201919744302,0.23814692620263586,-1.7869363805963128,0.7791437827857663,-0.5195284978849457,1.3538716368003263,5.3,7.4,0.5,0.4,0.7,0.0,0.582,3.7,0.667,1.4,0.8
203079,Dion Waiters,MIA,30,30.6,-4.20465707231237,-0.19971975352107785,-1.0618356876573902,0.20932940110875173,-0.5895102916751052,-0.5691307897385026,0.19681972324373823,-1.407835751274177,-0.3255806471133606,-0.45719327568524676,14.3,2.6,3.8,0.8,0.3,1.7,0.398,13.7,0.739,2.3,2.3
1628415,Dillon Brooks,MEM,82,28.7,-4.231644509178131,-0.8544302038054065,-0.8748927849008075,-0.8600003568771314,-0.3375828166002739,-0.7709502187237872,-0.5033294898762797,-0.29549085331191427,-0.24367579605625597,0.5087080109737255,11.0,3.1,1.6,0.9,0.2,1.1,0.44,9.4,0.747,2.0,1.5
1626158,Richaun Holmes,PHI,48,15.5,-4.270474077415427,-1.7472171814658544,-0.38884123773369217,-1.0058180511479335,-1.5972201919744302,0.03632749721735127,-1.6702448450763097,0.8616236082311085,-0.47516829476310835,1.716084619297441,6.5,4.4,1.3,0.4,0.6,0.1,0.56,5.0,0.661,1.2,0.5
202327,Ekpe Udoh,UTA,63,12.9,-4.318879961040541,-2.5209658954382426,-1.1366128487600236,-1.2488475415992708,-0.8414377667499366,1.247244071129059,-1.7869363805963128,0.14584186376502256,-0.13472540375302222,1.9575599409621842,2.6,2.4,0.8,0.7,1.2,0.0,0.5,1.9,0.75,0.9,0.3
203516,James Ennis III,DET,72,22.3,-4.323331309867994,-1.6281789177777948,-0.8748927849008075,-1.151635745418736,-0.8414377667499366,-0.5691307897385026,-0.9700956319562918,0.1443749667019633,0.21379372317178566,1.3538716368003263,7.1,3.1,1.0,0.7,0.3,0.7,0.474,5.3,0.836,1.6,0.8
2744,Al Jefferson,IND,36,13.4,-4.3428120170246185,-1.6480186283924714,-0.5383955599389586,-1.2488475415992708,-1.5972201919744302,0.03632749721735127,-1.7869363805963128,0.742708351064042,0.10222347873036183,1.5953469584650697,7.0,4.0,0.8,0.4,0.6,0.0,0.534,5.8,0.833,1.0,0.6
1628464,Daniel Theis,BOS,63,14.9,-4.353632990933582,-1.9852937088419742,-0.42622981828500894,-1.2002416435090035,-1.345292716899599,0.4399663551879207,-1.4368617740363037,0.5235599951141833,-0.1563736556317519,1.2331339759679547,5.3,4.3,0.9,0.5,0.8,0.3,0.541,3.7,0.753,1.3,0.9
1627746,Skal Labissiere,SAC,60,20.7,-4.361808624439275,-1.310743547942969,-0.23928691552842618,-1.0544239492382013,-1.5972201919744302,0.4399663551879207,-1.4368617740363037,-0.13323137128768955,0.09907177690998298,0.8709209934708402,8.7,4.8,1.2,0.4,0.8,0.3,0.448,7.6,0.805,2.0,1.2
201596,Mario Chalmers,MEM,66,21.5,-4.361987415906782,-1.509140654089735,-1.1366128487600236,-0.17951778361338755,0.4181996086242197,-0.7709502187237872,-0.8534040964362887,-0.8943319233344079,0.41727547195001813,0.14649502847661078,7.7,2.4,3.0,1.2,0.2,0.8,0.379,6.7,0.855,2.1,1.8
1628436,Luke Kornet,NYK,20,16.3,-4.370514820656949,-1.707537760236501,-0.8375042043494909,-1.0058180511479335,-1.8491476670492615,0.4399663551879207,-0.15325488331627082,-0.7019437684009214,-0.15062179980955986,1.5953469584650697,6.7,3.2,1.3,0.3,0.8,1.4,0.392,6.3,0.727,0.6,0.6
203966,Jamil Wilson,LAC,15,18.3,-4.3845761240943615,-1.6480186283924714,-1.248778590413973,-1.2974534396895383,-1.8491476670492615,-0.16549193176793334,0.31351125876374136,0.1012902006668313,-0.3065719455091984,1.716084619297441,7.0,2.1,0.7,0.3,0.5,1.8,0.469,5.4,0.5,0.3,0.5
203486,Mason Plumlee,DEN,74,19.5,-4.433600971881681,-1.6281789177777948,-0.014955432220526636,-0.7141826626063292,-0.8414377667499366,1.0454246421437747,-1.7869363805963128,1.2070071050845992,-2.329787230965252,0.6294456718060971,7.1,5.4,1.9,0.7,1.1,0.0,0.601,5.0,0.458,2.4,1.4
1627737,Marquese Chriss,PHX,72,21.2,-4.440713975938811,-1.509140654089735,0.022433148330789788,-1.0544239492382013,-0.8414377667499366,0.8436052131584899,-0.8534040964362887,-0.39146590709772616,-1.1655879747899287,0.5087080109737255,7.7,5.5,1.2,0.7,1.0,0.8,0.423,6.6,0.608,2.2,1.5
203077,Michael Kidd-Gilchrist,CHA,74,25.0,-4.5007982508856195,-1.2115449948695858,-0.5010069793876422,-1.151635745418736,-0.8414377667499366,-0.36731136075321796,-1.7869363805963128,0.5838184641310707,-0.6993527848739566,1.474609297632698,9.2,4.1,1.0,0.7,0.4,0.0,0.504,7.6,0.684,2.3,0.7
203121,Darius Miller,NOP,82,23.7,-4.556297619533012,-1.4893009434750584,-1.2861671709652898,-0.9572121530576664,-1.8491476670492615,-0.7709502187237872,0.31351125876374136,-0.1394055926932299,0.14776557003484148,1.474609297632698,7.8,2.0,1.4,0.3,0.2,1.8,0.444,5.9,0.866,0.8,0.7
201148,Brandan Wright,HOU,28,13.6,-4.56461628368555,-2.0448128406860038,-0.7627270432468579,-1.394665235870073,-1.345292716899599,0.6417857841732053,-1.7869363805963128,0.7342821169391801,-0.5638099084612737,1.9575599409621842,5.0,3.4,0.5,0.5,0.9,0.0,0.578,3.6,0.636,1.2,0.3
202738,Isaiah Thomas,LAL,32,26.9,-4.577718675670616,-0.021162357988988533,-1.248778590413973,0.6953883820114259,-1.345292716899599,-0.9727696477090719,0.19681972324373823,-1.911820473081156,1.3322539066788563,-1.302356901511848,15.2,2.1,4.8,0.5,0.1,1.7,0.373,13.2,0.893,4.1,3.0
1628467,Maxi Kleber,DAL,72,16.8,-4.578952077205596,-1.9654539982272972,-0.8001156237981745,-1.2974534396895383,-1.5972201919744302,0.23814692620263586,-1.0867871674762948,0.22899673142697816,-0.13588759379928705,1.8368222801298124,5.4,3.3,0.7,0.4,0.7,0.6,0.489,4.3,0.746,0.8,0.4
203960,JaKarr Sampson,SAC,22,15.6,-4.5839376933527864,-2.1043319725300336,-0.7253384626955414,-1.4432711339603406,-1.5972201919744302,0.8436052131584899,-1.5535533095563068,0.5360274969518216,-0.3766776128762584,1.8368222801298124,4.7,3.5,0.4,0.4,1.0,0.2,0.543,3.7,0.625,0.7,0.4
1628389,Bam Adebayo,MIA,69,19.8,-4.587562420110142,-1.667858339007148,0.022433148330789788,-0.9086062549673989,-1.345292716899599,0.03632749721735127,-1.7869363805963128,0.44846519891050607,-0.4984908882339149,1.1123963151355833,6.9,5.5,1.5,0.5,0.6,0.0,0.512,4.9,0.721,2.6,1.0
202718,Chandler Parsons,MEM,36,19.2,-4.606417920161915,-1.4694612328603818,-1.0992242682087068,-0.7141826626063292,-1.345292716899599,-0.5691307897385026,-0.15325488331627082,0.04181797050456995,-0.410085652172278,1.1123963151355833,7.9,2.5,1.9,0.5,0.3,1.4,0.462,6.5,0.63,0.8,1.0
1628379,Luke Kennard,DET,73,20.0,-4.607707739618183,-1.5289803647044118,-1.1366128487600236,-0.8113944587868641,-1.093365241824768,-0.7709502187237872,-0.5033294898762797,-0.16343642168568667,0.16722732877568303,1.2331339759679547,7.6,2.4,1.7,0.6,0.2,1.1,0.443,6.4,0.855,1.0,0.9
203476,Gorgui Dieng,MIN,79,16.9,-4.614197565600466,-1.8662554451539142,-0.31406407663105934,-1.2002416435090035,-1.093365241824768,-0.16549193176793334,-1.5535533095563068,0.17603343578265443,-0.07186865057283436,1.474609297632698,5.9,4.6,0.9,0.6,0.5,0.2,0.479,4.9,0.775,1.3,0.7
2734,Devin Harris,DEN,71,18.9,-4.626293115894141,-1.3702626797869986,-1.3609443320679229,-0.6169708664257944,-0.8414377667499366,-0.7709502187237872,-0.5033294898762797,-0.4977002547380415,0.3436438381714088,0.9916586543032117,8.4,1.8,2.1,0.7,0.2,1.1,0.412,6.4,0.835,2.4,1.1
202687,Bismack Biyombo,ORL,82,18.2,-4.659486960327813,-1.9059348663832671,0.09721030943342296,-1.2488475415992708,-1.8491476670492615,1.247244071129059,-1.7869363805963128,0.453580244259029,-0.779051444656796,1.1123963151355833,5.7,5.7,0.8,0.3,1.2,0.0,0.52,4.3,0.65,1.9,1.0
202323,Evan Turner,POR,79,25.7,-4.669304219696366,-1.409942101016352,-0.8748927849008075,-0.5683649683355269,-1.093365241824768,-0.36731136075321796,-1.2034787029962977,-0.1396032756052501,0.2374708830973845,0.7501833326384686,8.2,3.1,2.2,0.6,0.4,0.5,0.447,7.3,0.85,1.4,1.3
101161,Amir Johnson,PHI,74,15.8,-4.70965199077061,-2.12417168314471,-0.3514526571823758,-0.8600003568771314,-1.093365241824768,0.03632749721735127,-1.6702448450763097,0.47848379838012045,-0.5998377998954836,1.474609297632698,4.6,4.5,1.6,0.6,0.6,0.1,0.538,3.5,0.612,1.1,0.7
2731,Emeka Okafor,NOP,26,13.6,-4.712737161707488,-2.1638511043740634,-0.31406407663105934,-1.491877032050608,-1.8491476670492615,0.8436052131584899,-1.7869363805963128,0.2991449620366952,0.034304304501189965,1.716084619297441,4.4,4.6,0.3,0.3,1.0,0.0,0.505,3.7,0.818,0.8,0.5
1938,Manu Ginobili,SAS,65,20.0,-4.734359580211082,-1.2710641267136156,-1.2113900098626564,-0.42254727406472464,-0.8414377667499366,-0.7709502187237872,-0.6200210253962828,-0.2908217177138006,0.3059022088723679,0.38797035014135384,8.9,2.2,2.5,0.7,0.2,1.0,0.434,7.1,0.84,2.0,1.6
1626185,Jarell Martin,MEM,73,22.7,-4.742067523235553,-1.509140654089735,-0.38884123773369217,-1.151635745418736,-1.345292716899599,0.23814692620263586,-1.2034787029962977,-0.1403389705335071,-0.11240741523746195,0.8709209934708402,7.7,4.4,1.0,0.5,0.7,0.5,0.446,6.8,0.767,1.6,1.2
203469,Cody Zeller,CHA,33,19.0,-4.791491624503694,-1.6281789177777948,-0.014955432220526636,-1.2002416435090035,-1.5972201919744302,0.03632749721735127,-1.6702448450763097,0.6921633014968748,-0.521537707795438,1.1123963151355833,7.1,5.4,0.9,0.4,0.6,0.1,0.545,4.7,0.718,2.6,1.0
1713,Vince Carter,SAC,58,17.7,-4.863958831356678,-1.9654539982272972,-1.0618356876573902,-1.0544239492382013,-0.8414377667499366,-0.36731136075321796,-0.6200210253962828,-0.4513851702087607,-0.0974368315906607,1.5953469584650697,5.4,2.6,1.2,0.7,0.4,1.0,0.403,4.9,0.757,0.6,0.6
202362,Lance Stephenson,IND,82,22.6,-4.895351421185255,-1.2115449948695858,-0.08973259332315982,-0.22812368170365502,-1.093365241824768,-0.7709502187237872,-0.8534040964362887,-0.45726286724627097,-0.5789380771990938,0.38797035014135384,9.2,5.2,2.9,0.6,0.2,0.8,0.427,8.6,0.661,1.5,1.6
1628368,De'Aaron Fox,SAC,73,27.7,-4.899931138399186,-0.7353919401173469,-0.9870585265547572,0.5009647896503565,-0.0856553415254427,-0.5691307897385026,-1.0867871674762948,-0.8595442236123066,-0.499397002507274,-0.5779309365176184,11.6,2.8,4.4,1.0,0.3,0.6,0.412,10.9,0.723,2.7,2.4
2585,Zaza Pachulia,GSW,69,14.1,-4.909274581510633,-1.9654539982272972,-0.27667549607974257,-0.8600003568771314,-1.093365241824768,-0.7709502187237872,-1.7869363805963128,0.6845042118544546,0.04720658382836762,1.1123963151355833,5.4,4.7,1.6,0.6,0.2,0.0,0.564,3.8,0.806,1.3,1.0
101127,Jarrett Jack,NYK,62,25.0,-4.91507555030793,-1.5488200753190882,-0.8748927849008075,1.0842355667335652,-1.093365241824768,-0.9727696477090719,-1.3201702385163008,-0.3745561557314519,0.1595056593157539,0.025757367644239377,7.5,3.1,5.6,0.6,0.1,0.4,0.427,7.1,0.84,1.2,1.9
201580,JaVale McGee,GSW,65,9.5,-4.929067214296733,-2.0844922619153574,-1.0618356876573902,-1.394665235870073,-1.8491476670492615,0.6417857841732053,-1.7869363805963128,0.9407461937671969,-0.17134423927855316,1.8368222801298124,4.8,2.6,0.5,0.3,0.9,0.0,0.621,3.4,0.731,0.8,0.4
202714,Shelvin Mack,ORL,69,19.8,-4.949824056494169,-1.667858339007148,-1.1366128487600236,0.2579352991990192,-0.5895102916751052,-0.9727696477090719,-0.9700956319562918,-0.2835782114659692,-0.3375177177580469,0.7501833326384686,6.9,2.4,3.9,0.8,0.1,0.7,0.43,6.0,0.711,1.4,1.3
1628021,David Nwaba,CHI,70,23.5,-4.969733472239687,-1.4694612328603818,-0.27667549607974257,-0.9086062549673989,-0.5895102916751052,-0.36731136075321796,-1.4368617740363037,0.20164348167454527,-1.1146091978452946,0.9916586543032117,7.9,4.7,1.5,0.8,0.4,0.3,0.478,6.0,0.655,2.9,1.1
1626257,Salah Mejri,DAL,61,11.9,-4.994564758598784,-2.342408499906153,-0.5383955599389586,-1.3460593377798056,-1.5972201919744302,1.0454246421437747,-1.7869363805963128,0.6925283409650936,-0.7168447299770616,1.5953469584650697,3.5,4.0,0.6,0.4,1.1,0.0,0.642,2.2,0.576,1.1,0.6
203584,Troy Daniels,PHX,79,20.5,-5.014904728364028,-1.2710641267136156,-1.4357214931705558,-1.3460593377798056,-1.8491476670492615,-0.9727696477090719,0.8969689363637561,-0.6807602472605738,0.1690395573224011,1.474609297632698,8.9,1.6,0.6,0.3,0.1,2.3,0.403,7.3,0.875,0.8,0.7
2037,Jamal Crawford,MIN,80,20.7,-5.042602451437617,-0.9933081781081428,-1.585275815375822,-0.5197590702452596,-1.345292716899599,-0.9727696477090719,-0.2699464188362737,-0.6838827387118028,0.4567111409775131,0.8709209934708402,10.3,1.2,2.3,0.5,0.1,1.3,0.415,9.3,0.903,1.4,1.2
203092,Tyler Zeller,MIL,66,16.8,-5.044931484892029,-1.707537760236501,-0.31406407663105934,-1.2974534396895383,-2.1010751421240927,-0.16549193176793334,-1.5535533095563068,0.8785176348202901,-0.25888275733958566,1.474609297632698,6.7,4.6,0.7,0.2,0.5,0.2,0.56,5.1,0.722,1.2,0.7
201967,Dante Cunningham,BKN,73,21.4,-5.047568332532952,-1.9059348663832671,-0.5010069793876422,-1.2974534396895383,-1.345292716899599,-0.36731136075321796,-0.8534040964362887,-0.05659105413549078,-0.4366584381453501,1.716084619297441,5.7,4.1,0.7,0.5,0.4,0.8,0.451,5.0,0.596,0.7,0.5
1627755,Tyler Ulis,PHX,71,23.4,-5.1106537210206,-1.4893009434750584,-1.3609443320679229,0.5009647896503565,-0.0856553415254427,-0.9727696477090719,-1.0867871674762948,-0.9256680344847024,0.1630119275909257,0.14649502847661078,7.8,1.8,4.4,1.0,0.1,0.6,0.388,7.8,0.832,1.4,1.8
203112,Quincy Acy,BKN,70,19.4,-5.130075073038357,-1.8662554451539142,-0.6505613015929081,-1.2488475415992708,-1.345292716899599,-0.36731136075321796,-0.03656334779626773,-0.8918215749914242,0.043444239780289634,1.2331339759679547,5.9,3.7,0.8,0.5,0.4,1.5,0.356,5.2,0.817,0.9,0.9
1627733,Dragan Bender,PHX,82,25.2,-5.1318856436244324,-1.7472171814658544,-0.38884123773369217,-0.8600003568771314,-1.8491476670492615,0.03632749721735127,-0.15325488331627082,-0.7159433128067164,-0.08325417339895426,0.6294456718060971,6.5,4.4,1.6,0.3,0.6,1.4,0.386,5.9,0.765,0.6,1.4
1627738,Deyonta Davis,MEM,62,15.2,-5.170484846030217,-1.886095155768591,-0.5383955599389586,-1.3460593377798056,-2.1010751421240927,0.03632749721735127,-1.7869363805963128,1.091107635524205,-0.3554430218614534,1.716084619297441,5.8,4.0,0.6,0.2,0.6,0.0,0.608,4.3,0.667,0.9,0.5
1627786,Troy Williams,NYK,21,14.6,-5.205099779327506,-1.786896602695208,-0.9122813654521241,-1.2488475415992708,-0.0856553415254427,-0.7709502187237872,-1.2034787029962977,0.08940451558161668,-0.5195284978849457,1.2331339759679547,6.3,3.0,0.8,1.0,0.2,0.5,0.468,5.2,0.667,1.4,0.9
203463,Ben McLemore,MEM,56,19.5,-5.205243028019354,-1.5488200753190882,-1.0992242682087068,-1.2002416435090035,-0.8414377667499366,-0.5691307897385026,-0.6200210253962828,-0.4202298939950304,0.10220378059398444,0.9916586543032117,7.5,2.5,0.9,0.7,0.3,1.0,0.421,6.7,0.828,1.1,1.1
1628384,OG Anunoby,TOR,74,20.0,-5.20625391886678,-1.8662554451539142,-1.0992242682087068,-1.2974534396895383,-0.8414377667499366,-0.7709502187237872,-0.6200210253962828,0.1061907151278778,-0.41244942853756233,1.5953469584650697,5.9,2.5,0.7,0.7,0.2,1.0,0.471,4.7,0.629,0.8,0.6
203710,C.J. Williams,LAC,38,18.6,-5.208279822014749,-1.9456142876126208,-1.4731100737218725,-1.1030298473284685,-0.5895102916751052,-0.5691307897385026,-1.0867871674762948,-0.13838011258712507,-0.01880187117219959,1.716084619297441,5.5,1.5,1.1,0.8,0.3,0.6,0.442,5.2,0.813,0.4,0.5
201147,Corey Brewer,OKC,72,16.8,-5.222597531444011,-1.9852937088419742,-1.248778590413973,-1.2002416435090035,0.16627213354938877,-0.7709502187237872,-1.3201702385163008,-0.0625956725881047,-0.27544889003295386,1.474609297632698,5.3,2.1,0.9,1.1,0.2,0.4,0.449,4.4,0.722,1.3,0.7
1628455,Mike James,NOP,36,19.1,-5.2313751795503665,-1.191705284254909,-1.0992242682087068,0.06351170683794956,-0.5895102916751052,-0.7709502187237872,-0.9700956319562918,-1.1335709284166842,-0.16927593495892926,0.6294456718060971,9.3,2.5,3.5,0.8,0.2,0.7,0.383,8.9,0.762,2.3,1.4
101109,Raymond Felton,OKC,82,16.6,-5.255809168464828,-1.667858339007148,-1.3235557515166063,-0.42254727406472464,-1.093365241824768,-0.7709502187237872,-0.6200210253962828,-0.5895520473305221,-0.0010932465689439412,1.2331339759679547,6.9,1.9,2.5,0.6,0.2,1.0,0.406,6.7,0.818,0.5,0.9
203118,Mike Scott,WAS,76,18.5,-5.256153757883231,-1.290903837328292,-0.8001156237981745,-1.1030298473284685,-1.8491476670492615,-0.9727696477090719,-0.7367125609162857,0.7989817122863405,-0.41485260117560147,1.1123963151355833,8.8,3.3,1.1,0.3,0.1,0.9,0.527,6.9,0.658,1.0,1.0
1628367,Josh Jackson,PHX,77,25.4,-5.302583229869154,-0.4377962808971975,-0.31406407663105934,-0.9086062549673989,-0.0856553415254427,-0.16549193176793334,-0.9700956319562918,-0.8541056971350234,-1.5925253826330465,0.025757367644239377,13.1,4.6,1.5,1.0,0.5,0.7,0.417,12.1,0.634,3.6,1.9
201573,Jerryd Bayless,PHI,39,23.7,-5.3038245104803305,-1.4694612328603818,-1.248778590413973,-0.9572121530576664,-1.093365241824768,-0.7709502187237872,-0.15325488331627082,-0.4766706117735279,-0.005052571980795137,0.8709209934708402,7.9,2.1,1.4,0.6,0.2,1.4,0.416,6.7,0.795,1.1,1.2
202722,Davis Bertans,SAS,77,14.1,-5.326518283054367,-1.8662554451539142,-1.2861671709652898,-1.151635745418736,-1.8491476670492615,-0.36731136075321796,-0.3866379543562768,-0.14260783122828458,0.007160272573174079,1.716084619297441,5.9,2.0,1.0,0.3,0.4,1.2,0.44,4.8,0.816,0.6,0.5
201156,Nick Young,GSW,80,17.4,-5.392694177602621,-1.5884994965484418,-1.4357214931705558,-1.394665235870073,-1.345292716899599,-0.9727696477090719,-0.03656334779626773,-0.4735773234797571,0.13831046457370386,1.716084619297441,7.3,1.6,0.5,0.5,0.1,1.5,0.412,6.1,0.862,0.8,0.5
201956,Omri Casspi,GSW,53,14.0,-5.422868328512878,-1.9059348663832671,-0.6131727210415917,-1.151635745418736,-1.8491476670492615,-0.36731136075321796,-1.5535533095563068,0.8072035243089987,-0.2639254802521924,1.474609297632698,5.7,3.8,1.0,0.3,0.4,0.2,0.58,3.9,0.725,1.3,0.7
203382,Aron Baynes,BOS,81,18.3,-5.455665903216431,-1.8464157345392376,-0.014955432220526636,-1.1030298473284685,-1.8491476670492615,0.03632749721735127,-1.7869363805963128,0.12138534259270388,-0.12528999642826197,1.1123963151355833,6.0,5.4,1.1,0.3,0.6,0.0,0.471,5.5,0.756,1.0,1.0
202692,Alec Burks,UTA,64,16.5,-5.476122802222029,-1.509140654089735,-0.9122813654521241,-1.151635745418736,-1.093365241824768,-0.9727696477090719,-0.9700956319562918,-0.5166924158707104,0.41672392413145193,1.2331339759679547,7.7,3.0,1.0,0.6,0.1,0.7,0.411,6.5,0.863,1.9,0.9
201973,Jonas Jerebko,UTA,74,15.3,-5.478414476277673,-1.886095155768591,-0.8001156237981745,-1.3460593377798056,-1.8491476670492615,-0.7709502187237872,-0.7367125609162857,0.06554104314535883,0.008302764483061748,1.8368222801298124,5.8,3.3,0.6,0.3,0.2,0.9,0.466,4.6,0.807,0.8,0.4
1627863,Danuel House Jr.,PHX,23,17.5,-5.48141120802413,-1.727377470851178,-0.8001156237981745,-1.1030298473284685,-1.8491476670492615,-0.5691307897385026,-0.9700956319562918,-0.22580538042806286,0.04720658382836762,1.716084619297441,6.6,3.3,1.1,0.3,0.3,0.7,0.434,5.6,0.806,1.3,0.5
203961,Eric Moreland,DET,67,12.0,-5.540857822102447,-2.620164448511626,-0.5010069793876422,-1.0544239492382013,-1.345292716899599,0.4399663551879207,-1.7869363805963128,0.2633946813168586,-0.5317413424389154,1.5953469584650697,2.1,4.1,1.2,0.5,0.8,0.0,0.541,1.8,0.379,0.4,0.6
203512,Lucas Nogueira,TOR,49,8.5,-5.566833121813418,-2.540805606052919,-1.3609443320679229,-1.4432711339603406,-1.345292716899599,0.6417857841732053,-1.6702448450763097,0.4300975360680827,-0.23571774895979827,1.9575599409621842,2.5,1.8,0.4,0.5,0.9,0.1,0.613,1.6,0.679,0.6,0.3
203926,Doug McDermott,DAL,81,21.8,-5.571612939189903,-1.4893009434750584,-1.0992242682087068,-1.151635745418736,-2.1010751421240927,-0.7709502187237872,-0.5033294898762797,0.09412307190773547,-0.02482950090367468,1.474609297632698,7.8,2.5,1.0,0.2,0.2,1.1,0.467,6.3,0.79,1.0,0.7
202344,Trevor Booker,IND,68,17.0,-5.572144077038518,-1.786896602695208,-0.27667549607974257,-1.0544239492382013,-1.5972201919744302,-0.5691307897385026,-1.6702448450763097,0.4909681481932149,-0.3416543263972946,1.2331339759679547,6.3,4.7,1.2,0.4,0.3,0.1,0.516,5.0,0.71,1.4,0.9
1628412,Frank Mason III,SAC,52,18.9,-5.577351187271666,-1.4694612328603818,-1.0992242682087068,-0.2767295797939225,-0.8414377667499366,-0.7709502187237872,-1.0867871674762948,-0.9759367772543871,0.1929924911572827,0.7501833326384686,7.9,2.5,2.8,0.7,0.2,0.6,0.379,7.3,0.817,2.2,1.3
202335,Patrick Patterson,OKC,82,15.5,-5.58916849642665,-2.2630496574474464,-1.1366128487600236,-1.2974534396895383,-1.093365241824768,-0.5691307897385026,-0.8534040964362887,-0.31586791802708825,0.10289321536719254,1.8368222801298124,3.9,2.4,0.7,0.6,0.3,0.8,0.398,3.2,0.87,0.6,0.4
1628397,Ivan Rabb,MEM,36,14.3,-5.614482231434387,-1.9257745769979442,-0.38884123773369217,-1.2002416435090035,-1.8491476670492615,-0.36731136075321796,-1.7869363805963128,0.7689282936674493,0.022446026402013448,1.1123963151355833,5.6,4.4,0.9,0.3,0.4,0.0,0.566,4.2,0.806,1.0,1.0
204038,Langston Galloway,DET,58,14.9,-5.642045650245755,-1.8067363133098842,-1.4357214931705558,-1.151635745418736,-1.093365241824768,-0.9727696477090719,-0.2699464188362737,-0.8650478955946871,-0.004382835343964576,1.9575599409621842,6.2,1.6,1.0,0.6,0.1,1.3,0.371,5.9,0.805,0.7,0.3
1626172,Kevon Looney,GSW,66,13.8,-5.647461106239248,-2.24320994683277,-0.8001156237981745,-1.3460593377798056,-1.345292716899599,0.4399663551879207,-1.7869363805963128,0.6045673075046463,-0.8864653823225949,1.716084619297441,4.0,3.3,0.6,0.5,0.8,0.0,0.58,2.9,0.545,1.2,0.5
201578,Marreese Speights,ORL,52,13.0,-5.677306314757746,-1.509140654089735,-1.0618356876573902,-1.2488475415992708,-2.1010751421240927,-0.36731136075321796,0.19681972324373823,-0.7137216264432164,-0.22606566213488716,1.3538716368003263,7.7,2.6,0.8,0.2,0.4,1.7,0.395,6.7,0.727,1.1,0.8
202702,Kenneth Faried,DEN,32,14.4,-5.691704124735816,-1.8662554451539142,-0.23928691552842618,-1.3460593377798056,-1.5972201919744302,-0.36731136075321796,-1.7869363805963128,0.43754434121975316,-0.40078813180215955,1.474609297632698,5.9,4.8,0.6,0.4,0.4,0.0,0.514,4.6,0.706,1.6,0.7
1628382,Justin Jackson,SAC,68,22.2,-5.735019468354441,-1.707537760236501,-0.9870585265547572,-1.1030298473284685,-1.5972201919744302,-0.7709502187237872,-0.8534040964362887,-0.16824595707926926,-0.14291982848600818,1.5953469584650697,6.7,2.8,1.1,0.4,0.2,0.8,0.442,6.2,0.722,0.5,0.6
203920,Khem Birch,ORL,42,13.8,-5.744356364840726,-2.2035305256034166,-0.42622981828500894,-1.2488475415992708,-1.5972201919744302,-0.16549193176793334,-1.7869363805963128,0.4226552237098675,-0.454839818021663,1.716084619297441,4.2,4.3,0.8,0.4,0.5,0.0,0.54,3.0,0.689,1.5,0.5
203487,Michael Carter-Williams,CHA,52,16.1,-5.777657311728078,-2.12417168314471,-1.0244471071060737,-0.5683649683355269,-0.5895102916751052,-0.36731136075321796,-1.4368617740363037,-0.9299294490767744,0.15054300726405037,1.1123963151355833,4.6,2.7,2.2,0.8,0.4,0.3,0.332,4.4,0.82,1.7,1.0
1627362,Briante Weber,MEM,18,13.1,-5.789694770802982,-2.48128647420889,-1.3235557515166063,-1.0544239492382013,-0.0856553415254427,-0.5691307897385026,-1.5535533095563068,-0.054755748009121405,-0.0212050438102386,1.3538716368003263,2.8,1.9,1.2,1.0,0.3,0.2,0.442,2.4,0.8,0.6,0.8
1891,Jason Terry,MIL,51,16.0,-5.7953321733915635,-2.3820879211355064,-1.6974415570297716,-1.0544239492382013,-0.5895102916751052,-0.5691307897385026,-0.8534040964362887,-0.3708844202803491,0.005466232844720383,1.716084619297441,3.3,0.9,1.2,0.8,0.3,0.8,0.383,3.0,0.889,0.2,0.5
1627098,Malcolm Delaney,ATL,54,18.8,-5.828854300505764,-1.786896602695208,-1.3235557515166063,-0.17951778361338755,-1.093365241824768,-0.9727696477090719,-0.7367125609162857,-0.6771323165456578,0.0701746108443811,0.8709209934708402,6.3,1.9,3.0,0.6,0.1,0.9,0.382,5.3,0.804,1.7,1.2
1626220,Royce O'Neale,UTA,69,16.7,-5.829734947702643,-2.0448128406860038,-0.7627270432468579,-0.9572121530576664,-1.345292716899599,-0.7709502187237872,-1.0867871674762948,-0.23677341245009328,0.02094896803733333,1.3538716368003263,5.0,3.4,1.4,0.5,0.2,0.6,0.423,4.1,0.803,1.1,0.8
203943,Noah Vonleh,CHI,54,16.2,-5.834884921886806,-2.0646525513006804,0.1345988899847394,-1.3460593377798056,-1.5972201919744302,-0.5691307897385026,-1.3201702385163008,-0.09701159365180495,-0.570586067375089,1.5953469584650697,4.9,5.8,0.6,0.4,0.3,0.4,0.444,4.3,0.621,1.1,0.6
202684,Tristan Thompson,CLE,53,20.2,-5.851458349140329,-1.886095155768591,0.43370753439527177,-1.3460593377798056,-1.8491476670492615,-0.5691307897385026,-1.7869363805963128,0.7750856670975341,-1.09749151733336,1.474609297632698,5.8,6.6,0.6,0.3,0.3,0.0,0.562,4.4,0.544,1.5,0.7
203585,Rodney McGruder,MIA,18,16.6,-5.871405400182618,-2.024973130071327,-1.3609443320679229,-1.2002416435090035,-1.5972201919744302,-0.7709502187237872,-0.8534040964362887,0.24676348314479452,-0.38873287233920883,2.0782976017945556,5.1,1.8,0.9,0.4,0.2,0.8,0.493,4.1,0.5,0.4,0.2
1627748,Thon Maker,MIL,74,16.7,-5.8746814329571855,-2.0844922619153574,-0.9122813654521241,-1.3460593377798056,-1.345292716899599,0.23814692620263586,-1.3201702385163008,-0.3360843653762462,-0.36379503168545857,1.5953469584650697,4.8,3.0,0.6,0.5,0.7,0.4,0.411,4.3,0.699,1.3,0.6
1627782,Wayne Selden,MEM,35,19.8,-5.881126579092007,-1.191705284254909,-1.4357214931705558,-0.7141826626063292,-1.345292716899599,-0.9727696477090719,-0.15325488331627082,-0.3557470759320745,-0.221160826176922,0.5087080109737255,9.3,1.6,1.9,0.5,0.1,1.4,0.431,7.7,0.746,1.7,1.5
101112,Channing Frye,LAL,53,13.1,-5.889069606633019,-2.0448128406860038,-1.0992242682087068,-1.2974534396895383,-1.8491476670492615,-0.7709502187237872,-0.9700956319562918,0.22767921974629804,0.07811295980446108,1.8368222801298124,5.0,2.5,0.7,0.3,0.2,0.7,0.491,4.0,0.895,0.4,0.4
101181,Jose Calderon,CLE,57,16.0,-5.910230599679481,-2.1440113937593868,-1.4731100737218725,-0.6169708664257944,-1.345292716899599,-1.1745890766943565,-0.8534040964362887,0.25022405730351205,-0.02768573067839335,1.474609297632698,4.5,1.5,2.1,0.5,0.0,0.8,0.503,3.2,0.8,0.5,0.7
2733,Shaun Livingston,GSW,71,15.9,-5.91750075948633,-1.9456142876126208,-1.3609443320679229,-0.6655767645160617,-1.345292716899599,-0.5691307897385026,-1.7869363805963128,0.35070089013123856,0.0514219850131245,1.3538716368003263,5.5,1.8,2.0,0.5,0.3,0.0,0.501,4.8,0.82,0.9,0.8
1626147,Justin Anderson,PHI,38,13.7,-5.9298833722942845,-1.8067363133098842,-1.1366128487600236,-1.2974534396895383,-1.5972201919744302,-0.7709502187237872,-0.7367125609162857,-0.23959039394638124,-0.1814296851037666,1.8368222801298124,6.2,2.4,0.7,0.4,0.2,0.9,0.431,5.3,0.737,1.0,0.4
1627767,Cheick Diallo,NOP,52,11.2,-5.97945148558184,-2.0646525513006804,-0.5010069793876422,-1.4432711339603406,-2.1010751421240927,-0.36731136075321796,-1.7869363805963128,0.7058854159068224,-0.13716797266381608,1.716084619297441,4.9,4.1,0.4,0.2,0.4,0.0,0.58,3.4,0.758,1.3,0.5
2403,Nene,HOU,52,14.6,-6.014738803602955,-1.7472171814658544,-0.7627270432468579,-1.2002416435090035,-1.345292716899599,-0.5691307897385026,-1.7869363805963128,0.8637981202633298,-0.9416004660428537,1.474609297632698,6.5,3.4,0.9,0.5,0.3,0.0,0.569,4.6,0.636,2.1,0.7
1626192,Pat Connaughton,POR,82,18.1,-6.040758687197075,-1.9654539982272972,-1.2861671709652898,-1.1030298473284685,-1.8491476670492615,-0.5691307897385026,-0.7367125609162857,-0.28008731095143047,0.0328860386820194,1.716084619297441,5.4,2.0,1.1,0.3,0.3,0.9,0.423,4.8,0.841,0.5,0.5
204025,Tim Frazier,WAS,59,14.2,-6.061373486060134,-2.441607052979536,-1.3235557515166063,-0.03370008934258537,-0.5895102916751052,-0.9727696477090719,-1.4368617740363037,-0.2993265757241244,-0.07643861821238424,1.1123963151355833,3.0,1.9,3.3,0.8,0.1,0.3,0.395,2.9,0.767,0.5,1.0
1627827,Dorian Finney-Smith,DAL,21,21.3,-6.147950485467112,-1.8662554451539142,-0.6879498821442247,-1.0544239492382013,-1.345292716899599,-0.7709502187237872,-0.6200210253962828,-0.7621528166898041,-0.15330074635688218,1.1123963151355833,5.9,3.6,1.2,0.5,0.2,1.0,0.38,5.8,0.733,0.7,1.0
203546,Ian Clark,NOP,74,19.7,-6.156274666420464,-1.5686597859337648,-1.3983329126192392,-0.9086062549673989,-1.5972201919744302,-0.9727696477090719,-0.8534040964362887,-0.11545001799114447,-0.09570339558945215,1.3538716368003263,7.4,1.7,1.5,0.4,0.1,0.8,0.448,6.7,0.763,0.8,0.8
202779,Dwight Buycks,DET,29,14.7,-6.165892981005428,-1.5686597859337648,-1.510498654273189,-0.6655767645160617,-0.8414377667499366,-0.9727696477090719,-1.2034787029962977,-0.5069509164618963,0.35329592499632034,0.7501833326384686,7.4,1.4,2.0,0.7,0.1,0.5,0.414,6.8,0.878,1.4,1.3
201975,Jodie Meeks,WAS,77,14.5,-6.202004929418605,-1.786896602695208,-1.4357214931705558,-1.2002416435090035,-1.5972201919744302,-0.9727696477090719,-0.7367125609162857,-0.5048696298938649,0.31634222115237415,1.716084619297441,6.3,1.6,0.9,0.4,0.1,0.9,0.399,5.1,0.863,1.5,0.5
2749,Jameer Nelson,DET,50,20.3,-6.223725364578234,-2.0646525513006804,-1.248778590413973,0.11211760492821703,-1.345292716899599,-0.9727696477090719,-0.8534040964362887,-0.5669622818387584,-0.034166417546548096,0.7501833326384686,4.9,2.1,3.6,0.5,0.1,0.8,0.389,4.9,0.8,0.4,1.3
203518,Alex Abrines,OKC,75,15.1,-6.229032093255741,-2.1043319725300336,-1.4731100737218725,-1.4432711339603406,-1.345292716899599,-0.9727696477090719,-0.5033294898762797,-0.40837790486072756,0.06389090533999985,1.9575599409621842,4.7,1.5,0.4,0.5,0.1,1.1,0.395,3.9,0.848,0.6,0.3
1628425,Sterling Brown,MIL,54,14.4,-6.245715301516183,-2.24320994683277,-1.0618356876573902,-1.394665235870073,-1.093365241824768,-0.7709502187237872,-1.0867871674762948,-0.3654616185801583,0.054475196151617014,1.716084619297441,4.0,2.6,0.5,0.6,0.2,0.6,0.4,3.8,0.875,0.4,0.5
1626246,Boban Marjanovic,LAC,39,8.7,-6.265072743839453,-1.8464157345392376,-0.6505613015929081,-1.3460593377798056,-1.8491476670492615,-0.5691307897385026,-1.7869363805963128,0.4924372916530015,0.05760719983561903,1.2331339759679547,6.0,3.7,0.6,0.3,0.3,0.0,0.534,3.8,0.794,2.5,0.9
1626143,Jahlil Okafor,BKN,28,12.6,-6.283811451230086,-1.786896602695208,-0.9122813654521241,-1.4432711339603406,-2.353002617198924,0.03632749721735127,-1.7869363805963128,0.8282185656947841,-0.21984105103963822,1.3538716368003263,6.3,3.0,0.4,0.1,0.6,0.0,0.558,4.9,0.724,1.0,0.8
1628463,Tyler Cavanaugh,ATL,39,13.3,-6.290627334895662,-2.1043319725300336,-0.8001156237981745,-1.2974534396895383,-2.1010751421240927,-0.9727696477090719,-0.8534040964362887,-0.10612522517528211,-0.01291212839536581,1.9575599409621842,4.7,3.3,0.7,0.2,0.1,0.8,0.441,3.9,0.81,0.5,0.3
101133,Ian Mahinmi,WAS,77,14.9,-6.331675548130883,-2.0844922619153574,-0.5010069793876422,-1.2974534396895383,-1.345292716899599,-0.16549193176793334,-1.7869363805963128,0.5359657210418153,-0.4371508915547846,0.7501833326384686,4.8,4.1,0.7,0.5,0.5,0.0,0.556,3.2,0.703,1.7,1.3
1626144,Emmanuel Mudiay,NYK,64,19.4,-6.378277222230368,-1.3305832585576456,-1.1366128487600236,-0.08230598743285263,-1.093365241824768,-0.7709502187237872,-0.9700956319562918,-0.9740059992670986,-0.16685306418451276,0.14649502847661078,8.6,2.4,3.2,0.6,0.2,0.7,0.388,8.2,0.76,2.0,1.8
1627758,Ron Baker,NYK,29,13.3,-6.388132353954925,-2.5606453166675958,-1.6600529764784553,-0.8600003568771314,-0.3375828166002739,-0.7709502187237872,-1.3201702385163008,-0.3898777046113817,-0.08419968394506802,1.5953469584650697,2.4,1.0,1.6,0.9,0.2,0.4,0.339,2.0,0.769,0.9,0.6
2207,Joe Johnson,HOU,55,21.9,-6.399391969903899,-1.6876980496218248,-0.8748927849008075,-0.9086062549673989,-1.8491476670492615,-0.9727696477090719,-0.9700956319562918,-0.5714483361035805,0.20213242643638282,1.2331339759679547,6.8,3.1,1.5,0.3,0.1,0.7,0.406,6.5,0.889,0.8,0.9
2225,Tony Parker,SAS,55,19.5,-6.400583492509027,-1.509140654089735,-1.3983329126192392,0.06351170683794956,-1.345292716899599,-1.1745890766943565,-1.5535533095563068,0.008229846634954317,-0.36233736959353313,0.8709209934708402,7.7,1.7,3.5,0.5,0.0,0.2,0.459,7.1,0.705,1.4,1.2
1627775,Patrick McCaw,GSW,57,16.9,-6.433275873234583,-2.24320994683277,-1.510498654273189,-0.9572121530576664,-0.5895102916751052,-0.7709502187237872,-1.4368617740363037,-0.3163879588695053,-0.08325417339895426,1.474609297632698,4.0,1.4,1.4,0.8,0.2,0.3,0.409,3.9,0.765,0.6,0.7
1628424,Kobi Simmons,MEM,32,20.1,-6.434640351913111,-1.826576023924561,-1.4357214931705558,-0.6169708664257944,-1.093365241824768,-0.7709502187237872,-1.4368617740363037,-0.348152008596389,0.46451160298295174,0.6294456718060971,6.1,1.6,2.1,0.6,0.2,0.3,0.423,5.9,1.0,0.8,1.4
203922,Glenn Robinson III,IND,23,14.7,-6.439871162235648,-2.2233702362180936,-1.4357214931705558,-1.2974534396895383,-1.093365241824768,-1.1745890766943565,-1.0867871674762948,-0.20578886238765293,-0.0010932465689439412,2.0782976017945556,4.1,1.6,0.7,0.6,0.0,0.6,0.424,3.7,0.818,0.5,0.2
203898,Tyler Ennis,LAL,54,12.7,-6.470819090144616,-2.2233702362180936,-1.3609443320679229,-0.7141826626063292,-1.093365241824768,-0.7709502187237872,-1.4368617740363037,-0.25749642226130276,-0.08825750003880627,1.474609297632698,4.1,1.8,1.9,0.6,0.2,0.3,0.42,4.1,0.759,0.5,0.7
1626195,Willy Hernangomez,CHA,48,10.3,-6.4802758268819485,-2.024973130071327,-0.6131727210415917,-1.2974534396895383,-1.5972201919744302,-0.5691307897385026,-1.6702448450763097,0.5626776245285461,-0.7453676314514932,1.474609297632698,5.1,3.8,0.7,0.4,0.3,0.1,0.555,3.4,0.656,1.9,0.7
201162,Jared Dudley,PHX,48,14.3,-6.494613518236008,-2.401927631750183,-1.2861671709652898,-0.8600003568771314,-1.345292716899599,-0.7709502187237872,-1.0867871674762948,-0.2641300317976171,-0.07470518221117567,1.5953469584650697,3.2,2.0,1.6,0.5,0.2,0.6,0.393,2.5,0.771,0.7,0.6
1626245,Cristiano Felicio,CHI,55,17.8,-6.50853092656004,-1.9257745769979442,-0.4636183988363254,-1.151635745418736,-1.8491476670492615,-0.7709502187237872,-1.7869363805963128,0.8794813390163878,-0.5523455930896443,1.1123963151355833,5.6,4.2,1.0,0.3,0.2,0.0,0.591,3.9,0.667,1.5,1.0
1628373,Frank Ntilikina,NYK,78,21.9,-6.5296915188893285,-1.8662554451539142,-1.17400142931134,-0.08230598743285263,-0.5895102916751052,-0.7709502187237872,-1.0867871674762948,-1.0152700607545901,-0.21184360767042595,0.2672326893089824,5.9,2.3,3.2,0.8,0.2,0.6,0.364,6.4,0.721,0.9,1.7
1628416,Tyler Dorsey,ATL,56,17.4,-6.555971369099973,-1.608339207163118,-1.17400142931134,-0.9572121530576664,-1.8491476670492615,-0.9727696477090719,-0.2699464188362737,-0.9308459789415955,-0.26831816466434594,1.474609297632698,7.2,2.3,1.4,0.3,0.1,1.3,0.377,6.8,0.714,1.1,0.7
1626181,Norman Powell,TOR,70,15.2,-6.577727077229563,-1.9456142876126208,-1.3983329126192392,-1.0058180511479335,-1.345292716899599,-0.7709502187237872,-0.8534040964362887,-0.5074732037010401,0.016024433942990603,1.2331339759679547,5.5,1.7,1.3,0.5,0.2,0.8,0.401,5.3,0.821,0.6,0.9
202337,Luke Babbitt,MIA,50,14.3,-6.613635183312482,-2.00513341945665,-1.3235557515166063,-1.3460593377798056,-2.1010751421240927,-0.9727696477090719,-0.3866379543562768,-0.24914881202190392,-0.06607739847788759,1.8368222801298124,5.2,1.9,0.6,0.2,0.1,1.2,0.423,4.3,0.773,0.4,0.4
1627854,Bryn Forbes,SAS,80,19.0,-6.632096497328029,-1.667858339007148,-1.510498654273189,-1.151635745418736,-1.5972201919744302,-1.1745890766943565,-0.5033294898762797,-0.38760659751987714,-0.3554430218614534,1.716084619297441,6.9,1.4,1.0,0.4,0.0,1.1,0.421,6.2,0.667,0.9,0.5
203521,Matthew Dellavedova,MIL,38,18.7,-6.643518685432436,-2.1836908149887404,-1.3983329126192392,0.20932940110875173,-1.5972201919744302,-1.1745890766943565,-0.8534040964362887,-0.641676313797124,0.24588198733052172,0.7501833326384686,4.3,1.7,3.8,0.4,0.0,0.8,0.362,4.0,0.926,0.7,1.3
1628470,Torrey Craig,DEN,39,16.1,-6.649488067123946,-2.2035305256034166,-0.8001156237981745,-1.3460593377798056,-1.8491476670492615,-0.36731136075321796,-1.3201702385163008,-0.022743471443848643,-0.4564944614773618,1.716084619297441,4.2,3.3,0.6,0.3,0.4,0.4,0.453,3.5,0.629,0.9,0.5
1627936,Alex Caruso,LAL,37,15.2,-6.717832243713686,-2.3225687892914766,-1.3609443320679229,-0.6655767645160617,-1.093365241824768,-0.5691307897385026,-1.3201702385163008,-0.1331134354594958,-0.24462130660236978,0.9916586543032117,3.6,1.8,2.0,0.6,0.3,0.4,0.431,3.1,0.7,0.8,1.1
203186,Willie Reed,DET,42,10.2,-6.72553785358416,-2.12417168314471,-0.9496699460034407,-1.5404829301408753,-2.1010751421240927,-0.16549193176793334,-1.7869363805963128,1.0394135540309204,-0.813208013135156,1.716084619297441,4.6,2.9,0.2,0.2,0.5,0.0,0.669,2.9,0.582,1.3,0.5
203499,Shane Larkin,BOS,54,14.3,-6.742591407072105,-2.1836908149887404,-1.3983329126192392,-0.7627885606965966,-1.345292716899599,-1.1745890766943565,-1.0867871674762948,-0.5061725399958164,0.11971542383346652,1.5953469584650697,4.3,1.7,1.8,0.5,0.0,0.6,0.384,4.1,0.865,0.7,0.6
1628414,Sindarius Thornwell,LAC,73,15.8,-6.751661400697781,-2.2630496574474464,-1.3235557515166063,-1.2002416435090035,-0.8414377667499366,-0.5691307897385026,-1.4368617740363037,-0.14873600150091112,-0.443257313831769,1.474609297632698,3.9,1.9,0.9,0.7,0.3,0.3,0.429,3.2,0.67,1.2,0.7
203705,Josh Magette,ATL,18,12.0,-6.766664375387292,-2.5209658954382426,-1.6226643959271385,-0.08230598743285263,-1.5972201919744302,-0.9727696477090719,-1.3201702385163008,-0.5688638566685892,0.2022112189818923,1.716084619297441,2.6,1.1,3.2,0.4,0.1,0.4,0.326,2.6,1.0,0.4,0.5
204037,Travis Wear,LAL,17,13.4,-6.784879099144039,-2.1638511043740634,-1.2113900098626564,-1.4432711339603406,-2.1010751421240927,-0.5691307897385026,-0.6200210253962828,-0.7807484888000691,0.26778631498215716,1.8368222801298124,4.4,2.2,0.4,0.2,0.3,1.0,0.347,4.2,1.0,0.5,0.4
1627761,DeAndre' Bembry,ATL,26,17.5,-6.831881457296621,-2.00513341945665,-0.9870585265547572,-0.7141826626063292,-0.5895102916751052,-0.16549193176793334,-1.3201702385163008,-0.3605745824994772,-0.8362548326966789,0.14649502847661078,5.2,2.8,1.9,0.8,0.5,0.4,0.414,4.9,0.576,1.3,1.8
1628393,Jawun Evans,LAC,48,16.2,-6.839625911458069,-2.0844922619153574,-1.3609443320679229,-0.6169708664257944,-0.5895102916751052,-0.9727696477090719,-1.4368617740363037,-0.9450151263003169,-0.0661955872961518,1.2331339759679547,4.8,1.8,2.1,0.8,0.1,0.3,0.352,5.3,0.776,1.0,0.9
202498,Lance Thomas,NYK,73,18.5,-6.869243135278788,-2.2233702362180936,-1.1366128487600236,-1.3460593377798056,-1.5972201919744302,-0.7709502187237872,-0.9700956319562918,-0.4676064009780555,0.04732477264663159,1.5953469584650697,4.1,2.4,0.6,0.4,0.2,0.7,0.382,3.7,0.83,0.7,0.6
203930,Sean Kilpatrick,CHI,52,12.3,-6.877033680355465,-1.786896602695208,-1.3983329126192392,-1.2002416435090035,-1.8491476670492615,-0.9727696477090719,-0.7367125609162857,-0.8063405635181399,0.39879862002804517,1.474609297632698,6.3,1.7,0.9,0.3,0.1,0.9,0.374,5.7,0.889,1.4,0.7
1626203,Treveon Graham,CHA,63,16.7,-6.8931014655378124,-2.1836908149887404,-1.3235557515166063,-1.2002416435090035,-1.345292716899599,-1.1745890766943565,-1.0867871674762948,-0.13478250822803006,-0.2809840663549949,1.8368222801298124,4.3,1.9,0.9,0.5,0.0,0.6,0.434,3.5,0.695,0.9,0.4
1628380,Zach Collins,POR,66,15.8,-6.938002548266279,-2.1638511043740634,-0.8001156237981745,-1.2488475415992708,-1.8491476670492615,-0.16549193176793334,-1.2034787029962977,-0.4406642418267556,-0.29953971082247727,1.2331339759679547,4.4,3.3,0.8,0.3,0.5,0.5,0.398,4.4,0.643,0.6,0.9
1627790,Ante Zizic,CLE,32,6.7,-6.943616404578725,-2.3027290786767995,-1.3235557515166063,-1.5404829301408753,-2.353002617198924,-0.36731136075321796,-1.7869363805963128,0.9767076357794188,-0.2038658624375911,1.9575599409621842,3.7,1.9,0.2,0.1,0.4,0.0,0.731,2.1,0.724,0.9,0.3
1628469,Antonio Blakeney,CHI,19,16.5,-7.019444260941068,-1.4694612328603818,-1.3983329126192392,-1.1030298473284685,-1.5972201919744302,-0.9727696477090719,-0.8534040964362887,-1.1042262479653207,-0.11634704251293593,1.5953469584650697,7.9,1.7,1.1,0.4,0.1,0.8,0.371,7.5,0.769,2.1,0.6
201565,Derrick Rose,MIN,25,16.8,-7.079381084224241,-1.3702626797869986,-1.510498654273189,-0.9086062549673989,-1.8491476670492615,-0.7709502187237872,-1.4368617740363037,-0.2913574833333099,0.4288579761399118,0.6294456718060971,8.4,1.4,1.5,0.3,0.2,0.3,0.435,7.4,0.87,1.8,1.4
1628390,Terrance Ferguson,OKC,61,12.5,-7.095266548390378,-2.4217673423648596,-1.7348301375810884,-1.491877032050608,-1.5972201919744302,-0.7709502187237872,-0.9700956319562918,-0.19879021338311925,0.011966617849252497,2.0782976017945556,3.1,0.8,0.3,0.4,0.2,0.7,0.414,2.8,0.9,0.2,0.2
203948,Johnny O'Bryant III,CHA,36,10.5,-7.1073001282764,-2.0844922619153574,-1.0618356876573902,-1.4432711339603406,-1.8491476670492615,-0.7709502187237872,-1.3201702385163008,-0.4822630164266447,0.06800781584287015,1.8368222801298124,4.8,2.6,0.4,0.3,0.2,0.4,0.398,4.8,0.84,0.7,0.4
1626175,Jordan Mickey,MIA,23,12.4,-7.11146904982901,-2.24320994683277,-0.7253384626955414,-1.4432711339603406,-1.8491476670492615,-0.36731136075321796,-1.6702448450763097,0.11562445818502413,-0.28244172844692,1.3538716368003263,4.0,3.5,0.4,0.3,0.4,0.1,0.476,3.6,0.684,0.8,0.8
1628370,Malik Monk,CHA,63,13.5,-7.11834772576338,-1.707537760236501,-1.6600529764784553,-0.9572121530576664,-1.8491476670492615,-0.9727696477090719,-0.2699464188362737,-1.1088066508926981,0.053253911696220006,1.3538716368003263,6.7,1.0,1.4,0.3,0.1,1.3,0.36,6.7,0.842,0.6,0.8
1628476,Derrick Walton Jr.,MIA,16,9.2,-7.138202023180302,-2.6796835803556553,-1.6600529764784553,-1.151635745418736,-1.5972201919744302,-0.7709502187237872,-1.3201702385163008,-0.35973555332175483,0.2022112189818923,2.199035262626927,1.8,1.0,1.0,0.4,0.2,0.4,0.32,1.6,1.0,0.4,0.1
1628411,Wes Iwundu,ORL,62,16.5,-7.15107839174743,-2.3027290786767995,-1.2113900098626564,-1.2002416435090035,-1.345292716899599,-0.7709502187237872,-1.6702448450763097,-0.17606004809588638,-0.19025445020082843,1.716084619297441,3.7,2.2,0.9,0.5,0.2,0.1,0.427,3.5,0.723,0.8,0.5
204028,Tarik Black,HOU,51,10.5,-7.16301162963566,-2.342408499906153,-0.8375042043494909,-1.491877032050608,-1.5972201919744302,0.03632749721735127,-1.7869363805963128,0.5698447532876421,-1.1878468688963564,1.474609297632698,3.5,3.2,0.3,0.4,0.6,0.0,0.591,2.5,0.46,1.2,0.7
203101,Miles Plumlee,ATL,55,16.7,-7.167530356420441,-2.1836908149887404,-0.5010069793876422,-1.2488475415992708,-1.8491476670492615,-0.16549193176793334,-1.7869363805963128,0.7023012899280924,-1.1263689852625847,0.9916586543032117,4.3,4.1,0.8,0.3,0.5,0.0,0.583,3.3,0.45,1.1,1.1
101106,Andrew Bogut,LAL,24,9.0,-7.191485310345524,-2.7392027121996856,-0.8001156237981745,-1.3460593377798056,-2.1010751421240927,-0.16549193176793334,-1.7869363805963128,0.3880382501390558,0.005485930981097748,1.3538716368003263,1.5,3.3,0.6,0.2,0.5,0.0,0.68,1.0,1.0,0.1,0.8
202389,Timofey Mozgov,BKN,31,11.6,-7.205377945158665,-2.2035305256034166,-0.8375042043494909,-1.4432711339603406,-2.1010751421240927,-0.36731136075321796,-1.6702448450763097,0.5186886838105944,-0.09278807140560137,0.9916586543032117,4.2,3.2,0.4,0.2,0.4,0.1,0.559,3.0,0.767,1.0,1.1
203086,Meyers Leonard,POR,33,7.7,-7.241665362448963,-2.36224821052083,-1.248778590413973,-1.394665235870073,-2.1010751421240927,-1.1745890766943565,-1.4368617740363037,0.543684340197513,-0.024691613949033207,1.9575599409621842,3.4,2.1,0.5,0.2,0.0,0.3,0.59,2.4,0.818,0.3,0.3
202732,DeAndre Liggins,NOP,58,12.5,-7.245630211584187,-2.6995232909703324,-1.5478872348245056,-1.2488475415992708,-1.093365241824768,-0.7709502187237872,-1.4368617740363037,-0.23395755415216896,-0.1717972964152326,1.9575599409621842,1.7,1.3,0.8,0.6,0.2,0.3,0.377,1.8,0.4,0.1,0.3
1627835,Paul Zipser,CHI,54,15.3,-7.256404835160131,-2.24320994683277,-1.1366128487600236,-1.2002416435090035,-1.5972201919744302,-0.5691307897385026,-0.9700956319562918,-0.8069852793789332,-0.08678013981050352,1.3538716368003263,4.0,2.4,0.9,0.4,0.3,0.7,0.346,4.3,0.76,0.5,0.8
1627819,Isaiah Taylor,ATL,67,17.4,-7.2964284650449835,-1.727377470851178,-1.510498654273189,-0.13091188552312008,-1.345292716899599,-0.9727696477090719,-1.4368617740363037,-0.3908234376336605,-0.5320762107573309,0.7501833326384686,6.6,1.4,3.1,0.5,0.1,0.3,0.418,5.8,0.702,2.1,1.3
1627826,Ivica Zubac,LAL,43,9.5,-7.3597638626288155,-2.3027290786767995,-0.9496699460034407,-1.3460593377798056,-2.1010751421240927,-0.5691307897385026,-1.7869363805963128,0.20690903560381108,-0.10641918177874142,1.5953469584650697,3.7,2.9,0.6,0.2,0.3,0.0,0.5,2.8,0.765,1.2,0.6
1628409,Alec Peters,PHX,20,11.2,-7.397399684875958,-2.2233702362180936,-1.3235557515166063,-1.3460593377798056,-2.353002617198924,-0.9727696477090719,-0.7367125609162857,-0.492541404653332,-0.02768573067839335,2.0782976017945556,4.1,1.9,0.6,0.1,0.1,0.9,0.378,3.7,0.8,0.5,0.2
201196,Ramon Sessions,WAS,28,14.0,-7.406920735436016,-2.0646525513006804,-1.510498654273189,-0.2767295797939225,-1.345292716899599,-0.9727696477090719,-1.4368617740363037,-0.6958346925004789,-0.09593977322598056,0.9916586543032117,4.9,1.4,2.8,0.5,0.1,0.3,0.359,4.2,0.772,2.0,1.1
1627744,Brice Johnson,MEM,18,5.4,-7.429815331093133,-2.5606453166675958,-1.3983329126192392,-1.5890888282311428,-1.345292716899599,-0.5691307897385026,-1.7869363805963128,0.07998200450810763,-0.21793033181103322,1.9575599409621842,2.4,1.7,0.1,0.5,0.3,0.0,0.476,2.3,0.6,0.3,0.3
203526,Raul Neto,UTA,41,12.2,-7.4377530363147395,-2.1440113937593868,-1.585275815375822,-0.7627885606965966,-1.8491476670492615,-0.9727696477090719,-1.2034787029962977,-7.508206662207935e-05,-0.15334014262963694,1.2331339759679547,4.5,1.2,1.8,0.3,0.1,0.5,0.457,3.7,0.743,0.9,0.9
1627884,Derrick Jones Jr.,MIA,20,12.3,-7.446509239098651,-2.4217673423648596,-1.3235557515166063,-1.394665235870073,-2.1010751421240927,0.23814692620263586,-1.5535533095563068,-0.2729673565236115,-0.45389430747554876,1.8368222801298124,3.1,1.9,0.5,0.2,0.7,0.2,0.396,2.7,0.667,1.2,0.4
203917,Nik Stauskas,BKN,41,12.8,-7.451126610275205,-2.1638511043740634,-1.4357214931705558,-1.151635745418736,-2.1010751421240927,-0.9727696477090719,-0.6200210253962828,-0.4294839253139762,-0.17191548523349687,1.5953469584650697,4.4,1.6,1.0,0.2,0.1,1.0,0.39,3.8,0.724,0.7,0.6
1627853,Ryan Arcidiacono,CHI,24,12.7,-7.455208039488169,-2.6400041591263026,-1.6600529764784553,-0.9086062549673989,-1.345292716899599,-1.1745890766943565,-1.3201702385163008,-0.11118186420889004,-0.011395371894308417,1.716084619297441,2.0,1.0,1.5,0.5,0.0,0.4,0.415,1.7,0.833,0.3,0.5
203498,Shabazz Muhammad,MIL,43,9.7,-7.456653146116542,-2.0448128406860038,-1.3609443320679229,-1.491877032050608,-2.1010751421240927,-0.9727696477090719,-1.5535533095563068,-0.07742189098962042,-0.0532342135598423,2.199035262626927,5.0,1.8,0.3,0.2,0.1,0.2,0.447,4.4,0.78,1.2,0.1
1628422,Damyean Dotson,NYK,44,10.8,-7.478516379711035,-2.2233702362180936,-1.3235557515166063,-1.2974534396895383,-1.8491476670492615,-1.1745890766943565,-1.2034787029962977,-0.06241259125481326,-0.18133119442187978,1.8368222801298124,4.1,1.9,0.7,0.3,0.0,0.5,0.447,3.7,0.696,0.5,0.4
1627789,Timothe Luwawu-Cabarrot,PHI,52,15.5,-7.490127879521175,-1.886095155768591,-1.510498654273189,-1.151635745418736,-2.1010751421240927,-0.9727696477090719,-0.6200210253962828,-0.7110888494785838,-0.01155295698532726,1.474609297632698,5.8,1.4,1.0,0.2,0.1,1.0,0.375,5.1,0.793,1.1,0.7
1626224,Cedi Osman,CLE,61,11.0,-7.529995500341115,-2.2630496574474464,-1.2861671709652898,-1.2974534396895383,-1.5972201919744302,-1.1745890766943565,-1.2034787029962977,0.13960923604456715,-0.5637311159157644,1.716084619297441,3.9,2.0,0.7,0.4,0.0,0.5,0.484,3.0,0.565,0.8,0.5
1627858,Kyle Collinsworth,DAL,32,15.0,-7.60636976798598,-2.401927631750183,-0.8001156237981745,-0.7627885606965966,-1.345292716899599,-0.5691307897385026,-1.6702448450763097,-0.37858843785731855,-1.0321527989696238,1.3538716368003263,3.2,3.3,1.8,0.5,0.3,0.1,0.384,3.1,0.525,1.3,0.8
1626155,Sam Dekker,LAC,73,12.1,-7.628669759265581,-2.2035305256034166,-1.1366128487600236,-1.394665235870073,-1.8491476670492615,-0.9727696477090719,-1.6702448450763097,0.21902497635359514,-0.3368085848484613,1.716084619297441,4.2,2.4,0.5,0.3,0.1,0.1,0.494,3.5,0.661,0.8,0.5
1627823,Juancho Hernangomez,DEN,25,11.1,-7.641552536925115,-2.3820879211355064,-1.2113900098626564,-1.394665235870073,-2.1010751421240927,-0.9727696477090719,-1.0867871674762948,-0.3506668497328277,0.02106715685559737,1.8368222801298124,3.3,2.2,0.5,0.2,0.1,0.6,0.387,3.0,0.833,0.5,0.4
1627785,Isaiah Whitehead,BKN,16,11.2,-7.686680175644447,-1.786896602695208,-1.4357214931705558,-1.0058180511479335,-1.345292716899599,-0.9727696477090719,-1.3201702385163008,0.06489857368129318,-0.3936180101607964,0.5087080109737255,6.3,1.6,1.3,0.5,0.1,0.4,0.465,5.4,0.684,1.2,1.5
203962,Josh Huestis,OKC,69,14.2,-7.7129646915170476,-2.580485027282273,-1.17400142931134,-1.491877032050608,-2.1010751421240927,0.03632749721735127,-1.2034787029962977,-0.5513419621940706,-0.4838551729055287,1.8368222801298124,2.3,2.3,0.3,0.2,0.6,0.5,0.33,2.6,0.3,0.3,0.4
203530,Joffrey Lauvergne,SAS,55,9.7,-7.744957511184845,-2.2233702362180936,-0.8748927849008075,-1.2974534396895383,-2.1010751421240927,-0.9727696477090719,-1.7869363805963128,0.3487543873668578,-0.4325612257788572,1.5953469584650697,4.1,3.1,0.7,0.2,0.1,0.0,0.516,3.5,0.638,0.9,0.6
1628401,Derrick White,SAS,17,8.2,-7.747446968735806,-2.401927631750183,-1.4731100737218725,-1.394665235870073,-2.1010751421240927,-0.7709502187237872,-1.2034787029962977,0.0978251337146591,-0.33688737739397107,1.8368222801298124,3.2,1.5,0.5,0.2,0.2,0.5,0.485,1.9,0.7,1.2,0.4
1628681,Rodney Purvis,ORL,16,18.1,-7.78276972120929,-1.8464157345392376,-1.3983329126192392,-1.1030298473284685,-2.1010751421240927,-0.7709502187237872,-0.8534040964362887,-1.4813153882307803,0.17640666032753752,1.5953469584650697,6.0,1.7,1.1,0.2,0.2,0.8,0.327,6.7,0.867,0.9,0.6
1628503,Jamel Artis,ORL,15,18.6,-7.898989455107885,-2.024973130071327,-1.0992242682087068,-1.0544239492382013,-2.353002617198924,-0.7709502187237872,-1.2034787029962977,-0.587838046627438,-0.5211831413406451,1.716084619297441,5.1,2.5,1.2,0.1,0.2,0.5,0.392,5.3,0.583,0.8,0.5
1626202,Joe Young,IND,53,10.5,-7.903536913860891,-2.2630496574474464,-1.585275815375822,-1.2974534396895383,-1.8491476670492615,-1.1745890766943565,-1.2034787029962977,-0.1583696738668051,-0.08825750003880627,1.716084619297441,3.9,1.2,0.7,0.3,0.0,0.5,0.43,3.5,0.759,0.5,0.5
1627834,Georgios Papagiannis,POR,17,7.2,-7.938045376130913,-2.620164448511626,-1.2113900098626564,-1.394665235870073,-2.1010751421240927,-0.36731136075321796,-1.7869363805963128,-0.11249825269120643,-0.0600891650191671,1.716084619297441,2.1,2.2,0.5,0.2,0.4,0.0,0.429,2.5,0.0,0.0,0.5
1627883,Jalen Jones,DAL,16,11.3,-7.948714952029045,-2.12417168314471,-1.1366128487600236,-1.491877032050608,-1.8491476670492615,-0.9727696477090719,-1.0867871674762948,-0.5461786193159064,-0.5779925666529802,1.8368222801298124,4.6,2.4,0.3,0.3,0.1,0.6,0.382,4.3,0.632,1.2,0.4
1628510,Andrew White III,ATL,15,13.9,-7.968989507659608,-2.12417168314471,-1.17400142931134,-1.4432711339603406,-2.1010751421240927,-0.9727696477090719,-0.3866379543562768,-0.9549711565966071,-0.5281759797546113,1.716084619297441,4.6,2.3,0.4,0.2,0.1,1.2,0.342,4.9,0.25,0.3,0.5
201589,Darrell Arthur,DEN,19,7.4,-8.019204707495403,-2.48128647420889,-1.7348301375810884,-1.394665235870073,-1.5972201919744302,-0.7709502187237872,-1.3201702385163008,0.05176950800740542,-0.12572335542856405,1.3538716368003263,2.8,0.8,0.5,0.4,0.2,0.4,0.468,2.5,0.667,0.2,0.8
201167,Arron Afflalo,ORL,53,12.9,-8.033719389844906,-2.36224821052083,-1.585275815375822,-1.3460593377798056,-2.353002617198924,-0.7709502187237872,-1.2034787029962977,-0.2897996072027868,0.04027283982353317,1.8368222801298124,3.4,1.2,0.6,0.1,0.2,0.5,0.401,3.1,0.846,0.5,0.4
2754,Tony Allen,NOP,22,12.4,-8.061054083750944,-2.1043319725300336,-1.248778590413973,-1.4432711339603406,-1.345292716899599,-0.9727696477090719,-1.5535533095563068,0.18459445371116603,-0.8107851423607392,1.2331339759679547,4.7,2.1,0.4,0.5,0.1,0.2,0.484,4.1,0.524,1.0,0.9
1628400,Semi Ojeleye,BOS,73,15.8,-8.111526863688539,-2.501126184823566,-1.2113900098626564,-1.491877032050608,-1.8491476670492615,-0.9727696477090719,-1.2034787029962977,-0.4812543842959964,-0.3580431758632663,1.9575599409621842,2.7,2.2,0.3,0.3,0.1,0.5,0.346,2.6,0.61,0.6,0.3
1628407,Dwayne Bacon,CHA,53,13.5,-8.118664223389766,-2.3820879211355064,-1.17400142931134,-1.2974534396895383,-1.8491476670492615,-1.1745890766943565,-1.5535533095563068,-0.49696792940487544,-0.02768573067839335,1.8368222801298124,3.3,2.3,0.7,0.3,0.0,0.2,0.375,3.6,0.8,0.5,0.4
1627780,Gary Payton II,LAL,23,9.6,-8.130860247683103,-2.441607052979536,-1.3235557515166063,-1.2002416435090035,-1.8491476670492615,-0.9727696477090719,-1.4368617740363037,-0.2781284530050482,-0.5861081988404566,1.9575599409621842,3.0,1.9,0.9,0.3,0.1,0.3,0.405,3.2,0.333,0.4,0.3
201160,Jason Smith,WAS,33,8.6,-8.13911723527169,-2.36224821052083,-1.4357214931705558,-1.4432711339603406,-2.353002617198924,-0.36731136075321796,-1.6702448450763097,-0.38834453884486136,0.1649423449559082,1.716084619297441,3.4,1.6,0.4,0.1,0.4,0.1,0.391,3.5,0.905,0.6,0.5
1626259,Malcolm Miller,TOR,15,8.4,-8.145794704988582,-2.540805606052919,-1.6600529764784553,-1.5404829301408753,-2.353002617198924,-0.9727696477090719,-1.2034787029962977,0.030601711644150438,0.13663612298162742,1.9575599409621842,2.5,1.0,0.2,0.1,0.1,0.5,0.464,1.9,1.0,0.3,0.3
1626173,Rashad Vaughn,ORL,28,7.6,-8.181996505238029,-2.580485027282273,-1.7348301375810884,-1.394665235870073,-2.1010751421240927,-0.9727696477090719,-1.2034787029962977,-0.1472668580411246,-0.12572335542856405,2.0782976017945556,2.3,0.8,0.5,0.2,0.1,0.5,0.411,2.0,0.667,0.2,0.2
1628432,Davon Reed,PHX,21,11.5,-8.192251576361762,-2.441607052979536,-1.3235557515166063,-1.3460593377798056,-1.345292716899599,-0.9727696477090719,-1.2034787029962977,-1.0185812495309288,-0.25699173624735794,1.716084619297441,3.0,1.9,0.6,0.5,0.1,0.5,0.289,3.6,0.667,0.6,0.5
202933,Julyan Stone,CHA,23,7.6,-8.205174140787598,-2.8780806865024218,-1.5478872348245056,-1.1030298473284685,-2.1010751421240927,-0.9727696477090719,-1.4368617740363037,0.01922034262425958,-0.14225009184917756,1.9575599409621842,0.8,1.3,1.1,0.2,0.1,0.3,0.462,0.6,0.5,0.1,0.3
1627781,Malachi Richardson,TOR,26,12.4,-8.245690445294388,-2.36224821052083,-1.5478872348245056,-1.394665235870073,-1.5972201919744302,-1.1745890766943565,-1.2034787029962977,-0.7303584406070991,-0.07206563193660807,1.8368222801298124,3.4,1.3,0.5,0.4,0.0,0.5,0.333,3.5,0.773,0.8,0.4
1626177,Dakari Johnson,OKC,31,5.2,-8.271439598797803,-2.6796835803556553,-1.6226643959271385,-1.491877032050608,-2.1010751421240927,-0.5691307897385026,-1.7869363805963128,0.24530557166864544,-0.4644131123010644,2.199035262626927,1.8,1.1,0.3,0.2,0.3,0.0,0.564,1.3,0.55,0.6,0.1
1628388,T.J. Leaf,IND,53,8.7,-8.28884131496049,-2.4614467635942128,-1.4731100737218725,-1.5404829301408753,-2.353002617198924,-0.9727696477090719,-1.4368617740363037,0.06630481803270936,-0.19576992838649193,2.0782976017945556,2.9,1.5,0.2,0.1,0.1,0.3,0.471,2.6,0.625,0.3,0.2
1628499,Antonius Cleveland,ATL,17,7.2,-8.299644860562411,-2.759042422814362,-1.7348301375810884,-1.5890888282311428,-1.5972201919744302,-0.5691307897385026,-1.5535533095563068,-0.14224391495842917,-0.191357545837961,1.8368222801298124,1.4,0.8,0.1,0.4,0.3,0.2,0.381,1.2,0.667,0.4,0.4
1627736,Malik Beasley,DEN,62,9.4,-8.309970999779065,-2.401927631750183,-1.6226643959271385,-1.394665235870073,-2.1010751421240927,-0.9727696477090719,-1.2034787029962977,-0.2260378824893594,-0.22417464104265947,1.8368222801298124,3.2,1.1,0.5,0.2,0.1,0.5,0.41,2.9,0.667,0.5,0.4
1627824,Guerschon Yabusele,BOS,33,7.1,-8.34247551730301,-2.5606453166675958,-1.4357214931705558,-1.394665235870073,-2.353002617198924,-0.7709502187237872,-1.3201702385163008,-0.0853584106278864,-0.25878426665769855,1.8368222801298124,2.4,1.6,0.5,0.1,0.2,0.4,0.426,1.8,0.682,0.7,0.4
1627740,Henry Ellenson,DET,38,8.7,-8.365673239630533,-2.24320994683277,-1.248778590413973,-1.394665235870073,-2.353002617198924,-1.1745890766943565,-1.2034787029962977,-0.6023441534952847,0.13831046457370386,1.716084619297441,4.0,2.1,0.5,0.1,0.0,0.5,0.363,3.8,0.862,0.8,0.5
1628439,Isaiah Hicks,NYK,18,13.3,-8.482132055568064,-2.1638511043740634,-1.17400142931134,-1.2002416435090035,-2.353002617198924,-0.7709502187237872,-1.6702448450763097,0.005285943723562369,-0.3882601170661519,1.2331339759679547,4.4,2.3,0.9,0.1,0.2,0.1,0.458,4.0,0.667,1.0,0.9
203464,Brandon Paul,SAS,64,9.0,-8.640199057958887,-2.580485027282273,-1.6226643959271385,-1.3460593377798056,-1.5972201919744302,-0.9727696477090719,-1.5535533095563068,-0.07313576603354591,-0.6103960009937539,1.716084619297441,2.3,1.1,0.6,0.4,0.1,0.2,0.433,2.0,0.512,0.7,0.5
1626191,Chris McCullough,WAS,19,4.7,-8.730701870133265,-2.5606453166675958,-1.5478872348245056,-1.5404829301408753,-2.6049300922737553,-0.5691307897385026,-1.6702448450763097,-0.0969677889156187,-0.33944813512302896,2.199035262626927,2.4,1.3,0.2,0.0,0.3,0.1,0.429,2.2,0.643,0.7,0.1
204066,John Holland,CLE,24,7.3,-8.74248703355379,-2.580485027282273,-1.6600529764784553,-1.5404829301408753,-1.8491476670492615,-0.9727696477090719,-1.2034787029962977,-0.7063893875246489,-0.18724063533509078,1.9575599409621842,2.3,1.0,0.2,0.3,0.1,0.5,0.288,2.5,0.692,0.5,0.3
1627846,Abdel Nader,BOS,48,10.9,-8.792272673138369,-2.441607052979536,-1.4731100737218725,-1.394665235870073,-1.8491476670492615,-0.7709502187237872,-1.2034787029962977,-0.6292863126465844,-0.5046367067836542,1.474609297632698,3.0,1.5,0.5,0.3,0.2,0.5,0.336,3.1,0.59,0.8,0.7
201166,Aaron Brooks,MIN,32,5.9,-8.816080323328382,-2.580485027282273,-1.846995879235038,-1.3460593377798056,-2.1010751421240927,-1.1745890766943565,-1.4368617740363037,-0.182218544724334,-0.10535548241436349,1.9575599409621842,2.3,0.5,0.6,0.2,0.0,0.3,0.406,2.2,0.727,0.3,0.3
202347,Quincy Pondexter,CHI,23,8.5,-9.007449372879593,-2.6400041591263026,-1.585275815375822,-1.4432711339603406,-1.8491476670492615,-0.9727696477090719,-1.6702448450763097,-0.5977356706088137,0.03491494672888846,1.716084619297441,2.0,1.2,0.4,0.3,0.1,0.1,0.286,2.1,0.824,0.7,0.5
1627745,Damian Jones,GSW,15,5.9,-9.038612385095782,-2.6995232909703324,-1.6974415570297716,-1.5890888282311428,-2.353002617198924,-0.7709502187237872,-1.7869363805963128,0.1187008985033388,-0.21793033181103322,1.9575599409621842,1.7,0.9,0.1,0.1,0.2,0.0,0.5,1.5,0.6,0.3,0.3
2210,Richard Jefferson,DEN,20,8.2,-9.048940261611683,-2.7392027121996856,-1.6974415570297716,-1.2488475415992708,-2.353002617198924,-0.9727696477090719,-1.6702448450763097,-0.020172470389222215,-0.30481881137161254,1.9575599409621842,1.5,0.9,0.8,0.1,0.1,0.1,0.444,1.4,0.571,0.4,0.3
1627753,Zhou Qi,HOU,18,6.9,-9.05795514689938,-2.7987218440437154,-1.585275815375822,-1.5890888282311428,-2.353002617198924,0.4399663551879207,-1.6702448450763097,-0.8071256791744019,-0.2898088314520564,1.5953469584650697,1.2,1.2,0.1,0.1,0.8,0.1,0.188,1.8,0.667,0.7,0.6
1628403,Caleb Swanigan,POR,27,7.0,-9.14175601069308,-2.580485027282273,-1.2861671709652898,-1.394665235870073,-2.1010751421240927,-0.9727696477090719,-1.7869363805963128,-0.2044578723266076,-0.2898088314520564,1.474609297632698,2.3,2.0,0.5,0.2,0.1,0.0,0.4,2.2,0.667,0.7,0.7
1627774,Jake Layman,POR,35,4.6,-9.152532228674223,-2.8384012652730686,-1.846995879235038,-1.491877032050608,-2.1010751421240927,-0.9727696477090719,-1.6702448450763097,-0.3372974196090973,-0.09290626022386558,2.199035262626927,1.0,0.5,0.3,0.2,0.1,0.1,0.298,1.3,0.667,0.1,0.1
1627743,Demetrius Jackson,PHI,15,5.3,-9.18532384259082,-2.818561554658392,-1.7348301375810884,-1.3460593377798056,-1.8491476670492615,-0.9727696477090719,-1.6702448450763097,-0.126069858520412,-0.14225009184917756,1.474609297632698,1.1,0.8,0.6,0.3,0.1,0.1,0.389,1.2,0.5,0.1,0.7
201628,Bobby Brown,HOU,20,5.7,-9.18654900130497,-2.540805606052919,-1.8843844597863544,-1.3460593377798056,-2.1010751421240927,-1.1745890766943565,-1.0867871674762948,-0.6266827388394092,-0.14225009184917756,1.716084619297441,2.5,0.4,0.6,0.2,0.0,0.6,0.328,2.9,0.5,0.1,0.5
1627816,Alex Poythress,IND,25,4.2,-9.186862436565473,-2.8384012652730686,-1.7722187181324047,-1.5890888282311428,-2.353002617198924,-1.1745890766943565,-1.5535533095563068,-0.04495471908702853,-0.0600891650191671,2.199035262626927,1.0,0.7,0.1,0.1,0.0,0.2,0.423,1.0,0.0,0.0,0.1
1628418,Thomas Bryant,LAL,15,4.8,-9.224667822015332,-2.7392027121996856,-1.6226643959271385,-1.4432711339603406,-2.353002617198924,-0.9727696477090719,-1.6702448450763097,-0.1687716139135048,-0.4537761186572846,2.199035262626927,1.5,1.1,0.4,0.1,0.1,0.1,0.381,1.4,0.556,0.6,0.1
1627770,Kay Felder,DET,16,8.7,-9.248192263937113,-2.3225687892914766,-1.6226643959271385,-1.0058180511479335,-2.1010751421240927,-0.9727696477090719,-1.4368617740363037,-1.1671489435010263,0.2683181646643462,1.1123963151355833,3.6,1.1,1.3,0.2,0.1,0.3,0.3,4.4,0.917,0.8,1.0
2863,Damien Wilkins,IND,19,8.0,-9.258905446627976,-2.6995232909703324,-1.7348301375810884,-1.394665235870073,-2.353002617198924,-0.9727696477090719,-1.5535533095563068,-0.4314461528554496,-0.07667499584891269,1.9575599409621842,1.7,0.8,0.5,0.1,0.1,0.2,0.333,2.1,0.75,0.2,0.3
1628391,D.J. Wilson,MIL,22,3.2,-9.397556462021349,-2.8384012652730686,-1.846995879235038,-1.5890888282311428,-2.353002617198924,-1.1745890766943565,-1.6702448450763097,0.13871853974211248,-0.14225009184917756,2.0782976017945556,1.0,0.5,0.1,0.1,0.0,0.1,0.563,0.7,0.5,0.1,0.2
1628443,Kadeem Allen,BOS,18,6.0,-9.491100176736403,-2.818561554658392,-1.8096072986837215,-1.2974534396895383,-2.1010751421240927,-0.9727696477090719,-1.7869363805963128,-0.36059367687166066,-0.06018765570105394,1.716084619297441,1.1,0.6,0.7,0.2,0.1,0.0,0.273,1.2,0.778,0.5,0.5
1627875,Marcus Georges-Hunt,MIN,42,5.3,-9.50114228045554,-2.759042422814362,-1.8843844597863544,-1.5404829301408753,-2.353002617198924,-1.1745890766943565,-1.6702448450763097,-0.02334325937009184,-0.29508793200119166,2.199035262626927,1.4,0.4,0.2,0.1,0.0,0.1,0.438,1.1,0.619,0.5,0.1
201600,Omer Asik,CHI,18,10.1,-9.713809858685954,-2.7987218440437154,-1.0618356876573902,-1.5404829301408753,-2.353002617198924,-0.7709502187237872,-1.7869363805963128,-0.0856347174253692,-1.03233008219702,1.716084619297441,1.2,2.6,0.2,0.1,0.2,0.0,0.409,1.2,0.308,0.7,0.5
202332,Cole Aldrich,MIN,21,2.3,-9.86096011061455,-2.9177601077317754,-1.7722187181324047,-1.5890888282311428,-2.353002617198924,-1.1745890766943565,-1.7869363805963128,-0.1325338651038001,-0.45460344038513417,2.3197729234592988,0.6,0.7,0.1,0.1,0.0,0.0,0.333,0.7,0.333,0.3,0.0
2555,Nick Collison,OKC,15,5.0,-10.107516730615231,-2.620164448511626,-1.5478872348245056,-1.491877032050608,-2.6049300922737553,-1.1745890766943565,-1.7869363805963128,0.5081339887864244,-1.1053510737479308,1.716084619297441,2.1,1.3,0.3,0.0,0.0,0.0,0.684,1.3,0.385,0.9,0.5
