PLAYER_ID,PLAYER_NAME,TEAM_ABBREVIATION,GP,MIN,Z_TOTAL,Z_PTS,Z_REB,Z_AST,Z_STL,Z_BLK,Z_FG3M,Z_FG_PCT,Z_FT_PCT,Z_TOV,PTS,REB,AST,STL,BLK,FG3M,FG_PCT,FGA,FT_PCT,FTA,TOV
203999,Nikola Jokić,DEN,72,34.6,8.66085271443067,1.6487264168956368,2.0284554707991567,2.0289679068342465,0.9740576821445949,0.21244539521930347,-0.5956144262900701,2.5632415428187376,1.1187438429287937,-1.3181711169197297,26.4,10.8,8.3,1.3,0.7,1.3,0.566,18.0,0.868,5.5,3.1
201939,Stephen Curry,GSW,63,34.2,7.479138053167138,2.614911843289062,-0.061245318737359423,0.8975731632463764,0.6591683452444022,-1.045454971210785,3.526284717585848,0.3938559048566846,2.1586973798628017,-1.664653010969892,32.0,5.5,5.8,1.2,0.1,5.3,0.482,21.7,0.916,6.3,3.4
202681,Kyrie Irving,BKN,54,34.9,6.840428416132304,1.734992972823621,-0.3372435362233144,0.9880847427334061,1.288947019044787,0.21244539521930347,0.9500977526633991,1.078832419729223,1.4339850142778958,-0.5097133641360168,26.9,4.8,6.0,1.4,0.7,2.8,0.506,20.1,0.922,4.0,2.4
202695,Kawhi Leonard,LAC,52,34.1,6.346609154567786,1.3726734379260872,0.333037849099719,0.6260384247852878,1.9187256928451721,-0.41650478799574064,0.02267044529131757,1.0973542376108563,1.4403513604075546,-0.04773750540246672,24.8,6.5,5.2,1.6,0.4,1.9,0.512,17.5,0.885,5.7,2.0
201935,James Harden,BKN,44,36.6,6.313756792201423,1.3381668155548936,0.8850342840716289,3.1603626504221163,0.6591683452444022,0.4220954562909851,0.9500977526633991,-0.08602218917478341,1.3424704761989978,-2.3576167990702173,24.6,7.9,10.8,1.2,0.8,2.8,0.466,16.7,0.861,7.3,4.0
202710,Jimmy Butler III,MIA,52,33.6,6.163174780898895,0.8033141688013902,0.4907511162345505,1.4858984299120686,3.4931723773461343,-0.6261548490674221,-1.4199942550652538,0.5803439149372225,1.5190753478860595,-0.16323147008585434,21.5,6.9,7.1,2.1,0.3,0.5,0.497,14.2,0.863,8.0,2.1
203954,Joel Embiid,PHI,51,31.1,6.133063429062199,2.011045951793171,1.9495988372317403,-0.4601005290590671,0.029389671444017516,1.6799958227210734,-0.8017093834838659,1.1294780154993138,1.9135361598355454,-1.3181711169197297,28.5,10.6,2.8,1.0,1.4,1.1,0.513,17.6,0.859,10.7,3.1
201142,Kevin Durant,BKN,35,33.1,5.916339429306348,1.734992972823621,0.5696077498019659,0.8070615837593468,-0.9152783392565598,1.4703457616493922,0.5379078382758073,1.7138602694790024,1.6624946037436634,-1.664653010969892,26.9,7.1,5.6,0.7,1.3,2.4,0.537,17.2,0.882,6.8,3.4
203081,Damian Lillard,POR,67,35.8,5.502943566947684,2.0628058853499622,-0.5738134369255613,1.6669215888861277,-0.28549966545617483,-0.6261548490674221,2.289714974423072,-0.547750555415992,2.719396777390014,-1.202677152236342,28.8,4.2,7.5,0.9,0.3,4.1,0.451,19.9,0.928,7.2,3.0
202696,Nikola Vučević,CHI,70,33.5,4.733618157872726,1.1311270813277305,2.3833103218525267,-0.007542631623919305,-0.28549966545617483,0.21244539521930347,0.6409553168727055,0.216215370282106,0.2593565454341403,0.1832504239643083,23.4,11.7,3.8,0.9,0.7,2.5,0.477,19.9,0.84,2.2,1.8
1626157,Karl-Anthony Towns,MIN,50,33.8,4.713757035246437,1.3726734379260872,1.9495988372317403,0.30924789658068425,-0.6003890023563672,1.0510456395060295,0.5379078382758073,0.4255249059667986,1.101812563718774,-1.4336650816031173,24.8,10.6,4.5,0.8,1.1,2.4,0.486,17.5,0.859,6.2,3.2
203078,Bradley Beal,WAS,60,35.8,4.196342454066622,2.494138664989884,-0.3766718530070221,0.2639921068371696,0.6591683452444022,-0.41650478799574064,0.33181288108201173,0.5179272786575347,2.0406509351781126,-1.3181711169197297,31.3,4.7,4.4,1.2,0.4,2.2,0.485,23.0,0.889,7.7,3.1
1626167,Myles Turner,IND,47,31.0,4.1382033405445835,-0.7322305267167316,0.333037849099719,-1.2747047444423332,-0.28549966545617483,5.872997044154702,-0.38951946909627416,0.11257351435516247,-0.14367694405134404,0.6452262826978585,12.6,6.5,1.0,0.9,3.4,1.5,0.477,9.2,0.782,3.0,1.4
1627832,Fred VanVleet,TOR,52,36.5,4.0646243180237525,0.47550125627504986,-0.5738134369255613,1.1238521119639504,2.2336150297453643,0.21244539521930347,1.465335145647889,-1.9847152387596034,0.929153630893052,0.1832504239643083,19.6,4.2,6.3,1.7,0.7,3.3,0.389,16.7,0.885,3.7,1.8
203507,Giannis Antetokounmpo,MIL,61,33.0,4.003735193928505,1.9420327070507841,2.1073121043665717,0.9428289529898914,0.6591683452444022,1.2606957005777106,-0.8017093834838659,2.6429751338270435,-3.0849153556741413,-1.664653010969892,28.1,11.0,5.9,1.2,1.2,1.1,0.569,18.0,0.685,9.5,3.4
1628369,Jayson Tatum,BOS,64,35.8,3.9575707005204066,1.6487264168956368,0.6878927001530897,0.21873631709365463,0.6591683452444022,-0.20685472692405926,1.0531452312602971,-0.32450831297658916,1.0774599879601545,-0.8561952581861796,26.4,7.4,4.3,1.2,0.5,2.9,0.459,20.6,0.868,5.3,2.7
101108,Chris Paul,PHX,70,31.4,3.334274776525677,-0.07660470166405056,-0.45552848657443784,2.300502645295335,1.288947019044787,-0.6261548490674221,-0.38951946909627416,0.5548055410468585,1.016552512310123,-0.278725434769242,16.4,4.5,8.9,1.4,0.3,1.5,0.499,12.6,0.934,2.6,2.2
1628389,Bam Adebayo,MIA,64,33.5,3.0620548854320804,0.32022145560467763,1.318745768692415,0.7165500042723175,0.6591683452444022,0.8413955784343479,-1.9352316480497436,1.861024853712627,0.020881821023828063,-0.740701293502792,18.7,9.0,5.4,1.2,1.0,0.0,0.57,12.5,0.799,5.5,2.6
201950,Jrue Holiday,MIL,59,32.3,3.0019410257675845,0.1476883437487089,-0.45552848657443784,1.0333405324769207,1.9187256928451721,0.002795334147622111,0.02267044529131757,0.6917228822879358,-0.08074828368641288,-0.278725434769242,17.7,4.5,6.1,1.6,0.6,1.9,0.503,13.9,0.787,2.3,2.2
203497,Rudy Gobert,UTA,71,30.8,2.875167949501091,-0.4389242365615845,3.093020023959268,-1.1389373752117886,-1.2301676761567522,4.405446616652932,-1.9352316480497436,2.5002106625786924,-2.6789928063576287,0.2987443886476959,14.3,13.5,1.3,0.6,2.7,0.0,0.675,8.2,0.623,5.3,1.7
203897,Zach LaVine,CHI,58,35.1,2.8607112896570057,1.8212595287516056,-0.25838690265589864,0.49027105555474354,-0.6003890023563672,-0.20685472692405926,1.568382624244787,1.0707232182140818,0.7558524704813936,-1.7801469756532797,27.4,5.0,4.9,0.8,0.5,3.4,0.507,19.4,0.849,5.1,3.5
204001,Kristaps Porziņģis,DAL,43,30.9,2.7519063781551787,0.5617678122030343,1.2793174519087074,-1.0031700059812445,-1.5450570130569445,1.4703457616493922,0.43486035967890935,0.1539936383359952,0.5236341613526956,0.8762142120646336,20.1,8.9,1.6,0.5,1.3,2.3,0.476,15.9,0.855,3.2,1.2
202331,Paul George,LAC,54,33.7,2.6377447571238286,1.113873770142134,0.3724661658834267,0.6260384247852878,0.3442790083442102,-0.41650478799574064,1.3622876670509914,-0.06593523043261691,0.8503987856326405,-1.5491590462865044,23.3,6.6,5.2,1.1,0.4,3.2,0.467,17.6,0.868,4.2,3.3
203076,Anthony Davis,LAL,36,32.3,2.633986199387676,0.8550741023581809,0.8850342840716289,-0.3243331598285227,0.9740576821445949,2.099295944864436,-1.213899297871458,0.5395439411086759,-1.0175558273740055,-0.16323147008585434,21.8,7.9,3.1,1.3,1.6,0.7,0.491,17.0,0.738,5.9,2.1
1629008,Michael Porter Jr.,DEN,61,31.3,2.6051107393702475,0.3719813891614684,0.6484643833693816,-1.2294489546988183,-0.9152783392565598,0.6317455173626665,0.9500977526633991,1.4393286563495167,-0.05249991296205268,0.760720247381246,19.0,7.3,1.1,0.7,0.9,2.8,0.542,13.4,0.791,2.2,1.3
1627734,Domantas Sabonis,IND,62,36.0,2.4870187223013147,0.5962744345742279,2.5015952722036503,1.3048752709380096,0.6591683452444022,-0.20685472692405926,-1.1108518192745598,1.4152195809053754,-1.0077546243958395,-1.664653010969892,20.3,12.0,6.7,1.2,0.5,0.8,0.535,14.6,0.732,5.3,3.4
202699,Tobias Harris,PHI,62,32.5,2.437531334717734,0.45824794508945277,0.45132279945084247,-0.14331000085446358,-0.28549966545617483,0.4220954562909851,-0.5956144262900701,0.9378043689072734,0.893740468932193,0.2987443886476959,19.5,6.8,3.5,0.9,0.8,1.3,0.512,14.9,0.892,3.3,1.7
203991,Clint Capela,ATL,63,30.1,2.4077813672298554,-0.2836444358912129,3.4084465582289307,-1.3652163239293627,-0.9152783392565598,2.9378961891511617,-1.9352316480497436,2.03032584528693,-2.3457306903749218,0.8762142120646336,15.2,14.3,0.8,0.7,2.0,0.0,0.594,11.0,0.573,3.6,1.2
2544,LeBron James,LAL,45,33.4,2.317104871833259,1.4071800602972808,0.8061776505042132,1.802688958116672,0.3442790083442102,0.002795334147622111,0.43486035967890935,1.1734673329681922,-1.6432089272037864,-2.011134905020055,25.0,7.7,7.8,1.1,0.6,2.3,0.513,18.3,0.698,5.7,3.7
203468,CJ McCollum,POR,47,34.0,2.2906677150743384,1.0793671477709403,-0.6920983872766849,0.3997594760677139,-0.28549966545617483,-0.41650478799574064,1.7744775814385831,-0.3218623389934987,0.10780240682134154,0.6452262826978585,23.1,3.9,4.7,0.9,0.4,3.6,0.458,18.8,0.812,2.8,1.4
1627750,Jamal Murray,DEN,48,35.5,2.1811524277151118,0.7515542352445995,-0.6526700704929771,0.4450152658112285,0.9740576821445949,-0.6261548490674221,0.8470502740665016,0.18328244409971278,0.6532368453615034,-0.3942193994526291,21.2,4.0,4.8,1.3,0.3,2.7,0.477,16.5,0.869,3.2,2.3
1627759,Jaylen Brown,BOS,58,34.5,2.0438280925470536,1.35542012674049,0.13589626518117978,-0.1885657905979784,0.6591683452444022,0.002795334147622111,0.9500977526633991,0.40788311068222005,-0.4226717933281017,-0.8561952581861796,24.7,6.0,3.4,1.2,0.6,2.8,0.484,19.2,0.764,4.3,2.7
1629029,Luka Dončić,DAL,66,34.3,2.03089890566926,1.8730194623083962,0.9244626008553366,2.1647352760647904,0.029389671444017516,-0.20685472692405926,1.0531452312602971,0.2825655303848694,-1.3854654466040082,-2.70409869312038,27.7,8.0,8.6,1.0,0.5,2.9,0.479,20.5,0.73,7.1,4.3
1626179,Terry Rozier,CHA,69,34.5,1.9623381686724355,0.6135277457598244,-0.4949568033581455,0.17348052735014,0.9740576821445949,-0.41650478799574064,1.3622876670509914,-0.4715016176443456,0.1541912960841956,0.06775645928092092,20.4,4.4,4.2,1.3,0.4,3.2,0.45,16.4,0.817,2.9,1.9
202685,Jonas Valančiūnas,MEM,62,28.3,1.954996792797079,0.04416847663512803,2.6987368561221894,-0.9126584264942148,-1.2301676761567522,0.6317455173626665,-1.6260892122590496,2.1773309623385395,-0.24230805808251116,0.4142383533310833,17.1,12.5,1.8,0.6,0.9,0.3,0.592,12.0,0.773,3.3,1.6
1628384,OG Anunoby,TOR,43,33.3,1.7870762020046453,-0.16287125759203464,-0.061245318737359423,-0.7316352675201557,1.6038363559449795,0.21244539521930347,0.5379078382758073,0.19426205489115314,-0.10436798712474422,0.2987443886476959,15.9,5.5,2.2,1.5,0.7,2.4,0.48,12.1,0.784,2.4,1.7
203944,Julius Randle,NYK,71,37.6,1.7498829820723487,1.251900259626909,1.791885570096909,0.9880847427334061,-0.28549966545617483,-0.6261548490674221,0.43486035967890935,-0.3731162725320229,0.2325758479617267,-1.664653010969892,24.1,10.2,6.0,0.9,0.3,2.3,0.456,18.6,0.811,6.0,3.4
1626158,Richaun Holmes,SAC,61,29.2,1.7360049169421006,-0.45617754774718167,1.0427475512064603,-0.9579142162377298,-1.2301676761567522,2.099295944864436,-1.9352316480497436,2.3352389096865447,-0.03800061268856715,0.8762142120646336,14.2,8.3,1.7,0.6,1.6,0.0,0.637,9.4,0.794,2.8,1.2
1628969,Mikal Bridges,PHX,72,32.6,1.6776949258024156,-0.5769507260463597,-0.5343851201418536,-0.7768910572636705,0.3442790083442102,0.6317455173626665,0.02267044529131757,1.0198472809588572,0.20918950649906426,1.3381900707981835,13.5,4.3,2.1,1.1,0.9,1.9,0.543,9.3,0.84,1.8,0.8
1628378,Donovan Mitchell,UTA,53,33.4,1.6392042191729814,1.6487264168956368,-0.4949568033581455,0.6260384247852878,0.029389671444017516,-0.6261548490674221,1.568382624244787,-0.9632629698320162,0.8227309269304028,-0.9716892228695667,26.4,4.4,5.2,1.0,0.3,3.4,0.438,20.6,0.845,6.0,2.8
1628366,Lonzo Ball,NOP,55,31.8,1.6092654146489935,-0.3871643030047941,-0.3372435362233144,0.8523173735028617,1.6038363559449795,0.002795334147622111,1.2592401884540934,-1.034910984092887,-0.07087957931032583,-0.278725434769242,14.6,4.8,5.7,1.5,0.6,3.1,0.414,12.7,0.781,1.2,2.2
1628449,Chris Boucher,TOR,60,24.2,1.5945122020688411,-0.5596974148607629,0.41189448266713474,-1.2294489546988183,-1.2301676761567522,2.7282461280794803,-0.38951946909627416,0.621622290311819,-0.09660725497516898,1.3381900707981835,13.6,6.7,1.1,0.6,1.9,1.5,0.514,9.3,0.788,3.2,0.8
203114,Khris Middleton,MIL,68,33.4,1.5187439014722202,0.6135277457598244,0.13589626518117978,0.7165500042723175,0.3442790083442102,-1.045454971210785,0.33181288108201173,0.15317267765820597,1.0096615838880472,-0.740701293502792,20.4,6.0,5.4,1.1,0.1,2.2,0.476,15.8,0.898,3.5,2.6
1627763,Malcolm Brogdon,IND,56,34.5,1.4031666658635022,0.7515542352445995,-0.14010195230477518,0.9428289529898914,-0.28549966545617483,-0.6261548490674221,0.7440027954696035,-0.42718155342758074,0.6069501725012149,-0.16323147008585434,21.2,5.3,5.9,0.9,0.3,2.6,0.453,17.5,0.864,3.2,2.1
1627742,Brandon Ingram,NOP,61,34.3,1.4024711110828139,1.2001403260701184,-0.2978152194396063,0.49027105555474354,-0.9152783392565598,0.002795334147622111,0.43486035967890935,-0.09454482412478231,1.207249747271773,-0.6252073288194043,23.8,4.9,4.9,0.7,0.6,2.3,0.466,18.0,0.878,5.2,2.5
1628983,Shai Gilgeous-Alexander,OKC,35,33.7,1.3974198260147352,1.1828870148845214,-0.3766718530070221,0.9428289529898914,-0.6003890023563672,0.21244539521930347,0.12571792388821562,0.9163530798300759,0.19692546680245882,-1.202677152236342,23.7,4.7,5.9,0.8,0.7,2.0,0.508,16.1,0.808,6.5,3.0
201144,Mike Conley,UTA,51,29.4,1.3623815060201578,-0.1111113240352442,-0.8498116544115163,0.9880847427334061,1.288947019044787,-0.8358049101391035,0.8470502740665016,-0.46453821736295364,0.43180911684336,0.06775645928092092,16.2,3.5,6.0,1.4,0.2,2.7,0.444,12.5,0.852,2.8,1.9
1627783,Pascal Siakam,TOR,56,35.8,1.360182474523787,0.7860608576157931,0.609036066585674,0.30924789658068425,0.3442790083442102,0.21244539521930347,-0.5956144262900701,-0.36866300381941086,0.4576100797402323,-0.3942193994526291,21.4,7.2,4.5,1.1,0.7,1.3,0.455,17.2,0.827,5.4,2.3
203992,Bogdan Bogdanović,ATL,44,29.7,1.319175017524599,-0.07660470166405056,-0.8103833376278083,-0.23382158034149322,0.3442790083442102,-0.6261548490674221,1.465335145647889,0.07184441482973432,0.30846670533890636,0.8762142120646336,16.4,3.6,3.3,1.1,0.3,3.3,0.473,12.8,0.909,1.0,1.2
1629028,Deandre Ayton,PHX,69,30.6,1.2267621609773443,-0.4216709253759877,1.9101705204480326,-1.093681585468274,-1.2301676761567522,1.2606957005777106,-1.8321841694528456,2.3203789307993667,-0.2165109524083773,0.529732318014471,14.4,10.5,1.4,0.6,1.2,0.1,0.626,10.0,0.769,2.5,1.5
202330,Gordon Hayward,CHA,44,34.0,1.2194492417108915,0.47550125627504986,0.09646794839747208,0.12822473760662498,0.6591683452444022,-0.6261548490674221,0.02267044529131757,0.08016033306230413,0.5466424949869972,-0.16323147008585434,19.6,5.9,4.1,1.2,0.3,1.9,0.473,15.0,0.843,4.2,2.1
200768,Kyle Lowry,TOR,46,34.8,1.173458067842049,0.06142178782072454,-0.10067363552106712,1.576410009399098,0.029389671444017516,-0.6261548490674221,0.9500977526633991,-0.6376191717702425,0.7767817610597207,-0.8561952581861796,17.2,5.4,7.3,1.0,0.3,2.8,0.436,13.0,0.875,3.5,2.7
201942,DeMar DeRozan,SAS,61,33.7,1.1376618126823002,0.8205674799869873,-0.5738134369255613,1.3953868504250393,-0.28549966545617483,-0.8358049101391035,-1.6260892122590496,0.5710475688448466,1.7196046436077828,-0.04773750540246672,21.6,4.2,6.9,0.9,0.2,0.3,0.495,15.1,0.88,7.2,2.0
1627747,Caris LeVert,IND,47,31.6,1.13426179029486,0.5790211233886308,-0.4161001697907301,0.6260384247852878,1.288947019044787,0.002795334147622111,-0.08037703330558026,-0.7285627150551234,0.14122524184920845,-0.278725434769242,20.2,4.6,5.2,1.4,0.6,1.8,0.441,17.3,0.811,3.8,2.2
1629027,Trae Young,ATL,63,33.7,1.1240924965586276,1.4589399938540715,-0.6920983872766849,2.5267815940129092,-0.6003890023563672,-0.8358049101391035,0.33181288108201173,-0.8243552419116944,2.2323163330470903,-2.4731107637536045,25.3,3.9,9.4,0.8,0.2,2.2,0.438,17.7,0.886,8.7,4.1
203496,Robert Covington,POR,70,32.0,1.0921446592824569,-1.4396162853262033,0.41189448266713474,-0.9579142162377298,1.288947019044787,1.2606957005777106,0.02267044529131757,-0.7250189998991982,0.007790407049841887,1.2226961061147963,8.5,6.7,1.7,1.4,1.2,1.9,0.401,7.3,0.806,0.9,0.9
201143,Al Horford,BOS,28,27.9,1.0133042555249905,-0.45617754774718167,0.41189448266713474,-0.1885657905979784,-0.28549966545617483,0.6317455173626665,0.12571792388821562,-0.365869375038157,0.032856569015057,1.1072021414314086,14.2,6.7,3.4,0.9,0.9,2.0,0.45,12.9,0.818,0.8,1.0
203110,Draymond Green,GSW,63,31.5,0.9973013963288235,-1.6984159531101564,0.5696077498019659,2.300502645295335,2.2336150297453643,0.4220954562909851,-1.4199942550652538,-0.18420081756967727,-0.023231306823397153,-1.202677152236342,7.0,7.1,8.9,1.7,0.8,0.5,0.447,6.0,0.795,1.4,3.0
1628381,John Collins,ATL,63,29.3,0.9802806783307425,0.1304350325631124,0.6878927001530897,-1.1841931649553037,-1.5450570130569445,0.8413955784343479,-0.5956144262900701,1.5647289233338386,0.3199728007674263,0.760720247381246,17.6,7.4,1.2,0.5,1.0,1.3,0.556,12.2,0.833,3.2,1.3
202689,Kemba Walker,OKC,43,31.8,0.9618791966144471,0.42374132271825915,-0.6526700704929771,0.49027105555474354,0.3442790083442102,-0.6261548490674221,1.1561927098571951,-1.1458292684733302,1.0197867935762353,-0.04773750540246672,19.3,4.0,4.9,1.1,0.3,3.0,0.42,15.7,0.899,3.5,2.0
1628368,De'Aaron Fox,SAC,58,35.1,0.8115583327459082,1.4416866826684744,-0.8498116544115163,1.5311542196555834,1.6038363559449795,-0.20685472692405926,-0.08037703330558026,0.20846644647448412,-1.6338648051201154,-1.202677152236342,25.2,3.5,7.2,1.5,0.5,1.8,0.477,19.1,0.719,7.2,3.0
1626174,Christian Wood,HOU,41,32.3,0.659785014128611,0.7170476128734058,1.555315669394662,-0.9579142162377298,-0.6003890023563672,1.2606957005777106,0.02267044529131757,1.0268283998160284,-2.31673208982795,-0.04773750540246672,21.0,9.6,1.7,0.8,1.2,1.9,0.514,15.6,0.631,4.8,2.0
1630169,Tyrese Haliburton,SAC,58,30.1,0.57747285328107,-0.663217281974344,-1.0469532383300555,0.6712942145288024,0.9740576821445949,-0.20685472692405926,0.22876540248511368,0.048107429476965544,0.1580350185429688,0.4142383533310833,13.0,3.0,5.3,1.3,0.5,2.1,0.472,10.7,0.857,1.0,1.6
1627749,Dejounte Murray,SAS,67,31.9,0.5389398984841969,-0.19737787996322856,0.5696077498019659,0.7165500042723175,1.6038363559449795,-1.045454971210785,-1.007804340677662,-0.34992856302842235,-0.04923284530266404,0.2987443886476959,15.7,7.1,5.4,1.5,0.1,0.9,0.453,14.5,0.791,2.0,1.7
1629627,Zion Williamson,NOP,61,33.2,0.49281067242554943,1.7522462840092183,0.609036066585674,-0.05279842136743393,-0.28549966545617483,0.002795334147622111,-1.7291366908559478,3.551701823644667,-2.499338800095896,-0.8561952581861796,27.0,7.2,3.7,0.9,0.6,0.2,0.611,17.0,0.698,8.7,2.7
203937,Kyle Anderson,MEM,69,27.4,0.4838109384193213,-0.7667371490879252,0.017611314830056332,-0.09805421111094875,0.6591683452444022,0.4220954562909851,-0.4925669476931722,-0.01076549164679593,-0.12315459047191374,0.8762142120646336,12.4,5.7,3.6,1.2,0.8,1.4,0.468,9.5,0.783,2.7,1.2
203482,Kelly Olynyk,HOU,70,28.5,0.4294391033409878,-0.5769507260463597,0.5301794330182582,-0.4148447393155523,0.3442790083442102,0.002795334147622111,-0.08037703330558026,0.2236807968772548,0.21742660565682637,0.1832504239643083,13.5,7.0,2.9,1.1,0.6,1.8,0.484,10.0,0.829,2.5,1.8
1626181,Norman Powell,POR,69,32.0,0.37536066939740753,0.30296814441908115,-1.0075249215463475,-0.8674026367507002,0.6591683452444022,-0.6261548490674221,0.6409553168727055,0.152286748869225,0.8223201327087679,0.2987443886476959,18.6,3.1,1.9,1.2,0.3,2.5,0.477,13.3,0.871,3.9,1.7
1630163,LaMelo Ball,CHA,51,28.8,0.36046832318080246,-0.19737787996322856,0.09646794839747208,1.0333405324769207,1.9187256928451721,-0.41650478799574064,-0.08037703330558026,-0.6477896342677464,-0.3743272921368998,-0.9716892228695667,15.7,5.9,6.1,1.6,0.4,1.8,0.436,13.2,0.758,3.2,2.8
201566,Russell Westbrook,WAS,65,36.4,0.3123066017141487,0.9240873471005682,2.304453688285111,3.5676647581137484,1.288947019044787,-0.41650478799574064,-0.5956144262900701,-0.8585698117421475,-2.62058866826479,-3.2815685165373174,22.2,11.5,11.7,1.4,0.4,1.3,0.439,19.0,0.656,6.4,4.8
1629057,Robert Williams III,BOS,52,18.9,0.2674712879817813,-1.5258828412541876,0.4907511162345505,-0.9126584264942148,-0.6003890023563672,2.5185960670077994,-1.9352316480497436,1.8732802019602008,-0.7481963204976649,1.1072021414314086,8.0,6.9,1.8,0.8,1.8,0.0,0.721,5.0,0.616,1.4,1.0
204456,T.J. McConnell,IND,69,26.0,0.24196874360460827,-1.4223629741406065,-0.7709550208441005,1.2596194811944945,2.8633937035457486,-0.6261548490674221,-1.7291366908559478,0.9518788242682215,-0.2365762250933128,-0.04773750540246672,8.6,3.7,6.6,1.9,0.3,0.2,0.559,7.1,0.688,0.7,2.0
203457,Nerlens Noel,NYK,64,24.2,0.21616044015744706,-2.0262288656364973,0.2936095323160113,-1.4104721136728777,0.3442790083442102,3.357196311294525,-1.9352316480497436,0.7653671894199778,-0.27956111528956734,1.1072021414314086,5.1,6.4,0.7,1.1,2.2,0.0,0.614,3.5,0.714,1.1,1.0
1626153,Delon Wright,SAC,63,27.7,0.0989223239299909,-1.1463099951710567,-0.5343851201418536,0.2639921068371696,1.9187256928451721,-0.20685472692405926,-0.904756862080764,-0.06662034869609575,0.014411329880232616,0.760720247381246,10.2,4.3,4.4,1.6,0.5,1.0,0.463,8.2,0.802,2.0,1.3
1627741,Buddy Hield,SAC,71,34.3,0.04006816716482664,-0.04209807929285633,-0.3766718530070221,-0.09805421111094875,-0.28549966545617483,-0.41650478799574064,2.1866674958261747,-1.3086216365445833,0.19760048078166953,0.1832504239643083,16.6,4.7,3.6,0.9,0.4,4.0,0.406,14.0,0.846,1.5,1.8
1626164,Devin Booker,PHX,67,33.9,0.016054676386133115,1.5106999274108623,-0.5738134369255613,0.21873631709365463,-0.6003890023563672,-0.8358049101391035,0.02267044529131757,0.40788311068222005,1.18424334224884,-1.3181711169197297,25.6,4.2,4.3,0.8,0.2,1.9,0.484,19.2,0.867,5.9,3.1
203924,Jerami Grant,DET,54,33.9,-0.08936445620130243,0.9413406582861653,-0.4161001697907301,-0.4601005290590671,-1.2301676761567522,1.0510456395060295,0.22876540248511368,-1.0350940760426097,0.878683799973015,-0.04773750540246672,22.3,4.6,2.8,0.6,1.1,2.1,0.429,17.3,0.845,6.4,2.0
203095,Evan Fournier,BOS,42,30.0,-0.13672988577914386,0.04416847663512803,-1.0469532383300555,-0.1885657905979784,0.3442790083442102,-0.20685472692405926,0.9500977526633991,-0.23253709229649017,-0.0991086639209937,0.2987443886476959,17.1,3.0,3.4,1.1,0.5,2.8,0.457,12.9,0.788,3.3,1.7
1626204,Larry Nance Jr.,CLE,35,31.2,-0.20617792558486947,-1.3015897958414282,0.41189448266713474,-0.3243331598285227,2.2336150297453643,-0.20685472692405926,-0.6986619048869681,0.029910452151292427,-0.7643966559987659,0.4142383533310833,9.3,6.7,3.1,1.7,0.5,1.2,0.471,7.8,0.612,1.4,1.6
1629023,P.J. Washington,CHA,64,30.5,-0.28410714265132125,-0.6804705931599409,0.333037849099719,-0.5958678982896114,0.3442790083442102,1.2606957005777106,-0.08037703330558026,-0.4574625994349573,-0.3602040710804046,-0.04773750540246672,12.9,6.5,2.5,1.1,1.2,1.8,0.44,10.7,0.745,2.3,2.0
1629011,Mitchell Robinson,NYK,31,27.5,-0.3341074016947898,-1.474122907697397,0.9638909176390443,-1.5009836931599072,0.3442790083442102,1.889645883792755,-1.9352316480497436,1.5599449078733396,-1.5197199412352749,1.3381900707981835,8.3,8.1,0.5,1.1,1.5,0.0,0.653,5.7,0.491,1.7,0.8
201572,Brook Lopez,MIL,70,27.2,-0.3390837627062693,-0.783990460273522,-0.25838690265589864,-1.4104721136728777,-1.2301676761567522,1.889645883792755,-0.4925669476931722,0.4609561513341197,0.2632021965042825,1.2226961061147963,12.3,5.0,0.7,0.6,1.5,1.4,0.503,9.1,0.845,2.0,0.9
1627736,Malik Beasley,MIN,37,32.8,-0.39277023334222483,0.47550125627504986,-0.4949568033581455,-0.6411236880331262,-0.6003890023563672,-0.8358049101391035,1.6714301028416851,-0.7046662625203378,0.32300072061703694,0.4142383533310833,19.6,4.4,2.4,0.8,0.2,3.5,0.44,16.2,0.85,2.2,1.6
203952,Andrew Wiggins,GSW,71,33.3,-0.4327899093333402,0.30296814441908115,-0.2978152194396063,-0.6411236880331262,-0.28549966545617483,0.8413955784343479,0.12571792388821562,0.1677845964844689,-0.8294680035948546,0.1832504239643083,18.6,4.9,2.4,0.9,1.0,2.0,0.477,14.9,0.714,3.4,1.8
203935,Marcus Smart,BOS,48,32.9,-0.46380906849171694,-0.6459639707887472,-0.8498116544115163,0.8523173735028617,1.6038363559449795,-0.20685472692405926,0.02267044529131757,-1.1103271488028903,-0.08193823690119582,-0.04773750540246672,13.1,3.5,5.7,1.5,0.5,1.9,0.398,10.6,0.79,3.4,2.0
201980,Danny Green,PHI,69,28.0,-0.5245747478337244,-1.2670831734702346,-0.7315267040603928,-0.9579142162377298,0.9740576821445949,0.4220954562909851,0.6409553168727055,-0.6582258754019448,-0.05413537540311664,1.1072021414314086,9.5,3.8,1.7,1.3,0.8,2.5,0.412,7.9,0.775,0.6,1.0
1629052,Oshae Brissett,IND,21,24.7,-0.5601573653214713,-1.0255368168718784,-0.061245318737359423,-1.319960534185848,-0.28549966545617483,0.8413955784343479,-0.2864719904993761,0.15698807764275222,-0.26449866049628123,1.6846719648483461,10.9,5.5,0.9,0.9,1.0,1.6,0.483,7.2,0.769,3.1,0.5
203084,Harrison Barnes,SAC,58,36.2,-0.5816666366663744,-0.1283646352208407,0.3724661658834267,-0.14331000085446358,-0.9152783392565598,-0.8358049101391035,-0.1834245119024783,0.4587708603212993,0.3790403811712619,0.4142383533310833,16.1,6.6,3.5,0.7,0.2,1.7,0.497,11.1,0.83,4.1,1.6
1628970,Miles Bridges,CHA,66,29.3,-0.6652260692582009,-0.7149772155311348,0.13589626518117978,-0.7316352675201557,-0.9152783392565598,0.4220954562909851,-0.08037703330558026,0.4753790720187332,0.3294326395332478,0.4142383533310833,12.7,6.0,2.2,0.7,0.8,1.8,0.503,9.4,0.867,1.7,1.6
1628386,Jarrett Allen,CLE,63,29.6,-0.7872413128741161,-0.6977239043455377,1.7130289365294935,-0.9579142162377298,-1.5450570130569445,1.6799958227210734,-1.8321841694528456,1.701132425877306,-1.2627575482400148,0.4142383533310833,12.8,10.0,1.7,0.5,1.4,0.1,0.618,7.7,0.703,4.6,1.6
203506,Victor Oladipo,MIA,33,32.7,-0.8122822194242865,0.5100078786462435,-0.3372435362233144,0.3545036863241989,1.288947019044787,-0.41650478799574064,0.5379078382758073,-1.5899630889653729,-0.534729899711491,-0.6252073288194043,19.8,4.8,4.6,1.4,0.4,2.4,0.408,17.5,0.754,4.2,2.5
1627732,Ben Simmons,PHI,58,32.4,-0.8533073721074851,-0.4389242365615845,0.609036066585674,1.3953868504250393,1.9187256928451721,0.002795334147622111,-1.8321841694528456,1.3143418228000527,-2.6198075806602734,-1.202677152236342,14.3,7.2,6.9,1.6,0.6,0.1,0.557,10.1,0.613,4.9,3.0
1628401,Derrick White,SAS,36,29.5,-0.9134892443924818,-0.24913781352001899,-1.0469532383300555,-0.14331000085446358,-0.9152783392565598,0.8413955784343479,0.43486035967890935,-1.0823908609903516,0.48660482306446484,0.760720247381246,15.4,3.0,3.5,0.7,1.0,2.3,0.411,12.6,0.851,3.2,1.3
202683,Enes Freedom,POR,72,24.4,-0.9323582083375181,-0.9737768833150878,2.1073121043665717,-1.1841931649553037,-1.5450570130569445,0.21244539521930347,-1.9352316480497436,1.5616813282997422,-0.16724650359407695,0.9917081767480209,11.2,11.0,1.2,0.5,0.7,0.0,0.604,7.8,0.774,2.3,1.1
203925,Joe Harris,BKN,69,31.0,-0.9415131181734442,-0.4734308589327785,-0.8103833376278083,-0.8674026367507002,-0.9152783392565598,-0.8358049101391035,1.2592401884540934,0.5439617726697291,-0.06511110270511247,1.2226961061147963,14.1,3.6,1.9,0.7,0.2,3.1,0.505,10.2,0.778,0.9,0.9
1627751,Jakob Poeltl,SAS,69,26.7,-1.0240446592363832,-1.4223629741406065,0.8850342840716289,-0.8674026367507002,-0.9152783392565598,2.5185960670077994,-1.9352316480497436,1.3560041006498733,-1.5196177248327085,0.8762142120646336,8.6,7.9,1.9,0.7,1.8,0.0,0.616,6.2,0.508,1.8,1.2
1626156,D'Angelo Russell,MIN,42,28.5,-1.0265614858412007,0.3719813891614684,-1.2046665054648868,0.8975731632463764,0.3442790083442102,-0.41650478799574064,1.0531452312602971,-0.8791824215657762,-0.3369913046409696,-0.8561952581861796,19.0,2.6,5.8,1.1,0.4,2.9,0.431,15.5,0.765,3.5,2.7
1629012,Collin Sexton,CLE,60,35.3,-1.0511094867069146,1.2864068819981027,-1.0075249215463475,0.2639921068371696,0.029389671444017516,-0.8358049101391035,-0.2864719904993761,0.14734917241863618,0.32324372564955317,-0.9716892228695667,24.3,3.1,4.4,1.0,0.2,1.6,0.475,18.4,0.815,6.4,2.8
1629134,Kendrick Nunn,MIA,56,29.5,-1.1460021178978008,-0.3871643030047941,-0.9680966047626397,-0.5506121085460965,-0.28549966545617483,-0.6261548490674221,0.33181288108201173,0.2771436461963053,0.4173426029631508,0.6452262826978585,14.6,3.2,2.6,0.9,0.3,2.2,0.485,11.8,0.933,1.1,1.4
203903,Jordan Clarkson,UTA,68,26.7,-1.202654361019891,0.2684615220478869,-0.6526700704929771,-0.5958678982896114,-0.28549966545617483,-1.045454971210785,1.2592401884540934,-1.0366296859435107,0.5870218312234916,0.2987443886476959,18.4,4.0,2.5,0.9,0.1,3.1,0.425,15.8,0.896,2.1,1.7
203083,Andre Drummond,LAL,46,27.0,-1.247407261553195,-0.33540436944800334,2.5015952722036503,-0.8221468470071853,1.288947019044787,1.0510456395060295,-1.9352316480497436,0.4365163291420921,-2.576533398758642,-0.8561952581861796,14.9,12.0,2.0,1.4,1.1,0.0,0.493,12.4,0.6,4.5,2.7
203486,Mason Plumlee,DET,56,26.8,-1.2684425212847683,-1.1118033727998626,1.4370307190435387,-0.09805421111094875,-0.6003890023563672,0.6317455173626665,-1.9352316480497436,1.464878842623733,-1.1243758252787053,0.06775645928092092,10.4,9.3,3.6,0.8,0.9,0.0,0.614,6.8,0.669,3.0,1.9
1629631,De'Andre Hunter,ATL,23,29.5,-1.2743817397230697,-0.3181510582624065,-0.3372435362233144,-0.8674026367507002,-0.6003890023563672,-0.20685472692405926,-0.5956144262900701,0.2396983893820344,0.6508550103205677,0.760720247381246,15.0,4.8,1.9,0.8,0.5,1.3,0.484,10.8,0.859,3.7,1.3
201152,Thaddeus Young,CHI,68,24.3,-1.3689044236541126,-0.818497082644716,0.21475289874859554,0.21873631709365463,0.3442790083442102,0.002795334147622111,-1.7291366908559478,1.291862856327637,-0.8459595594127016,-0.04773750540246672,12.1,6.2,4.3,1.1,0.6,0.2,0.559,9.7,0.628,1.7,2.0
203994,Jusuf Nurkić,POR,37,23.8,-1.3926067075859345,-0.9220169497582971,1.318745768692415,-0.1885657905979784,0.029389671444017516,1.0510456395060295,-1.6260892122590496,0.602326761287809,-1.6097050904984138,-0.04773750540246672,11.5,9.0,3.4,1.0,1.1,0.3,0.514,9.0,0.619,3.1,2.0
1628989,Kevin Huerter,ATL,69,30.8,-1.41002187991756,-0.8530037050159096,-0.928668287978932,-0.14331000085446358,0.6591683452444022,-0.6261548490674221,0.12571792388821562,-0.5781792562215322,-0.05730022665993879,0.9917081767480209,11.9,3.3,3.5,1.2,0.3,2.0,0.432,10.6,0.781,0.9,1.1
204060,Joe Ingles,UTA,67,27.9,-1.4192250272800857,-0.818497082644716,-0.8103833376278083,0.3997594760677139,-0.9152783392565598,-0.8358049101391035,0.8470502740665016,0.2536606270963779,0.16152387650981306,0.2987443886476959,12.1,3.6,4.7,0.7,0.2,2.7,0.489,8.4,0.844,1.3,1.7
1628984,Devonte' Graham,CHA,55,30.2,-1.4330618145259928,-0.3526576806336002,-1.165238188681179,0.7165500042723175,-0.28549966545617483,-1.045454971210785,1.465335145647889,-1.659756558961309,0.3639277824823777,0.529732318014471,14.8,2.7,5.4,0.9,0.1,3.3,0.377,12.2,0.842,2.9,1.5
201587,Nicolas Batum,LAC,67,27.4,-1.5025072203339238,-1.5086295300685908,-0.3766718530070221,-0.7316352675201557,0.029389671444017516,0.002795334147622111,-0.2864719904993761,-0.03454382034305068,0.0650701647144486,1.3381900707981835,8.1,4.7,2.2,1.0,0.6,1.6,0.464,6.1,0.828,0.9,0.8
1630162,Anthony Edwards,MIN,72,32.1,-1.51687338594034,0.42374132271825915,-0.3766718530070221,-0.4148447393155523,0.3442790083442102,-0.20685472692405926,0.5379078382758073,-1.3021720749608015,-0.24353272630193953,-0.278725434769242,19.3,4.7,2.9,1.1,0.5,2.4,0.417,16.8,0.776,3.8,2.2
1626171,Bobby Portis,MIL,66,20.8,-1.546660372438595,-0.9392702609438939,0.5696077498019659,-1.2294489546988183,-0.6003890023563672,-0.41650478799574064,-0.8017093834838659,0.7296878839917428,-0.19682368755180163,1.3381900707981835,11.4,7.1,1.1,0.8,0.4,1.1,0.523,9.1,0.74,1.1,0.8
1629634,Brandon Clarke,MEM,59,24.0,-1.5516250969218186,-1.1290566839854594,-0.021817001953651723,-1.0031700059812445,0.029389671444017516,0.6317455173626665,-1.6260892122590496,0.6009447123769985,-0.6027500940910546,1.5691780001649587,10.3,5.6,1.6,1.0,0.9,0.3,0.517,8.4,0.69,1.9,0.6
1627827,Dorian Finney-Smith,DAL,60,32.0,-1.5694533973636637,-1.215323239913444,-0.10067363552106712,-0.9579142162377298,-0.28549966545617483,-0.41650478799574064,0.12571792388821562,0.041427526408047706,-0.09887337333395459,1.3381900707981835,9.8,5.4,1.7,0.9,0.4,2.0,0.472,7.8,0.756,0.7,0.8
203087,Jeremy Lamb,IND,36,21.3,-1.7110838059089226,-1.1635633063566535,-0.8103833376278083,-1.0484257957247594,-0.28549966545617483,0.002795334147622111,-0.4925669476931722,-0.3794713350449813,0.8968532476820469,1.5691780001649587,10.1,3.6,1.5,0.9,0.6,1.4,0.435,7.7,0.947,2.1,0.6
203200,Justin Holiday,IND,72,30.3,-1.7155552560719791,-1.0945500616142658,-0.8103833376278083,-0.9579142162377298,0.029389671444017516,0.002795334147622111,0.5379078382758073,-0.7144114791991306,-0.04657907605867438,1.3381900707981835,10.5,3.6,1.7,1.0,0.6,2.4,0.413,8.7,0.788,1.2,0.8
1630256,Jae'Sean Tate,HOU,70,29.2,-1.7521467433808708,-0.9565235721294907,-0.14010195230477518,-0.5958678982896114,0.6591683452444022,-0.20685472692405926,-1.007804340677662,0.490764701987373,-0.6401535829849061,0.6452262826978585,11.3,5.3,2.5,1.2,0.5,0.9,0.506,8.9,0.694,2.1,1.4
201565,Derrick Rose,NYK,50,25.6,-1.7781743811028883,-0.3699109918191973,-1.2046665054648868,0.17348052735014,0.029389671444017516,-0.41650478799574064,-0.904756862080764,0.0155347810020909,0.48502143313036916,0.4142383533310833,14.7,2.6,4.2,1.0,0.4,1.0,0.47,12.2,0.866,2.5,1.6
1629636,Darius Garland,CLE,54,33.1,-1.7847935485418882,0.09592841019191817,-1.2835231390323025,1.0333405324769207,0.6591683452444022,-1.045454971210785,0.02267044529131757,-0.4042300916010418,0.3399840723340244,-1.202677152236342,17.4,2.4,6.1,1.2,0.1,1.9,0.451,14.9,0.848,2.4,3.0
200746,LaMarcus Aldridge,BKN,26,25.9,-1.8578683276185075,-0.5769507260463597,-0.45552848657443784,-0.8674026367507002,-1.8599463499571367,1.0510456395060295,-0.6986619048869681,0.06655246686355355,0.37582152879610276,1.1072021414314086,13.5,4.5,1.9,0.4,1.1,1.2,0.473,11.4,0.872,1.8,1.0
201937,Ricky Rubio,MIN,68,26.1,-1.8628974062561783,-1.4223629741406065,-0.928668287978932,1.1691079017074653,1.288947019044787,-1.045454971210785,-0.904756862080764,-0.8651434033563873,0.4311958184279612,0.4142383533310833,8.6,3.3,6.4,1.4,0.1,1.0,0.388,7.3,0.867,2.2,1.6
1626162,Kelly Oubre Jr.,GSW,55,30.7,-1.8733032433052788,-0.24913781352001899,0.13589626518117978,-1.1389373752117886,0.029389671444017516,0.4220954562909851,-0.2864719904993761,-0.5893183341949888,-0.9575393701765348,0.760720247381246,15.4,6.0,1.3,1.0,0.8,1.6,0.439,13.2,0.695,3.2,1.3
1629130,Duncan Robinson,MIA,72,31.4,-1.971136585257644,-0.6459639707887472,-0.8498116544115163,-0.9126584264942148,-1.2301676761567522,-0.6261548490674221,1.6714301028416851,-0.4407657948586255,0.07124750692992791,0.9917081767480209,13.1,3.5,1.8,0.6,0.3,3.5,0.439,10.0,0.827,1.0,1.1
1628978,Donte DiVincenzo,MIL,66,27.5,-2.0207914156714435,-1.1118033727998626,0.05703963161376403,-0.3243331598285227,0.3442790083442102,-0.8358049101391035,0.12571792388821562,-0.6542805391950152,-0.26683228025298794,0.6452262826978585,10.4,5.8,3.1,1.1,0.2,2.0,0.42,9.1,0.718,1.1,1.4
2772,Trevor Ariza,MIA,30,28.0,-2.0296350604682614,-1.2843364846558314,-0.3372435362233144,-0.9126584264942148,0.029389671444017516,0.002795334147622111,-0.1834245119024783,-0.6786672056597036,-0.11917393660592925,1.4536840354815712,9.4,4.8,1.8,1.0,0.6,1.7,0.411,8.0,0.773,1.5,0.7
1629001,De'Anthony Melton,MEM,52,20.1,-2.036092563501307,-1.336096418212622,-1.0075249215463475,-0.5958678982896114,0.6591683452444022,0.002795334147622111,-0.1834245119024783,-0.3405731550167812,0.004710414693263552,0.760720247381246,9.1,3.1,2.5,1.2,0.6,1.7,0.438,7.6,0.804,1.0,1.3
203082,Terrence Ross,ORL,46,29.3,-2.043571666494077,-0.21463119114882537,-0.8892399711952241,-0.6863794777766411,0.029389671444017516,-0.20685472692405926,0.02267044529131757,-1.1328179276591601,0.6200531581434149,0.4142383533310833,15.6,3.4,2.3,1.0,0.5,1.9,0.412,13.4,0.87,3.0,1.6
201568,Danilo Gallinari,ATL,51,24.0,-2.1062082067075467,-0.6114573484175533,-0.6132417537092694,-1.0484257957247594,-1.2301676761567522,-0.8358049101391035,0.12571792388821562,-0.4769294080248371,1.2459106907783286,1.3381900707981835,13.3,4.1,1.5,0.6,0.2,2.0,0.434,9.3,0.925,3.4,0.8
1629680,Matisse Thybulle,PHI,65,20.0,-2.1228138095729783,-2.2332685998636594,-1.4806647229508418,-1.2747047444423332,1.9187256928451721,1.0510456395060295,-1.213899297871458,-0.2521043061491211,-0.32261543549511223,1.6846719648483461,3.9,1.9,1.0,1.6,1.1,0.7,0.42,3.7,0.444,0.3,0.5
203109,Jae Crowder,PHX,60,27.5,-2.1960754508931766,-1.1635633063566535,-0.3766718530070221,-0.7768910572636705,-0.6003890023563672,-0.20685472692405926,0.6409553168727055,-0.780974262211249,-0.1543826657616554,1.2226961061147963,10.1,4.7,2.1,0.8,0.5,2.5,0.404,8.2,0.76,1.3,0.9
1626149,Montrezl Harrell,LAL,69,22.9,-2.243729022245816,-0.5769507260463597,0.21475289874859554,-1.2294489546988183,-0.9152783392565598,0.21244539521930347,-1.9352316480497436,1.9703957158083172,-0.9761215407185713,0.9917081767480209,13.5,6.2,1.1,0.7,0.7,0.0,0.622,8.7,0.707,3.7,1.1
1628404,Josh Hart,NOP,47,28.7,-2.2466846999318673,-1.3188431070270252,0.9244626008553366,-0.6863794777766411,-0.6003890023563672,-0.6261548490674221,-0.5956144262900701,-0.3154245897935689,-0.13554398990751781,1.1072021414314086,9.2,8.0,2.3,0.8,0.3,1.3,0.439,7.3,0.775,1.9,1.0
201586,Serge Ibaka,LAC,41,23.3,-2.2627746628752448,-0.9910301945006846,0.41189448266713474,-0.9126584264942148,-2.4897250237575217,1.0510456395060295,-0.904756862080764,0.5433298101335894,0.03741773490316498,0.9917081767480209,11.1,6.7,1.8,0.2,1.1,1.0,0.51,8.9,0.811,1.3,1.1
203471,Dennis Schröder,LAL,61,32.1,-2.2638139689466823,-0.24913781352001899,-0.8498116544115163,0.8975731632463764,0.3442790083442102,-0.8358049101391035,-0.6986619048869681,-0.5937361657560416,0.5776815663625591,-0.8561952581861796,15.4,3.5,5.8,1.1,0.2,1.2,0.437,12.5,0.848,4.0,2.7
1628415,Dillon Brooks,MEM,67,29.8,-2.27156742472546,0.06142178782072454,-1.0863815551137634,-0.6863794777766411,0.6591683452444022,-0.41650478799574064,0.02267044529131757,-1.1462249833324085,0.13741237717234103,0.1832504239643083,17.2,2.9,2.3,1.2,0.4,1.9,0.419,15.4,0.815,2.9,1.8
1629018,Gary Trent Jr.,TOR,58,31.1,-2.2761769144785697,-0.2663911247056158,-1.2046665054648868,-1.093681585468274,0.029389671444017516,-0.8358049101391035,0.9500977526633991,-1.2211804650721423,-0.08762378321753503,1.4536840354815712,15.3,2.6,1.4,1.0,0.2,2.8,0.408,13.5,0.783,1.8,0.7
1626220,Royce O'Neale,UTA,71,31.6,-2.282194363630964,-1.6984159531101564,0.45132279945084247,-0.5958678982896114,-0.6003890023563672,-0.20685472692405926,-0.38951946909627416,-0.191258716921894,0.07257439155192287,0.8762142120646336,7.0,6.8,2.5,0.8,0.5,1.5,0.444,5.5,0.848,0.6,1.2
202322,John Wall,HOU,40,32.2,-2.3218255123975267,0.6480343681310186,-0.9680966047626397,1.3953868504250393,0.3442790083442102,0.4220954562909851,0.12571792388821562,-1.7619927412097358,-0.74710279785134,-1.7801469756532797,20.6,3.2,6.9,1.1,0.8,2.0,0.404,18.2,0.749,5.3,3.5
1628374,Lauri Markkanen,CHI,51,25.8,-2.345179228268596,-0.5596974148607629,-0.14010195230477518,-1.319960534185848,-1.5450570130569445,-0.6261548490674221,0.43486035967890935,0.16744203735272983,0.1362879967441099,1.1072021414314086,13.6,5.3,0.9,0.5,0.3,2.3,0.48,10.2,0.826,1.8,1.0
1626196,Josh Richardson,DAL,59,30.3,-2.3535661821011624,-0.818497082644716,-0.928668287978932,-0.5506121085460965,0.029389671444017516,-0.41650478799574064,-0.38951946909627416,-0.650022174815979,0.6101478101513131,0.760720247381246,12.1,3.3,2.6,1.0,0.4,1.5,0.427,10.5,0.917,1.8,1.3
203493,Reggie Bullock Jr.,NYK,65,30.0,-2.3989753343764617,-1.0255368168718784,-0.8892399711952241,-1.0484257957247594,-0.6003890023563672,-0.8358049101391035,0.6409553168727055,-0.33767912097277597,0.2434609305293696,1.4536840354815712,10.9,3.4,1.5,0.8,0.2,2.5,0.442,8.6,0.909,0.8,0.7
1630191,Isaiah Stewart,DET,68,21.4,-2.3992171010187775,-1.5431361524397844,0.41189448266713474,-1.319960534185848,-1.2301676761567522,1.4703457616493922,-1.6260892122590496,0.7548836987503676,-0.42418961047564613,1.1072021414314086,7.9,6.7,0.9,0.6,1.3,0.3,0.553,6.0,0.696,1.4,1.0
202694,Marcus Morris Sr.,LAC,57,26.3,-2.436766449528699,-0.5942040372319565,-0.6132417537092694,-1.2747047444423332,-1.2301676761567522,-0.6261548490674221,0.6409553168727055,0.062016511463970025,0.09153264131094932,1.1072021414314086,13.4,4.1,1.0,0.6,0.3,2.5,0.473,10.2,0.82,1.6,1.0
203552,Seth Curry,PHI,57,28.7,-2.5006676093786275,-0.7494838379023284,-1.2835231390323025,-0.5053563188025818,-0.6003890023563672,-1.045454971210785,0.33181288108201173,-0.025808562483696267,0.38582716457940175,0.9917081767480209,12.5,2.4,2.7,0.8,0.1,2.2,0.467,9.7,0.896,1.4,1.1
203501,Tim Hardaway Jr.,DAL,70,28.4,-2.503353246877282,-0.04209807929285633,-0.928668287978932,-0.9126584264942148,-1.8599463499571367,-0.8358049101391035,1.1561927098571951,-0.42647281039639584,0.12340680140936543,1.2226961061147963,16.6,3.3,1.8,0.4,0.2,3.0,0.447,13.0,0.816,2.5,0.9
2546,Carmelo Anthony,POR,69,24.5,-2.5411389102859054,-0.5942040372319565,-1.0075249215463475,-1.0484257957247594,-0.9152783392565598,0.002795334147622111,0.02267044529131757,-0.8014451234286415,0.5775774213486236,1.2226961061147963,13.4,3.1,1.5,0.7,0.6,1.9,0.421,11.3,0.89,2.2,0.9
202711,Bojan Bogdanovic,UTA,72,30.8,-2.6898211595869195,0.026915165449530917,-0.6920983872766849,-0.8674026367507002,-1.2301676761567522,-1.045454971210785,0.6409553168727055,-0.5707492667779435,0.8649308722994019,0.1832504239643083,17.0,3.9,1.9,0.6,0.1,2.5,0.439,12.8,0.879,3.7,1.8
1628464,Daniel Theis,CHI,65,24.6,-2.722118123922761,-1.2498298622846378,-0.061245318737359423,-0.9579142162377298,-1.2301676761567522,0.6317455173626665,-1.1108518192745598,0.77359451477365,-0.6246514047994473,1.1072021414314086,9.6,5.5,1.7,0.6,0.9,0.8,0.541,7.2,0.673,1.7,1.0
202692,Alec Burks,NYK,49,25.6,-2.7237448817913696,-0.7149772155311348,-0.4161001697907301,-0.7316352675201557,-1.2301676761567522,-0.6261548490674221,0.22876540248511368,-0.7362053274080677,0.3955280797663705,1.1072021414314086,12.7,4.6,2.2,0.6,0.3,2.1,0.42,10.2,0.856,2.4,1.0
1630231,KJ Martin,HOU,45,23.7,-2.7310357420831233,-1.3015897958414282,-0.10067363552106712,-1.2294489546988183,-0.9152783392565598,0.6317455173626665,-1.1108518192745598,0.42770429078769306,-0.4708330764392325,1.3381900707981835,9.3,5.4,1.1,0.7,0.9,0.8,0.509,7.1,0.714,1.9,0.8
201567,Kevin Love,CLE,25,24.9,-2.771351359172152,-0.8012437714591191,0.6878927001530897,-0.5958678982896114,-1.2301676761567522,-1.045454971210785,0.43486035967890935,-0.8928021001483801,0.14169968024602528,0.529732318014471,12.2,7.4,2.5,0.6,0.1,2.3,0.409,10.1,0.824,2.0,1.5
201959,Taj Gibson,NYK,45,20.8,-2.7990376441278606,-1.9744689320797064,-0.021817001953651723,-1.3652163239293627,-0.9152783392565598,1.0510456395060295,-1.8321841694528456,0.8325501225843835,-0.2583406043944942,1.6846719648483461,5.4,5.6,0.8,0.7,1.1,0.1,0.627,3.5,0.727,1.2,0.5
1629632,Coby White,CHI,69,31.2,-2.8035708963669133,-0.3008977470768097,-0.6132417537092694,0.4450152658112285,-1.2301676761567522,-0.8358049101391035,0.5379078382758073,-1.0295599742074408,0.6173974602880559,-0.3942193994526291,15.1,4.1,4.8,0.6,0.2,2.4,0.416,13.1,0.901,2.1,2.3
1628960,Grayson Allen,MEM,50,25.2,-2.826582699916461,-1.077296750428669,-0.9680966047626397,-0.7316352675201557,-0.28549966545617483,-0.8358049101391035,0.22876540248511368,-0.6192095715352137,0.3549925260089729,1.1072021414314086,10.6,3.2,2.2,0.9,0.2,2.1,0.418,8.3,0.868,1.8,1.0
1628976,Wendell Carter Jr.,ORL,54,25.5,-2.828404860562427,-0.9737768833150878,1.003319234422752,-0.8674026367507002,-1.2301676761567522,0.4220954562909851,-1.6260892122590496,0.4321103099648927,-0.6337197354573256,0.6452262826978585,11.2,8.2,1.9,0.6,0.8,0.3,0.503,8.5,0.732,3.3,1.4
203115,Will Barton,DEN,56,31.0,-2.9128212178354085,-0.7149772155311348,-0.6526700704929771,-0.2790773700850078,-0.28549966545617483,-0.41650478799574064,-0.08037703330558026,-0.6917730455446984,-0.09068641807179068,0.2987443886476959,12.7,4.0,3.2,0.9,0.4,1.8,0.426,10.9,0.785,2.2,1.7
1630180,Saddiq Bey,DET,70,27.3,-2.914517784598962,-0.8012437714591191,-0.45552848657443784,-1.093681585468274,-0.9152783392565598,-0.8358049101391035,0.6409553168727055,-0.9477474036409919,0.2711152889520227,1.2226961061147963,12.2,4.5,1.4,0.7,0.2,2.5,0.404,9.9,0.844,2.1,0.9
1627826,Ivica Zubac,LAC,72,22.3,-2.941605487231369,-1.3533497293982188,0.609036066585674,-1.1389373752117886,-2.174835686857329,0.6317455173626665,-1.9352316480497436,1.4979121740688779,-0.06965298247952786,0.9917081767480209,9.0,7.2,1.3,0.3,0.9,0.0,0.652,5.5,0.789,2.4,1.1
1629643,Chuma Okeke,ORL,45,25.2,-2.95346996859445,-1.5603894636253812,-0.6526700704929771,-0.7316352675201557,0.3442790083442102,-0.20685472692405926,-0.8017093834838659,-0.5446675232303377,-0.13801261246006682,1.3381900707981835,7.8,4.0,2.2,1.1,0.5,1.1,0.417,7.2,0.75,0.9,0.8
1629639,Tyler Herro,MIA,54,30.3,-2.962217018760506,-0.3008977470768097,-0.25838690265589864,-0.1885657905979784,-1.2301676761567522,-0.6261548490674221,0.12571792388821562,-0.5753915336322049,0.02387309725742331,0.06775645928092092,15.1,5.0,3.4,0.6,0.3,2.0,0.439,12.9,0.803,2.2,1.9
1628971,Bruce Brown,BKN,65,22.3,-2.9745471197734386,-1.3878563517694125,-0.10067363552106712,-1.0031700059812445,-0.28549966545617483,-0.41650478799574064,-1.6260892122590496,0.8446282850741607,-0.3375718166630928,1.3381900707981835,8.8,5.4,1.6,0.9,0.4,0.3,0.556,6.5,0.735,1.8,0.8
200794,Paul Millsap,DEN,56,20.8,-3.022774089730241,-1.3533497293982188,-0.3766718530070221,-0.9126584264942148,-0.28549966545617483,0.002795334147622111,-1.007804340677662,0.0825700593683335,-0.39485157432769985,1.2226961061147963,9.0,4.7,1.8,0.9,0.6,0.9,0.476,7.2,0.724,1.8,0.9
1629628,RJ Barrett,NYK,72,34.9,-3.0280826231210267,0.1304350325631124,0.05703963161376403,-0.3695889495720375,-0.9152783392565598,-0.6261548490674221,-0.1834245119024783,-0.6155418263488316,-0.573325270431495,0.06775645928092092,17.6,5.8,3.0,0.7,0.3,1.7,0.441,14.7,0.746,3.8,1.9
203484,Kentavious Caldwell-Pope,LAL,67,28.4,-3.035007548954943,-1.232576551099041,-1.165238188681179,-0.8674026367507002,-0.28549966545617483,-0.41650478799574064,-0.08037703330558026,-0.4191255076397787,0.3245146805418421,1.1072021414314086,9.7,2.7,1.9,0.9,0.4,1.8,0.431,7.6,0.866,1.7,1.0
1628467,Maxi Kleber,DAL,50,26.8,-3.039945186255264,-1.6811626419245596,-0.17953026908848288,-1.093681585468274,-1.5450570130569445,0.21244539521930347,-0.1834245119024783,-0.36992102269976423,0.23120846250097737,1.5691780001649587,7.1,5.2,1.4,0.5,0.7,1.7,0.422,5.5,0.919,0.7,0.6
202722,Davis Bertans,WAS,57,25.7,-3.0617074979301444,-0.9220169497582971,-1.0863815551137634,-1.319960534185848,-1.2301676761567522,-0.8358049101391035,1.1561927098571951,-0.8005946317912188,0.407848049192684,1.5691780001649587,11.5,2.9,0.9,0.6,0.2,3.0,0.404,8.4,0.87,2.0,0.6
200752,Rudy Gay,SAS,63,21.6,-3.062736704850331,-0.9392702609438939,-0.3372435362233144,-1.093681585468274,-0.9152783392565598,0.002795334147622111,-0.1834245119024783,-0.7213099113693309,0.017473964734488267,1.1072021414314086,11.4,4.8,1.4,0.7,0.6,1.7,0.42,10.0,0.804,1.6,1.0
201976,Patrick Beverley,LAC,37,22.5,-3.0969940220400396,-1.612149397182172,-0.9680966047626397,-0.7768910572636705,-0.6003890023563672,0.4220954562909851,-0.38951946909627416,-0.3898189833002815,-0.004921070484414755,1.2226961061147963,7.5,3.2,2.1,0.8,0.8,1.5,0.423,5.9,0.8,1.2,0.9
1629675,Naz Reid,MIN,70,19.2,-3.127774447553059,-0.9737768833150878,-0.4161001697907301,-1.2747047444423332,-1.5450570130569445,1.0510456395060295,-1.007804340677662,0.6676019944599422,-0.7361810716676819,1.1072021414314086,11.2,4.6,1.0,0.5,1.1,0.9,0.523,8.3,0.693,2.4,1.0
201569,Eric Gordon,HOU,27,29.2,-3.128066779417036,0.16494165493430601,-1.401808089383426,-0.5506121085460965,-1.5450570130569445,-0.20685472692405926,0.7440027954696035,-0.7283737169134741,0.32793796572213424,0.06775645928092092,17.8,2.1,2.6,0.5,0.5,2.6,0.433,13.6,0.825,4.2,1.9
1629650,Moses Brown,BOS,43,21.4,-3.2729527880466014,-1.4223629741406065,1.2793174519087074,-1.6367510623904513,-0.9152783392565598,1.0510456395060295,-1.9352316480497436,0.7060276791340191,-1.506921676189405,1.1072021414314086,8.6,8.9,0.2,0.7,1.1,0.0,0.545,6.2,0.619,2.9,1.0
1628021,David Nwaba,HOU,30,22.6,-3.3199052948390158,-1.3188431070270252,-0.6920983872766849,-1.2747047444423332,0.029389671444017516,0.21244539521930347,-1.316946776468356,0.191179022705499,-0.7195043691583938,1.5691780001649587,9.2,3.9,1.0,1.0,0.7,0.6,0.486,7.3,0.691,2.3,0.6
203526,Raul Neto,WAS,64,21.9,-3.3400796039059752,-1.4051096629550097,-1.2835231390323025,-0.6863794777766411,0.3442790083442102,-1.045454971210785,-0.904756862080764,-0.0017585489588206674,0.3044339789659537,1.3381900707981835,8.7,2.4,2.3,1.1,0.1,1.0,0.468,7.0,0.882,1.3,0.8
1628398,Kyle Kuzma,LAL,68,28.7,-3.3610600440420804,-0.6804705931599409,0.17532458196488748,-0.8674026367507002,-1.5450570130569445,0.002795334147622111,0.12571792388821562,-0.42627199987089337,-0.4444400298520223,0.2987443886476959,12.9,6.1,1.9,0.5,0.6,2.0,0.443,11.1,0.691,1.4,1.7
1630267,Facundo Campazzo,DEN,65,21.9,-3.5306114851331287,-1.8536957537805283,-1.401808089383426,-0.09805421111094875,0.6591683452444022,-0.8358049101391035,-0.6986619048869681,-0.6104388765242997,0.3169757386997227,0.9917081767480209,6.1,2.1,3.6,1.2,0.2,1.2,0.381,4.8,0.879,1.4,1.1
1629308,Juan Toscano-Anderson,GSW,53,20.9,-3.541046605303263,-1.922708998522916,-0.4949568033581455,-0.4601005290590671,-0.6003890023563672,-0.20685472692405926,-1.213899297871458,0.6486076812241854,-0.1669591405000698,0.8762142120646336,5.7,4.4,2.8,0.8,0.5,0.7,0.579,3.9,0.71,0.6,1.2
1629630,Ja Morant,MEM,63,32.6,-3.5413674447066334,0.3892347003470655,-0.6526700704929771,1.621665799142613,-0.28549966545617483,-0.8358049101391035,-0.6986619048869681,-0.4577283780716517,-1.1882379335463193,-1.4336650816031173,19.1,4.0,7.4,0.9,0.2,1.2,0.449,15.2,0.728,5.9,3.2
201145,Jeff Green,BKN,68,27.0,-3.6045860813089234,-1.0082835056862816,-0.6920983872766849,-1.0031700059812445,-1.5450570130569445,-0.41650478799574064,-0.38951946909627416,0.27176901154315314,-0.1599119945570904,1.3381900707981835,11.0,3.9,1.6,0.5,0.4,1.5,0.492,7.8,0.776,2.4,0.8
1629638,Nickeil Alexander-Walker,NOP,46,21.9,-3.6133133456486313,-1.0082835056862816,-1.0075249215463475,-0.7316352675201557,0.029389671444017516,-0.20685472692405926,-0.1834245119024783,-0.7360753911856838,-0.2986370103421136,0.529732318014471,11.0,3.1,2.2,1.0,0.5,1.7,0.419,10.0,0.727,1.4,1.5
1629655,Daniel Gafford,WAS,54,14.7,-3.614710252845236,-1.6984159531101564,-0.5343851201418536,-1.5009836931599072,-1.5450570130569445,1.6799958227210734,-1.9352316480497436,1.3478535557912472,-0.7666762746371348,1.3381900707981835,7.0,4.3,0.5,0.5,1.4,0.0,0.684,4.2,0.667,2.0,0.8
1628420,Monte Morris,DEN,47,25.5,-3.628948215195974,-1.1463099951710567,-1.4412364061671339,-0.2790773700850078,-0.9152783392565598,-0.6261548490674221,-0.8017093834838659,0.1513181333932726,-0.024184040839771364,1.4536840354815712,10.2,2.0,3.2,0.7,0.3,1.1,0.481,8.2,0.795,1.6,0.7
1629629,Cam Reddish,ATL,26,28.9,-3.6295002504241047,-0.9737768833150878,-0.6526700704929771,-1.1389373752117886,0.9740576821445949,-0.6261548490674221,-0.5956144262900701,-1.548980023187103,0.17185544761450317,0.760720247381246,11.2,4.0,1.3,1.3,0.3,1.3,0.365,10.1,0.817,3.2,1.3
1629060,Rui Hachimura,WAS,57,31.5,-3.6422882143572934,-0.5251907924895689,-0.061245318737359423,-1.093681585468274,-0.6003890023563672,-1.045454971210785,-1.1108518192745598,0.15071570181676516,-0.23240463870177877,0.8762142120646336,13.8,5.5,1.4,0.8,0.1,0.8,0.478,11.4,0.77,2.8,1.2
203500,Steven Adams,NOP,58,27.7,-3.6465984888895564,-1.5948960859965753,1.2793174519087074,-0.8674026367507002,-0.28549966545617483,0.21244539521930347,-1.9352316480497436,1.1469190002583898,-2.3629705474040095,0.760720247381246,7.6,8.9,1.9,0.9,0.7,0.0,0.614,5.3,0.444,2.3,1.3
1629640,Keldon Johnson,SAS,69,28.5,-3.6699331780906315,-0.6977239043455377,0.13589626518117978,-0.9126584264942148,-1.2301676761567522,-0.6261548490674221,-1.007804340677662,0.15238124794004987,-0.47540967121829325,0.9917081767480209,12.8,6.0,1.8,0.6,0.3,0.9,0.479,10.2,0.74,2.8,1.1
1628973,Jalen Brunson,DAL,68,25.0,-3.6769838596338422,-0.7322305267167316,-0.8892399711952241,-0.14331000085446358,-1.5450570130569445,-1.2551050322824664,-0.6986619048869681,0.7374486201832178,-0.02704224288889402,0.8762142120646336,12.6,3.4,3.5,0.5,0.0,1.2,0.523,9.2,0.795,2.2,1.2
203926,Doug McDermott,IND,66,24.5,-3.6838955064246424,-0.5596974148607629,-0.928668287978932,-1.1389373752117886,-2.174835686857329,-1.045454971210785,-0.1834245119024783,0.9415134574371415,0.0674192133621082,1.3381900707981835,13.6,3.3,1.3,0.3,0.1,1.7,0.532,10.1,0.816,1.5,0.8
203932,Aaron Gordon,DEN,50,27.7,-3.728929219434514,-0.7667371490879252,0.017611314830056332,-0.2790773700850078,-0.9152783392565598,0.21244539521930347,-0.6986619048869681,-0.08639427926615555,-1.2805933461821788,0.06775645928092092,12.4,5.7,3.2,0.7,0.7,1.2,0.463,10.0,0.651,3.0,1.9
202324,Derrick Favors,UTA,68,15.3,-3.7516791134845855,-1.9744689320797064,-0.061245318737359423,-1.4557279034163924,-1.5450570130569445,0.8413955784343479,-1.9352316480497436,0.9141382578576233,-0.22015409928475616,1.6846719648483461,5.4,5.5,0.6,0.5,1.0,0.0,0.638,3.6,0.738,1.2,0.5
1628964,Mo Bamba,ORL,46,15.8,-3.753668904882307,-1.5258828412541876,0.05703963161376403,-1.3652163239293627,-2.174835686857329,1.4703457616493922,-1.1108518192745598,0.03843308710129143,-0.480890784729499,1.3381900707981835,8.0,5.8,0.8,0.3,1.3,0.8,0.472,6.5,0.682,1.4,0.8
1628425,Sterling Brown,HOU,51,24.1,-3.7688337095201074,-1.491376218882994,-0.4949568033581455,-1.093681585468274,-0.9152783392565598,-0.8358049101391035,-0.08037703330558026,-0.19522177170460311,-0.0003271182030312863,1.3381900707981835,8.2,4.4,1.4,0.7,0.2,1.8,0.448,6.6,0.806,0.6,0.8
1629660,Ty Jerome,OKC,33,23.9,-3.7714488488428057,-1.0600434392430722,-1.1258098718974712,-0.09805421111094875,-1.2301676761567522,-0.8358049101391035,0.33181288108201173,-0.2904945536716386,-0.1081133504036896,0.6452262826978585,10.7,2.8,3.6,0.6,0.2,2.2,0.446,8.7,0.765,1.0,1.4
1627752,Taurean Prince,CLE,41,22.1,-3.7872034040149467,-1.2670831734702346,-0.8498116544115163,-0.8674026367507002,-0.9152783392565598,0.002795334147622111,-0.38951946909627416,-0.7967910441905263,0.3041794022652221,0.9917081767480209,9.5,3.5,1.9,0.7,0.6,1.5,0.401,8.0,0.855,1.9,1.1
1630172,Patrick Williams,CHI,71,27.9,-3.790280135539233,-1.3188431070270252,-0.4161001697907301,-1.093681585468274,-0.28549966545617483,0.002795334147622111,-1.1108518192745598,0.16069716617262003,-0.37402257154056995,0.6452262826978585,9.2,4.6,1.4,0.9,0.6,0.8,0.483,7.4,0.728,1.8,1.4
202326,DeMarcus Cousins,LAC,41,17.4,-3.8053120099386137,-1.3706030405838157,0.2936095323160113,-0.8674026367507002,-0.6003890023563672,0.002795334147622111,-0.8017093834838659,-0.46211077248114524,-0.41374039407743585,0.4142383533310833,8.9,6.4,1.9,0.8,0.6,1.1,0.426,7.4,0.728,2.0,1.6
1629020,Jarred Vanderbilt,MIN,64,17.8,-3.8093224815397777,-1.9744689320797064,0.05703963161376403,-1.1841931649553037,0.029389671444017516,0.21244539521930347,-1.9352316480497436,0.7640560148122857,-1.1165495203425784,1.3381900707981835,5.4,5.8,1.2,1.0,0.7,0.0,0.606,3.7,0.559,1.6,0.8
1626192,Pat Connaughton,MIL,69,22.8,-3.8326247413919097,-1.73292257548135,-0.3372435362233144,-1.1841931649553037,-0.9152783392565598,-0.6261548490674221,-0.38951946909627416,-0.277849396756914,-0.05413537540311664,1.6846719648483461,6.8,4.8,1.2,0.7,0.3,1.5,0.434,5.6,0.775,0.6,0.5
201933,Blake Griffin,BKN,46,25.8,-3.8431996450524304,-1.0082835056862816,-0.2978152194396063,-0.3695889495720375,-0.9152783392565598,-0.6261548490674221,-0.38951946909627416,-0.5999612920466161,-0.39731826826887917,0.760720247381246,11.0,4.9,3.0,0.7,0.3,1.5,0.423,8.9,0.744,2.5,1.3
1629651,Nic Claxton,BKN,32,18.6,-3.8795384638500083,-1.767429197852544,-0.17953026908848288,-1.319960534185848,-0.9152783392565598,1.4703457616493922,-1.9352316480497436,1.0238516790850518,-1.8254839163162329,1.5691780001649587,6.6,5.2,0.9,0.7,1.3,0.0,0.621,4.5,0.484,2.0,0.6
201599,DeAndre Jordan,BKN,57,21.9,-3.8827607022321917,-1.612149397182172,0.7273210169367974,-1.0031700059812445,-2.174835686857329,1.0510456395060295,-1.9352316480497436,1.92416795159928,-1.3896408902182804,0.529732318014471,7.5,7.5,1.6,0.3,1.1,0.0,0.763,4.4,0.5,1.6,1.5
203490,Otto Porter Jr.,ORL,28,21.7,-3.8918399055907456,-1.232576551099041,-0.10067363552106712,-0.8221468470071853,-1.2301676761567522,-1.045454971210785,-0.4925669476931722,-0.43628299518638075,0.24533361216884203,1.2226961061147963,9.7,5.4,2.0,0.6,0.1,1.4,0.432,8.1,0.857,1.5,0.9
202709,Cory Joseph,DET,63,23.0,-3.895057904803913,-1.491376218882994,-1.2440948222485946,-0.1885657905979784,0.029389671444017516,-0.6261548490674221,-1.213899297871458,0.009002532731336778,0.06992062230793296,0.760720247381246,8.2,2.5,3.4,1.0,0.3,0.7,0.469,6.8,0.818,1.4,1.3
1626166,Cameron Payne,PHX,60,18.0,-3.896317394242966,-1.4568695965118001,-1.2835231390323025,-0.09805421111094875,-1.2301676761567522,-0.6261548490674221,-0.6986619048869681,0.15560602873194163,0.23430581235987835,1.1072021414314086,8.4,2.4,3.6,0.6,0.3,1.2,0.484,6.6,0.893,0.9,1.0
1629717,Armoni Brooks,HOU,20,26.0,-3.897230836874863,-0.9737768833150878,-0.8892399711952241,-1.0484257957247594,-1.2301676761567522,-0.6261548490674221,1.1561927098571951,-0.8899671280236395,-0.3873994199971935,0.9917081767480209,11.2,3.4,1.5,0.6,0.3,3.0,0.406,9.6,0.583,0.6,1.1
203469,Cody Zeller,CHA,48,20.9,-3.9344577183658673,-1.2843364846558314,0.45132279945084247,-0.9126584264942148,-1.2301676761567522,-0.41650478799574064,-1.8321841694528456,0.9126498974921352,-0.6142870473014814,0.9917081767480209,9.4,6.8,1.8,0.6,0.4,0.1,0.559,6.8,0.714,2.5,1.1
201609,Goran Dragic,MIA,50,26.7,-3.966060003102675,-0.5942040372319565,-0.8892399711952241,0.2639921068371696,-0.9152783392565598,-0.8358049101391035,-0.08037703330558026,-0.6065585084285625,0.20112405375315898,-0.5097133641360168,13.4,3.4,4.4,0.7,0.2,1.8,0.432,11.1,0.828,2.4,2.4
203920,Khem Birch,TOR,67,22.8,-3.9973961892040464,-1.6639093307389627,0.05703963161376403,-1.1389373752117886,-0.9152783392565598,0.21244539521930347,-1.7291366908559478,0.2469984426032397,-0.5203019580586657,1.4536840354815712,7.2,5.8,1.3,0.7,0.7,0.2,0.497,5.7,0.705,1.9,0.7
1629661,Cameron Johnson,PHX,60,24.0,-3.9997979125822747,-1.2498298622846378,-0.928668287978932,-1.093681585468274,-1.2301676761567522,-0.6261548490674221,0.12571792388821562,-0.579803459001331,0.12910584800528851,1.4536840354815712,9.6,3.3,1.4,0.6,0.3,2.0,0.42,8.1,0.847,1.0,0.7
202704,Reggie Jackson,LAC,67,23.0,-4.020065904608733,-1.0600434392430722,-1.0863815551137634,-0.3243331598285227,-1.2301676761567522,-1.045454971210785,-0.08037703330558026,-0.23911068391073045,0.05409443741245267,0.9917081767480209,10.7,2.9,3.1,0.6,0.1,1.8,0.45,8.7,0.817,1.2,1.1
201188,Marc Gasol,LAL,52,19.1,-4.029830269877956,-2.043482176822094,-0.6132417537092694,-0.7768910572636705,-1.5450570130569445,1.0510456395060295,-0.904756862080764,-0.06635457005940143,-0.23829461782325098,1.1072021414314086,5.0,4.1,2.1,0.5,1.1,1.0,0.454,3.7,0.72,1.0,1.0
203476,Gorgui Dieng,SAS,38,14.5,-4.058207588491633,-1.73292257548135,-0.7709550208441005,-1.1389373752117886,-0.9152783392565598,-0.41650478799574064,-1.1108518192745598,0.3444742341588751,0.34457802461540804,1.3381900707981835,6.8,3.7,1.3,0.7,0.4,0.8,0.521,4.3,0.866,1.8,0.8
1630183,Jaden McDaniels,MIN,63,24.0,-4.062182672986162,-1.73292257548135,-0.7709550208441005,-1.2294489546988183,-1.2301676761567522,0.8413955784343479,-0.8017093834838659,-0.17727876063177103,-0.41477991560542327,1.4536840354815712,6.8,3.7,1.1,0.6,1.0,1.1,0.447,5.8,0.6,0.7,0.7
203516,James Ennis III,ORL,41,24.1,-4.093224599063525,-1.4568695965118001,-0.6526700704929771,-1.0484257957247594,-0.6003890023563672,-0.8358049101391035,-0.8017093834838659,0.04576267128212906,0.03418538224842172,1.2226961061147963,8.4,4.0,1.5,0.8,0.2,1.1,0.473,5.9,0.805,2.1,0.9
1629652,Luguentz Dort,OKC,52,29.7,-4.095308976045622,-0.4906841701183753,-0.8103833376278083,-0.9579142162377298,-0.28549966545617483,-0.41650478799574064,0.33181288108201173,-1.4919380215605684,-0.5039299761457077,0.529732318014471,14.0,3.6,1.7,0.9,0.4,2.2,0.387,12.3,0.744,3.2,1.5
203473,Dewayne Dedmon,MIA,16,13.2,-4.116336639077652,-1.6811626419245596,-0.10067363552106712,-1.3652163239293627,-1.2301676761567522,-0.41650478799574064,-1.8321841694528456,1.4616127184883556,-0.29023019338386363,1.3381900707981835,7.1,5.4,0.8,0.6,0.4,0.1,0.708,4.1,0.741,1.7,0.8
1629676,Isaiah Roby,OKC,61,23.4,-4.127185033757332,-1.4051096629550097,-0.021817001953651723,-0.9126584264942148,-0.28549966545617483,0.002795334147622111,-1.4199942550652538,0.15327898911288437,-0.3059368043744548,0.06775645928092092,8.7,5.6,1.8,0.9,0.6,0.5,0.483,7.0,0.744,1.9,1.9
203145,Kent Bazemore,GSW,67,19.9,-4.202439178384884,-1.6639093307389627,-0.8892399711952241,-1.0031700059812445,0.029389671444017516,-0.20685472692405926,-0.8017093834838659,-0.1633165229174277,-0.37984312065275144,0.8762142120646336,7.2,3.4,1.6,1.0,0.5,1.1,0.449,5.9,0.692,1.2,1.2
1628372,Dennis Smith Jr.,DET,23,18.3,-4.211732569698494,-1.7501758866669472,-1.2835231390323025,-0.23382158034149322,0.029389671444017516,0.002795334147622111,-1.1108518192745598,-0.6317897603387459,-0.22546356638410514,0.9917081767480209,6.7,2.4,3.3,1.0,0.6,0.8,0.4,6.3,0.731,1.1,1.1
1630214,Xavier Tillman,MEM,59,18.4,-4.266937865504432,-1.767429197852544,-0.5343851201418536,-1.1389373752117886,-0.9152783392565598,0.002795334147622111,-1.5230417336621516,0.6903526457609789,-0.41920415008631906,1.3381900707981835,6.6,4.3,1.3,0.7,0.6,0.4,0.559,5.1,0.642,0.9,0.8
1628396,Tony Bradley,OKC,42,16.3,-4.268268104244161,-1.6811626419245596,0.017611314830056332,-1.319960534185848,-1.8599463499571367,0.21244539521930347,-1.9352316480497436,1.373663614510232,-0.4138773254846477,1.3381900707981835,7.1,5.7,0.9,0.4,0.7,0.0,0.665,4.7,0.691,1.3,0.8
1630217,Desmond Bane,MEM,68,22.3,-4.280414675785777,-1.3188431070270252,-1.0075249215463475,-0.9579142162377298,-1.2301676761567522,-0.8358049101391035,-0.1834245119024783,0.00793941818455933,0.02262914292430242,1.2226961061147963,9.2,3.1,1.7,0.6,0.2,1.7,0.469,7.3,0.816,0.7,0.9
202339,Eric Bledsoe,NOP,71,29.7,-4.295199666298625,-0.8012437714591191,-0.8892399711952241,-0.007542631623919305,-0.6003890023563672,-0.6261548490674221,-0.1834245119024783,-0.7284445912165927,-0.8729986908085864,0.4142383533310833,12.2,3.4,3.8,0.8,0.3,1.7,0.421,10.3,0.687,2.7,1.6
1630273,Freddie Gillespie,TOR,20,19.6,-4.3297047078884034,-1.9399623097085128,-0.2978152194396063,-1.5009836931599072,-0.9152783392565598,0.8413955784343479,-1.9352316480497436,0.3556133121323318,-0.5066203890057123,1.5691780001649587,5.6,4.9,0.5,0.7,1.0,0.0,0.524,4.2,0.697,1.7,0.6
202066,Garrett Temple,CHI,56,27.3,-4.352633632532128,-1.5948960859965753,-1.0863815551137634,-0.7316352675201557,-0.6003890023563672,-0.20685472692405926,-0.6986619048869681,-0.5331858861251416,-0.007831345040505474,1.1072021414314086,7.6,2.9,2.2,0.8,0.5,1.2,0.415,6.8,0.8,0.9,1.0
1629026,Kenrich Williams,OKC,66,21.6,-4.3598522809081475,-1.5258828412541876,-0.6132417537092694,-0.6863794777766411,-0.6003890023563672,-0.6261548490674221,-1.1108518192745598,0.5961725093003534,-0.6693392588346871,0.8762142120646336,8.0,4.1,2.3,0.8,0.3,0.8,0.533,6.2,0.571,1.0,1.2
1628367,Josh Jackson,DET,62,25.2,-4.394020106269526,-0.5942040372319565,-0.6132417537092694,-0.6863794777766411,-0.28549966545617483,0.4220954562909851,-0.6986619048869681,-0.842410470631131,-0.7014988534157414,-0.3942193994526291,13.4,4.1,2.3,0.9,0.8,1.2,0.419,11.4,0.729,3.5,2.3
1627814,Damion Lee,GSW,57,18.9,-4.417803721500622,-1.7846825090381409,-0.9680966047626397,-1.1389373752117886,-0.9152783392565598,-1.045454971210785,-0.4925669476931722,-0.0009198697052518343,0.2434609305293696,1.6846719648483461,6.5,3.2,1.3,0.7,0.1,1.4,0.467,4.8,0.909,0.8,0.5
1626195,Willy Hernangomez,NOP,47,18.0,-4.417890502414109,-1.5603894636253812,0.5696077498019659,-1.2294489546988183,-1.5450570130569445,-0.20685472692405926,-1.9352316480497436,0.8024757932944353,-0.7666762746371348,1.4536840354815712,7.8,7.1,1.1,0.5,0.5,0.0,0.563,5.7,0.667,2.0,0.7
1629673,Jordan Poole,GSW,51,19.4,-4.427274514710237,-0.8357503938303128,-1.5200930397345496,-0.8674026367507002,-1.5450570130569445,-0.8358049101391035,0.02267044529131757,-0.5043932004832535,0.5513540925619008,1.1072021414314086,12.0,1.8,1.9,0.5,0.2,1.9,0.432,9.3,0.882,2.3,1.0
1626224,Cedi Osman,CLE,59,25.6,-4.462713746706838,-1.1118033727998626,-0.8892399711952241,-0.4148447393155523,-0.28549966545617483,-0.8358049101391035,-0.1834245119024783,-1.3862821541866734,-0.0010407044096271264,0.6452262826978585,10.4,3.4,2.9,0.9,0.2,1.7,0.374,9.9,0.8,1.6,1.4
201988,Patty Mills,SAS,68,24.8,-4.492590385691429,-1.0427901280574752,-1.5595213565182573,-0.6411236880331262,-1.2301676761567522,-1.2551050322824664,0.5379078382758073,-0.7531442858533878,0.34415180150281965,1.1072021414314086,10.8,1.7,2.4,0.6,0.0,2.4,0.412,9.0,0.91,1.1,1.0
1629645,Kevin Porter Jr.,HOU,26,32.1,-4.540247663544363,-0.04209807929285633,-0.7315267040603928,1.1238521119639504,-0.9152783392565598,-0.6261548490674221,0.02267044529131757,-0.9225693074581476,-0.6689959660109729,-1.7801469756532797,16.6,3.8,6.3,0.7,0.3,1.9,0.425,14.1,0.734,3.6,3.5
203107,Tomas Satoransky,CHI,58,22.5,-4.546145515805103,-1.5776427748109785,-1.2835231390323025,0.3997594760677139,-0.9152783392565598,-0.8358049101391035,-1.213899297871458,0.3900759420236994,0.19142313856619023,0.2987443886476959,7.7,2.4,4.7,0.7,0.2,0.7,0.514,5.7,0.848,1.4,1.7
201588,George Hill,PHI,30,22.4,-4.58517340781667,-1.4051096629550097,-1.4412364061671339,-0.6411236880331262,-0.6003890023563672,-0.8358049101391035,-0.904756862080764,0.13611559537435575,-7.061289093022286e-05,1.1072021414314086,8.7,2.0,2.4,0.8,0.2,1.0,0.482,6.6,0.8,1.7,1.0
1628963,Marvin Bagley III,SAC,43,25.9,-4.590667154241737,-0.4734308589327785,0.6878927001530897,-1.2747047444423332,-1.5450570130569445,-0.20685472692405926,-1.007804340677662,0.5883645235734656,-2.0042989766323736,0.6452262826978585,14.1,7.4,1.0,0.5,0.5,0.9,0.504,11.4,0.575,3.1,1.4
1629003,Shake Milton,PHI,63,23.2,-4.5971439279901025,-0.663217281974344,-1.3229514558160105,-0.3243331598285227,-1.2301676761567522,-0.6261548490674221,-0.8017093834838659,-0.29645390132551863,0.2536054263312494,0.4142383533310833,13.0,2.3,3.1,0.6,0.3,1.1,0.45,10.6,0.83,2.8,1.6
2738,Andre Iguodala,MIA,63,21.3,-4.616229941280591,-2.147002043935675,-0.8498116544115163,-0.6863794777766411,-0.28549966545617483,0.002795334147622111,-0.904756862080764,-0.48006559593783005,-0.2572181525776321,0.9917081767480209,4.4,3.5,2.3,0.9,0.6,1.0,0.383,3.9,0.658,0.6,1.1
1630175,Cole Anthony,ORL,47,27.1,-4.643925724776727,-0.6804705931599409,-0.3766718530070221,0.12822473760662498,-1.2301676761567522,-0.41650478799574064,-0.6986619048869681,-1.2452600095566497,0.26980576183235033,-0.3942193994526291,12.9,4.7,4.1,0.6,0.4,1.2,0.397,11.7,0.832,2.8,2.3
1626145,Tyus Jones,MEM,70,17.5,-4.645640598980387,-1.8191891314093345,-1.4412364061671339,-0.05279842136743393,-0.28549966545617483,-1.045454971210785,-1.316946776468356,-0.3201259185670957,0.1819266561843544,1.4536840354815712,6.3,2.0,3.7,0.9,0.1,0.6,0.431,5.9,0.911,0.6,0.7
1630193,Immanuel Quickley,NYK,64,19.4,-4.671543230331537,-0.9392702609438939,-1.401808089383426,-0.8221468470071853,-1.5450570130569445,-0.8358049101391035,-0.08037703330558026,-0.9901952050170432,0.720420022406843,1.2226961061147963,11.4,2.1,2.0,0.5,0.2,1.8,0.395,9.1,0.891,2.7,0.9
1627936,Alex Caruso,LAL,58,21.0,-4.710307969332514,-1.8019358202237377,-1.0863815551137634,-0.4601005290590671,0.3442790083442102,-0.6261548490674221,-1.007804340677662,-0.24605636561634292,-0.5868737652999755,0.760720247381246,6.4,2.9,2.8,1.1,0.3,0.9,0.436,5.3,0.645,1.3,1.3
1627788,Furkan Korkmaz,PHI,55,19.3,-4.712941773473245,-1.336096418212622,-1.401808089383426,-1.0484257957247594,-0.28549966545617483,-0.8358049101391035,-0.08037703330558026,-0.7660315966371,-0.2970883354126631,1.3381900707981835,9.1,2.1,1.5,0.9,0.2,1.8,0.401,7.7,0.732,1.5,0.8
201961,Wayne Ellington,DET,46,22.0,-4.722129031306805,-1.2498298622846378,-1.5200930397345496,-1.0484257957247594,-1.8599463499571367,-0.8358049101391035,0.6409553168727055,-0.29386698926169363,-0.00880143655920238,1.4536840354815712,9.6,1.8,1.5,0.4,0.2,2.5,0.441,7.3,0.8,0.8,0.7
1628470,Torrey Craig,PHX,50,16.1,-4.744164332197377,-1.9572156208941096,-0.6920983872766849,-1.2747047444423332,-1.2301676761567522,-0.20685472692405926,-1.1108518192745598,0.08698198473745997,-0.043925306814684734,1.6846719648483461,5.5,3.9,1.0,0.6,0.5,0.8,0.48,4.5,0.773,0.4,0.5
203210,JaMychal Green,DEN,58,19.3,-4.745612832280474,-1.5086295300685908,-0.3372435362233144,-1.319960534185848,-1.8599463499571367,-0.41650478799574064,-0.4925669476931722,-0.04684641812603593,0.013389165854567642,1.2226961061147963,8.1,4.8,0.9,0.4,0.4,1.4,0.463,6.4,0.807,1.0,0.9
1627884,Derrick Jones Jr.,POR,58,22.7,-4.768116900360248,-1.73292257548135,-0.8498116544115163,-1.3652163239293627,-1.2301676761567522,0.6317455173626665,-1.213899297871458,0.12757524184857735,-0.7045981318860115,1.5691780001649587,6.8,3.5,0.8,0.6,0.9,0.7,0.484,5.2,0.648,1.6,0.6
203488,Mike Muscala,OKC,35,18.4,-4.77254000242177,-1.232576551099041,-0.7315267040603928,-1.3652163239293627,-2.4897250237575217,-0.6261548490674221,0.02267044529131757,-0.2507990377333555,0.33161004176905057,1.5691780001649587,9.7,3.8,0.8,0.2,0.3,1.9,0.446,7.6,0.917,1.0,0.6
1629659,Talen Horton-Tucker,LAL,65,20.1,-4.773697591825154,-1.3533497293982188,-1.2046665054648868,-0.4601005290590671,0.029389671444017516,-0.6261548490674221,-1.316946776468356,-0.11430103611906257,-0.141806191023241,0.4142383533310833,9.0,2.6,2.8,1.0,0.3,0.6,0.458,7.5,0.775,2.0,1.6
1629637,Jaxson Hayes,NOP,60,16.1,-4.883647167581651,-1.612149397182172,-0.5343851201418536,-1.4557279034163924,-1.8599463499571367,0.002795334147622111,-1.8321841694528456,1.0960725939627969,-0.141806191023241,1.4536840354815712,7.5,4.3,0.6,0.4,0.6,0.1,0.625,4.7,0.775,2.0,0.7
203939,Dwight Powell,DAL,58,16.6,-4.944050864375929,-1.888202376151722,-0.6526700704929771,-1.2294489546988183,-1.2301676761567522,-0.20685472692405926,-1.8321841694528456,0.7473355854682475,-0.10554251144857414,1.4536840354815712,5.9,4.0,1.1,0.6,0.5,0.1,0.619,3.3,0.782,2.1,0.7
201949,James Johnson,NOP,51,20.5,-4.996751522918801,-1.6639093307389627,-0.8498116544115163,-0.8674026367507002,-0.6003890023563672,0.4220954562909851,-1.316946776468356,-0.20749483852795567,-0.9046009167039489,0.9917081767480209,7.2,3.5,1.9,0.8,0.8,0.6,0.446,6.4,0.592,1.5,1.1
1628370,Malik Monk,CHA,42,20.9,-5.046318218450563,-0.8875103273871034,-1.2835231390323025,-0.7768910572636705,-1.5450570130569445,-1.045454971210785,0.12571792388821562,-0.487690489714995,0.09337060794577659,0.760720247381246,11.7,2.4,2.1,0.5,0.1,2.0,0.434,9.5,0.819,1.7,1.3
1629056,Terence Davis,SAC,61,17.6,-5.080729589891976,-1.4051096629550097,-1.2440948222485946,-1.093681585468274,-0.9152783392565598,-0.8358049101391035,-0.2864719904993761,-0.44652433198700314,0.039033911230536324,1.1072021414314086,8.7,2.5,1.4,0.7,0.2,1.6,0.428,7.5,0.818,0.9,1.0
201580,JaVale McGee,DEN,46,14.7,-5.095876201992015,-1.6466560195533657,-0.17953026908848288,-1.3652163239293627,-1.8599463499571367,1.2606957005777106,-1.8321841694528456,0.38878248599178683,-0.6225415039615659,0.760720247381246,7.3,5.2,0.8,0.4,1.2,0.1,0.511,6.1,0.657,1.5,1.3
1629162,Jordan McLaughlin,MIN,51,18.4,-5.121824024832964,-2.043482176822094,-1.401808089383426,-0.007542631623919305,0.029389671444017516,-1.045454971210785,-1.316946776468356,-0.37515981493860623,-0.06802137726120319,1.1072021414314086,5.0,2.1,3.8,1.0,0.1,0.6,0.413,4.7,0.767,0.6,1.0
1629013,Landry Shamet,BKN,61,23.0,-5.13772035985266,-1.3015897958414282,-1.5200930397345496,-1.0031700059812445,-1.5450570130569445,-0.8358049101391035,0.22876540248511368,-0.6680065292322969,0.16904546084960995,1.3381900707981835,9.3,1.8,1.6,0.5,0.2,2.1,0.408,7.5,0.846,1.3,0.8
1629731,Dean Wade,CLE,63,19.2,-5.141135409347531,-1.8709490649661251,-0.8892399711952241,-1.1841931649553037,-1.2301676761567522,-0.6261548490674221,-0.6986619048869681,-0.26189086617139984,-0.06454987679668155,1.6846719648483461,6.0,3.4,1.2,0.6,0.3,1.2,0.431,4.9,0.769,0.6,0.5
1630230,Naji Marshall,NOP,32,21.9,-5.154394338626384,-1.5776427748109785,-0.4161001697907301,-0.4601005290590671,-0.6003890023563672,-0.6261548490674221,-1.007804340677662,-0.729371863349059,-0.6130450215797303,0.8762142120646336,7.7,4.6,2.8,0.8,0.3,0.9,0.392,6.5,0.707,2.3,1.2
1630171,Isaac Okoro,CLE,67,32.4,-5.155169388700153,-1.2498298622846378,-1.0075249215463475,-0.8674026367507002,-0.28549966545617483,-0.41650478799574064,-1.007804340677662,-0.5946988750400679,-0.48662454633006746,0.760720247381246,9.6,3.1,1.9,0.9,0.4,0.9,0.42,8.3,0.726,2.3,1.3
203085,Austin Rivers,DEN,36,23.5,-5.16560716330923,-1.5431361524397844,-1.3229514558160105,-0.6863794777766411,-0.6003890023563672,-1.045454971210785,-0.38951946909627416,-0.4428211496490618,-0.24215762639571586,1.1072021414314086,7.9,2.3,2.3,0.8,0.1,1.5,0.424,6.8,0.71,0.9,1.0
1630202,Payton Pritchard,BOS,66,19.2,-5.1900188505979274,-1.5776427748109785,-1.2835231390323025,-0.9126584264942148,-1.2301676761567522,-1.045454971210785,-0.38951946909627416,-0.25969966896665303,0.17045720437184875,1.3381900707981835,7.7,2.4,1.8,0.6,0.1,1.5,0.44,6.3,0.889,0.7,0.8
1629022,Lonnie Walker IV,SAS,60,25.4,-5.191811193685708,-0.9737768833150878,-1.2046665054648868,-0.9579142162377298,-1.5450570130569445,-0.6261548490674221,-0.1834245119024783,-0.7362053274080677,0.04367993601888776,0.9917081767480209,11.2,2.6,1.7,0.5,0.3,1.7,0.42,10.2,0.814,1.2,1.1
203914,Gary Harris,ORL,39,27.7,-5.246319850979624,-1.1980699287278471,-1.4412364061671339,-0.8221468470071853,-0.9152783392565598,-0.6261548490674221,-0.6986619048869681,-0.8918098599047206,0.1243421779234171,1.2226961061147963,9.9,2.0,2.0,0.7,0.3,1.2,0.4,8.8,0.821,2.0,0.9
1628977,Hamidou Diallo,DET,52,23.6,-5.277158187029093,-0.9047636385727003,-0.17953026908848288,-0.8674026367507002,-0.6003890023563672,-0.20685472692405926,-1.4199942550652538,0.110636283403257,-1.738592259689256,0.529732318014471,11.6,5.2,1.9,0.8,0.5,0.5,0.477,9.0,0.64,3.8,1.5
1627761,DeAndre' Bembry,TOR,51,19.1,-5.295434752016696,-1.922708998522916,-1.0863815551137634,-0.7768910572636705,0.029389671444017516,-0.41650478799574064,-1.6260892122590496,0.30624936001030073,-0.44772445501373326,0.6452262826978585,5.7,2.9,2.1,1.0,0.4,0.3,0.513,4.5,0.682,1.3,1.4
1630166,Deni Avdija,WAS,54,23.3,-5.2971344972499885,-1.8191891314093345,-0.2978152194396063,-1.1841931649553037,-1.2301676761567522,-0.6261548490674221,-0.904756862080764,-0.4341981094363117,-0.3698374848694523,1.5691780001649587,6.3,4.9,1.2,0.6,0.3,1.0,0.417,5.8,0.644,0.8,0.6
1630164,James Wiseman,GSW,39,21.4,-5.307344575543239,-0.9220169497582971,0.05703963161376403,-1.4104721136728777,-2.174835686857329,0.6317455173626665,-1.6260892122590496,0.697451888456681,-1.0898999684432675,0.529732318014471,11.5,5.8,0.7,0.3,0.9,0.3,0.519,9.4,0.628,2.2,1.5
202397,Ish Smith,WAS,44,21.0,-5.313109575106209,-1.7501758866669472,-0.8892399711952241,0.03771315811959552,-0.9152783392565598,-0.6261548490674221,-1.5230417336621516,-0.342415886897862,-0.5272121725944331,1.2226961061147963,6.7,3.4,3.9,0.7,0.3,0.4,0.434,6.8,0.576,0.8,0.9
101150,Lou Williams,ATL,66,21.6,-5.3366591073150405,-0.9565235721294907,-1.401808089383426,-0.1885657905979784,-0.9152783392565598,-1.045454971210785,-0.904756862080764,-0.8511161975308527,0.5126063615437318,0.4142383533310833,11.3,2.1,3.4,0.7,0.1,1.0,0.41,9.8,0.867,2.6,1.6
1629004,Svi Mykhailiuk,OKC,66,20.1,-5.35728316375709,-1.4396162853262033,-1.2440948222485946,-0.9579142162377298,-0.6003890023563672,-0.8358049101391035,-0.2864719904993761,-0.6523374020511832,-0.10137478227977934,0.760720247381246,8.5,2.5,1.7,0.8,0.2,1.6,0.411,7.7,0.76,0.8,1.3
1628379,Luke Kennard,LAC,63,19.6,-5.368042403534347,-1.474122907697397,-1.2046665054648868,-0.9579142162377298,-1.8599463499571367,-1.045454971210785,-0.2864719904993761,0.07764429530159822,0.04470017143318332,1.3381900707981835,8.3,2.6,1.7,0.4,0.1,1.6,0.476,6.6,0.839,0.5,0.8
202355,Hassan Whiteside,SAC,36,15.2,-5.389285608865787,-1.5086295300685908,0.13589626518117978,-1.4557279034163924,-2.174835686857329,1.4703457616493922,-1.9352316480497436,0.8708104338845165,-1.7836214779368402,0.9917081767480209,8.1,6.0,0.6,0.3,1.3,0.0,0.563,6.2,0.519,2.2,1.1
202334,Ed Davis,MIN,23,13.0,-5.417478581437227,-2.5438282012044033,-0.25838690265589864,-1.319960534185848,-1.2301676761567522,0.002795334147622111,-1.9352316480497436,-0.08438026781920507,0.03602142027187923,1.9156598942151213,2.1,5.0,0.9,0.6,0.6,0.0,0.432,1.9,0.833,0.5,0.3
1629006,Josh Okogie,MIN,59,20.3,-5.43884966522372,-1.9744689320797064,-1.2046665054648868,-1.2294489546988183,-0.28549966545617483,-0.20685472692405926,-1.4199942550652538,-0.4110753680439027,-0.16052529297248938,1.4536840354815712,5.4,2.6,1.1,0.9,0.5,0.5,0.402,4.3,0.769,1.8,0.7
1627863,Danuel House Jr.,HOU,36,25.9,-5.452297829845729,-1.3878563517694125,-0.7709550208441005,-0.8674026367507002,-1.2301676761567522,-0.41650478799574064,-0.38951946909627416,-0.7221131534713398,-0.7749808751928184,1.1072021414314086,8.8,3.7,1.9,0.6,0.4,1.5,0.404,7.6,0.651,1.8,1.0
1626161,Willie Cauley-Stein,DAL,53,17.1,-5.459982213108942,-1.9917222432653032,-0.45552848657443784,-1.4104721136728777,-1.8599463499571367,0.4220954562909851,-1.9352316480497436,0.8345346030717014,-0.7483833958004753,1.6846719648483461,5.3,4.5,0.7,0.4,0.8,0.0,0.632,3.4,0.628,1.5,0.5
203090,Maurice Harkless,SAC,37,20.9,-5.476159851974746,-2.0089755544509003,-1.2835231390323025,-1.1841931649553037,-0.6003890023563672,-0.20685472692405926,-1.316946776468356,-0.324974902138786,-0.11948058581362875,1.5691780001649587,5.2,2.4,1.2,0.8,0.5,0.6,0.418,4.5,0.767,1.2,0.6
203121,Darius Miller,OKC,18,10.9,-5.4801579091608,-2.198761977492466,-1.7172346236530889,-1.1841931649553037,-0.9152783392565598,-0.6261548490674221,-1.007804340677662,-0.02613340303965609,0.3952368594496244,1.8001659295317338,4.1,1.3,1.2,0.7,0.3,0.9,0.458,2.7,1.0,0.7,0.4
200782,P.J. Tucker,MIL,52,26.1,-5.483370500311155,-2.2677752222348535,-0.6920983872766849,-1.1841931649553037,-0.6003890023563672,-0.41650478799574064,-1.1108518192745598,-0.4657135495563351,-0.08403463745949384,1.3381900707981835,3.7,3.9,1.2,0.8,0.4,0.8,0.373,3.4,0.75,0.5,0.8
1630201,Malachi Flynn,TOR,47,19.7,-5.488788056653492,-1.612149397182172,-1.2440948222485946,-0.4148447393155523,-0.6003890023563672,-1.045454971210785,-0.8017093834838659,-1.0018067783446234,0.008964931373671787,1.2226961061147963,7.5,2.5,2.9,0.8,0.1,1.1,0.374,7.2,0.804,1.2,0.9
202684,Tristan Thompson,BOS,54,23.8,-5.490083196918811,-1.5948960859965753,0.9638909176390443,-1.1841931649553037,-1.8599463499571367,0.002795334147622111,-1.9352316480497436,0.4448086226069564,-1.3190189991016956,0.9917081767480209,7.6,8.1,1.2,0.4,0.6,0.0,0.518,6.0,0.592,2.2,1.1
203967,Dario Saric,PHX,50,17.4,-5.498621900018781,-1.4051096629550097,-0.7315267040603928,-1.1389373752117886,-1.2301676761567522,-1.045454971210785,-1.007804340677662,-0.2118890453213023,0.2805596988268907,0.9917081767480209,8.7,3.8,1.3,0.6,0.1,0.9,0.447,6.8,0.848,2.0,1.1
1628993,Alize Johnson,BKN,18,10.5,-5.50276844480831,-2.0089755544509003,-0.25838690265589864,-1.3652163239293627,-2.174835686857329,-0.6261548490674221,-1.8321841694528456,0.6830762173074796,0.3952368594496244,1.6846719648483461,5.2,5.0,0.8,0.3,0.3,0.1,0.588,3.8,1.0,0.7,0.5
1629647,Darius Bazley,OKC,55,31.2,-5.509428141946485,-0.542444103675166,0.609036066585674,-0.9126584264942148,-1.5450570130569445,-0.20685472692405926,-0.38951946909627416,-1.3504670063441275,-0.8927380281721309,-0.278725434769242,13.7,7.2,1.8,0.5,0.5,1.5,0.396,12.5,0.702,3.2,2.2
1629611,Terance Mann,LAC,67,18.9,-5.517441224846444,-1.6984159531101564,-0.8103833376278083,-1.0031700059812445,-1.8599463499571367,-0.8358049101391035,-1.316946776468356,0.3195264794611652,0.11852162881123586,1.5691780001649587,7.0,3.6,1.6,0.4,0.2,0.6,0.509,5.2,0.83,1.4,0.6
1629048,Goga Bitadze,IND,45,12.5,-5.5624519351945025,-2.0262288656364973,-0.928668287978932,-1.3652163239293627,-2.4897250237575217,1.4703457616493922,-1.5230417336621516,-0.2459973036970775,-0.25408608771408586,1.8001659295317338,5.1,3.3,0.8,0.2,1.3,0.4,0.428,4.3,0.738,1.4,0.4
1629723,John Konchar,MEM,43,13.4,-5.59138374996883,-2.1642553551212718,-1.0469532383300555,-1.2294489546988183,-0.9152783392565598,-0.8358049101391035,-1.4199942550652538,0.16313051724635533,0.057054855864141975,1.8001659295317338,4.3,3.0,1.1,0.7,0.2,0.5,0.5,3.2,0.833,0.7,0.4
200765,Rajon Rondo,LAC,45,17.1,-5.5950722414552025,-1.9744689320797064,-1.2835231390323025,0.2639921068371696,-0.6003890023563672,-1.045454971210785,-1.1108518192745598,-0.1781056275014868,0.15047871919852665,0.1832504239643083,5.4,2.4,4.4,0.8,0.1,0.8,0.442,4.8,0.941,0.4,1.8
1629669,Jaylen Nowell,MIN,42,18.1,-5.602279647945932,-1.3533497293982188,-1.3229514558160105,-1.0484257957247594,-1.5450570130569445,-0.6261548490674221,-0.6986619048869681,-0.5251062155696333,0.06374328009245364,1.4536840354815712,9.0,2.3,1.5,0.5,0.3,1.2,0.424,8.0,0.818,1.3,0.7
1630170,Devin Vassell,SAS,62,17.0,-5.607158188875541,-1.9572156208941096,-1.1258098718974712,-1.319960534185848,-0.9152783392565598,-0.6261548490674221,-1.1108518192745598,-0.4427679939217226,0.0907149100904176,1.8001659295317338,5.5,2.8,0.9,0.7,0.3,0.8,0.406,4.9,0.843,0.8,0.4
203458,Alex Len,WAS,64,15.3,-5.637060909438381,-1.767429197852544,-0.6132417537092694,-1.3652163239293627,-2.174835686857329,0.8413955784343479,-1.8321841694528456,0.9412949283358593,-0.8895403905220324,1.2226961061147963,6.6,4.1,0.8,0.3,1.0,0.1,0.615,4.3,0.629,1.8,0.9
1630177,Theo Maledon,OKC,65,27.3,-5.671929018601715,-1.1635633063566535,-0.9680966047626397,-0.14331000085446358,-0.28549966545617483,-0.8358049101391035,-0.2864719904993761,-1.3983603166764502,-0.31209678908761146,-0.278725434769242,10.1,3.2,3.5,0.9,0.2,1.6,0.368,9.4,0.748,2.1,2.2
1629021,Moritz Wagner,ORL,45,16.0,-5.6771089941734605,-1.7156692642957532,-0.9680966047626397,-1.2294489546988183,-1.2301676761567522,-0.41650478799574064,-1.213899297871458,-0.10033879840471926,0.08981424858101107,1.1072021414314086,6.9,3.2,1.1,0.6,0.4,0.7,0.454,5.1,0.816,1.9,1.0
1629234,Drew Eubanks,SAS,54,14.0,-5.73200750083708,-1.9054556873373187,-0.45552848657443784,-1.3652163239293627,-2.174835686857329,0.6317455173626665,-1.9352316480497436,0.5596368060427692,-0.42531206229250795,1.3381900707981835,5.8,4.5,0.8,0.3,0.9,0.0,0.566,3.8,0.726,2.0,0.8
2730,Dwight Howard,PHI,69,17.3,-5.733117756681143,-1.6984159531101564,1.082175867990168,-1.319960534185848,-1.8599463499571367,0.6317455173626665,-1.8321841694528456,0.7807291946209112,-1.9314996832799853,0.4142383533310833,7.0,8.4,0.9,0.4,0.9,0.1,0.587,4.4,0.576,3.0,1.6
201577,Robin Lopez,WAS,71,19.1,-5.735235904587191,-1.3533497293982188,-0.7315267040603928,-1.3652163239293627,-2.4897250237575217,0.002795334147622111,-1.8321841694528456,1.4636267299353065,-0.4213641948197992,0.9917081767480209,9.0,3.8,0.8,0.2,0.6,0.1,0.633,6.0,0.723,1.9,1.1
201571,D.J. Augustin,HOU,57,19.8,-5.781789748534429,-1.5776427748109785,-1.5989496733019655,-0.23382158034149322,-1.5450570130569445,-1.2551050322824664,-0.38951946909627416,-0.6537430757296995,0.4803406933373725,0.9917081767480209,7.7,1.6,3.3,0.5,0.0,1.5,0.394,6.0,0.904,1.6,1.1
1627854,Bryn Forbes,MIL,70,19.3,-5.79819552954747,-1.1808166175422503,-1.5989496733019655,-1.4557279034163924,-2.174835686857329,-1.2551050322824664,0.33181288108201173,0.052188608098205726,-0.08594010549224228,1.5691780001649587,10.0,1.6,0.6,0.3,0.0,2.2,0.473,7.6,0.77,0.9,0.6
1628407,Dwayne Bacon,ORL,72,25.7,-5.813137572520161,-1.0255368168718784,-1.0075249215463475,-1.1389373752117886,-1.2301676761567522,-1.045454971210785,-1.1108518192745598,-0.9971940424499943,0.17335205003698587,1.5691780001649587,10.9,3.1,1.3,0.6,0.1,0.8,0.402,10.1,0.824,2.4,0.6
1629667,Jalen McDaniels,CHA,47,19.2,-5.816599416519288,-1.629402708367769,-0.8103833376278083,-1.2294489546988183,-1.2301676761567522,-0.41650478799574064,-1.213899297871458,0.0018442281163694371,-0.39583902334871945,1.1072021414314086,7.4,3.6,1.1,0.6,0.4,0.7,0.468,6.0,0.703,1.4,1.0
1626169,Stanley Johnson,TOR,61,16.5,-5.8229772559464195,-2.147002043935675,-1.2440948222485946,-1.0484257957247594,-0.28549966545617483,-0.6261548490674221,-1.213899297871458,-0.4727655427166252,-0.007831345040505474,1.2226961061147963,4.4,2.5,1.5,0.9,0.3,0.7,0.382,3.8,0.8,0.9,0.9
203503,Tony Snell,ATL,47,21.1,-5.858854343195309,-1.9917222432653032,-1.2835231390323025,-1.1389373752117886,-2.174835686857329,-0.8358049101391035,-0.5956144262900701,0.2603228115895167,0.10109469647933726,1.8001659295317338,5.3,2.4,1.3,0.3,0.2,1.3,0.515,3.6,1.0,0.2,0.4
202329,Al-Farouq Aminu,CHI,23,18.9,-5.870100674293761,-2.147002043935675,-0.3372435362233144,-1.1389373752117886,-0.6003890023563672,-0.41650478799574064,-1.6260892122590496,-0.5253601818224742,0.04521125344601565,0.8762142120646336,4.4,4.8,1.3,0.8,0.4,0.3,0.384,4.3,0.818,1.0,1.2
1628408,PJ Dozier,DEN,50,21.8,-5.8899629832939,-1.5776427748109785,-0.8103833376278083,-0.9126584264942148,-1.2301676761567522,-0.41650478799574064,-1.007804340677662,-0.5367768508164786,-0.6207208948290615,1.2226961061147963,7.7,3.6,1.8,0.6,0.4,0.9,0.417,7.1,0.636,1.3,0.9
1629139,Yuta Watanabe,TOR,50,14.5,-5.961411471299279,-2.147002043935675,-0.9680966047626397,-1.3652163239293627,-1.5450570130569445,-0.41650478799574064,-1.213899297871458,-0.14366071618589873,0.03785938690670651,1.8001659295317338,4.4,3.2,0.8,0.5,0.4,0.7,0.439,3.6,0.828,0.6,0.4
1629685,Dylan Windler,CLE,31,16.5,-5.981385227096327,-2.0089755544509003,-0.8498116544115163,-1.2294489546988183,-1.2301676761567522,-0.41650478799574064,-1.1108518192745598,-0.17771581883433513,-0.06511110270511247,1.1072021414314086,5.2,3.5,1.1,0.6,0.4,0.8,0.438,4.2,0.778,0.9,1.0
1626172,Kevon Looney,GSW,61,19.0,-5.9906379513032695,-2.198761977492466,-0.14010195230477518,-0.8221468470071853,-2.174835686857329,-0.41650478799574064,-1.8321841694528456,0.38992828722553613,-0.36520881758342344,1.5691780001649587,4.1,5.3,2.0,0.3,0.4,0.1,0.548,3.2,0.646,0.8,0.6
1630168,Onyeka Okongwu,ATL,50,12.0,-6.034300798063332,-2.1124954215644816,-0.928668287978932,-1.5462394829034218,-1.5450570130569445,0.21244539521930347,-1.9352316480497436,0.792269893645373,-0.5405022335394433,1.5691780001649587,4.6,3.3,0.4,0.5,0.7,0.0,0.644,3.0,0.632,1.1,0.6
1628410,Edmond Sumner,IND,53,16.2,-6.08753742249253,-1.612149397182172,-1.5200930397345496,-1.319960534185848,-1.2301676761567522,-0.8358049101391035,-1.213899297871458,0.45043131732102365,0.08690397402492046,1.1072021414314086,7.5,1.8,0.9,0.6,0.2,0.7,0.525,5.3,0.819,1.6,1.0
202083,Wesley Matthews,LAL,58,19.5,-6.162478940177142,-2.0779887991932875,-1.5989496733019655,-1.319960534185848,-0.9152783392565598,-0.6261548490674221,-0.8017093834838659,-0.7221840277744587,0.099580736554532,1.8001659295317338,4.8,1.6,0.9,0.7,0.3,1.1,0.353,4.3,0.854,0.7,0.4
1626163,Frank Kaminsky,PHX,47,15.2,-6.162748580165618,-1.767429197852544,-0.6526700704929771,-0.9579142162377298,-2.174835686857329,-0.41650478799574064,-1.213899297871458,0.028008658350946347,-0.6921759460571318,1.6846719648483461,6.6,4.0,1.7,0.3,0.4,0.7,0.471,5.5,0.617,1.3,0.5
1629014,Anfernee Simons,POR,64,17.3,-6.205039933527368,-1.5603894636253812,-1.3623797725997182,-1.093681585468274,-2.174835686857329,-1.045454971210785,0.02267044529131757,-0.45504696693700203,0.010394032398233116,1.4536840354815712,7.8,2.2,1.4,0.3,0.1,1.9,0.419,6.3,0.807,0.9,0.7
1628402,Frank Jackson,DET,40,18.5,-6.227619855552249,-1.215323239913444,-1.3623797725997182,-1.319960534185848,-1.8599463499571367,-1.2551050322824664,-0.38951946909627416,-0.12140618500669158,0.07332462137453331,1.2226961061147963,9.8,2.2,0.9,0.4,0.0,1.5,0.457,7.3,0.813,1.9,0.9
203524,Solomon Hill,ATL,71,21.3,-6.238883354886113,-2.129748732750078,-1.0469532383300555,-1.2294489546988183,-0.9152783392565598,-0.8358049101391035,-0.904756862080764,-0.6676344391409245,-0.07843587865476809,1.5691780001649587,4.5,3.0,1.1,0.7,0.2,1.0,0.359,4.2,0.761,0.6,0.6
1630184,Kira Lewis Jr.,NOP,54,16.7,-6.246783244977363,-1.8019358202237377,-1.7172346236530889,-0.6863794777766411,-0.9152783392565598,-0.8358049101391035,-1.213899297871458,-0.7495533211620502,0.104124544940317,1.5691780001649587,6.4,1.3,2.3,0.7,0.2,0.7,0.386,6.2,0.843,0.9,0.6
202693,Markieff Morris,LAL,61,19.7,-6.264004428299794,-1.7501758866669472,-0.4949568033581455,-1.1841931649553037,-1.8599463499571367,-0.6261548490674221,-0.8017093834838659,-0.5756159689254129,-0.1939481280003563,1.2226961061147963,6.7,4.4,1.2,0.4,0.3,1.1,0.405,6.2,0.72,0.8,0.9
1627756,Denzel Valentine,CHI,62,16.7,-6.274917714040164,-1.7846825090381409,-0.9680966047626397,-0.9579142162377298,-1.5450570130569445,-1.045454971210785,-0.5956144262900701,-0.9405005061471261,0.10871849722170054,1.4536840354815712,6.5,3.2,1.7,0.5,0.1,1.3,0.373,6.7,0.941,0.3,0.7
202340,Avery Bradley,HOU,27,22.3,-6.283351802194809,-1.8019358202237377,-1.401808089383426,-0.9579142162377298,-0.6003890023563672,-1.045454971210785,-0.6986619048869681,-0.8736483197306065,-0.010741619596596195,1.1072021414314086,6.4,2.1,1.7,0.8,0.1,1.2,0.374,6.3,0.8,0.6,1.0
1630240,Saben Lee,DET,48,16.3,-6.361248330726096,-1.9399623097085128,-1.4412364061671339,-0.09805421111094875,-0.9152783392565598,-0.6261548490674221,-1.7291366908559478,0.02709910479425909,-0.6302328061018504,0.9917081767480209,5.6,2.0,3.6,0.7,0.3,0.2,0.471,4.4,0.685,1.9,1.1
1628392,Isaiah Hartenstein,CLE,46,12.1,-6.371881429322953,-2.0262288656364973,-0.6920983872766849,-1.1841931649553037,-1.8599463499571367,0.4220954562909851,-1.9352316480497436,0.4581152730174538,-0.6615958841874344,1.1072021414314086,5.1,3.9,1.2,0.4,0.8,0.0,0.55,3.7,0.648,1.5,1.0
1627846,Abdel Nader,PHX,24,14.8,-6.3885970906076786,-1.7501758866669472,-1.2046665054648868,-1.3652163239293627,-1.8599463499571367,-0.41650478799574064,-1.1108518192745598,0.16917845777913335,-0.18860394589636198,1.3381900707981835,6.7,2.6,0.8,0.4,0.4,0.8,0.491,4.8,0.757,1.5,0.8
1629726,Garrison Mathews,WAS,64,16.2,-6.388984497078331,-1.9572156208941096,-1.6778063068693807,-1.5462394829034218,-1.5450570130569445,-1.045454971210785,-0.6986619048869681,-0.3121998090016775,0.3624967528464472,2.031153858898509,5.5,1.4,0.4,0.5,0.1,1.2,0.409,3.7,0.884,1.5,0.2
201952,Jeff Teague,MIL,55,17.3,-6.3922085975357135,-1.7501758866669472,-1.5989496733019655,-0.6411236880331262,-1.2301676761567522,-0.8358049101391035,-1.213899297871458,-0.26400528288110153,0.2657036054501073,0.8762142120646336,6.7,1.6,2.4,0.6,0.2,0.7,0.433,5.2,0.848,1.9,1.2
202687,Bismack Biyombo,CHA,66,20.4,-6.40516771012365,-2.043482176822094,-0.14010195230477518,-1.1841931649553037,-2.174835686857329,1.0510456395060295,-1.9352316480497436,0.6602546917033246,-1.6303315890917802,0.9917081767480209,5.0,5.3,1.2,0.3,1.1,0.0,0.587,3.7,0.448,1.6,1.1
1630178,Tyrese Maxey,PHI,61,15.3,-6.413340428750885,-1.5258828412541876,-1.5595213565182573,-0.8221468470071853,-1.8599463499571367,-0.8358049101391035,-1.4199942550652538,-0.0637735641875029,0.22004565989617114,1.4536840354815712,8.0,1.7,2.0,0.4,0.2,0.5,0.462,7.0,0.871,1.1,0.7
1629002,Chimezie Metu,SAC,36,13.6,-6.4219961222932165,-1.8191891314093345,-1.0075249215463475,-1.3652163239293627,-1.8599463499571367,-0.20685472692405926,-1.5230417336621516,0.3007566015186174,-0.279169607181624,1.3381900707981835,6.3,3.1,0.8,0.4,0.5,0.4,0.508,5.0,0.721,1.2,0.8
1630165,Killian Hayes,DET,26,25.8,-6.431432819287227,-1.73292257548135,-1.165238188681179,0.6712942145288024,0.029389671444017516,-0.41650478799574064,-1.1108518192745598,-1.3117637306495036,0.03882947842540338,-1.4336650816031173,6.8,2.7,5.3,1.0,0.4,0.8,0.353,7.7,0.824,0.7,3.2
1627777,Georges Niang,UTA,72,16.0,-6.444878753332093,-1.7156692642957532,-1.2835231390323025,-1.3652163239293627,-2.174835686857329,-1.045454971210785,-0.1834245119024783,-0.2530433906654411,0.1226044990797871,1.4536840354815712,6.9,2.4,0.8,0.3,0.1,1.7,0.437,5.6,0.957,0.3,0.7
1627745,Damian Jones,SAC,39,14.0,-6.461013472212801,-2.0952421103788845,-1.0075249215463475,-1.4104721136728777,-2.174835686857329,0.21244539521930347,-1.9352316480497436,0.8279669176493879,-0.3318033400578795,1.4536840354815712,4.7,3.1,0.7,0.3,0.7,0.0,0.68,2.6,0.724,1.5,0.7
203504,Trey Burke,DAL,62,14.7,-6.474284302566365,-1.767429197852544,-1.87494789078792,-1.1389373752117886,-1.2301676761567522,-1.045454971210785,-1.007804340677662,-0.33372787857392,0.23951306305666079,1.6846719648483461,6.6,0.9,1.3,0.6,0.1,0.9,0.428,5.7,0.895,0.9,0.5
1628988,Aaron Holiday,IND,66,17.8,-6.49012482800001,-1.6639093307389627,-1.7172346236530889,-0.8674026367507002,-0.9152783392565598,-0.8358049101391035,-0.904756862080764,-0.7604443390745921,0.06750407226235207,1.1072021414314086,7.2,1.3,1.9,0.7,0.2,1.0,0.39,6.6,0.819,1.3,1.0
203901,Elfrid Payton,NYK,63,23.6,-6.520255415443785,-1.1635633063566535,-0.8892399711952241,-0.2790773700850078,-0.9152783392565598,-1.045454971210785,-1.5230417336621516,-0.5384483031316898,-0.5803897738767965,0.4142383533310833,10.1,3.4,3.2,0.7,0.1,0.4,0.432,9.9,0.682,1.7,1.6
203585,Rodney McGruder,DET,16,12.1,-6.5595858901939925,-1.922708998522916,-1.6778063068693807,-1.2747047444423332,-1.5450570130569445,-1.045454971210785,-1.213899297871458,0.4039141497075855,-0.08403463745949384,1.8001659295317338,5.7,1.4,1.0,0.5,0.1,0.7,0.529,4.4,0.75,0.5,0.4
202954,Brad Wanamaker,CHA,61,17.3,-6.579781092223008,-1.9572156208941096,-1.5595213565182573,-0.4148447393155523,-0.9152783392565598,-0.8358049101391035,-1.6260892122590496,-0.5947047812319941,0.4474636553269834,0.8762142120646336,5.5,1.7,2.9,0.7,0.2,0.3,0.385,4.9,0.891,1.7,1.2
1630197,Aleksej Pokusevski,OKC,45,24.2,-6.58725103289734,-1.491376218882994,-0.3766718530070221,-0.7316352675201557,-1.8599463499571367,0.6317455173626665,-0.5956144262900701,-1.7157708831926246,-0.16925611664076154,-0.278725434769242,8.2,4.7,2.2,0.4,0.9,1.3,0.341,9.1,0.738,0.9,2.2
203382,Aron Baynes,TOR,53,18.5,-6.590175319352675,-1.8536957537805283,-0.17953026908848288,-1.319960534185848,-2.174835686857329,-0.41650478799574064,-1.4199942550652538,-0.2243156731347449,-0.22403446535954383,1.2226961061147963,6.1,5.2,0.9,0.3,0.4,0.5,0.441,5.7,0.707,0.8,0.9
203487,Michael Carter-Williams,ORL,31,25.8,-6.596458488637884,-1.3878563517694125,-0.45552848657443784,0.17348052735014,-0.6003890023563672,-0.20685472692405926,-1.4199942550652538,-1.022714697764579,-1.3978760607646734,-0.278725434769242,8.8,4.5,4.2,0.8,0.5,0.5,0.389,8.7,0.613,2.6,2.2
202335,Patrick Patterson,LAC,38,15.3,-6.645615728427947,-2.0089755544509003,-1.4412364061671339,-1.3652163239293627,-1.8599463499571367,-0.8358049101391035,-0.8017093834838659,-0.1952040531288235,-0.053182641386742426,1.9156598942151213,5.2,2.0,0.8,0.4,0.2,1.1,0.436,4.3,0.765,0.4,0.3
1629658,Jaylen Hoard,OKC,19,16.8,-6.651462856465456,-1.8536957537805283,-0.8892399711952241,-1.1389373752117886,-0.9152783392565598,-0.6261548490674221,-1.9352316480497436,0.22423597891835007,-0.739857004937336,1.2226961061147963,6.1,3.4,1.3,0.7,0.3,0.0,0.5,4.6,0.683,2.2,0.9
1627789,Timothe Luwawu-Cabarrot,BKN,58,18.1,-6.67371388335837,-1.8019358202237377,-1.3623797725997182,-1.1841931649553037,-1.2301676761567522,-1.045454971210785,-0.5956144262900701,-0.9262311464526026,0.018579059049027177,1.4536840354815712,6.4,2.2,1.2,0.6,0.1,1.3,0.365,6.1,0.814,0.7,0.7
1627774,Jake Layman,MIN,45,13.9,-6.678971911996696,-2.0262288656364973,-1.6383779900856732,-1.4557279034163924,-1.2301676761567522,-0.41650478799574064,-1.4199942550652538,0.17214336612625705,-0.23329179993160146,1.5691780001649587,5.1,1.5,0.6,0.6,0.4,0.5,0.495,4.1,0.703,0.8,0.6
1629670,Jordan Nwora,MIL,30,9.1,-6.680559843991008,-1.922708998522916,-1.4412364061671339,-1.6367510623904513,-1.2301676761567522,-0.6261548490674221,-1.007804340677662,-0.05255179952707471,-0.10137478227977934,1.3381900707981835,5.7,2.0,0.2,0.6,0.3,0.9,0.459,4.5,0.76,0.8,0.8
1628436,Luke Kornet,BOS,31,11.2,-6.731739180249603,-2.3195351557916437,-1.3623797725997182,-1.3652163239293627,-2.8046143606577143,0.8413955784343479,-1.4199942550652538,-0.14435174064130404,-0.1881970088974655,2.031153858898509,3.4,2.2,0.8,0.1,1.0,0.5,0.436,3.3,0.5,0.2,0.2
1628975,Jevon Carter,PHX,60,11.9,-6.817357230998418,-2.198761977492466,-1.6383779900856732,-1.1841931649553037,-1.5450570130569445,-0.8358049101391035,-1.007804340677662,-0.24117785108501996,-0.08183987772136858,1.9156598942151213,4.1,1.5,1.2,0.5,0.2,0.9,0.422,3.7,0.571,0.1,0.3
101141,Ersan Ilyasova,UTA,17,8.7,-6.831220531646445,-2.250521911049256,-1.5595213565182573,-1.6367510623904513,-1.2301676761567522,-0.8358049101391035,-0.8017093834838659,-0.3613393258304997,0.15992312907339468,1.6846719648483461,3.8,1.7,0.2,0.6,0.2,1.1,0.389,3.2,1.0,0.3,0.5
203118,Mike Scott,PHI,51,16.7,-6.8427504449524195,-2.181508666306869,-1.2835231390323025,-1.3652163239293627,-1.5450570130569445,-0.6261548490674221,-0.904756862080764,-0.6451259417088759,-0.09157357930161336,1.8001659295317338,4.2,2.4,0.8,0.5,0.3,1.0,0.36,4.1,0.667,0.2,0.4
202357,Nemanja Bjelica,MIA,37,16.1,-6.849860496169649,-1.7846825090381409,-0.8892399711952241,-0.8674026367507002,-1.8599463499571367,-1.045454971210785,-1.213899297871458,-0.10519368816833612,-0.30673717809266404,1.2226961061147963,6.5,3.4,1.9,0.4,0.1,0.7,0.454,5.3,0.725,1.4,0.9
1628998,Cody Martin,CHA,52,16.3,-6.869106892416155,-2.2160152886780624,-1.0075249215463475,-0.9579142162377298,-0.9152783392565598,-0.8358049101391035,-1.6260892122590496,-0.13302957071812463,-0.515640504379361,1.3381900707981835,4.0,3.1,1.7,0.7,0.2,0.3,0.441,3.6,0.581,0.8,0.8
200755,JJ Redick,DAL,44,16.4,-6.873570904734689,-1.629402708367769,-1.6383779900856732,-1.1841931649553037,-2.174835686857329,-1.045454971210785,-0.38951946909627416,-0.6380089804373937,0.48803199547765674,1.3381900707981835,7.4,1.5,1.2,0.3,0.1,1.5,0.397,6.1,0.942,1.2,0.8
1628391,D.J. Wilson,HOU,35,12.4,-6.900978136814839,-2.0089755544509003,-0.9680966047626397,-1.4104721136728777,-2.174835686857329,-0.20685472692405926,-1.007804340677662,-0.44034054903991415,-0.2527765605944136,1.5691780001649587,5.2,3.2,0.7,0.3,0.5,0.9,0.405,4.8,0.68,0.7,0.6
1629610,DaQuan Jeffries,SAS,31,15.9,-6.968508814741628,-2.198761977492466,-1.3229514558160105,-1.4104721136728777,-1.5450570130569445,-0.6261548490674221,-1.316946776468356,-0.2842753335729908,0.05143873955709367,1.6846719648483461,4.1,2.3,0.7,0.5,0.3,0.6,0.417,3.9,0.875,0.3,0.5
1629684,Grant Williams,BOS,63,18.1,-7.0140190008148355,-2.0952421103788845,-1.1258098718974712,-1.2747047444423332,-1.5450570130569445,-0.41650478799574064,-1.1108518192745598,-0.16910459100543807,-0.49944016887826004,1.2226961061147963,4.7,2.8,1.0,0.5,0.4,0.8,0.437,3.9,0.588,0.8,0.9
1628382,Justin Jackson,MIL,34,17.0,-7.028467092634468,-1.6639093307389627,-1.3229514558160105,-1.0484257957247594,-1.8599463499571367,-1.045454971210785,-0.8017093834838659,-0.6237986826621357,0.11503277084439165,1.2226961061147963,7.2,2.3,1.5,0.4,0.1,1.1,0.403,6.5,0.838,1.1,0.9
202734,E'Twaun Moore,PHX,27,14.4,-7.043394092373333,-2.060735488007691,-1.5595213565182573,-1.0484257957247594,-1.2301676761567522,-0.8358049101391035,-1.5230417336621516,-0.07912966319650995,0.07073642491709559,1.2226961061147963,4.9,1.7,1.5,0.6,0.2,0.4,0.455,4.5,0.857,0.5,0.9
1628997,Caleb Martin,CHA,53,15.4,-7.056362869152871,-2.043482176822094,-1.165238188681179,-1.1389373752117886,-0.9152783392565598,-0.8358049101391035,-1.316946776468356,-0.652963458395396,-0.5568896443433544,1.5691780001649587,5.0,2.7,1.3,0.7,0.2,0.6,0.375,4.8,0.641,1.2,0.6
204020,Tyler Johnson,BKN,39,17.5,-7.05666476109221,-1.9744689320797064,-1.4412364061671339,-1.1841931649553037,-1.8599463499571367,-1.2551050322824664,-0.6986619048869681,-0.5139553252123232,0.07073642491709559,1.8001659295317338,5.4,2.0,1.2,0.4,0.0,1.2,0.393,4.7,0.857,0.5,0.4
1627823,Juancho Hernangomez,MIN,52,17.3,-7.061969676289917,-1.6639093307389627,-0.6920983872766849,-1.4104721136728777,-1.8599463499571367,-1.045454971210785,-0.8017093834838659,-0.28004650015358734,-0.9930046046443614,1.6846719648483461,7.2,3.9,0.7,0.4,0.1,1.1,0.435,5.8,0.619,1.9,0.5
1629672,Eric Paschall,GSW,40,17.4,-7.092775633335884,-1.2670831734702346,-0.9680966047626397,-1.1389373752117886,-2.174835686857329,-0.8358049101391035,-1.4199942550652538,0.3175892485092595,-0.5973210530868166,0.9917081767480209,9.5,3.2,1.3,0.3,0.2,0.5,0.497,7.5,0.713,2.4,1.1
203463,Ben McLemore,LAL,53,17.1,-7.098565795434383,-1.5776427748109785,-1.4806647229508418,-1.4104721136728777,-1.8599463499571367,-0.8358049101391035,-0.08037703330558026,-0.9998400164330852,-0.1920079449629625,1.3381900707981835,7.7,1.9,0.7,0.4,0.2,1.8,0.37,6.9,0.736,1.0,0.8
1629622,Max Strus,MIA,39,13.0,-7.217831573811829,-1.8536957537805283,-1.7960912572205046,-1.4557279034163924,-2.174835686857329,-1.045454971210785,-0.5956144262900701,-0.08596903344744461,-0.24159640048728478,2.031153858898509,6.1,1.1,0.6,0.3,0.1,1.3,0.455,4.8,0.667,0.6,0.2
1630174,Aaron Nesmith,BOS,46,14.5,-7.254196824987319,-2.0952421103788845,-1.1258098718974712,-1.5009836931599072,-2.174835686857329,-0.8358049101391035,-1.007804340677662,-0.16334605387706044,-0.03504212284824765,1.6846719648483461,4.7,2.8,0.5,0.3,0.2,0.9,0.438,3.9,0.786,0.6,0.5
1626184,Chasson Randle,ORL,41,20.4,-7.254337086851019,-1.7846825090381409,-1.4412364061671339,-0.9126584264942148,-1.5450570130569445,-1.045454971210785,-0.8017093834838659,-0.6825534799473673,-0.03269307420058784,0.9917081767480209,6.5,2.0,1.8,0.5,0.1,1.1,0.388,5.8,0.792,1.2,1.1
1630237,Anthony Lamb,HOU,24,17.3,-7.313463364593356,-1.9572156208941096,-1.0863815551137634,-1.2747047444423332,-2.174835686857329,-0.8358049101391035,-0.904756862080764,-0.5585293556819294,0.14057529981779418,1.3381900707981835,5.5,2.9,1.0,0.3,0.2,1.0,0.39,4.9,0.857,0.9,0.8
1629750,Javonte Green,CHI,41,11.6,-7.341089330035163,-2.28502853342045,-1.5595213565182573,-1.5462394829034218,-0.9152783392565598,-1.045454971210785,-1.7291366908559478,0.20640518549212247,-0.15150710621021007,1.6846719648483461,3.6,1.7,0.4,0.7,0.1,0.2,0.52,2.5,0.75,1.0,0.5
1629103,Kelan Martin,IND,35,9.2,-7.35019659546212,-2.129748732750078,-1.3623797725997182,-1.5009836931599072,-2.174835686857329,-0.6261548490674221,-1.213899297871458,-0.10000214546490642,0.07313561746035388,1.6846719648483461,4.5,2.2,0.5,0.3,0.3,0.7,0.449,3.9,0.9,0.3,0.5
1630194,Paul Reed,PHI,26,6.8,-7.412117858356615,-2.3195351557916437,-1.3229514558160105,-1.5009836931599072,-1.8599463499571367,-0.20685472692405926,-1.9352316480497436,0.3227276354853507,-0.2740144289918094,1.6846719648483461,3.4,2.3,0.5,0.4,0.5,0.0,0.538,3.0,0.5,0.3,0.5
1630181,R.J. Hampton,ORL,51,17.4,-7.4258224512767645,-1.7156692642957532,-0.8498116544115163,-0.9579142162377298,-1.8599463499571367,-0.8358049101391035,-1.4199942550652538,-0.29574515829433373,-0.598138784307348,1.1072021414314086,6.9,3.5,1.7,0.4,0.2,0.5,0.435,6.1,0.671,1.6,1.0
1626168,Trey Lyles,SAS,23,15.6,-7.469410248697049,-2.043482176822094,-0.7709550208441005,-1.4557279034163924,-2.174835686857329,-1.2551050322824664,-1.316946776468356,0.0669954312580447,-0.4350129774794767,1.9156598942151213,5.0,3.7,0.6,0.3,0.0,0.6,0.478,3.9,0.652,1.0,0.3
1629682,Tremont Waters,BOS,26,9.1,-7.511019834171944,-2.250521911049256,-1.914376207571628,-0.6411236880331262,-1.2301676761567522,-1.2551050322824664,-1.316946776468356,-0.2857400691707728,0.2757593851290048,1.1072021414314086,3.8,0.8,2.4,0.6,0.0,0.6,0.405,3.2,0.941,0.7,1.0
1628539,Mychal Mulder,GSW,60,12.8,-7.542446255180032,-1.9399623097085128,-1.8355195740042123,-1.5462394829034218,-2.4897250237575217,-0.8358049101391035,-0.4925669476931722,-0.11583073982803677,-0.20245716136117262,1.9156598942151213,5.6,1.0,0.4,0.2,0.2,1.4,0.449,4.4,0.636,0.4,0.3
1629605,Tacko Fall,BOS,19,7.1,-7.554488780464213,-2.4748149564620157,-1.165238188681179,-1.6367510623904513,-2.8046143606577143,1.0510456395060295,-1.9352316480497436,0.5850511499026761,-1.0895952478469375,1.9156598942151213,2.5,2.7,0.2,0.1,1.1,0.0,0.724,1.5,0.333,0.8,0.3
1629010,Jerome Robinson,WAS,17,17.9,-7.560678199451043,-2.060735488007691,-1.3623797725997182,-1.0484257957247594,-0.9152783392565598,-0.41650478799574064,-1.316946776468356,-1.4271943456618237,-0.004921070484414755,0.9917081767480209,4.9,2.2,1.5,0.7,0.4,0.6,0.295,5.6,0.8,1.2,1.1
1628972,Troy Brown Jr.,CHI,34,15.4,-7.56227940847635,-2.0952421103788845,-1.0075249215463475,-1.319960534185848,-2.174835686857329,-0.8358049101391035,-1.316946776468356,-0.2211263294944127,-0.16001613957102653,1.5691780001649587,4.7,3.1,0.9,0.3,0.2,0.6,0.431,4.2,0.714,0.6,0.6
1626159,Justise Winslow,MEM,26,19.5,-7.628950026010102,-1.73292257548135,-0.45552848657443784,-0.8674026367507002,-1.2301676761567522,-0.20685472692405926,-1.5230417336621516,-1.3930860872860489,-0.86517238587246,0.6452262826978585,6.8,4.5,1.9,0.6,0.5,0.4,0.352,8.1,0.571,1.3,1.4
1630264,Anthony Gill,WAS,26,8.4,-7.629279988393435,-2.3712950893484344,-1.4412364061671339,-1.5462394829034218,-1.8599463499571367,-0.8358049101391035,-1.6260892122590496,0.12384843474293009,0.011823133422794244,1.9156598942151213,3.1,2.0,0.4,0.4,0.2,0.3,0.5,2.3,0.813,0.6,0.3
1628990,Chandler Hutchison,WAS,25,13.8,-7.672260880307987,-2.1642553551212718,-1.0075249215463475,-1.4104721136728777,-1.5450570130569445,-0.8358049101391035,-1.6260892122590496,-0.5301028539394869,0.1088554286289123,1.3381900707981835,4.3,3.1,0.7,0.5,0.2,0.3,0.379,4.1,0.84,1.0,0.8
1628400,Semi Ojeleye,BOS,56,17.0,-7.724589676970985,-2.1124954215644816,-1.2046665054648868,-1.4104721136728777,-2.174835686857329,-1.2551050322824664,-0.904756862080764,-0.3648948533702774,-0.09752913120963708,1.8001659295317338,4.6,2.6,0.7,0.3,0.0,1.0,0.403,3.9,0.75,0.6,0.4
1630167,Obi Toppin,NYK,62,11.0,-7.726348815058265,-2.198761977492466,-1.3623797725997182,-1.5009836931599072,-2.174835686857329,-0.8358049101391035,-1.5230417336621516,0.16181934263866316,-0.09252631331798764,1.8001659295317338,4.1,2.2,0.5,0.3,0.2,0.4,0.498,3.4,0.731,0.4,0.4
1629642,Nassir Little,POR,48,13.3,-7.728415452239211,-2.1124954215644816,-1.165238188681179,-1.5009836931599072,-2.8046143606577143,-0.6261548490674221,-1.316946776468356,0.005683252868621178,-0.007831345040505474,1.8001659295317338,4.6,2.7,0.5,0.1,0.3,0.6,0.467,3.5,0.8,0.9,0.4
203922,Glenn Robinson III,SAC,23,16.1,-7.76868206703693,-1.9917222432653032,-1.4412364061671339,-1.319960534185848,-2.4897250237575217,-1.045454971210785,-1.213899297871458,-0.2713939289812045,0.32003837355397846,1.6846719648483461,5.3,2.0,0.9,0.2,0.1,0.7,0.424,4.3,0.913,1.0,0.5
1630219,Skylar Mays,ATL,33,8.2,-7.774522283799882,-2.250521911049256,-1.7960912572205046,-1.319960534185848,-1.8599463499571367,-1.045454971210785,-1.5230417336621516,-0.07151067561127186,0.17634525488195127,1.9156598942151213,3.8,1.1,0.9,0.4,0.1,0.4,0.449,3.0,0.88,0.8,0.3
1629117,Wenyen Gabriel,NOP,21,11.5,-7.805956142225528,-2.3195351557916437,-1.2046665054648868,-1.5009836931599072,-1.8599463499571367,-0.41650478799574064,-1.316946776468356,-0.2781624249290205,-0.362894483940409,1.4536840354815712,3.4,2.6,0.5,0.4,0.4,0.6,0.4,2.9,0.647,0.8,0.7
1628778,Paul Watson,TOR,27,11.0,-7.810266421522263,-2.198761977492466,-1.5595213565182573,-1.4557279034163924,-2.4897250237575217,-1.045454971210785,-0.8017093834838659,-0.009495660382589621,-0.16553003947550837,1.9156598942151213,4.1,1.7,0.6,0.2,0.1,1.1,0.463,3.0,0.625,0.3,0.3
1629185,Chris Chiozza,BKN,22,10.6,-7.811820367658874,-2.2160152886780624,-1.7960912572205046,-0.3695889495720375,-2.174835686857329,-0.6261548490674221,-1.316946776468356,-0.6760684812120252,-0.08980311406470722,1.4536840354815712,4.0,1.1,3.0,0.3,0.3,0.6,0.352,4.0,0.765,0.8,0.7
1628422,Damyean Dotson,CLE,46,19.7,-7.818009486782058,-1.7501758866669472,-1.4412364061671339,-0.8221468470071853,-2.174835686857329,-1.045454971210785,-0.904756862080764,-0.5854911218265897,-0.31660781108012054,1.2226961061147963,6.7,2.0,2.0,0.3,0.1,1.0,0.406,6.4,0.667,0.8,0.9
1626246,Boban Marjanovic,DAL,33,8.2,-7.875038105998073,-2.0952421103788845,-0.6920983872766849,-1.5914952726469367,-2.8046143606577143,-0.8358049101391035,-1.9352316480497436,0.22865971667132948,0.050622936947931026,1.8001659295317338,4.7,3.9,0.3,0.1,0.2,0.0,0.508,3.7,0.816,1.2,0.4
204038,Langston Galloway,PHX,40,10.9,-7.953426213440503,-2.0779887991932875,-1.7960912572205046,-1.4104721136728777,-2.4897250237575217,-1.2551050322824664,-1.007804340677662,-0.0936707077196543,0.26177116686835183,1.9156598942151213,4.8,1.1,0.7,0.2,0.0,0.9,0.449,3.7,0.957,0.6,0.3
1629633,Jarrett Culver,MIN,34,14.7,-7.969172698845491,-1.9917222432653032,-1.0075249215463475,-1.4104721136728777,-1.5450570130569445,-0.6261548490674221,-1.5230417336621516,-0.4065925683716583,-0.7967973270009677,1.3381900707981835,5.3,3.1,0.7,0.5,0.3,0.4,0.411,4.9,0.604,1.4,0.8
1626143,Jahlil Okafor,DET,27,12.9,-7.9744619867018,-1.9744689320797064,-1.2835231390323025,-1.5009836931599072,-2.4897250237575217,-0.8358049101391035,-1.8321841694528456,0.8514026872139029,-0.24736487709249838,1.3381900707981835,5.4,2.4,0.5,0.2,0.2,0.1,0.618,3.8,0.708,0.9,0.8
1629109,Gary Clark,PHI,39,16.8,-7.97500331846904,-2.3712950893484344,-1.0863815551137634,-1.3652163239293627,-2.174835686857329,-0.8358049101391035,-1.1108518192745598,-0.8171319691855342,-0.013651894152686913,1.8001659295317338,3.1,2.9,0.8,0.3,0.2,0.8,0.303,3.4,0.8,0.3,0.4
1629681,Killian Tillie,MEM,18,10.1,-7.984590152014325,-2.3540417781628378,-1.7172346236530889,-1.5462394829034218,-2.174835686857329,-0.41650478799574064,-1.316946776468356,-0.6259367241395436,0.020501884584098334,2.146647823581896,3.2,1.3,0.4,0.3,0.4,0.6,0.333,3.2,0.818,0.6,0.1
1630205,Lamar Stevens,CLE,40,12.5,-8.022162489100564,-2.198761977492466,-1.2835231390323025,-1.4557279034163924,-1.8599463499571367,-0.6261548490674221,-1.8321841694528456,-0.049031709138856176,-0.2860103917081008,1.5691780001649587,4.1,2.4,0.6,0.4,0.3,0.1,0.456,3.4,0.725,1.3,0.6
1630185,Nico Mannion,GSW,30,12.1,-8.080734695783722,-2.198761977492466,-1.6383779900856732,-0.6863794777766411,-1.5450570130569445,-1.2551050322824664,-1.213899297871458,-0.6972008359251891,0.04684478727571,1.1072021414314086,4.1,1.5,2.3,0.5,0.0,0.7,0.342,3.8,0.821,0.9,1.0
1629216,Gabe Vincent,MIA,50,13.1,-8.210700691212299,-2.0779887991932875,-1.7960912572205046,-1.1389373752117886,-1.8599463499571367,-1.2551050322824664,-1.007804340677662,-0.6180519579176114,0.08954038576658778,1.4536840354815712,4.8,1.1,1.3,0.4,0.0,0.9,0.378,4.7,0.87,0.5,0.7
1629740,Nicolo Melli,DAL,45,12.6,-8.270972121344254,-2.3885484005340314,-1.165238188681179,-1.2747047444423332,-2.174835686857329,-1.045454971210785,-1.4199942550652538,-0.637684139881434,-0.0801716288870289,1.9156598942151213,3.0,2.7,1.0,0.3,0.1,0.5,0.326,3.1,0.76,0.6,0.3
1628995,Kevin Knox II,NYK,42,11.1,-8.285647091978168,-2.2332685998636594,-1.6383779900856732,-1.5009836931599072,-2.174835686857329,-1.045454971210785,-1.1108518192745598,-0.3703285499426953,-0.011711711115293101,1.8001659295317338,3.9,1.5,0.5,0.3,0.1,0.8,0.392,3.4,0.8,0.5,0.4
1630271,Brodric Thomas,CLE,32,12.5,-8.289520735214571,-2.2332685998636594,-1.5595213565182573,-1.319960534185848,-1.5450570130569445,-0.6261548490674221,-1.4199942550652538,-0.525956707207055,-0.513291455731701,1.4536840354815712,3.9,1.7,0.9,0.5,0.3,0.5,0.361,3.4,0.674,1.4,0.7
1630235,Trent Forrest,UTA,30,10.1,-8.297369316180651,-2.405801711719628,-1.6383779900856732,-1.0484257957247594,-2.174835686857329,-1.045454971210785,-1.7291366908559478,-0.04542893206366608,0.336408426855567,1.4536840354815712,2.9,1.5,1.5,0.3,0.1,0.2,0.451,2.4,1.0,0.6,0.7
203918,Rodney Hood,TOR,55,17.1,-8.31213420351745,-2.129748732750078,-1.4806647229508418,-1.2747047444423332,-1.8599463499571367,-1.045454971210785,-1.316946776468356,-0.7290883661365853,0.07073642491709559,1.4536840354815712,4.5,1.9,1.0,0.4,0.1,0.6,0.362,4.7,0.857,0.5,0.7
1628966,Keita Bates-Diop,SAS,30,8.2,-8.325020329509048,-2.457561645276419,-1.5989496733019655,-1.5462394829034218,-1.8599463499571367,-0.8358049101391035,-1.7291366908559478,-0.049433330189860986,-0.27910210578370265,2.031153858898509,2.6,1.6,0.4,0.4,0.2,0.2,0.448,2.2,0.667,0.7,0.2
1629635,Sekou Doumbouya,DET,56,15.5,-8.339849397670362,-2.0262288656364973,-1.2046665054648868,-1.3652163239293627,-1.8599463499571367,-0.8358049101391035,-1.4199942550652538,-0.6516168466361447,-0.31456541164016044,1.3381900707981835,5.1,2.6,0.8,0.4,0.2,0.5,0.379,5.0,0.703,1.1,0.8
1628385,Harry Giles III,POR,38,9.2,-8.34765500540433,-2.423055022905225,-0.8498116544115163,-1.3652163239293627,-2.4897250237575217,-0.6261548490674221,-1.7291366908559478,-0.12027219615679574,-0.4289552091688866,1.6846719648483461,2.8,3.5,0.8,0.2,0.3,0.2,0.433,2.6,0.593,0.7,0.5
1629076,Tyler Cook,DET,32,13.7,-8.349242783252576,-2.060735488007691,-1.0469532383300555,-1.5009836931599072,-2.174835686857329,-1.045454971210785,-1.9352316480497436,0.9663726192559533,-1.0051047123745886,1.4536840354815712,4.9,3.0,0.5,0.3,0.1,0.0,0.67,3.2,0.486,1.1,0.7
203960,JaKarr Sampson,IND,29,10.9,-8.37440688131523,-2.1124954215644816,-1.165238188681179,-1.6820068521339662,-2.8046143606577143,-0.20685472692405926,-1.8321841694528456,0.17064909956884217,-0.4263342263181726,1.6846719648483461,4.6,2.7,0.1,0.1,0.5,0.1,0.496,3.9,0.655,1.0,0.5
1630173,Precious Achiuwa,MIA,61,12.1,-8.386018433837563,-2.043482176822094,-0.8892399711952241,-1.5009836931599072,-2.174835686857329,-0.20685472692405926,-1.9352316480497436,0.4253359078251504,-1.514410474135926,1.4536840354815712,5.0,3.4,0.5,0.3,0.5,0.0,0.544,3.7,0.509,1.8,0.7
1630241,Sam Merrill,MIL,30,7.8,-8.390688885277113,-2.3885484005340314,-1.8355195740042123,-1.4104721136728777,-2.174835686857329,-1.2551050322824664,-1.213899297871458,-0.07023493815513895,0.04226626388527981,1.9156598942151213,3.0,1.0,0.7,0.3,0.0,0.7,0.444,2.4,1.0,0.1,0.3
1630192,Zeke Nnaji,DEN,42,9.5,-8.400383788528424,-2.3540417781628378,-1.6383779900856732,-1.6367510623904513,-2.4897250237575217,-1.045454971210785,-1.316946776468356,0.06244175728268157,-0.012681802633990007,2.031153858898509,3.2,1.5,0.2,0.2,0.1,0.6,0.481,2.5,0.8,0.4,0.2
1630198,Isaiah Joe,PHI,41,9.3,-8.444261588311093,-2.2677752222348535,-1.87494789078792,-1.5009836931599072,-2.174835686857329,-1.045454971210785,-0.904756862080764,-0.4936380249850218,-0.09752913120963708,1.9156598942151213,3.7,0.9,0.5,0.3,0.1,1.0,0.361,3.2,0.75,0.6,0.3
1628414,Sindarius Thornwell,ORL,21,10.3,-8.502356770578645,-2.56108151239,-1.87494789078792,-1.2747047444423332,-1.2301676761567522,-1.045454971210785,-1.6260892122590496,-0.44573880846077285,-0.35983184908615334,1.9156598942151213,2.0,0.9,1.0,0.6,0.1,0.3,0.326,2.2,0.5,0.4,0.3
1630233,Nathan Knight,ATL,33,8.4,-8.516631168121542,-2.250521911049256,-1.3623797725997182,-1.6367510623904513,-2.174835686857329,-0.6261548490674221,-1.7291366908559478,-0.4214525472588357,-7.061289093022286e-05,1.6846719648483461,3.8,2.2,0.2,0.3,0.3,0.2,0.37,3.0,0.8,1.7,0.5
1628373,Frank Ntilikina,NYK,33,9.8,-8.529487468066545,-2.440308334090822,-1.87494789078792,-1.4557279034163924,-1.5450570130569445,-1.045454971210785,-1.213899297871458,-0.3431010051613406,-0.526650946686002,1.9156598942151213,2.7,0.9,0.6,0.5,0.1,0.7,0.367,2.4,0.444,0.5,0.3
1629164,Brandon Goodwin,ATL,47,13.2,-8.532784189795523,-2.060735488007691,-1.6383779900856732,-0.8221468470071853,-1.8599463499571367,-1.2551050322824664,-1.213899297871458,-0.6249917334312972,-0.39577152195079807,1.3381900707981835,4.9,1.5,2.0,0.4,0.0,0.7,0.377,4.7,0.651,0.9,0.8
1627885,Shaquille Harrison,DEN,34,9.8,-8.561934641671202,-2.5438282012044033,-1.6778063068693807,-1.4104721136728777,-1.5450570130569445,-1.045454971210785,-1.8321841694528456,-0.44329364500318474,0.020501884584098334,1.9156598942151213,2.1,1.4,0.7,0.5,0.1,0.1,0.333,2.3,0.818,0.6,0.3
1629714,Jarrell Brantley,UTA,28,4.9,-8.578144730356152,-2.5093215788332093,-1.8355195740042123,-1.5009836931599072,-2.174835686857329,-1.045454971210785,-1.5230417336621516,0.0530863492710404,0.04226626388527981,1.9156598942151213,2.3,1.0,0.5,0.3,0.1,0.4,0.481,1.9,1.0,0.1,0.3
1627853,Ryan Arcidiacono,CHI,44,10.2,-8.589527823909478,-2.3712950893484344,-1.6383779900856732,-1.1389373752117886,-2.4897250237575217,-1.2551050322824664,-1.316946776468356,-0.1816139055058523,-0.2286804901478952,2.031153858898509,3.1,1.5,1.3,0.2,0.0,0.6,0.419,2.7,0.65,0.5,0.2
1630182,Josh Green,DAL,39,11.4,-8.707217867291096,-2.457561645276419,-1.4412364061671339,-1.4104721136728777,-1.8599463499571367,-1.045454971210785,-1.8321841694528456,-0.04188521690774137,-0.41864292417788823,1.8001659295317338,2.6,2.0,0.7,0.4,0.1,0.1,0.452,2.4,0.565,0.6,0.4
1629641,Romeo Langford,BOS,18,15.7,-8.765517706743797,-2.3712950893484344,-1.4806647229508418,-1.4104721136728777,-2.174835686857329,-0.6261548490674221,-1.6260892122590496,-0.5341604077930207,-0.11102362495978033,1.5691780001649587,3.1,1.9,0.7,0.3,0.3,0.3,0.356,3.3,0.75,0.7,0.6
1629644,KZ Okpala,MIA,37,12.1,-8.787386483772353,-2.4748149564620157,-1.5200930397345496,-1.5009836931599072,-2.174835686857329,-0.6261548490674221,-1.6260892122590496,-0.3429356317873975,-0.32164534397641537,1.8001659295317338,2.5,1.8,0.5,0.3,0.3,0.3,0.375,2.6,0.533,0.4,0.4
1629617,Reggie Perry,BKN,26,8.1,-8.801649305090322,-2.3885484005340314,-1.1258098718974712,-1.5009836931599072,-2.4897250237575217,-0.8358049101391035,-1.7291366908559478,-0.24426678946260097,-0.05655192544869756,1.5691780001649587,3.0,2.8,0.5,0.2,0.2,0.2,0.41,3.0,0.769,0.5,0.6
1629035,Carsen Edwards,BOS,31,8.9,-8.850160171792183,-2.2160152886780624,-1.914376207571628,-1.5009836931599072,-2.4897250237575217,-1.2551050322824664,-1.316946776468356,-0.22870987992809153,0.04054787115534162,2.031153858898509,4.0,0.8,0.5,0.2,0.0,0.6,0.423,3.6,0.846,0.4,0.2
1628411,Wes Iwundu,NOP,41,13.1,-8.856024469327188,-2.4920682676476127,-1.3623797725997182,-1.5462394829034218,-1.8599463499571367,-1.045454971210785,-1.8321841694528456,-0.4838809959223756,0.0814575755183599,1.6846719648483461,2.4,2.2,0.4,0.4,0.1,0.1,0.333,2.5,0.839,0.8,0.5
1629671,Miye Oni,UTA,54,9.6,-8.906792272171051,-2.578334823575597,-1.5989496733019655,-1.5009836931599072,-2.4897250237575217,-1.045454971210785,-1.316946776468356,-0.2860117539993938,-0.00604545091264626,1.9156598942151213,1.9,1.6,0.5,0.2,0.1,0.6,0.354,1.8,0.833,0.1,0.3
1629662,Mfiondu Kabengele,CLE,39,7.2,-8.944443958712522,-2.4920682676476127,-1.6383779900856732,-1.5462394829034218,-2.4897250237575217,-0.6261548490674221,-1.6260892122590496,-0.3142433514082605,-0.011711711115293101,1.8001659295317338,2.4,1.5,0.4,0.2,0.3,0.3,0.371,2.3,0.8,0.5,0.4
1628035,Alfonzo McKinnie,LAL,39,6.6,-8.986811463332065,-2.3712950893484344,-1.6778063068693807,-1.6367510623904513,-2.4897250237575217,-1.2551050322824664,-1.5230417336621516,0.18491255307143917,-0.36464759167499244,2.146647823581896,3.1,1.4,0.2,0.2,0.0,0.4,0.516,2.4,0.556,0.5,0.1
203648,Thanasis Antetokounmpo,MIL,57,9.7,-8.996793619212099,-2.405801711719628,-1.3623797725997182,-1.3652163239293627,-1.8599463499571367,-0.8358049101391035,-1.8321841694528456,0.08923224386147231,-0.7628826960739606,1.3381900707981835,2.9,2.2,0.8,0.4,0.2,0.1,0.489,2.4,0.51,0.9,0.8
1629066,Rodions Kurucs,MIL,21,5.9,-8.997217846727231,-2.6473480683179846,-1.7960912572205046,-1.5009836931599072,-1.8599463499571367,-0.8358049101391035,-1.6260892122590496,-0.2565811996294392,-0.04355115620906412,1.5691780001649587,1.5,1.1,0.5,0.4,0.2,0.3,0.344,1.5,0.75,0.2,0.6
1626188,Quinn Cook,CLE,23,6.8,-9.026927478939074,-2.3367884669772407,-1.9538045243553357,-1.3652163239293627,-2.4897250237575217,-1.2551050322824664,-1.4199942550652538,-0.17339248634410698,0.05143873955709367,1.9156598942151213,3.3,0.7,0.8,0.2,0.0,0.5,0.426,3.0,0.875,0.3,0.3
1629067,Isaac Bonga,WAS,40,10.8,-9.032904731951826,-2.56108151239,-1.5595213565182573,-1.4557279034163924,-2.174835686857329,-0.8358049101391035,-1.6260892122590496,-0.27314806798338714,-0.1158740825532648,1.5691780001649587,2.0,1.7,0.6,0.3,0.2,0.3,0.37,2.0,0.625,0.2,0.6
1630176,Vernon Carey Jr.,CHA,19,6.0,-9.07228329562165,-2.4920682676476127,-1.6778063068693807,-1.6820068521339662,-2.8046143606577143,-0.6261548490674221,-1.8321841694528456,0.10638973140807444,0.020501884584098334,1.9156598942151213,2.4,1.4,0.1,0.1,0.3,0.1,0.5,1.9,0.818,0.6,0.3
1629683,Quinndary Weatherspoon,SAS,20,6.1,-9.092682286052323,-2.5093215788332093,-1.9932328411390439,-1.5462394829034218,-1.8599463499571367,-1.045454971210785,-1.8321841694528456,-0.012259758204210897,0.021284900799984876,1.6846719648483461,2.3,0.6,0.4,0.4,0.1,0.1,0.457,1.8,0.813,0.8,0.5
1629735,Chris Silva,SAC,15,6.2,-9.135969030378158,-2.5438282012044033,-1.5200930397345496,-1.5462394829034218,-2.8046143606577143,-0.41650478799574064,-1.8321841694528456,0.27449767221321547,-0.2006866961242666,1.4536840354815712,2.1,1.8,0.4,0.1,0.4,0.1,0.625,1.1,0.733,1.0,0.7
1630253,Sean McDermott,MEM,18,8.8,-9.15572057144132,-2.5265748900188063,-1.7960912572205046,-1.6367510623904513,-2.8046143606577143,-0.8358049101391035,-1.6260892122590496,-0.1797002993216528,0.21875156166745216,2.031153858898509,2.2,1.1,0.2,0.1,0.2,0.3,0.394,1.8,1.0,0.4,0.2
1628427,Vlatko Čančar,DEN,41,6.9,-9.185561924658755,-2.5438282012044033,-1.7566629404367966,-1.5914952726469367,-2.174835686857329,-1.2551050322824664,-1.7291366908559478,-0.00960197183726737,-0.04055602275272959,1.9156598942151213,2.1,1.2,0.3,0.3,0.0,0.2,0.458,1.8,0.769,0.3,0.3
1629677,Luka Samanic,SAS,33,9.3,-9.186058170511293,-2.2677752222348535,-1.401808089383426,-1.5009836931599072,-2.4897250237575217,-0.8358049101391035,-1.5230417336621516,-0.08256706689775692,-0.6535304314415291,1.5691780001649587,3.7,2.1,0.5,0.2,0.2,0.4,0.448,3.2,0.552,0.9,0.6
1629719,Devontae Cacok,LAL,20,4.9,-9.202420120679394,-2.56108151239,-1.5989496733019655,-1.6820068521339662,-2.174835686857329,-0.8358049101391035,-1.9352316480497436,0.2794057177041711,-0.6095754497265778,1.9156598942151213,2.0,1.6,0.1,0.3,0.2,0.0,0.586,1.5,0.455,0.6,0.3
1629599,Amir Coffey,LAC,44,9.0,-9.269366831060426,-2.3540417781628378,-1.8355195740042123,-1.5009836931599072,-2.4897250237575217,-1.2551050322824664,-1.4199942550652538,-0.09010336779602343,-0.2395540010473247,1.9156598942151213,3.2,1.0,0.5,0.2,0.0,0.5,0.437,2.3,0.711,0.9,0.3
1630200,Tre Jones,SAS,37,7.3,-9.314143636044076,-2.4748149564620157,-1.9932328411390439,-1.2294489546988183,-2.4897250237575217,-1.2551050322824664,-1.8321841694528456,0.034499563278215344,0.12570184893868816,1.8001659295317338,2.5,0.6,1.1,0.2,0.0,0.1,0.474,2.1,0.895,0.5,0.4
1629744,Matt Thomas,UTA,45,7.3,-9.470811061020592,-2.3712950893484344,-1.8355195740042123,-1.5462394829034218,-2.8046143606577143,-1.2551050322824664,-1.316946776468356,-0.2925676270378544,0.0358169874667463,1.9156598942151213,3.1,1.0,0.4,0.1,0.0,0.6,0.394,2.8,0.857,0.3,0.3
1629713,Justin James,SAC,36,8.6,-9.483760482505453,-2.2332685998636594,-1.914376207571628,-1.4557279034163924,-2.4897250237575217,-1.045454971210785,-1.5230417336621516,0.012292281634420739,-0.6346242541894708,1.8001659295317338,3.9,0.8,0.6,0.2,0.1,0.4,0.468,3.1,0.583,1.0,0.4
1629346,Alen Smailagic,GSW,15,5.6,-9.490458329141156,-2.578334823575597,-1.7960912572205046,-1.5914952726469367,-2.4897250237575217,-0.6261548490674221,-1.6260892122590496,-0.14514907655138712,-0.5530787082778577,1.9156598942151213,1.9,1.1,0.3,0.2,0.3,0.3,0.407,1.8,0.333,0.4,0.3
1629604,CJ Elleby,POR,30,6.4,-9.512268681845015,-2.5093215788332093,-1.7960912572205046,-1.5914952726469367,-2.4897250237575217,-1.045454971210785,-1.7291366908559478,-0.2735733138020981,-0.1086244324165221,2.031153858898509,2.3,1.1,0.3,0.2,0.1,0.2,0.379,2.2,0.733,0.5,0.2
1629657,Kyle Guy,SAC,31,7.6,-9.529463529681966,-2.423055022905225,-1.7960912572205046,-1.2747047444423332,-2.4897250237575217,-1.2551050322824664,-1.5230417336621516,-0.5571650253468984,-0.010741619596596195,1.8001659295317338,2.8,1.1,1.0,0.2,0.0,0.4,0.33,2.8,0.8,0.6,0.4
1630207,Nate Hinton,DAL,21,4.4,-9.565579839335033,-2.56108151239,-2.072089474706459,-1.5462394829034218,-2.174835686857329,-1.045454971210785,-1.7291366908559478,-0.3115383155059047,-0.1563575638036946,2.031153858898509,2.0,0.4,0.4,0.3,0.1,0.2,0.357,2.0,0.7,0.5,0.2
1630222,Mason Jones,PHI,32,10.5,-9.575567418526596,-1.9917222432653032,-1.5595213565182573,-1.1389373752117886,-2.4897250237575217,-1.2551050322824664,-1.1108518192745598,-0.24271936717784715,-1.0096813071536492,1.2226961061147963,5.3,1.7,1.3,0.2,0.0,0.8,0.423,3.8,0.625,2.0,0.9
1630187,Daniel Oturu,LAC,30,5.4,-9.6121840001063,-2.5955881347611935,-1.5989496733019655,-1.5914952726469367,-2.8046143606577143,-0.8358049101391035,-1.9352316480497436,-0.09561975105541291,-0.0705401437093506,1.9156598942151213,1.8,1.6,0.3,0.1,0.2,0.0,0.423,1.7,0.75,0.4,0.3
1629626,Bol Bol,DEN,32,5.0,-9.619847551368949,-2.5265748900188063,-1.914376207571628,-1.6367510623904513,-2.8046143606577143,-0.6261548490674221,-1.6260892122590496,-0.08136220374474253,-0.20409069519086695,1.8001659295317338,2.2,0.8,0.2,0.1,0.3,0.3,0.431,1.8,0.667,0.5,0.4
1628962,Udoka Azubuike,UTA,15,3.8,-9.663153439293193,-2.716361313060372,-1.87494789078792,-1.727262641877481,-2.8046143606577143,-0.6261548490674221,-1.9352316480497436,3.693338684780703e-05,-0.009771528077899288,2.031153858898509,1.1,0.9,0.0,0.1,0.3,0.0,0.444,0.6,0.8,0.7,0.2
1630216,Cassius Winston,WAS,22,4.5,-9.767422716299375,-2.578334823575597,-2.072089474706459,-1.5009836931599072,-2.8046143606577143,-1.2551050322824664,-1.5230417336621516,-0.07939544183320432,0.014987984679616486,2.031153858898509,1.9,0.4,0.5,0.1,0.0,0.4,0.424,1.5,0.833,0.3,0.2
1629686,Deividas Sirvydis,DET,20,6.7,-9.943979633967935,-2.5438282012044033,-1.6383779900856732,-1.5914952726469367,-2.8046143606577143,-1.2551050322824664,-1.4199942550652538,-0.3322099872487988,-0.2740144289918094,1.9156598942151213,2.1,1.5,0.3,0.1,0.0,0.5,0.35,2.0,0.5,0.3,0.3
1626245,Cristiano Felicio,CHI,18,4.6,-10.04115329080391,-2.6818546906891783,-1.6778063068693807,-1.5009836931599072,-2.4897250237575217,-1.2551050322824664,-1.9352316480497436,0.09328979771500621,-0.624890552609226,2.031153858898509,1.3,1.4,0.5,0.2,0.0,0.0,0.538,0.7,0.563,0.9,0.2
1630190,Elijah Hughes,UTA,18,3.5,-10.059531796286686,-2.612841445946791,-2.0326611579227514,-1.5914952726469367,-2.8046143606577143,-1.045454971210785,-1.5230417336621516,-0.32153159224561223,-0.04355115620906412,1.9156598942151213,1.7,0.5,0.3,0.1,0.1,0.4,0.333,1.7,0.75,0.2,0.3
1628981,Bruno Fernando,ATL,33,6.8,-10.081689886291311,-2.6473480683179846,-1.2835231390323025,-1.5914952726469367,-2.8046143606577143,-1.045454971210785,-1.9352316480497436,-0.09447394982166392,-0.2487264767191383,1.5691780001649587,1.5,2.4,0.3,0.1,0.1,0.0,0.409,1.3,0.682,0.7,0.6
1629752,Juwan Morgan,UTA,29,5.1,-10.082273452887343,-2.6991080018747753,-1.8355195740042123,-1.5914952726469367,-2.8046143606577143,-1.2551050322824664,-1.8321841694528456,0.018381565510684667,-0.22927643106097145,2.146647823581896,1.2,1.0,0.3,0.1,0.0,0.1,0.467,1.0,0.429,0.2,0.1
1630210,Markus Howard,DEN,37,5.5,-10.116312236373322,-2.423055022905225,-1.9932328411390439,-1.5009836931599072,-2.8046143606577143,-1.2551050322824664,-1.4199942550652538,-0.37664817530409433,-0.027350820707963148,1.6846719648483461,2.8,0.6,0.5,0.1,0.0,0.5,0.377,2.9,0.778,0.2,0.5
1630188,Jalen Smith,PHX,27,5.8,-10.152603508038014,-2.56108151239,-1.6778063068693807,-1.6820068521339662,-3.1195036975579065,-1.045454971210785,-1.8321841694528456,-0.06193673849834863,-0.08828915413990208,1.9156598942151213,2.0,1.4,0.1,0.0,0.1,0.1,0.44,1.9,0.714,0.3,0.3
1630199,Cassius Stanley,IND,24,3.9,-10.486344085510952,-2.6473480683179846,-1.914376207571628,-1.727262641877481,-3.1195036975579065,-1.045454971210785,-1.8321841694528456,-0.4242166450804569,-0.038139472707148674,2.262141788265284,1.5,0.8,0.0,0.0,0.1,0.1,0.302,1.8,0.778,0.4,0.0
1630189,Tyler Bey,DAL,18,3.9,-10.566313919175792,-2.733614624245969,-1.7960912572205046,-1.6367510623904513,-3.1195036975579065,-1.045454971210785,-1.8321841694528456,-0.24664107861707033,-0.18722691737876862,2.031153858898509,1.0,1.1,0.2,0.0,0.1,0.1,0.318,1.2,0.6,0.3,0.2
1630234,Ty-Shon Alexander,PHX,15,3.2,-10.6079717434631,-2.802627868988356,-1.9538045243553357,-1.5462394829034218,-3.1195036975579065,-1.045454971210785,-1.8321841694528456,-0.23693129908983668,-0.10237958880312158,2.031153858898509,0.6,0.7,0.4,0.0,0.1,0.1,0.25,0.8,0.5,0.1,0.2
1629833,Keljin Blevins,POR,17,4.4,-10.775291692137449,-2.7853745578027596,-1.9932328411390439,-1.6367510623904513,-2.8046143606577143,-1.2551050322824664,-1.8321841694528456,-0.36712739391851,-0.016562168708777632,1.9156598942151213,0.7,0.6,0.2,0.1,0.0,0.1,0.25,1.2,0.0,0.0,0.3
1630208,Nick Richards,CHA,18,3.5,-11.01351119031886,-2.7681212466171625,-1.9932328411390439,-1.6820068521339662,-3.1195036975579065,-1.2551050322824664,-1.9352316480497436,0.003940926250291515,-0.2954046576873701,2.031153858898509,0.8,0.6,0.1,0.0,0.0,0.0,0.444,0.5,0.636,0.6,0.2
1629033,Theo Pinson,NYK,17,2.0,-11.104078104249457,-2.8888944249163404,-2.1115177914901673,-1.6820068521339662,-3.1195036975579065,-1.2551050322824664,-1.9352316480497436,-0.2419043126919843,-0.016562168708777632,2.146647823581896,0.1,0.3,0.1,0.0,0.0,0.0,0.111,0.5,0.0,0.0,0.1
1628961,Kostas Antetokounmpo,LAL,15,3.7,-11.120239353519702,-2.7681212466171625,-1.7172346236530889,-1.6820068521339662,-2.8046143606577143,-0.6261548490674221,-1.9352316480497436,-0.15270309602543314,-0.8878567127967395,1.4536840354815712,0.8,1.3,0.1,0.1,0.3,0.0,0.3,0.7,0.462,0.9,0.7
1630221,Josh Hall,OKC,21,16.0,-12.01852487156708,-2.198761977492466,-1.1258098718974712,-1.1389373752117886,-2.4897250237575217,-1.2551050322824664,-1.7291366908559478,-1.1385351214440513,-1.81872799069,0.8762142120646336,4.1,2.8,1.3,0.2,0.0,0.2,0.303,4.7,0.5,2.1,1.2
