PLAYER_ID,PLAYER_NAME,TEAM_ABBREVIATION,GP,MIN,Z_TOTAL,Z_PTS,Z_REB,Z_AST,Z_STL,Z_BLK,Z_FG3M,Z_FG_PCT,Z_FT_PCT,Z_TOV,PTS,REB,AST,STL,BLK,FG3M,FG_PCT,FGA,FT_PCT,FTA,TOV
203999,Nikola Jokić,DEN,65,34.8,10.92629676288694,1.9184929430459536,3.1348335108875744,3.3667285007821093,1.0167336540807874,0.4776452770652475,-0.13434713739355916,2.6254483747277995,0.7299327462336409,-2.2091711065426143,27.7,12.9,10.7,1.4,0.8,1.7,0.569,17.4,0.831,7.4,3.7
1641705,Victor Wembanyama,SAS,64,29.2,10.040714689716772,1.4244447190149172,2.536038679810268,-0.3968236573779267,-0.11297040600897652,5.5016580998552005,0.08710418798043867,0.9625365346748369,0.5992624841743489,-0.5605359524063348,25.0,11.5,3.1,1.0,3.1,1.9,0.512,16.9,0.827,7.0,2.4
1628983,Shai Gilgeous-Alexander,OKC,68,33.2,9.044193212610617,2.5406277436776294,-0.543477594301593,1.3363911523010372,1.0167336540807874,0.4776452770652475,-0.13434713739355916,2.414291943339272,2.2432279486887023,-0.3068997748469076,31.1,4.3,6.6,1.4,0.8,1.7,0.553,19.4,0.879,9.0,2.2
202695,Kawhi Leonard,LAC,65,32.1,7.710181274096602,1.9550891077889931,0.35471465231436666,-0.14922154170950325,2.428863729192993,-0.3960960834199618,0.8621838267894315,0.8794079749613567,1.828503205466406,-0.053263597287479834,27.9,6.4,3.6,1.9,0.4,2.6,0.505,19.4,0.892,6.4,2.0
1630178,Tyrese Maxey,PHI,70,38.0,7.6585615202454544,2.0282814372750733,-0.6290197130269226,1.3363911523010372,2.428863729192993,0.4776452770652475,1.4158121402244261,-0.5478539030221313,1.7089773526420655,-0.5605359524063348,28.3,4.1,6.6,1.9,0.8,3.1,0.462,21.4,0.892,6.0,2.4
1629029,Luka Dončić,LAL,64,35.8,6.669393315726754,2.979781720594106,0.9107384240290082,2.1782383455736776,1.5815856841256701,-0.17766074329865952,2.412343104407417,-0.05830415575401449,-0.5677036910686952,-2.589625372881755,33.5,7.7,8.3,1.6,0.5,4.0,0.476,22.8,0.78,10.1,4.0
1628378,Donovan Mitchell,CLE,70,33.5,4.9412302073805625,1.9550891077889931,-0.45793547557626346,0.8907073440978752,1.2991596691032288,-0.6145314235412641,1.5265378029114252,0.18100939677262912,1.2290020933491284,-1.0678083075251898,27.9,4.5,5.7,1.5,0.3,3.2,0.483,20.0,0.865,6.1,2.8
1628374,Lauri Markkanen,UTA,42,34.3,4.567252005220579,1.735512119330755,0.5685699491276903,-0.8920278887147736,-0.11297040600897652,-0.17766074329865952,0.9729094894764305,-0.015659699106813748,1.9077523378038377,0.5808268466110891,26.7,6.9,2.1,1.0,0.5,2.7,0.477,19.2,0.896,6.4,1.5
1627750,Jamal Murray,DEN,75,35.4,4.547306482948009,1.4976370485009964,-0.500706534938928,1.5839932679694606,-0.39539642103141753,-0.3960960834199618,1.6372634655984237,0.1648913569328759,1.3894382469631805,-0.43371786362662096,25.4,4.4,7.1,0.9,0.4,3.3,0.483,18.1,0.887,5.2,2.3
201939,Stephen Curry,GSW,43,30.9,4.469369741287804,1.7172140369592355,-0.8428750098402461,0.3955031127610284,0.1694556090134648,-0.3960960834199618,2.855245755155413,-0.2907388611715173,1.9294694893555773,-1.0678083075251898,26.6,3.6,4.7,1.1,0.4,4.4,0.468,18.6,0.923,5.1,2.8
1630530,Trey Murphy III,NOP,66,35.5,4.17762982537118,0.7840118360117219,0.05531723677571342,-0.05018069544213401,1.2991596691032288,-0.3960960834199618,1.5265378029114252,-0.19447236279400218,0.9529798419532408,0.20037258027194768,21.5,5.7,3.8,1.5,0.4,3.2,0.47,15.9,0.886,3.7,1.8
1630162,Anthony Edwards,MIN,61,35.0,4.134038854550257,2.1197718491326722,-0.2440801787629398,-0.09970111857581852,1.0167336540807874,0.4776452770652475,1.7479891282854227,0.38247830162534996,-0.07217166199556131,-1.1946263963049037,28.8,5.0,3.7,1.4,0.8,3.4,0.489,20.2,0.796,7.2,2.9
1630567,Scottie Barnes,TOR,80,33.5,3.9896052448095674,0.16187703538004664,0.8251963053036786,0.9897481903652448,1.0167336540807874,2.0066926579143636,-1.0201524388895507,0.6839344358957706,0.13974753472498827,-0.8141721299657626,18.1,7.5,5.9,1.4,1.5,0.9,0.507,14.0,0.815,3.7,2.6
201142,Kevin Durant,HOU,78,36.4,3.7147929344676713,1.607425542730116,-0.030224881949616124,0.4450235358947129,-0.6778224360538585,0.6960806171865498,0.6407325014154334,1.2340136422948527,1.3746450755935264,-1.5750806626440454,26.0,5.5,4.8,0.8,0.9,2.4,0.52,17.6,0.874,6.0,3.2
1629645,Kevin Porter Jr.,MIL,38,33.2,3.512559482127732,0.033790458779407034,-0.15853806003761026,1.7325545373705151,3.2761417742603167,-0.17766074329865952,-0.6879754508285539,-0.2746647756263918,0.9635381378136129,-1.1946263963049037,17.4,5.2,7.4,2.2,0.5,1.2,0.465,13.5,0.878,4.1,2.9
1630595,Cade Cunningham,DET,64,33.9,3.3642541385890237,1.2231658129281984,-0.030224881949616124,2.9705651157126325,1.0167336540807874,0.4776452770652475,0.19782985066743772,-0.5053457046882749,0.22305612131522654,-2.2091711065426143,23.9,5.5,9.9,1.4,0.8,2.0,0.461,18.6,0.812,6.0,3.7
203076,Anthony Davis,WAS,20,31.3,3.21800775490698,0.582732929925003,2.364954442359609,-0.5453849267789809,0.1694556090134648,2.443563338156968,-1.4630550896375465,0.7861215777595565,-0.9402984398239007,-0.1800816860671937,20.4,11.1,2.8,1.1,1.7,0.5,0.506,16.7,0.728,4.1,2.1
1631096,Chet Holmgren,OKC,69,28.9,3.1848039898549443,-0.021103788335152054,1.423991136380985,-1.0901095812495123,-1.2426744660987408,2.8804340183995727,-0.5772497881415548,1.4855025344331994,-0.12799483336522766,0.4540087578313752,17.1,8.9,1.7,0.6,1.9,1.3,0.557,11.3,0.792,4.1,1.6
1630552,Jalen Johnson,ATL,72,35.2,3.181653399449781,0.9669926597269206,2.0227859674582915,1.9801566530389385,0.4518816240359055,-0.3960960834199618,-0.13434713739355916,0.3255223266475692,-0.2065257704408512,-1.8287168402034726,22.5,10.3,7.9,1.2,0.4,1.7,0.489,17.1,0.788,5.3,3.4
203954,Joel Embiid,PHI,38,31.6,2.9877844175738764,1.7721082840737945,0.9107384240290082,-0.0006602723084492764,-1.2426744660987408,1.3513866375504566,-0.46652412545455607,0.34756980083251665,1.510466531254751,-1.1946263963049037,26.9,7.7,3.9,0.6,1.2,1.4,0.489,18.3,0.854,8.8,2.9
201935,James Harden,CLE,70,34.8,2.9282426474343515,1.1682715658136393,-0.3296222974882694,2.029677076172623,0.1694556090134648,-0.3960960834199618,1.4158121402244261,-1.145179580715871,1.9714591468174876,-1.9555349289831865,23.6,4.8,8.0,1.1,0.4,3.1,0.434,16.0,0.884,7.5,3.5
202710,Jimmy Butler III,GSW,38,31.1,2.890618469087096,0.5095406004389239,0.01254617741304846,0.4945439590283978,1.0167336540807874,-0.8329667636625664,-1.1308781015765497,0.8387678341491509,1.5283223513845283,0.4540087578313752,20.0,5.6,4.9,1.4,0.2,0.8,0.519,12.2,0.864,7.6,1.6
1629008,Michael Porter Jr.,BKN,52,32.5,2.697273311121473,1.2780600600427583,0.6541120678530195,-0.44634408051161145,0.1694556090134648,-0.6145314235412641,1.7479891282854227,-0.43913295526202933,0.7813827688683339,-0.43371786362662096,24.2,7.1,3.0,1.1,0.3,3.4,0.463,18.4,0.859,4.4,2.3
1626157,Karl-Anthony Towns,NYK,75,31.0,2.690935683789816,0.527838682810444,2.7071229172609272,-0.44634408051161145,-0.39539642103141753,-0.17766074329865952,-0.355798462767557,0.5378479422731808,0.980679890240558,-0.6873540411860487,20.1,11.9,3.0,0.9,0.5,1.5,0.501,13.8,0.858,5.5,2.5
1628369,Jayson Tatum,BOS,16,32.6,2.6161154288144206,0.8389060831262817,1.894472789370297,0.6926256515631364,1.0167336540807874,-0.8329667636625664,1.194360814850428,-1.9611163381668943,0.3336354900592852,-0.5605359524063348,21.8,10.0,5.3,1.4,0.2,2.9,0.411,17.9,0.823,4.9,2.4
1630559,Austin Reaves,LAL,51,34.5,2.447104039413518,1.1133773186990796,-0.37239335685093394,0.7916664978305058,0.1694556090134648,-0.3960960834199618,0.5300068387284343,0.30966141943138437,1.6228702810661624,-1.3214444850846176,23.3,4.7,5.5,1.1,0.4,2.3,0.49,14.9,0.871,7.3,3.0
1629638,Nickeil Alexander-Walker,ATL,78,33.4,2.268995569334587,0.6559252594110829,-0.9284171285655756,-0.09970111857581852,0.7343076390583468,-0.17766074329865952,1.5265378029114252,-0.4641121808986039,1.2021977253595832,-0.1800816860671937,20.8,3.4,3.7,1.3,0.5,3.2,0.459,15.3,0.902,3.9,2.1
1628401,Derrick White,BOS,77,34.1,1.9444802014341338,-0.13089228256427152,-0.500706534938928,0.7421460746968213,0.1694556090134648,1.569821977671759,0.9729094894764305,-1.9789398046381779,0.7734950036653744,0.32719066905166155,16.5,4.4,5.4,1.1,1.3,2.7,0.394,14.4,0.902,2.6,1.7
1628384,OG Anunoby,NYK,67,33.2,1.8571292993746171,-0.09429611782123191,-0.15853806003761026,-0.8425074655810889,1.5815856841256701,0.259209936943945,0.5300068387284343,0.13292339845059456,0.24837250429395638,0.20037258027194768,16.7,5.2,2.2,1.6,0.7,2.3,0.484,12.0,0.828,3.3,1.8
1641708,Amen Thompson,HOU,79,37.4,1.838659385605745,0.19847320012308622,0.9535094833916727,0.6926256515631364,1.2991596691032288,0.04077459682264273,-1.6845064150115443,1.2329499483648767,-0.33379079634501924,-0.5605359524063348,18.3,7.8,5.3,1.5,0.6,0.3,0.534,13.2,0.779,4.9,2.4
1628389,Bam Adebayo,MIA,73,32.4,1.7916493476633273,0.527838682810444,1.894472789370297,-0.347303234244242,0.4518816240359055,0.259209936943945,-0.13434713739355916,-0.9164700017680121,-0.39764206992282636,0.4540087578313752,20.1,10.0,3.2,1.2,0.7,1.7,0.442,15.7,0.778,5.8,1.6
202331,Paul George,PHI,37,30.7,1.7835587690780068,0.015492376407887554,-0.11576700067494568,-0.14922154170950325,1.8640116991481108,-0.3960960834199618,0.9729094894764305,-0.8788297415641055,0.14386890236243252,0.32719066905166155,17.3,5.3,3.6,1.7,0.4,2.7,0.439,13.9,0.82,3.0,1.7
1641718,Keyonte George,UTA,54,33.1,1.7470793574095127,1.1682715658136393,-0.8001039504775813,1.0887890366326138,0.1694556090134648,-0.6145314235412641,0.7514581641024325,-0.5757890549723778,2.007791984702917,-1.4482625738643315,23.6,3.7,6.1,1.1,0.3,2.5,0.456,16.3,0.892,7.0,3.1
1629660,Ty Jerome,MEM,15,22.6,1.7467490976112905,0.45464635332436415,-1.185043484741564,0.8907073440978752,0.1694556090134648,-0.6145314235412641,1.083635152163429,-0.0794791371906144,0.8269861042136524,0.20037258027194768,19.7,2.8,5.7,1.1,0.3,2.8,0.474,14.3,0.875,3.7,1.8
1642270,Donovan Clingan,POR,77,27.2,1.7305442452040398,-0.9360079069111458,2.5788097391729328,-0.8920278887147736,-1.2426744660987408,2.443563338156968,-0.7987011135155527,0.6296267071692719,-1.0133252770051504,0.9612811129502304,12.1,11.6,2.1,0.6,1.7,1.1,0.52,8.9,0.68,2.6,1.2
1631105,Jalen Duren,DET,70,28.2,1.7166990051643118,0.41805018858132453,2.108328086183621,-0.9415483118484583,-0.6778224360538585,0.4776452770652475,-2.016683403072541,3.2744357326114875,-0.9992606197947448,0.07355449149223406,19.5,10.5,2.0,0.8,0.8,0.0,0.65,11.5,0.747,6.1,1.9
1630168,Onyeka Okongwu,ATL,74,31.0,1.4659860890063863,-0.36876735339402994,0.8679673646663432,-0.3968236573779267,0.1694556090134648,1.1329512974291545,0.08710418798043867,0.052390339834843785,-0.4054823681975635,0.32719066905166155,15.2,7.6,3.1,1.1,1.1,1.9,0.48,11.6,0.757,2.7,1.7
1630163,LaMelo Ball,CHA,72,28.0,1.4508819945362592,0.527838682810444,-0.3296222974882694,1.5839932679694606,0.4518816240359055,-0.6145314235412641,2.1908917790334184,-2.0090616827461223,0.7173003519878763,-1.0678083075251898,20.1,4.8,7.1,1.2,0.3,3.8,0.407,17.3,0.899,2.5,2.8
1628969,Mikal Bridges,NYK,82,32.8,1.4205869307990744,-0.5151520123661887,-0.7573328911149168,-0.09970111857581852,0.7343076390583468,0.4776452770652475,0.08710418798043867,0.24559363958294073,0.0332049186593666,1.214917290509658,14.4,3.8,3.7,1.3,0.8,1.9,0.49,11.7,0.827,1.2,1.0
1642843,Cooper Flagg,DAL,70,33.5,1.4047625360741018,0.6925214241541225,0.4830278304023608,0.2964622664936589,0.4518816240359055,0.6960806171865498,-0.9094267762025517,-0.2663771933744539,0.39431060700513126,-0.43371786362662096,21.0,6.7,4.5,1.2,0.9,1.0,0.468,17.1,0.827,4.9,2.3
1630217,Desmond Bane,ORL,82,33.6,1.390552988844817,0.527838682810444,-0.6290197130269226,0.09838057395891997,-0.11297040600897652,-0.17766074329865952,0.19782985066743772,0.16027835371176288,1.3791399873182908,-0.053263597287479834,20.1,4.1,4.1,1.0,0.5,2.0,0.484,14.7,0.908,4.2,2.0
1628991,Jaren Jackson Jr.,UTA,48,30.3,1.120186031790204,0.3997521062098044,0.05531723677571342,-0.9415483118484583,0.1694556090134648,1.788257317793061,-0.023621474706560123,-0.03447653263667027,0.013949856036756785,-0.3068997748469076,19.4,5.7,2.0,1.1,1.4,1.8,0.476,15.0,0.803,4.2,2.2
1630578,Alperen Sengun,HOU,72,33.3,1.1061493783437235,0.582732929925003,1.423991136380985,1.1383094597662986,0.4518816240359055,1.1329512974291545,-1.3523294269505477,1.0693608546217803,-1.7656678342208105,-1.5750806626440454,20.4,8.9,6.2,1.2,1.1,0.6,0.519,15.6,0.691,5.2,3.2
1630700,Dyson Daniels,ATL,76,33.2,1.0656950480547323,-0.9726040716541854,0.5257988897650253,0.9897481903652448,2.711289744215434,-0.3960960834199618,-1.6845064150115443,0.6694998455402348,-0.9778076320174632,0.20037258027194768,11.9,6.8,5.9,2.0,0.4,0.3,0.517,10.2,0.615,1.6,1.8
1629639,Tyler Herro,MIA,33,31.3,1.0625715902824124,0.6010310122965232,-0.3296222974882694,0.09838057395891997,-0.9602484510762999,-0.3960960834199618,0.7514581641024325,0.06654362270476626,1.1575705577120674,0.07355449149223406,20.5,4.8,4.1,0.7,0.4,2.5,0.48,15.6,0.917,3.3,1.9
2544,LeBron James,LAL,60,33.2,1.0329545963824518,0.6742233417826025,0.22640147422637213,1.6335136911031456,0.4518816240359055,0.04077459682264273,-0.5772497881415548,0.9481393054697342,-1.0432851638317784,-1.3214444850846176,20.9,6.1,7.2,1.2,0.6,1.3,0.515,15.3,0.737,5.3,3.0
1628973,Jalen Brunson,NYK,74,35.0,1.0188614062560406,1.607425542730116,-0.9711881879282404,1.4354319985684068,-0.6778224360538585,-1.0514021037838688,0.8621838267894315,-0.34465319896110336,0.7194219173014921,-0.5605359524063348,26.0,3.3,6.8,0.8,0.1,2.6,0.467,19.9,0.841,5.7,2.4
1631157,Ryan Rollins,MIL,74,32.1,0.951798851536266,0.015492376407887554,-0.4151644162135989,0.8411869209641903,1.2991596691032288,-0.3960960834199618,0.7514581641024325,-0.12276093110990804,-0.08048662955252789,-0.9409902187454765,17.3,4.6,5.6,1.5,0.4,2.5,0.472,13.9,0.796,2.1,2.7
1642259,Alex Sarr,WAS,48,27.2,0.9189580324090101,-0.16748844730731113,0.782425245941014,-0.5949053499126654,-0.6778224360538585,3.098869358520875,-0.9094267762025517,0.10498385107088606,-1.0448680826990393,0.32719066905166155,16.3,7.4,2.7,0.8,2.0,1.0,0.482,13.7,0.692,3.0,1.7
1630596,Evan Mobley,CLE,65,31.9,0.8571712588344024,0.1801751177515661,1.4667621957436496,-0.14922154170950325,-0.9602484510762999,2.443563338156968,-0.9094267762025517,1.49403845844978,-2.7820255737714406,0.07355449149223406,18.2,9.0,3.6,0.7,1.7,1.0,0.546,13.2,0.606,4.6,1.9
1627759,Jaylen Brown,BOS,71,34.4,0.7559627564868299,2.1014737667611523,0.5685699491276903,0.5935848052957668,-0.11297040600897652,-0.3960960834199618,0.19782985066743772,-0.019176042676980722,-0.09490006549639811,-2.0823530177629004,28.7,6.9,5.1,1.0,0.4,2.0,0.477,21.7,0.795,7.5,3.6
1630591,Jalen Suggs,ORL,57,27.6,0.7345558262928581,-0.6249405065953079,-0.714561831752252,0.7916664978305058,2.146437714170552,0.259209936943945,0.30855551335443676,-0.793888067197258,0.30306678828371225,-0.9409902187454765,13.8,3.9,5.5,1.8,0.7,2.1,0.435,11.4,0.855,2.1,2.7
1641706,Brandon Miller,CHA,65,30.3,0.6423891961168083,0.5461367651819635,-0.28685123812560437,-0.29778281111055743,-0.11297040600897652,0.259209936943945,1.4158121402244261,-1.125870459086191,0.9320593092838516,-0.6873540411860487,20.2,4.9,3.3,1.0,0.7,3.1,0.435,16.1,0.892,3.4,2.5
203507,Giannis Antetokounmpo,MIL,36,28.9,0.6341186925738762,1.900194860674434,1.808930670644968,0.7421460746968213,-0.39539642103141753,0.259209936943945,-1.5737807523245453,4.010144913794419,-4.542249928180703,-1.5750806626440454,27.6,9.8,5.4,0.9,0.7,0.4,0.624,16.6,0.65,9.9,3.2
1630193,Immanuel Quickley,TOR,70,31.9,0.6073767348970681,-0.14919036493579166,-0.6717907723895872,0.9897481903652448,0.7343076390583468,-1.0514021037838688,0.7514581641024325,-0.7297367741890227,0.15315591005822526,0.5808268466110891,16.4,4.0,5.9,1.3,0.1,2.5,0.443,12.9,0.821,3.0,1.5
1626164,Devin Booker,PHX,64,33.5,0.4947443849000488,1.625723625101636,-0.714561831752252,1.0392686134989293,-0.6778224360538585,-0.6145314235412641,0.08710418798043867,-0.6622383616449342,1.8600645851756852,-1.4482625738643315,26.1,3.9,6.0,0.8,0.3,1.9,0.456,18.7,0.873,8.1,3.1
1642276,Kel'el Ware,MIA,77,22.1,0.4415314359080953,-1.1189887306263444,1.4667621957436496,-1.5853138125863593,-0.6778224360538585,1.1329512974291545,-0.6879754508285539,0.7333478539155429,-0.2899829491542209,1.4685534680690855,11.1,9.0,0.7,0.8,1.1,1.2,0.53,8.4,0.74,1.2,0.8
203952,Andrew Wiggins,MIA,68,30.3,0.39121483411280356,-0.33217118865099,-0.3296222974882694,-0.5949053499126654,0.1694556090134648,0.914515957307852,0.19782985066743772,-0.04556180574162196,-0.16915278769349326,0.5808268466110891,15.4,4.8,2.7,1.1,1.0,2.0,0.475,12.1,0.784,2.4,1.5
1642845,VJ Edgecombe,PHI,75,35.0,0.37019066446292614,-0.22238269442187086,0.01254617741304846,0.14790099709260493,1.0167336540807874,-0.17766074329865952,0.19782985066743772,-0.8886029789744385,0.0834538216320689,0.20037258027194768,16.0,5.6,4.2,1.4,0.5,2.0,0.438,13.7,0.818,2.4,1.8
202696,Nikola Vučević,BOS,64,28.4,0.30332652097267443,-0.38706543576554975,1.2101358395676614,-0.29778281111055743,-1.2426744660987408,0.04077459682264273,-0.24507280008055796,0.3234213113643942,0.06712726210286553,0.8344630241705165,15.1,8.4,3.3,0.6,0.6,1.6,0.493,12.5,0.828,1.5,1.3
1630581,Josh Giddey,CHI,54,32.1,0.2672570289299805,-0.039401870706672185,1.1673647802049967,2.5744017306431544,-0.11297040600897652,-0.17766074329865952,0.08710418798043867,-0.6431050571937635,-0.5061225749276376,-2.0823530177629004,17.0,8.3,9.1,1.0,0.5,1.9,0.448,13.3,0.763,4.2,3.6
1642851,Kon Knueppel,CHA,81,31.5,0.22227663276368428,0.23506936486612584,-0.11576700067494568,-0.24826238797687272,-0.9602484510762999,-0.8329667636625664,1.7479891282854227,-0.05167584812424988,0.50140218841455,-0.053263597287479834,18.5,5.3,3.4,0.7,0.2,3.4,0.475,13.4,0.863,2.8,2.0
1628386,Jarrett Allen,CLE,56,27.1,0.21317474240898637,-0.33217118865099,1.252906898930326,-1.0405891581158278,-0.11297040600897652,0.4776452770652475,-2.016683403072541,2.4926404735120546,-1.342066775420823,0.8344630241705165,15.4,8.5,1.8,1.0,0.8,0.0,0.638,9.4,0.709,4.7,1.3
1642263,Reed Sheppard,HOU,82,26.2,0.19302802908658806,-0.6798347537098676,-1.1422724253788994,-0.24826238797687272,1.2991596691032288,0.259209936943945,1.083635152163429,-0.8957279701334898,-0.06370603853597438,0.5808268466110891,13.5,2.9,3.4,1.5,0.7,2.8,0.43,11.5,0.802,1.0,1.5
1629674,Neemias Queta,BOS,76,25.3,0.10097576074247128,-1.2836714719700233,1.2101358395676614,-1.0901095812495123,-0.6778224360538585,1.569821977671759,-2.016683403072541,1.9167117464427827,-0.7423242011034547,1.214917290509658,10.2,8.4,1.7,0.8,1.3,0.0,0.653,6.6,0.703,2.3,1.0
1630183,Jaden McDaniels,MIN,73,31.7,0.09544377030101917,-0.4419596828801092,-0.5862486536642576,-0.5949053499126654,0.1694556090134648,0.914515957307852,-0.46652412545455607,0.6909803093244927,0.20975712629485038,0.20037258027194768,14.8,4.2,2.7,1.1,1.0,1.4,0.515,11.1,0.835,2.4,1.8
1630166,Deni Avdija,POR,66,33.3,0.039218275433686944,1.2780600600427583,0.5685699491276903,1.3859115754347222,-0.6778224360538585,0.04077459682264273,0.08710418798043867,-0.4093605137963715,0.1019700511979927,-2.3359891953223277,24.2,6.9,6.7,0.8,0.6,1.9,0.462,16.1,0.802,9.2,3.8
1627742,Brandon Ingram,TOR,77,33.8,-0.052705168769150434,0.7840118360117219,0.01254617741304846,-0.09970111857581852,-0.6778224360538585,0.259209936943945,-0.023621474706560123,-0.012143355536646774,0.26535121814135304,-0.5605359524063348,21.5,5.6,3.7,0.8,0.7,1.8,0.477,16.7,0.82,4.6,2.4
1628960,Grayson Allen,PHX,51,28.8,-0.06885148186439283,-0.13089228256427152,-1.0995013660162345,-0.05018069544213401,1.0167336540807874,-0.6145314235412641,1.4158121402244261,-1.6049283162268229,0.5446280497897453,0.4540087578313752,16.5,3.0,3.8,1.4,0.3,3.1,0.403,13.1,0.857,3.3,1.6
1626181,Norman Powell,MIA,58,29.6,-0.11116324502244848,0.8206080007547615,-0.8856460692029109,-0.6939461961800348,0.1694556090134648,-0.8329667636625664,0.9729094894764305,-0.18800009291016345,0.4528682861963363,0.07355449149223406,21.7,3.5,2.5,1.1,0.2,2.7,0.47,15.4,0.827,5.5,1.9
204001,Kristaps Porziņģis,GSW,32,24.0,-0.1400554004239658,-0.09429611782123191,-0.15853806003761026,-0.6939461961800348,-1.2426744660987408,1.3513866375504566,-0.13434713739355916,-0.6239453801658159,0.6218422955520538,0.8344630241705165,16.7,5.2,2.5,0.6,1.2,1.7,0.446,12.1,0.842,4.9,1.3
1641824,Matas Buzelis,CHI,77,29.2,-0.14529228984733422,-0.16748844730731113,0.09808829613837801,-0.8920278887147736,-0.9602484510762999,2.0066926579143636,0.4192811760414358,-0.29468595682903054,-0.17482198994690273,-0.1800816860671937,16.3,5.8,2.1,0.7,1.5,2.2,0.463,12.5,0.786,3.1,2.1
203944,Julius Randle,MIN,79,33.0,-0.19903558897174256,0.7108195065256426,0.4830278304023608,0.5440643821620823,0.1694556090134648,-0.8329667636625664,-0.46652412545455607,0.09070090303181386,0.04337728775549214,-0.9409902187454765,21.1,6.7,5.0,1.1,0.2,1.4,0.481,15.3,0.802,6.3,2.7
1628368,De'Aaron Fox,SAS,72,31.0,-0.23686980781984318,0.253367447237646,-0.7573328911149168,1.1383094597662986,0.4518816240359055,-0.6145314235412641,-0.023621474706560123,0.20605235613641237,-0.4572770420067436,-0.43371786362662096,18.6,3.8,6.2,1.2,0.3,1.8,0.486,14.5,0.76,3.4,2.3
1630200,Tre Jones,CHI,65,27.0,-0.3129900670597914,-0.5700462594807484,-1.0567303066535698,0.7421460746968213,0.4518816240359055,-0.8329667636625664,-1.3523294269505477,1.1880462409738435,0.4093638145902677,0.707644935390803,14.1,3.1,5.4,1.2,0.2,0.6,0.553,9.5,0.841,3.5,1.4
1631109,Mark Williams,PHX,60,23.6,-0.3279159048513314,-1.0092002363972254,1.0390516021170022,-1.4367525431853052,-0.39539642103141753,0.6960806171865498,-2.016683403072541,2.0105036180327946,-0.3036183402311326,1.088099201729944,11.7,8.0,1.0,0.9,0.9,0.0,0.644,7.3,0.771,2.9,1.1
1630202,Payton Pritchard,BOS,79,32.3,-0.3321723587295551,-0.039401870706672185,-0.714561831752252,0.6431052284294518,-0.9602484510762999,-1.0514021037838688,0.9729094894764305,-0.3037669140989868,0.4135491593918389,0.707644935390803,17.0,3.9,5.2,0.7,0.1,2.7,0.464,13.8,0.89,1.7,1.4
201942,DeMar DeRozan,SAC,77,31.2,-0.3475060335141885,0.21677128249460573,-1.1422724253788994,0.09838057395891997,-0.11297040600897652,-0.6145314235412641,-1.3523294269505477,0.42477112391553395,1.1733935550462093,0.9612811129502304,18.4,2.9,4.1,1.0,0.3,0.6,0.497,13.1,0.868,5.6,1.2
1631114,Jalen Williams,OKC,33,28.4,-0.40973460811191276,-0.021103788335152054,-0.4151644162135989,0.7916664978305058,0.4518816240359055,-0.6145314235412641,-1.2416037642635487,0.1481205958179103,0.4174455750650952,0.07355449149223406,17.1,4.6,5.5,1.2,0.3,0.7,0.484,13.5,0.837,3.9,1.9
1629675,Naz Reid,MIN,77,26.1,-0.4647464653835931,-0.6615366713383478,0.2691725335890371,-0.8425074655810889,-0.11297040600897652,0.914515957307852,0.30855551335443676,-0.39568633273788506,-0.39829835179999584,0.4540087578313752,13.6,6.2,2.2,1.0,1.0,2.1,0.456,11.3,0.732,1.6,1.6
1630180,Saddiq Bey,NOP,72,31.2,-0.4770624710417357,0.08868470589396676,0.01254617741304846,-0.6939461961800348,-0.39539642103141753,-1.0514021037838688,0.30855551335443676,-0.5817646413269307,0.49392511532969247,1.3417353792893716,17.7,5.6,2.5,0.9,0.1,2.1,0.451,13.4,0.841,4.1,0.9
1630532,Franz Wagner,ORL,34,30.0,-0.4872992175191437,0.6193290946680433,-0.15853806003761026,-0.29778281111055743,-0.39539642103141753,-0.6145314235412641,-0.46652412545455607,0.08862626032541529,0.41032759961114146,0.32719066905166155,20.6,5.2,3.3,0.9,0.3,1.4,0.481,14.9,0.823,5.8,1.7
1628404,Josh Hart,NYK,66,30.2,-0.5234455468571338,-0.9543059892826656,0.782425245941014,0.4450235358947129,0.1694556090134648,-0.6145314235412641,-0.355798462767557,0.45855879019537643,-0.5278273438024493,0.07355449149223406,12.0,7.4,4.8,1.1,0.3,1.5,0.508,9.0,0.72,1.9,1.9
1631095,Jabari Smith Jr.,HOU,77,35.1,-0.5556742729921946,-0.2589788591649105,0.5685699491276903,-0.9910687349821431,-0.9602484510762999,0.6960806171865498,0.5300068387284343,-0.5926477246765978,-0.2550328435257208,0.707644935390803,15.8,6.9,1.9,0.7,0.9,2.3,0.449,12.7,0.775,2.7,1.4
1631099,Keegan Murray,SAC,23,34.5,-0.5657716357873365,-0.5883443418522682,0.05531723677571342,-1.0901095812495123,-0.11297040600897652,2.225127998035666,-0.5772497881415548,-1.2283191290030082,-0.21050473729362648,0.9612811129502304,14.0,5.7,1.7,1.0,1.6,1.3,0.42,13.0,0.776,2.1,1.2
1631221,Collin Gillespie,PHX,80,28.5,-0.683016628812974,-0.8262194126820267,-0.6290197130269226,0.3459826896273434,0.4518816240359055,-0.8329667636625664,1.194360814850428,-1.0245360305381714,0.18349140475166095,0.4540087578313752,12.7,4.1,4.6,1.2,0.2,2.9,0.418,10.5,0.874,1.1,1.6
203497,Rudy Gobert,MIN,76,31.3,-0.6935558836581175,-1.1555848953693841,2.536038679810268,-1.0901095812495123,-0.6778224360538585,2.225127998035666,-2.016683403072541,2.19854448587694,-3.4207116670264988,0.707644935390803,10.9,11.5,1.7,0.8,1.6,0.0,0.682,6.5,0.526,4.0,1.4
1628978,Donte DiVincenzo,MIN,82,30.4,-0.7377394313003776,-0.917709824539626,-0.6290197130269226,-0.05018069544213401,0.7343076390583468,-0.3960960834199618,1.3050864775374271,-1.196689618589355,-0.29508254826895514,0.707644935390803,12.2,4.1,3.8,1.3,0.4,3.0,0.406,10.2,0.743,1.3,1.4
1629636,Darius Garland,LAC,45,29.9,-0.8112475034033715,0.2899636119806856,-1.356127722192223,1.3859115754347222,-0.11297040600897652,-0.8329667636625664,0.9729094894764305,-0.427122444255178,0.46378155212863764,-1.1946263963049037,18.8,2.4,6.7,1.0,0.2,2.7,0.46,14.9,0.861,2.7,2.9
1626167,Myles Turner,MIL,71,26.9,-0.8124650779052512,-0.9726040716541854,-0.11576700067494568,-1.1891504275168818,-0.9602484510762999,2.225127998035666,0.30855551335443676,-0.556431583618609,-0.5132281677046631,0.9612811129502304,11.9,5.3,1.5,0.7,1.6,2.1,0.44,9.1,0.74,2.5,1.2
1627783,Pascal Siakam,IND,62,33.2,-0.8555304136756892,1.2414638952997186,0.4402567710396958,-0.05018069544213401,0.1694556090134648,-0.3960960834199618,-0.13434713739355916,0.19979106686678383,-2.0189740647927894,-0.3068997748469076,24.0,6.6,3.8,1.1,0.4,1.7,0.484,18.6,0.693,6.1,2.2
1641709,Ausar Thompson,DET,73,26.0,-0.8632063659661047,-1.3385657190845828,0.05531723677571342,-0.3968236573779267,2.711289744215434,0.6960806171865498,-1.905957740385542,0.6252642434275334,-1.8906379373343727,0.5808268466110891,9.9,5.7,3.1,2.0,0.9,0.1,0.525,7.9,0.571,2.6,1.5
1630643,Jay Huff,IND,82,21.0,-0.9060744295015433,-1.4117580485706622,-0.6717907723895872,-1.1891504275168818,-1.525100481121182,2.8804340183995727,-0.355798462767557,-0.011565356562300825,0.0369197217376837,1.3417353792893716,9.5,4.0,1.5,0.5,1.9,1.5,0.476,7.5,0.828,1.2,0.9
1630245,Ayo Dosunmu,MIN,69,27.3,-0.9801281624064282,-0.4419596828801092,-0.9284171285655756,-0.14922154170950325,-0.6778224360538585,-0.6145314235412641,-0.023621474706560123,0.7082147882477741,0.4395858014118658,0.707644935390803,14.8,3.4,3.6,0.8,0.3,1.8,0.517,10.8,0.876,2.1,1.4
1643016,Bez Mbeng,UTA,15,32.8,-1.0219884242583945,-1.6679312017719405,-0.7573328911149168,0.09838057395891997,3.558567789282757,-0.6145314235412641,-1.5737807523245453,0.2559228988203063,-0.9021102641788004,0.5808268466110891,8.1,3.8,4.1,2.3,0.3,0.4,0.5,6.7,0.64,1.7,1.5
1626162,Kelly Oubre Jr.,PHI,50,31.5,-1.0735398956837252,-0.5700462594807484,-0.2440801787629398,-1.139630004383197,1.0167336540807874,-0.17766074329865952,-0.13434713739355916,-0.18364861774208088,-0.3485055440941309,0.707644935390803,14.1,5.0,1.6,1.4,0.5,1.7,0.467,10.9,0.766,2.9,1.4
1642273,Kyshawn George,WAS,48,29.0,-1.0756019980685623,-0.4419596828801092,-0.2013091194002752,0.2964622664936589,-0.11297040600897652,0.6960806171865498,0.30855551335443676,-0.7769305003301273,-0.029358556517956803,-0.8141721299657626,14.8,5.1,4.5,1.0,0.9,2.1,0.438,12.0,0.802,2.7,2.6
1641717,Cason Wallace,OKC,77,26.6,-1.0896250887205727,-1.5764407899143411,-1.0567303066535698,-0.6444257730463502,2.428863729192993,-0.3960960834199618,-0.5772497881415548,-0.5630576935336428,-0.04622376249351651,1.3417353792893716,8.6,3.1,2.6,1.9,0.4,1.3,0.432,7.6,0.809,0.9,0.9
1629028,Deandre Ayton,LAL,72,27.2,-1.1049181856698929,-0.8628155774250663,1.0390516021170022,-1.5357933894526747,-1.2426744660987408,0.914515957307852,-2.016683403072541,2.6537417541792583,-1.015541776175213,0.9612811129502304,12.5,8.0,0.8,0.6,1.0,0.0,0.671,8.3,0.645,2.0,1.2
1628392,Isaiah Hartenstein,OKC,47,24.2,-1.1912431919433888,-1.4666522956852222,1.6378464331943088,-0.19874196484318798,-0.11297040600897652,0.4776452770652475,-2.016683403072541,1.508193939034432,-1.3470714406791109,0.32719066905166155,9.2,9.4,3.5,1.0,0.8,0.0,0.622,6.3,0.61,2.2,1.7
1627734,Domantas Sabonis,SAC,19,29.7,-1.2172233827940167,-0.2589788591649105,2.4932676204476034,0.09838057395891997,-0.39539642103141753,-0.8329667636625664,-1.6845064150115443,1.2569577840901922,-0.9529906836748174,-0.9409902187454765,15.8,11.4,4.1,0.9,0.2,0.3,0.543,11.6,0.727,4.1,2.7
1629627,Zion Williamson,NOP,62,29.7,-1.2604565838735642,0.6925214241541225,0.05531723677571342,-0.347303234244242,-0.11297040600897652,-0.17766074329865952,-2.016683403072541,2.628670224523966,-1.9290840854154674,-0.053263597287479834,21.0,5.7,3.2,1.0,0.5,0.0,0.6,13.0,0.716,7.5,2.0
201950,Jrue Holiday,POR,53,29.4,-1.2662389113937103,-0.16748844730731113,-0.4151644162135989,1.0887890366326138,-0.11297040600897652,-1.0514021037838688,0.8621838267894315,-0.5817646413269307,0.17938654735012025,-1.0678083075251898,16.3,4.6,6.1,1.0,0.1,2.6,0.451,13.4,0.838,2.0,2.8
1630583,Santi Aldama,MEM,43,27.9,-1.2733820623119154,-0.5883443418522682,0.4830278304023608,-0.49586450364529616,-0.39539642103141753,0.259209936943945,-0.24507280008055796,0.032325204337578066,-1.1577299915567758,0.8344630241705165,14.0,6.7,2.9,0.9,0.7,1.6,0.479,11.1,0.667,2.7,1.3
1627826,Ivica Zubac,IND,48,30.1,-1.2843549939379784,-0.5700462594807484,2.151099145546285,-0.8425074655810889,-1.8075264961436228,0.4776452770652475,-2.016683403072541,1.9917065639355198,-0.8684149364789768,0.20037258027194768,14.1,10.6,2.2,0.4,0.8,0.0,0.598,10.0,0.711,3.0,1.8
1628970,Miles Bridges,CHA,77,31.0,-1.3131859829879613,-0.021103788335152054,0.09808829613837801,-0.347303234244242,-1.2426744660987408,-0.3960960834199618,0.08710418798043867,-0.38592408390120847,0.18707825350172416,0.707644935390803,17.1,5.8,3.2,0.6,0.4,1.9,0.46,13.5,0.822,3.3,1.4
1628381,John Collins,LAC,69,27.1,-1.319876297183238,-0.6615366713383478,-0.11576700067494568,-1.4367525431853052,-0.39539642103141753,0.259209936943945,-0.5772497881415548,1.1846090151340052,-0.2846377602804202,0.707644935390803,13.6,5.3,1.0,0.9,0.7,1.3,0.552,9.6,0.766,2.2,1.4
1642349,Ajay Mitchell,OKC,57,25.8,-1.3397198437491153,-0.6615366713383478,-0.9711881879282404,-0.14922154170950325,0.4518816240359055,-0.6145314235412641,-0.7987011135155527,0.13385522949668877,0.5620773053603961,0.707644935390803,13.6,3.3,3.6,1.2,0.3,1.1,0.485,10.4,0.87,2.8,1.4
1630577,Julian Champagnie,SAS,82,27.6,-1.3540957044958237,-1.1189887306263444,0.09808829613837801,-1.1891504275168818,-0.6778224360538585,-0.17766074329865952,0.6407325014154334,-0.5542932071850013,0.15644557456202435,1.4685534680690855,11.1,5.8,1.5,0.8,0.5,2.4,0.437,8.4,0.844,1.6,0.8
1631094,Paolo Banchero,ORL,72,34.7,-1.3798530775852003,0.9120984126123608,1.2101358395676614,0.6431052284294518,-0.9602484510762999,0.04077459682264273,-0.6879754508285539,-0.48586516130954965,-0.6036155179385819,-1.4482625738643315,22.2,8.4,5.2,0.7,0.6,1.2,0.459,16.0,0.775,8.2,3.1
1630170,Devin Vassell,SAS,67,30.5,-1.389310748646132,-0.606642424223788,-0.6717907723895872,-0.6939461961800348,-0.39539642103141753,-0.3960960834199618,0.7514581641024325,-0.7495733473542279,0.030940952561080908,1.3417353792893716,13.9,4.0,2.5,0.9,0.4,2.5,0.437,11.3,0.815,1.9,0.9
1629057,Robert Williams III,POR,59,17.1,-1.4089847212115292,-1.9241043549732189,0.6113410084903549,-1.4367525431853052,-1.2426744660987408,2.0066926579143636,-1.7952320776985433,1.6046054865842183,-0.7014139003137433,1.4685534680690855,6.7,7.0,1.0,0.6,1.5,0.2,0.708,4.2,0.596,1.0,0.8
202699,Tobias Harris,DET,63,27.7,-1.4454824473208774,-0.7164309184529072,-0.2013091194002752,-0.6939461961800348,-0.39539642103141753,-0.3960960834199618,-0.5772497881415548,-0.1418788515579601,0.4619076403535755,1.214917290509658,13.3,5.1,2.5,0.9,0.4,1.3,0.469,10.5,0.866,2.5,1.0
203897,Zach LaVine,SAC,39,31.4,-1.468746174990919,0.3631559414667648,-1.185043484741564,-0.7929870424474044,-0.9602484510762999,-0.6145314235412641,0.7514581641024325,0.03780630487757603,0.8580893248766063,0.07355449149223406,19.2,2.8,2.3,0.7,0.3,2.5,0.479,14.0,0.88,3.6,1.9
203468,CJ McCollum,ATL,76,29.8,-1.4742298042365962,0.27166552960916546,-0.9711881879282404,-0.0006602723084492764,-0.6778224360538585,-0.17766074329865952,0.7514581641024325,-0.5612204040182296,-0.30917403461270465,0.20037258027194768,18.7,3.3,3.9,0.8,0.5,2.5,0.455,15.2,0.772,3.1,1.8
1631212,Peyton Watson,DEN,54,29.6,-1.496415507972042,-0.47855584762314907,-0.28685123812560437,-0.8920278887147736,-0.39539642103141753,1.1329512974291545,-0.355798462767557,0.2453760658245367,-0.793303682014893,0.32719066905166155,14.6,4.9,2.1,0.9,1.1,1.5,0.491,10.8,0.73,3.5,1.7
1641764,Brandin Podziemski,GSW,82,28.4,-1.5064976172915543,-0.6249405065953079,-0.2013091194002752,-0.09970111857581852,0.1694556090134648,-0.8329667636625664,0.08710418798043867,-0.3879437837393236,-0.07020488014354132,0.4540087578313752,13.8,5.1,3.7,1.1,0.2,1.9,0.455,10.6,0.797,2.9,1.6
1629027,Trae Young,WAS,15,25.6,-1.5214224783706474,0.12528087063700638,-1.527211959642882,2.029677076172623,-0.39539642103141753,-1.0514021037838688,-0.023621474706560123,-0.3747970542163614,0.5102207181665761,-0.8141721299657626,17.9,2.0,8.0,0.9,0.1,1.8,0.458,11.8,0.825,6.5,2.6
1627751,Jakob Poeltl,TOR,46,25.0,-1.5910132084900148,-1.192181060112424,0.6113410084903549,-0.9415483118484583,-0.39539642103141753,0.259209936943945,-2.016683403072541,2.4646262038314792,-1.3416622746411835,0.9612811129502304,10.7,7.0,2.0,0.9,0.7,0.0,0.7,6.7,0.602,2.1,1.2
1628976,Wendell Carter Jr.,ORL,78,29.3,-1.6182099367036549,-0.9909021540257053,0.782425245941014,-0.9415483118484583,-0.6778224360538585,0.04077459682264273,-1.0201524388895507,0.47287030852595624,-0.11831777134621164,0.8344630241705165,11.8,7.4,2.0,0.8,0.6,0.9,0.512,8.2,0.792,3.2,1.3
1642285,Cam Spencer,MEM,72,23.8,-1.6361701462262825,-1.1189887306263444,-1.313356662829558,0.8411869209641903,-0.9602484510762999,-0.8329667636625664,0.19782985066743772,-0.05025172897833239,0.7661623951446734,0.8344630241705165,11.1,2.5,5.6,0.7,0.2,2.0,0.473,7.7,0.94,1.9,1.3
1626220,Royce O'Neale,PHX,78,28.4,-1.6536592284464975,-1.3568638014561025,-0.3296222974882694,-0.5949053499126654,0.1694556090134648,-0.3960960834199618,0.9729094894764305,-0.7383386296475445,-0.21466118918236576,0.8344630241705165,9.8,4.8,2.7,1.1,0.4,2.7,0.421,8.0,0.711,0.5,1.3
1629655,Daniel Gafford,DAL,55,21.7,-1.6849584264429711,-1.4117580485706622,0.5685699491276903,-1.3872321200516204,-0.6778224360538585,1.569821977671759,-2.016683403072541,1.6756795809962202,-1.093633128219902,1.088099201729944,9.5,6.9,1.1,0.8,1.3,0.0,0.655,5.7,0.683,2.9,1.1
203932,Aaron Gordon,DEN,36,27.9,-1.7049631903360556,-0.18578652967883125,0.09808829613837801,-0.5949053499126654,-1.2426744660987408,-0.6145314235412641,-0.13434713739355916,0.3616527568310354,-0.48055853841035207,1.088099201729944,16.2,5.8,2.7,0.6,0.3,1.7,0.497,11.1,0.767,4.5,1.1
1631217,Moussa Diabaté,CHA,73,26.0,-1.7465798426942234,-1.70452736651498,1.3384490176556552,-0.9910687349821431,-0.6778224360538585,0.914515957307852,-2.016683403072541,1.2734933897289018,-1.097853557272768,1.214917290509658,7.9,8.7,1.9,0.8,1.0,0.0,0.631,5.0,0.659,2.4,1.0
1629614,Andrew Nembhard,IND,57,31.3,-1.759737335527058,-0.05769995307819231,-1.185043484741564,1.881115806771569,-0.39539642103141753,-1.0514021037838688,0.08710418798043867,-0.7687286289527125,0.2908492137150242,-0.5605359524063348,16.9,2.8,7.7,0.9,0.1,1.9,0.442,13.2,0.825,4.1,2.4
1641710,Anthony Black,ORL,64,29.8,-1.8068927838257849,-0.40536351813706956,-0.7573328911149168,-0.09970111857581852,1.0167336540807874,0.259209936943945,-0.24507280008055796,-0.6040011189787747,-0.7912832418961862,-0.1800816860671937,15.0,3.8,3.7,1.4,0.7,1.6,0.447,12.1,0.732,3.6,2.1
1629023,P.J. Washington,DAL,56,31.0,-1.8227865382371689,-0.5517481771092286,0.6113410084903549,-1.0405891581158278,-0.11297040600897652,1.1329512974291545,-0.46652412545455607,-0.5303952571962531,-1.1920423893234977,0.32719066905166155,14.2,7.0,1.8,1.0,1.1,1.4,0.45,11.8,0.687,3.3,1.7
1641739,Toumani Camara,POR,82,33.3,-1.8597366591076847,-0.6981328360813874,-0.2013091194002752,-0.6939461961800348,0.1694556090134648,-0.3960960834199618,0.9729094894764305,-0.6687392018202816,-0.5442509009675869,0.20037258027194768,13.4,5.1,2.5,1.1,0.4,2.7,0.44,10.9,0.708,1.7,1.8
201143,Al Horford,GSW,45,21.5,-1.8873406409120268,-1.6313350370289006,-0.28685123812560437,-0.6444257730463502,-0.9602484510762999,1.1329512974291545,-0.24507280008055796,-0.6040318869850143,0.009937868712174011,1.3417353792893716,8.3,4.9,2.6,0.7,1.1,1.6,0.426,7.2,0.846,0.6,0.9
1641731,Bilal Coulibaly,WAS,56,26.2,-1.936303881514713,-1.0092002363972254,-0.543477594301593,-0.6444257730463502,0.7343076390583468,0.914515957307852,-0.6879754508285539,-0.8336930764115492,-0.574000282286443,0.707644935390803,11.7,4.3,2.6,1.3,1.0,1.2,0.425,9.7,0.746,3.2,1.4
1630541,Moses Moody,GSW,60,25.7,-1.955295428429078,-0.9360079069111458,-0.9711881879282404,-1.139630004383197,-0.11297040600897652,0.04077459682264273,0.7514581641024325,-0.5689102078632394,-0.23373876676901198,1.214917290509658,12.1,3.3,1.6,1.0,0.6,2.5,0.44,9.3,0.77,1.9,1.0
203994,Jusuf Nurkić,UTA,41,26.4,-1.9763998572675727,-1.1555848953693841,2.065557026820956,0.4450235358947129,0.7343076390583468,-0.17766074329865952,-1.3523294269505477,0.37195124806216207,-2.220310200299111,-0.6873540411860487,10.9,10.4,4.8,1.3,0.5,0.6,0.503,8.7,0.549,2.8,2.5
1629661,Cameron Johnson,DEN,54,30.5,-1.993753295590983,-0.917709824539626,-0.7573328911149168,-0.7434666193137196,-0.9602484510762999,-0.3960960834199618,0.19782985066743772,0.04248304182589806,0.19905230209083336,1.3417353792893716,12.2,3.8,2.4,0.7,0.4,2.0,0.48,8.8,0.839,2.1,0.9
1630572,Sandro Mamukelashvili,TOR,80,21.9,-2.0168683871008835,-1.1006906482548247,-0.28685123812560437,-0.9910687349821431,-0.6778224360538585,-0.17766074329865952,-0.46652412545455607,0.5992213238609837,-0.3840252528613063,1.4685534680690855,11.2,4.9,1.9,0.8,0.5,1.4,0.523,7.9,0.747,2.0,0.8
1641750,Ryan Kalkbrenner,CHA,69,21.4,-2.1048139816814393,-1.75942161362954,-0.030224881949616124,-1.5357933894526747,-1.525100481121182,2.0066926579143636,-2.016683403072541,1.9161315497537048,-0.5021497994133263,1.3417353792893716,7.6,5.5,0.8,0.5,1.5,0.0,0.753,4.2,0.716,1.7,0.9
1642852,Derik Queen,NOP,81,25.0,-2.141047009399108,-1.0092002363972254,0.6541120678530195,-0.09970111857581852,-0.11297040600897652,0.6960806171865498,-1.6845064150115443,-0.062251251411527375,-0.08889240340696428,-0.43371786362662096,11.7,7.1,3.7,1.0,0.9,0.3,0.473,9.2,0.795,3.4,2.3
1642281,Jaylon Tyson,CLE,66,26.9,-2.1763879143109763,-0.7347290008244273,-0.2013091194002752,-0.8425074655810889,-0.6778224360538585,-0.3960960834199618,0.19782985066743772,0.26599942086356637,-0.368579927173459,0.5808268466110891,13.2,5.1,2.2,0.8,0.4,2.0,0.493,10.2,0.738,1.6,1.5
1628436,Luke Kornet,SAS,68,21.0,-2.2051505688921926,-1.9607005197162584,0.22640147422637213,-0.9910687349821431,-1.525100481121182,0.914515957307852,-2.016683403072541,1.1001816060142935,0.07147770926347238,1.9758258231879404,6.5,6.1,1.9,0.5,1.0,0.0,0.643,4.0,0.825,1.7,0.4
1629680,Matisse Thybulle,POR,30,16.0,-2.209865903544226,-2.0887870963168975,-1.527211959642882,-1.48627296631899,2.711289744215434,-0.17766074329865952,-0.6879754508285539,-0.3213442365203604,0.02636142587731145,1.3417353792893716,5.8,2.0,0.9,2.0,0.5,1.2,0.433,4.5,0.84,0.8,0.9
1629630,Ja Morant,MEM,20,28.4,-2.21210958539216,0.41805018858132453,-0.9711881879282404,2.0791974993063076,-0.11297040600897652,-0.6145314235412641,-0.9094267762025517,-1.7893055936138016,1.7704181317779426,-2.0823530177629004,19.5,3.3,8.1,1.0,0.3,1.0,0.41,16.1,0.897,5.9,3.6
1627884,Derrick Jones Jr.,LAC,50,27.0,-2.235976188548144,-1.3019695543415433,-0.8856460692029109,-1.2386708506505666,-0.39539642103141753,0.914515957307852,-0.7987011135155527,0.27624956237060316,-0.2749111675536932,1.4685534680690855,10.1,3.5,1.4,0.9,1.0,1.1,0.499,7.6,0.763,1.9,0.8
1629723,John Konchar,UTA,56,19.9,-2.239835507287901,-2.3449602495181754,-0.543477594301593,-0.8920278887147736,1.2991596691032288,0.259209936943945,-1.4630550896375465,-0.023386864102256273,-0.25348707268924336,1.7221896456285133,4.4,4.3,2.1,1.5,0.7,0.5,0.472,3.6,0.727,0.8,0.6
1626171,Bobby Portis Jr.,MIL,67,24.2,-2.253276872926345,-0.643238588966828,0.35471465231436666,-1.139630004383197,-1.2426744660987408,-0.8329667636625664,0.19782985066743772,0.19866144149486742,-0.3608902848013426,1.214917290509658,13.7,6.4,1.6,0.6,0.2,2.0,0.488,11.2,0.706,1.0,1.0
203924,Jerami Grant,POR,57,29.7,-2.258877703946396,0.253367447237646,-0.8856460692029109,-0.8920278887147736,-0.9602484510762999,0.04077459682264273,0.6407325014154334,-0.5130113336712397,0.23726317931029955,-0.1800816860671937,18.6,3.5,2.1,0.7,0.6,2.4,0.453,12.8,0.814,5.6,2.1
1629651,Nic Claxton,BKN,69,27.8,-2.293007148514766,-1.0092002363972254,0.5685699491276903,-0.09970111857581852,-0.9602484510762999,1.1329512974291545,-2.016683403072541,1.3010175690243837,-1.917357690364912,0.707644935390803,11.7,6.9,3.7,0.7,1.1,0.0,0.571,8.4,0.616,3.3,1.4
1642271,Kyle Filipowski,UTA,77,23.4,-2.3086331460528298,-1.0640944835117847,0.6968831272156845,-0.6444257730463502,-0.39539642103141753,-0.17766074329865952,-0.9094267762025517,0.2095467225592657,-0.4780675565683917,0.4540087578313752,11.4,7.2,2.6,0.9,0.5,1.0,0.492,8.5,0.75,2.8,1.6
1628415,Dillon Brooks,PHX,56,30.4,-2.314788390048736,0.5461367651819635,-0.8428750098402461,-1.0405891581158278,-0.11297040600897652,-0.8329667636625664,0.5300068387284343,-1.1965050105519215,0.4346017739484565,0.20037258027194768,20.2,3.6,1.8,1.0,0.2,2.3,0.435,17.1,0.842,3.6,1.8
1629628,RJ Barrett,TOR,57,30.3,-2.367068038708735,0.3814540238382849,-0.11576700067494568,-0.29778281111055743,-0.9602484510762999,-0.6145314235412641,-0.13434713739355916,0.3212192012035772,-1.2742551090056324,0.32719066905166155,19.3,5.3,3.3,0.7,0.3,1.7,0.491,14.3,0.717,4.9,1.7
1631101,Shaedon Sharpe,POR,50,29.4,-2.3690597285925072,0.6559252594110829,-0.543477594301593,-0.6444257730463502,1.0167336540807874,-1.0514021037838688,0.30855551335443676,-0.730132362840666,-0.1862099251614326,-1.1946263963049037,20.8,4.3,2.6,1.4,0.1,2.1,0.452,17.4,0.787,3.9,2.9
1630692,Jordan Goodwin,PHX,70,22.5,-2.4148629373201302,-1.5581427075428214,-0.28685123812560437,-0.8425074655810889,1.2991596691032288,-0.8329667636625664,-0.24507280008055796,-0.8331392522992481,-0.3302596696411302,1.214917290509658,8.7,4.9,2.2,1.5,0.2,1.6,0.413,7.9,0.696,0.8,1.0
1629011,Mitchell Robinson,NYK,60,19.6,-2.415311863710886,-2.1070851786884175,1.3812200770183205,-1.48627296631899,-0.39539642103141753,1.3513866375504566,-2.016683403072541,1.3851900432352575,-2.123042209252354,1.5953715568487994,5.7,8.8,0.9,0.9,1.2,0.0,0.723,3.4,0.408,1.7,0.7
1630241,Sam Merrill,CLE,52,26.5,-2.433763228055134,-0.8079213303105065,-1.2705856034668934,-0.7434666193137196,-1.2426744660987408,-1.0514021037838688,1.3050864775374271,-0.24699994258810312,0.1556468919001862,1.4685534680690855,12.8,2.6,2.4,0.6,0.1,3.0,0.461,9.3,0.855,1.3,0.8
1642264,Stephon Castle,SAS,68,30.0,-2.4594463708386822,-0.09429611782123191,-0.11576700067494568,1.7325545373705151,0.1694556090134648,-0.6145314235412641,-0.6879754508285539,-0.12420922511787065,-1.14959663659475,-1.5750806626440454,16.7,5.3,7.4,1.1,0.3,1.2,0.471,12.0,0.734,5.6,3.2
1631106,Tari Eason,HOU,60,25.8,-2.497001230270623,-1.2287772248554636,0.3119435929517017,-1.1891504275168818,0.4518816240359055,-0.17766074329865952,-0.24507280008055796,-0.9775884484469788,-0.15022173845049175,0.707644935390803,10.5,6.3,1.5,1.2,0.5,1.6,0.416,9.7,0.776,1.1,1.4
1642907,Cedric Coward,MEM,62,25.8,-2.527373402933217,-0.6615366713383478,0.14085935550104298,-0.5453849267789809,-1.2426744660987408,-0.3960960834199618,-0.355798462767557,-0.10726484453912824,0.313332027456795,0.32719066905166155,13.6,5.9,2.8,0.6,0.4,1.5,0.471,10.5,0.843,2.7,1.7
1630230,Naji Marshall,DAL,74,29.5,-2.532405562833799,-0.36876735339402994,-0.37239335685093394,-0.29778281111055743,0.1694556090134648,-1.0514021037838688,-1.1308781015765497,0.5995004336318657,-0.5341466365945642,0.4540087578313752,15.2,4.7,3.3,1.1,0.1,0.8,0.51,11.1,0.76,4.1,1.6
1642875,Maxime Raynaud,SAC,74,26.5,-2.5719654679435884,-0.8628155774250663,0.8251963053036786,-1.2386708506505666,-1.525100481121182,-0.17766074329865952,-1.6845064150115443,1.4084902148170766,-0.15136094472784228,0.8344630241705165,12.5,7.5,1.4,0.5,0.5,0.3,0.571,9.1,0.786,2.3,1.3
1627739,Kris Dunn,LAC,82,27.2,-2.572506467500016,-1.8143158607440992,-0.9711881879282404,-0.14922154170950325,1.5815856841256701,-0.8329667636625664,-0.9094267762025517,-0.006372156652110417,-0.1782458001174184,0.707644935390803,7.3,3.3,3.6,1.6,0.2,1.0,0.476,5.8,0.765,1.0,1.4
1629012,Collin Sexton,CHI,68,23.7,-2.5798745891591675,-0.33217118865099,-1.3988987815548877,-0.29778281111055743,0.1694556090134648,-1.0514021037838688,-0.24507280008055796,0.1397451049767186,0.6163340680987051,-0.1800816860671937,15.4,2.3,3.3,1.1,0.1,1.6,0.485,10.9,0.855,3.8,2.1
1630529,Herbert Jones,NOP,56,28.4,-2.5891397137887617,-1.5215465427997814,-0.9284171285655756,-0.5453849267789809,1.5815856841256701,-0.17766074329865952,-0.46652412545455607,-1.3175903013906238,-0.04806465379677142,0.8344630241705165,8.9,3.4,2.8,1.6,0.5,1.4,0.383,8.5,0.806,1.1,1.3
1642928,Dylan Cardwell,SAC,44,20.6,-2.5993894213245037,-2.161979425802977,0.8251963053036786,-1.2386708506505666,-0.9602484510762999,2.0066926579143636,-2.016683403072541,0.748956023937621,-1.1443876571671536,1.3417353792893716,5.4,7.5,1.4,0.7,1.5,0.0,0.587,4.1,0.51,1.2,0.9
1630191,Isaiah Stewart,DET,58,22.7,-2.629806827806597,-1.320267636713063,-0.2440801787629398,-1.3872321200516204,-2.089952511166064,2.225127998035666,-1.2416037642635487,0.8318823938958175,-0.3649621217310757,0.9612811129502304,10.0,5.0,1.1,0.3,1.6,0.7,0.55,6.9,0.756,2.3,1.2
1630551,Justin Champagnie,WAS,69,20.0,-2.63261357131839,-1.5581427075428214,0.01254617741304846,-1.3377116969179357,-0.39539642103141753,0.04077459682264273,-1.1308781015765497,0.27800993187041806,-0.13718690720457463,1.5953715568487994,8.7,5.6,1.2,0.9,0.6,0.8,0.502,6.7,0.784,1.5,0.7
1630188,Jalen Smith,CHI,53,20.7,-2.632748530563209,-1.2836714719700233,0.4830278304023608,-1.3377116969179357,-1.525100481121182,0.4776452770652475,-0.355798462767557,0.07581797887108162,-0.3818747946348583,1.214917290509658,10.2,6.7,1.2,0.5,0.8,1.5,0.483,7.6,0.742,1.8,1.0
1629656,Quentin Grimes,PHI,75,29.4,-2.6594285098684693,-0.6981328360813874,-0.8428750098402461,-0.29778281111055743,-0.39539642103141753,-0.3960960834199618,-0.13434713739355916,-0.45234781394166435,0.35717702267837637,0.20037258027194768,13.4,3.6,3.3,0.9,0.4,1.7,0.45,10.1,0.84,3.2,1.8
1631170,Jaime Jaquez Jr.,MIA,75,28.3,-2.6637842932643894,-0.33217118865099,-0.2440801787629398,0.3955031127610284,-0.9602484510762999,-0.6145314235412641,-1.1308781015765497,0.5974587566464374,-0.3215732217763319,-0.053263597287479834,15.4,5.0,4.7,0.7,0.3,0.8,0.507,12.2,0.769,2.9,2.0
1630558,Davion Mitchell,MIA,70,28.6,-2.668509781618246,-1.448354213313702,-1.2278145441042287,1.2868707291673527,-0.11297040600897652,-0.8329667636625664,-0.5772497881415548,0.1635067966521223,-0.500358438817782,0.5808268466110891,9.3,2.7,6.5,1.0,0.2,1.3,0.49,7.6,0.646,0.9,1.5
1631097,Bennedict Mathurin,LAC,54,30.0,-2.677595142382354,0.07038662352244729,-0.07299594131228071,-0.7434666193137196,-0.6778224360538585,-0.8329667636625664,-0.46652412545455607,-0.9746039518417992,1.327297846580887,-0.3068997748469076,17.6,5.4,2.4,0.8,0.2,1.4,0.43,12.5,0.869,6.2,2.2
1629130,Duncan Robinson,DET,77,27.4,-2.680786223776315,-0.917709824539626,-1.2278145441042287,-0.8920278887147736,-1.2426744660987408,-0.6145314235412641,1.194360814850428,-0.31644113495470816,-0.25931931352220117,1.5953715568487994,12.2,2.7,2.1,0.6,0.3,2.9,0.456,9.1,0.755,1.4,0.7
1631128,Christian Braun,DEN,44,31.8,-2.719789284979143,-0.9543059892826656,-0.3296222974882694,-0.5949053499126654,-0.9602484510762999,-0.6145314235412641,-0.9094267762025517,0.6081748136765216,-0.17984110166160674,1.214917290509658,12.0,4.8,2.7,0.7,0.3,1.0,0.519,8.8,0.782,2.3,1.0
1630540,Miles McBride,NYK,41,26.3,-2.738276474976174,-0.9543059892826656,-1.356127722192223,-0.6444257730463502,-0.39539642103141753,-0.8329667636625664,0.9729094894764305,-0.8837526225623398,-0.11276414074412763,1.4685534680690855,12.0,2.4,2.6,0.9,0.2,2.7,0.423,9.9,0.787,1.1,0.8
201566,Russell Westbrook,SAC,64,28.9,-2.7401682069268913,-0.36876735339402994,-0.07299594131228071,1.3859115754347222,0.7343076390583468,-0.8329667636625664,0.19782985066743772,-1.0867071825734558,-0.9948812797213067,-1.7018987514237587,15.2,5.4,6.7,1.3,0.2,2.0,0.427,13.1,0.694,2.9,3.3
1629001,De'Anthony Melton,GSW,49,23.0,-2.7521594533034905,-0.8994117421681058,-1.013959247290905,-0.6444257730463502,1.5815856841256701,-0.3960960834199618,-0.355798462767557,-1.2499490373889985,0.1523407171604836,0.07355449149223406,12.3,3.2,2.6,1.6,0.4,1.5,0.407,10.8,0.826,2.5,1.9
1630198,Isaiah Joe,OKC,71,21.2,-2.880441654332186,-1.1189887306263444,-1.313356662829558,-1.2881912737842514,-0.9602484510762999,-0.8329667636625664,0.7514581641024325,-0.2749372922530805,0.43459971016896914,1.7221896456285133,11.1,2.5,1.3,0.7,0.2,2.5,0.455,7.6,0.894,1.7,0.6
1642867,Collin Murray-Boyles,TOR,57,21.9,-2.8855140086069406,-1.594738872285861,-0.2440801787629398,-0.9910687349821431,-0.39539642103141753,0.6960806171865498,-1.6845064150115443,1.011657656635338,-0.8983789508645796,1.214917290509658,8.5,5.0,1.9,0.9,0.9,0.3,0.579,6.0,0.657,1.9,1.0
1642846,Ace Bailey,UTA,72,27.6,-2.95630734391505,-0.6249405065953079,-0.5862486536642576,-1.0405891581158278,-0.6778224360538585,0.259209936943945,0.08710418798043867,-0.7010126426502208,-0.2528349183710499,0.5808268466110891,13.8,4.2,1.8,0.8,0.7,1.9,0.443,12.4,0.75,1.2,1.5
1630533,Ziaire Williams,BKN,56,22.9,-2.995470386024087,-1.2836714719700233,-1.356127722192223,-1.3872321200516204,1.0167336540807874,-0.3960960834199618,-0.355798462767557,-0.6594582525097723,0.3380808710763388,1.088099201729944,10.2,2.4,1.1,1.4,0.4,1.5,0.425,7.7,0.85,2.5,1.1
204456,T.J. McConnell,IND,56,17.2,-2.9969665999254462,-1.4300561309421822,-1.4416698409175523,0.5935848052957668,-0.11297040600897652,-0.8329667636625664,-1.6845064150115443,0.804457111763246,0.01906183782841844,1.088099201729944,9.4,2.2,5.1,1.0,0.2,0.3,0.538,8.0,0.862,0.5,1.1
1641869,Malachi Smith,BKN,15,23.9,-3.0636480544722255,-1.6313350370289006,-0.9284171285655756,-0.29778281111055743,-0.6778224360538585,-0.6145314235412641,-0.5772497881415548,0.08909217584846219,0.23266301483165167,1.3417353792893716,8.3,3.4,3.3,0.8,0.3,1.3,0.485,6.6,1.0,0.5,0.9
1631108,Max Christie,DAL,77,29.1,-3.0690961999681936,-0.8994117421681058,-1.013959247290905,-0.9415483118484583,-1.2426744660987408,-0.3960960834199618,0.5300068387284343,-0.5596556311295059,0.4929613303088188,0.9612811129502304,12.3,3.2,2.0,0.6,0.4,2.3,0.441,9.4,0.899,1.8,1.2
203935,Marcus Smart,LAL,62,28.5,-3.075025580581543,-1.448354213313702,-1.185043484741564,-0.44634408051161145,1.0167336540807874,-0.3960960834199618,-0.24507280008055796,-1.0402123297169221,0.08853691051089958,0.5808268466110891,9.3,2.8,3.0,1.4,0.4,1.6,0.395,7.7,0.822,2.1,1.5
1631222,Jake LaRavia,LAL,82,25.1,-3.0891434689890276,-1.6496331194004208,-0.6717907723895872,-1.0405891581158278,0.7343076390583468,-0.17766074329865952,-0.9094267762025517,-0.1875385728165787,-0.2749111675536932,1.088099201729944,8.2,4.0,1.8,1.3,0.5,1.0,0.459,6.4,0.763,1.9,1.1
1629640,Keldon Johnson,SAS,82,23.3,-3.1123550177110593,-0.7347290008244273,-0.07299594131228071,-1.2386708506505666,-1.2426744660987408,-1.0514021037838688,-0.6879754508285539,0.6692141426251588,-0.09485672612715121,1.3417353792893716,13.2,5.4,1.4,0.6,0.1,1.2,0.519,9.7,0.794,2.4,0.9
1628989,Kevin Huerter,DET,69,22.5,-3.1915997488528465,-1.320267636713063,-0.8856460692029109,-0.6444257730463502,-0.39539642103141753,-0.17766074329865952,-0.46652412545455607,-0.3693071628174384,-0.1472891077981092,1.214917290509658,10.0,3.5,2.6,0.9,0.5,1.4,0.451,8.6,0.775,1.0,1.0
1641778,Leaky Black,WAS,15,28.9,-3.2168242231810744,-1.8509120254871392,-0.2440801787629398,-1.1891504275168818,0.4518816240359055,-0.17766074329865952,-0.5772497881415548,-1.0105717511351453,0.039183687835969414,1.3417353792893716,7.1,5.0,1.5,1.2,0.5,1.3,0.388,6.9,0.875,0.5,0.9
1630173,Precious Achiuwa,SAC,73,23.9,-3.240920413174625,-1.3019695543415433,0.4830278304023608,-1.2386708506505666,-0.39539642103141753,0.259209936943945,-1.5737807523245453,0.6891254380912296,-1.5042014195534597,1.3417353792893716,10.1,6.7,1.4,0.9,0.7,0.4,0.528,8.2,0.554,1.9,0.9
1630194,Paul Reed,DET,65,13.9,-3.2431080149451335,-1.7228254488865,-0.45793547557626346,-1.3377116969179357,-0.39539642103141753,0.6960806171865498,-1.7952320776985433,1.2039840682056244,-0.775806959516019,1.3417353792893716,7.8,4.5,1.2,0.9,0.9,0.2,0.617,5.2,0.664,1.7,0.9
203501,Tim Hardaway Jr.,DEN,80,26.6,-3.278646618855923,-0.6798347537098676,-1.2705856034668934,-1.2386708506505666,-1.525100481121182,-1.0514021037838688,1.083635152163429,-0.4819488336582769,0.03625312096307503,1.8490077344082267,13.5,2.6,1.4,0.5,0.1,2.8,0.447,9.7,0.811,2.5,0.5
201572,Brook Lopez,LAC,75,21.8,-3.287645701016366,-1.594738872285861,-0.8428750098402461,-1.2881912737842514,-1.2426744660987408,1.3513866375504566,-0.355798462767557,-0.5802965678863867,-0.20301115397286573,1.4685534680690855,8.5,3.6,1.3,0.6,1.2,1.5,0.428,7.2,0.757,1.0,0.8
1641783,Tristan da Silva,ORL,77,24.7,-3.3071435376514655,-1.3385657190845828,-0.8001039504775813,-1.139630004383197,-0.39539642103141753,-0.6145314235412641,-0.24507280008055796,-0.3605272924656776,0.24494869412344145,1.3417353792893716,9.9,3.7,1.6,0.9,0.3,1.6,0.45,8.1,0.884,1.2,0.9
1628963,Marvin Bagley III,DAL,60,20.0,-3.350966350528485,-1.2287772248554636,0.22640147422637213,-1.2386708506505666,-1.525100481121182,0.259209936943945,-1.5737807523245453,1.6052582078594309,-1.0904239511161338,1.214917290509658,10.5,6.1,1.4,0.5,0.7,0.4,0.618,6.9,0.66,2.4,1.0
1642844,Dylan Harper,SAS,69,22.6,-3.380057406784987,-0.9909021540257053,-0.9284171285655756,-0.0006602723084492764,-0.6778224360538585,-0.6145314235412641,-1.0201524388895507,0.43642780285063765,-0.2916442916420238,0.707644935390803,11.8,3.4,3.9,0.8,0.3,0.9,0.505,9.5,0.756,1.7,1.4
1630174,Aaron Nesmith,IND,45,29.7,-3.397870841331847,-0.6249405065953079,-0.5862486536642576,-0.9910687349821431,-1.2426744660987408,-0.17766074329865952,0.5300068387284343,-1.1884877472119413,0.1755582363999655,0.707644935390803,13.8,4.2,1.9,0.6,0.5,2.3,0.414,11.4,0.829,2.5,1.4
1630695,Micah Potter,IND,47,19.3,-3.4793890682874125,-1.3751618838276227,-0.2440801787629398,-1.1891504275168818,-1.525100481121182,-0.6145314235412641,-0.355798462767557,0.39096148048837764,0.21855501825199816,1.214917290509658,9.7,5.0,1.5,0.5,0.3,1.5,0.515,6.2,0.842,2.1,1.0
1643052,Chaney Johnson,BKN,17,20.4,-3.4842018740815575,-1.6496331194004208,-0.4151644162135989,-0.8920278887147736,-0.39539642103141753,-0.17766074329865952,-1.4630550896375465,0.6019376992689377,-0.054483008004308164,0.9612811129502304,8.2,4.6,2.1,0.9,0.5,0.5,0.543,5.5,0.8,2.1,1.2
1630549,Day'Ron Sharpe,BKN,62,18.7,-3.4982292287191408,-1.5581427075428214,0.4830278304023608,-0.7929870424474044,0.1694556090134648,-0.3960960834199618,-1.905957740385542,1.168337135263056,-0.9930568986539545,0.32719066905166155,8.7,6.7,2.3,1.1,0.4,0.1,0.601,5.7,0.678,2.5,1.7
1642847,Jeremiah Fears,NOP,82,25.8,-3.542667536371982,-0.5334500947377085,-0.8001039504775813,-0.24826238797687272,0.4518816240359055,-0.3960960834199618,-0.6879754508285539,-0.8777330819131599,-0.14402833620714192,-0.3068997748469076,14.3,3.7,3.4,1.2,0.4,1.2,0.434,12.3,0.789,3.0,2.2
1630167,Obi Toppin,IND,24,17.7,-3.5479209193233134,-1.0274983187687452,-0.500706534938928,-0.7929870424474044,-1.525100481121182,-1.269837443905171,-0.355798462767557,0.35537168812882447,0.6073545635466179,0.9612811129502304,11.6,4.4,2.3,0.5,0.0,1.5,0.503,8.3,0.913,1.9,1.2
1641730,Noah Clowney,BKN,66,27.0,-3.586046357442749,-0.8994117421681058,-0.6290197130269226,-1.139630004383197,-0.6778224360538585,0.259209936943945,0.19782985066743772,-1.283864171123259,0.005835075090121845,0.5808268466110891,12.3,4.1,1.6,0.8,0.7,2.0,0.396,9.6,0.804,3.4,1.5
1630573,Sam Hauser,BOS,78,24.8,-3.594364082067414,-1.4666522956852222,-0.7573328911149168,-1.1891504275168818,-1.525100481121182,-0.6145314235412641,0.7514581641024325,-0.7356090679512024,-0.03327148242711766,1.9758258231879404,9.2,3.8,1.5,0.5,0.3,2.5,0.419,7.7,0.85,0.3,0.4
1629014,Anfernee Simons,CHI,55,24.9,-3.6057125774195327,-0.5334500947377085,-1.313356662829558,-0.7434666193137196,-1.525100481121182,-1.0514021037838688,0.9729094894764305,-0.7248930109211179,0.35176579286096166,0.9612811129502304,14.3,2.5,2.4,0.5,0.1,2.7,0.44,11.8,0.896,1.4,1.2
203110,Draymond Green,GSW,68,27.5,-3.6331244740080946,-1.6130369546573808,-0.030224881949616124,0.7916664978305058,-0.39539642103141753,0.04077459682264273,-0.355798462767557,-0.6989731633795245,-0.43114546613027077,-0.9409902187454765,8.4,5.5,5.5,0.9,0.6,1.5,0.418,7.2,0.702,1.2,2.7
1641729,Brice Sensabaugh,UTA,75,23.5,-3.67108974544916,-0.42366160050858936,-1.0567303066535698,-0.9910687349821431,-0.9602484510762999,-0.8329667636625664,0.4192811760414358,-0.3241265433702543,0.17124080971116581,0.32719066905166155,14.9,3.1,1.9,0.7,0.2,2.2,0.46,11.4,0.826,2.7,1.7
1629048,Goga Bitadze,ORL,64,15.2,-3.6739393383031196,-2.0704890139453775,-0.2440801787629398,-1.2881912737842514,-1.2426744660987408,0.914515957307852,-2.016683403072541,1.1544541713050906,-0.47616268810101026,1.5953715568487994,5.9,5.0,1.3,0.6,1.0,0.0,0.676,3.5,0.711,1.5,0.7
1630224,Jalen Green,PHX,32,25.9,-3.691505589957328,0.10698278826548689,-0.8428750098402461,-0.5453849267789809,0.1694556090134648,-0.6145314235412641,0.4192811760414358,-1.461650502030905,-0.4890654374596983,-0.43371786362662096,17.8,3.6,2.8,1.1,0.3,2.2,0.422,16.0,0.747,2.7,2.3
1631230,Dominick Barlow,PHI,71,23.8,-3.700450536188849,-1.74112353125802,-0.3296222974882694,-1.3377116969179357,-0.39539642103141753,0.259209936943945,-1.6845064150115443,0.5757541259595812,-0.515607705454274,1.4685534680690855,7.7,4.8,1.2,0.9,0.7,0.3,0.539,5.6,0.718,1.8,0.8
1642914,Javon Small,MEM,41,20.2,-3.7038275055345506,-1.3751618838276227,-1.0567303066535698,-0.09970111857581852,-0.6778224360538585,-0.8329667636625664,-0.355798462767557,-0.1369559705597257,0.1236645011753637,0.707644935390803,9.7,3.1,3.7,0.8,0.2,1.5,0.465,7.0,0.829,2.0,1.4
1641713,GG Jackson,MEM,55,21.4,-3.708961198381476,-0.8628155774250663,-0.543477594301593,-1.1891504275168818,-1.2426744660987408,0.4776452770652475,-0.6879754508285539,0.2895171662037898,-0.5308569720907658,0.5808268466110891,12.5,4.3,1.5,0.6,0.8,1.2,0.496,9.3,0.742,2.7,1.5
1629060,Rui Hachimura,LAL,68,28.3,-3.7159422355550653,-1.045796401140265,-0.9711881879282404,-1.5357933894526747,-1.2426744660987408,-0.6145314235412641,-0.13434713739355916,0.5356502275418262,-0.42945110317066065,1.7221896456285133,11.5,3.3,0.8,0.6,0.3,1.7,0.514,8.8,0.694,1.1,0.6
1631119,Jaylin Williams,OKC,65,19.7,-3.803031905665569,-1.8326139431156194,-0.030224881949616124,-0.7434666193137196,-1.525100481121182,0.04077459682264273,-0.355798462767557,-0.47688969434669964,-0.0946297103834763,1.214917290509658,7.2,5.5,2.4,0.5,0.6,1.5,0.423,5.4,0.793,1.4,1.0
203083,Andre Drummond,PHI,63,19.5,-3.8558214220462013,-1.9789986020877781,1.2101358395676614,-1.2881912737842514,-1.2426744660987408,0.4776452770652475,-1.4630550896375465,-0.03978840914235414,-0.7458119884380965,1.214917290509658,6.4,8.4,1.3,0.6,0.8,0.5,0.472,5.3,0.631,1.3,1.0
1629750,Javonte Green,DET,82,17.6,-3.8902891327987996,-1.887508190230179,-1.185043484741564,-1.5853138125863593,0.4518816240359055,-0.6145314235412641,-0.7987011135155527,-0.24292977490563525,0.12284930827762205,1.8490077344082267,6.9,2.8,0.7,1.2,0.3,1.1,0.447,5.0,0.84,1.5,0.5
1631165,Keon Ellis,CLE,72,20.5,-3.9022714542561285,-1.9241043549732189,-1.5699830190055466,-1.4367525431853052,0.4518816240359055,0.04077459682264273,-0.5772497881415548,-0.31933772297063373,-0.28968989246693144,1.7221896456285133,6.7,1.9,1.0,1.2,0.6,1.3,0.44,5.3,0.729,1.0,0.6
1642268,Isaiah Collier,UTA,59,25.7,-3.9072800348985286,-1.0092002363972254,-1.313356662829558,1.6335136911031456,0.1694556090134648,-0.6145314235412641,-1.4630550896375465,0.25723053908546223,-0.8799824205089587,-0.6873540411860487,11.7,2.5,7.2,1.1,0.3,0.5,0.495,8.7,0.722,3.5,2.5
1626166,Cameron Payne,PHI,22,17.0,-3.921558093224636,-1.7960177783725795,-1.527211959642882,-0.6444257730463502,0.1694556090134648,-0.6145314235412641,-0.355798462767557,-1.1302614931194375,0.12822545384374223,1.8490077344082267,7.4,2.0,2.6,1.1,0.3,1.5,0.376,6.8,0.864,1.0,0.5
1629111,Jock Landale,ATL,68,22.1,-3.9254810582851656,-1.2104791424839438,0.05531723677571342,-1.0901095812495123,-1.525100481121182,-0.17766074329865952,-0.7987011135155527,0.5072953120778916,-1.027777924759292,1.3417353792893716,10.6,5.7,1.7,0.5,0.5,1.1,0.515,8.1,0.635,1.9,0.9
1642856,Egor Dëmin,BKN,52,25.2,-3.948904808977756,-1.2653733895985033,-1.013959247290905,-0.29778281111055743,-0.6778224360538585,-0.6145314235412641,0.6407325014154334,-1.1064206837137045,0.05906201186394157,0.32719066905166155,10.3,3.2,3.3,0.8,0.3,2.4,0.399,8.6,0.831,1.3,1.7
1628398,Kyle Kuzma,MIL,69,26.2,-3.96136183773096,-0.7713251655674669,-0.45793547557626346,-0.5949053499126654,-0.9602484510762999,-0.3960960834199618,-0.6879754508285539,0.24452335250877114,-0.6645898829101814,0.32719066905166155,13.0,4.5,2.7,0.7,0.4,1.2,0.492,10.0,0.726,2.7,1.7
1628379,Luke Kennard,LAL,78,21.5,-3.9803464108784468,-1.6130369546573808,-1.3988987815548877,-0.8425074655810889,-0.9602484510762999,-1.0514021037838688,-0.355798462767557,0.5294614628583322,0.2435308776152172,1.4685534680690855,8.4,2.3,2.2,0.7,0.1,1.5,0.533,5.7,0.913,0.9,0.8
1631169,Josh Minott,BKN,49,17.0,-4.022692337518221,-1.7960177783725795,-1.013959247290905,-1.48627296631899,-0.39539642103141753,-0.17766074329865952,-0.5772497881415548,0.1975164321198316,-0.11538720447331709,1.3417353792893716,7.4,3.2,0.9,0.9,0.5,1.3,0.5,5.1,0.787,1.2,0.9
1627780,Gary Payton II,GSW,73,15.6,-4.024989867302884,-1.7777196960010597,-0.8428750098402461,-1.0901095812495123,-0.39539642103141753,-0.6145314235412641,-1.4630550896375465,0.9992229866853347,-0.3090791007562586,1.4685534680690855,7.5,3.6,1.7,0.9,0.3,0.5,0.583,5.7,0.65,0.5,0.8
1628370,Malik Monk,SAC,62,22.0,-4.042285436781468,-0.8628155774250663,-1.5699830190055466,-0.44634408051161145,-1.2426744660987408,-0.3960960834199618,0.19782985066743772,-0.6586890523537979,0.3556601447547307,0.5808268466110891,12.5,1.9,3.0,0.6,0.4,2.0,0.438,10.2,0.879,1.7,1.5
1630696,Dru Smith,MIA,70,16.3,-4.068909755707766,-2.1253832610599375,-1.313356662829558,-0.6444257730463502,1.0167336540807874,-0.6145314235412641,-1.4630550896375465,-0.465215433693745,0.0717707659507619,1.4685534680690855,5.6,2.5,2.6,1.4,0.3,0.5,0.415,4.6,0.829,1.5,0.8
1630703,Scoot Henderson,POR,30,24.9,-4.104988346309054,-0.5517481771092286,-1.2278145441042287,-0.09970111857581852,-0.39539642103141753,-0.6145314235412641,0.08710418798043867,-1.1133259033996208,0.3709610058784208,-0.5605359524063348,14.2,2.7,3.7,0.9,0.3,1.9,0.418,11.4,0.84,3.3,2.4
1629632,Coby White,CHA,50,25.0,-4.115422266568038,0.033790458779407034,-0.9284171285655756,0.048860150825235454,-1.525100481121182,-1.0514021037838688,0.5300068387284343,-0.6449467421386386,0.2359588706739129,-0.8141721299657626,17.4,3.4,4.0,0.5,0.1,2.3,0.446,12.5,0.817,4.8,2.6
1641796,Pelle Larsson,MIA,70,26.4,-4.121407117599822,-1.0640944835117847,-0.8856460692029109,-0.24826238797687272,-0.9602484510762999,-0.8329667636625664,-1.0201524388895507,0.2506329994619363,-0.06831445813257547,0.707644935390803,11.4,3.5,3.4,0.7,0.2,0.9,0.496,8.0,0.797,3.3,1.4
203937,Kyle Anderson,MIN,43,19.8,-4.145278553524411,-2.015594766830818,-0.8856460692029109,-0.49586450364529616,-0.11297040600897652,0.04077459682264273,-1.905957740385542,0.4153231482854411,-0.527078191848322,1.3417353792893716,6.2,3.5,2.9,1.0,0.6,0.1,0.53,4.7,0.706,1.6,0.9
1631260,AJ Green,MIL,78,29.1,-4.148851141194063,-1.2470753072269833,-1.2278145441042287,-0.9910687349821431,-1.525100481121182,-1.0514021037838688,1.3050864775374271,-0.6899031946832249,0.06350945666048248,1.214917290509658,10.4,2.7,1.9,0.5,0.1,3.0,0.424,7.9,0.855,0.8,1.0
1641765,Olivier-Maxence Prosper,MEM,53,18.6,-4.191456408305745,-1.320267636713063,-0.8856460692029109,-1.4367525431853052,-0.6778224360538585,-0.8329667636625664,-0.7987011135155527,0.7853282027415371,-0.3663634280033965,1.3417353792893716,10.0,3.5,1.0,0.8,0.2,1.1,0.549,6.6,0.754,2.2,0.9
1642258,Zaccharie Risacher,ATL,67,22.4,-4.2193708907306515,-1.3934599661991425,-0.7573328911149168,-1.3872321200516204,-0.39539642103141753,-0.17766074329865952,-0.46652412545455607,-0.2900048244512462,-0.693495178418464,1.3417353792893716,9.6,3.8,1.1,0.9,0.5,1.4,0.455,8.0,0.644,1.3,0.9
1642377,Jaylen Wells,MEM,69,26.4,-4.229358423048181,-0.8628155774250663,-1.013959247290905,-1.139630004383197,-0.39539642103141753,-1.0514021037838688,0.08710418798043867,-0.7686539066518469,-0.172704552192262,1.088099201729944,12.5,3.2,1.6,0.9,0.1,1.9,0.431,10.1,0.784,2.5,1.1
1642266,Ja'Kobe Walter,TOR,72,20.5,-4.231379670723697,-1.7777196960010597,-1.2705856034668934,-1.3377116969179357,-0.11297040600897652,-0.8329667636625664,-0.355798462767557,-0.28267324810744815,-0.10996152819948617,1.8490077344082267,7.5,2.6,1.2,1.0,0.2,1.5,0.446,5.6,0.789,1.3,0.5
1627936,Alex Caruso,OKC,56,18.2,-4.237871375887843,-2.015594766830818,-1.185043484741564,-0.9415483118484583,0.7343076390583468,-0.6145314235412641,-1.0201524388895507,-0.47688969434669964,-0.06015427403720564,1.3417353792893716,6.2,2.8,2.0,1.3,0.3,0.9,0.423,5.4,0.804,0.9,0.9
1642364,Jamir Watkins,WAS,50,20.6,-4.238561228932115,-1.7960177783725795,-0.714561831752252,-1.2881912737842514,0.1694556090134648,-0.17766074329865952,-1.0201524388895507,-0.2984242695870652,-0.5815619703303062,1.4685534680690855,7.4,3.9,1.3,1.1,0.5,0.9,0.446,5.9,0.695,1.6,0.8
1631342,Daeqwon Plowden,SAC,32,26.4,-4.272219523889095,-1.1738829777409039,-1.0995013660162345,-1.2881912737842514,-0.9602484510762999,-0.8329667636625664,0.08710418798043867,-0.6748752213502233,0.2017888736918605,1.4685534680690855,10.8,3.0,1.3,0.7,0.2,1.9,0.43,8.7,0.857,1.5,0.8
203084,Harrison Barnes,SAS,77,25.8,-4.322045926051058,-1.3385657190845828,-1.185043484741564,-0.9910687349821431,-1.2426744660987408,-0.8329667636625664,-0.023621474706560123,-0.2588082638396705,0.08214951299568228,1.4685534680690855,9.9,2.8,1.9,0.6,0.2,1.8,0.456,7.5,0.829,1.6,0.8
1629731,Dean Wade,CLE,59,22.3,-4.336322384594196,-2.0887870963168975,-0.5862486536642576,-1.1891504275168818,-0.9602484510762999,-0.3960960834199618,-0.6879754508285539,-0.28964879466476723,-0.24081133907423022,2.1026439119676543,5.8,4.2,1.5,0.7,0.4,1.2,0.439,4.7,0.711,0.6,0.3
1630171,Isaac Okoro,CHI,63,26.9,-4.336334002398121,-1.448354213313702,-1.2278145441042287,-1.139630004383197,-0.9602484510762999,-0.17766074329865952,-0.6879754508285539,-0.20347420233362937,-0.08654794990864863,1.5953715568487994,9.3,2.7,1.6,0.7,0.5,1.2,0.46,7.3,0.795,1.8,0.7
1630249,Vít Krejčí,POR,65,21.4,-4.359877172627778,-1.594738872285861,-1.3988987815548877,-1.1891504275168818,-0.9602484510762999,-0.6145314235412641,0.19782985066743772,-0.3134192771990962,-0.20890943574943813,1.7221896456285133,8.5,2.3,1.5,0.7,0.3,2.0,0.448,6.6,0.745,0.8,0.6
1629652,Luguentz Dort,OKC,69,26.8,-4.373820002604236,-1.6313350370289006,-0.8428750098402461,-1.3377116969179357,-0.39539642103141753,-0.3960960834199618,0.08710418798043867,-1.1518254700634867,-0.17423794035181184,1.4685534680690855,8.3,3.6,1.2,0.9,0.4,1.9,0.385,7.6,0.759,0.8,0.8
1641716,Jarace Walker,IND,76,25.7,-4.387468003165452,-1.0274983187687452,-0.2013091194002752,-0.6939461961800348,-0.6778224360538585,-0.6145314235412641,-0.023621474706560123,-0.9199226116109707,-0.4291890031756905,0.20037258027194768,11.6,5.1,2.5,0.8,0.3,1.8,0.419,9.6,0.749,2.4,1.8
1642345,Oso Ighodaro,PHX,82,22.1,-4.4042947690460315,-1.9607005197162584,-0.2013091194002752,-0.7929870424474044,-0.39539642103141753,0.259209936943945,-2.016683403072541,1.310458951510283,-1.5681682647825923,0.9612811129502304,6.5,5.1,2.3,0.9,0.7,0.0,0.653,4.5,0.453,1.4,1.2
1630611,Gui Santos,GSW,68,20.5,-4.419032251504882,-1.4666522956852222,-0.714561831752252,-0.7929870424474044,-0.39539642103141753,-0.6145314235412641,-0.7987011135155527,0.259573302989086,-0.4766022731319444,0.5808268466110891,9.2,3.9,2.3,0.9,0.3,1.1,0.5,6.8,0.725,1.8,1.5
1627752,Taurean Prince,MIL,26,23.5,-4.429405180313711,-1.4666522956852222,-1.0567303066535698,-1.0405891581158278,-1.2426744660987408,-0.8329667636625664,0.5300068387284343,-0.32379908387528294,0.042718942098834554,0.9612811129502304,9.2,3.1,1.8,0.6,0.2,2.3,0.45,7.3,1.0,0.2,1.2
1631255,Karlo Matković,NOP,62,14.7,-4.477741417075636,-2.1070851786884175,-0.8001039504775813,-1.5357933894526747,-1.8075264961436228,0.6960806171865498,-1.3523294269505477,0.8014638242991404,-0.22145515125671014,1.8490077344082267,5.7,3.7,0.8,0.4,0.9,0.6,0.604,3.8,0.732,0.7,0.5
1630314,Brandon Williams,DAL,66,22.2,-4.511197486262213,-0.7713251655674669,-1.1422724253788994,-0.0006602723084492764,-0.39539642103141753,-0.6145314235412641,-1.4630550896375465,-0.07838027982493735,-0.11913090046446545,0.07355449149223406,13.0,2.9,3.9,0.9,0.3,0.5,0.472,9.3,0.793,4.6,1.9
1630543,Isaiah Jackson,LAC,55,16.5,-4.530892741979846,-1.9241043549732189,-0.11576700067494568,-1.48627296631899,-0.9602484510762999,0.6960806171865498,-2.016683403072541,1.1393185099502527,-0.9513148947305983,1.088099201729944,6.7,5.3,0.9,0.7,0.9,0.0,0.637,4.3,0.648,1.9,1.1
1629004,Svi Mykhailiuk,UTA,50,23.1,-4.534278644290484,-1.4300561309421822,-1.313356662829558,-0.9910687349821431,-1.525100481121182,-1.0514021037838688,0.19782985066743772,0.01308640957930151,0.0972357410526259,1.4685534680690855,9.4,2.5,1.9,0.5,0.1,2.0,0.478,7.2,0.893,0.6,0.8
1629631,De'Andre Hunter,SAC,45,26.1,-4.546587997255114,-0.643238588966828,-0.6290197130269226,-0.9415483118484583,-0.9602484510762999,-1.0514021037838688,-0.13434713739355916,-1.138617204528047,0.6246428443172078,0.32719066905166155,13.7,4.1,2.0,0.7,0.1,1.7,0.415,11.1,0.867,3.2,1.7
1630631,Jose Alvarado,NYK,69,19.9,-4.599663757864862,-1.7960177783725795,-1.313356662829558,-0.24826238797687272,-0.11297040600897652,-1.0514021037838688,-0.355798462767557,-0.6513420920068806,-0.1586130658485125,1.088099201729944,7.4,2.5,3.4,1.0,0.1,1.5,0.416,6.5,0.761,0.7,1.1
1642274,Yves Missi,NOP,66,19.7,-4.608578572857422,-2.1070851786884175,0.09808829613837801,-1.2881912737842514,-2.089952511166064,2.0066926579143636,-2.016683403072541,0.5019746447132826,-1.1819752729812587,1.4685534680690855,5.7,5.8,1.3,0.3,1.5,0.0,0.544,4.5,0.559,1.5,0.8
1642954,Will Richard,GSW,69,20.0,-4.634720215890645,-1.9789986020877781,-1.313356662829558,-1.2881912737842514,0.4518816240359055,-1.0514021037838688,-0.9094267762025517,-0.06985973981147599,0.05607985050384828,1.4685534680690855,6.4,2.5,1.3,1.2,0.1,1.0,0.468,5.0,0.852,0.8,0.8
1641757,Jordan Miller,LAC,60,22.1,-4.639257254612225,-1.320267636713063,-1.0995013660162345,-0.7929870424474044,-0.6778224360538585,-0.8329667636625664,-1.3523294269505477,0.5982719110970385,-0.2497536955955346,1.088099201729944,10.0,3.0,2.3,0.8,0.2,0.6,0.531,6.7,0.777,2.9,1.1
1629637,Jaxson Hayes,LAL,66,18.3,-4.6436885259217355,-1.7777196960010597,-0.6290197130269226,-1.48627296631899,-1.8075264961436228,0.4776452770652475,-2.016683403072541,1.8452068999434357,-1.0983261627755094,1.8490077344082267,7.5,4.1,0.9,0.4,0.8,0.0,0.756,4.0,0.653,2.3,0.5
1628971,Bruce Brown,DEN,82,24.4,-4.66865689249401,-1.70452736651498,-0.714561831752252,-0.8920278887147736,-0.11297040600897652,-0.8329667636625664,-1.2416037642635487,-0.018754081448561107,-0.23934399185829494,1.088099201729944,7.9,3.9,2.1,1.0,0.2,0.7,0.475,6.4,0.762,1.5,1.1
1630598,Aaron Wiggins,OKC,65,21.8,-4.671258342667661,-1.4300561309421822,-1.0567303066535698,-1.0901095812495123,-0.39539642103141753,-0.3960960834199618,-0.355798462767557,-0.621921284898239,-0.2864311846554522,0.9612811129502304,9.4,3.1,1.7,0.9,0.4,1.5,0.431,8.2,0.736,1.1,1.2
1641854,Craig Porter Jr.,CLE,64,17.9,-4.697602197874158,-2.326662167146656,-0.9284171285655756,-0.347303234244242,-0.39539642103141753,0.04077459682264273,-1.4630550896375465,-0.17229522343990486,-0.4469829099208292,1.3417353792893716,4.5,3.4,3.2,0.9,0.6,0.5,0.45,4.0,0.6,0.6,0.9
1641842,Ronald Holland II,DET,78,19.9,-4.758420512826103,-1.6496331194004208,-0.6717907723895872,-1.3377116969179357,0.4518816240359055,-0.6145314235412641,-1.3523294269505477,-0.517710047766876,-0.027876762845605897,0.9612811129502304,8.2,4.0,1.2,1.2,0.3,0.6,0.432,7.0,0.805,1.9,1.2
1629673,Jordan Poole,NOP,39,23.9,-4.791421476957588,-0.6981328360813874,-1.527211959642882,-0.3968236573779267,-1.2426744660987408,-0.3960960834199618,0.7514581641024325,-1.9776871072413065,0.49537388853023656,0.20037258027194768,13.4,2.0,3.1,0.6,0.4,2.5,0.372,11.4,0.86,2.9,1.8
203471,Dennis Schröder,CLE,70,24.2,-4.8237132441128905,-1.1738829777409039,-1.2278145441042287,0.4945439590283978,-0.6778224360538585,-0.8329667636625664,-0.7987011135155527,-1.0694023767787708,0.2619604284426453,0.20037258027194768,10.8,2.7,4.9,0.8,0.2,1.1,0.405,9.0,0.834,2.9,1.8
1641775,Jordan Walsh,BOS,68,17.8,-4.8305453698178695,-2.161979425802977,-0.6717907723895872,-1.5357933894526747,-0.9602484510762999,-0.17766074329865952,-1.2416037642635487,0.2115664223973803,-0.14204298033973028,1.8490077344082267,5.4,4.0,0.8,0.7,0.5,0.7,0.509,3.9,0.772,0.8,0.5
1630568,Luka Garza,BOS,69,16.2,-4.834922013777517,-1.6679312017719405,-0.6290197130269226,-1.4367525431853052,-1.8075264961436228,-0.3960960834199618,-1.1308781015765497,0.8611405701143376,-0.22323000161635054,1.5953715568487994,8.1,4.1,1.0,0.4,0.4,0.8,0.577,5.2,0.769,1.7,0.7
1628366,Lonzo Ball,CLE,35,20.8,-4.84762877797993,-2.308364084775136,-0.6717907723895872,-0.0006602723084492764,0.7343076390583468,-0.6145314235412641,-0.7987011135155527,-1.4461785903221702,-0.32253700679720626,0.5808268466110891,4.6,4.0,3.9,1.3,0.3,1.1,0.301,5.0,0.667,0.6,1.5
1641707,Taylor Hendricks,MEM,59,19.0,-4.952290149039103,-1.7960177783725795,-0.8001039504775813,-1.48627296631899,-0.6778224360538585,-0.17766074329865952,-0.7987011135155527,-0.17510829829603825,-0.5091563307749295,1.4685534680690855,7.4,3.7,0.9,0.8,0.5,1.1,0.459,6.0,0.681,1.2,0.8
202691,Klay Thompson,DAL,69,21.7,-4.954823296211317,-1.0092002363972254,-1.484440900280217,-1.2386708506505666,-1.525100481121182,-0.6145314235412641,1.194360814850428,-1.471197374823908,-0.14777822353675427,1.3417353792893716,11.7,2.1,1.4,0.5,0.3,2.9,0.393,10.6,0.766,0.7,0.9
1629684,Grant Williams,CHA,36,19.8,-4.968736925088953,-1.869210107858659,-0.714561831752252,-1.139630004383197,-1.525100481121182,-0.17766074329865952,-0.46652412545455607,-0.42454672259003173,0.0067617120802126035,1.3417353792893716,7.0,3.9,1.6,0.5,0.5,1.4,0.426,5.1,0.815,1.5,0.9
1642461,Spencer Jones,DEN,64,22.1,-5.037441306587587,-2.143681343431457,-0.9711881879282404,-1.5357933894526747,-0.6778224360538585,-0.17766074329865952,-1.0201524388895507,0.18804428162769413,-0.5481947835690666,1.8490077344082267,5.5,3.3,0.8,0.8,0.5,0.9,0.504,4.1,0.608,0.8,0.5
1642848,Tre Johnson,WAS,60,24.0,-5.115997291353091,-0.917709824539626,-1.185043484741564,-0.9415483118484583,-1.2426744660987408,-0.6145314235412641,0.08710418798043867,-1.0363311655013507,0.2807284391060989,0.4540087578313752,12.2,2.8,2.0,0.6,0.3,1.9,0.419,10.8,0.874,1.5,1.6
1642366,Quinten Post,GSW,67,17.3,-5.127411047628203,-1.74112353125802,-0.6717907723895872,-1.2386708506505666,-1.8075264961436228,-0.17766074329865952,-0.46652412545455607,-0.4004487805607305,-0.09221921594154611,1.4685534680690855,7.7,4.0,1.4,0.4,0.5,1.4,0.44,6.6,0.791,0.6,0.8
201567,Kevin Love,UTA,37,16.6,-5.12816602794484,-1.9241043549732189,0.09808829613837801,-1.0405891581158278,-1.8075264961436228,-0.8329667636625664,-0.46652412545455607,-0.7083090555583178,0.08521216175580604,1.4685534680690855,6.7,5.8,1.8,0.4,0.2,1.4,0.397,5.4,0.841,1.2,0.8
1642874,Danny Wolf,BKN,57,20.8,-5.1298948566726,-1.5215465427997814,-0.28685123812560437,-0.8425074655810889,-1.525100481121182,0.04077459682264273,-0.6879754508285539,-0.9132943039812053,-0.22785699522834324,0.8344630241705165,8.9,4.9,2.2,0.5,0.6,1.2,0.405,7.7,0.771,1.9,1.3
1642267,Bub Carrington,WAS,82,27.7,-5.130632278206499,-1.192181060112424,-0.9284171285655756,0.3459826896273434,-1.2426744660987408,-0.8329667636625664,0.30855551335443676,-0.7875454624825695,-0.3676677366397833,-0.43371786362662096,10.7,3.4,4.6,0.6,0.2,2.1,0.424,9.0,0.73,1.4,2.3
203484,Kentavious Caldwell-Pope,MEM,51,21.3,-5.165215149688189,-1.6130369546573808,-1.313356662829558,-0.5949053499126654,-0.6778224360538585,-0.8329667636625664,-0.7987011135155527,-0.7939144397740348,0.4982074577671978,0.9612811129502304,8.4,2.5,2.7,0.8,0.2,1.1,0.41,7.2,0.913,1.6,1.2
1642450,Daniss Jenkins,DET,72,20.2,-5.265087609261873,-1.448354213313702,-1.3988987815548877,-0.0006602723084492764,-0.39539642103141753,-0.8329667636625664,-0.9094267762025517,-0.8982465512156225,0.1648534121959485,0.4540087578313752,9.3,2.3,3.9,0.9,0.2,1.0,0.408,7.9,0.832,2.2,1.6
1642346,Ryan Dunn,PHX,70,19.4,-5.267706077033689,-2.0887870963168975,-0.5862486536642576,-1.1891504275168818,-0.39539642103141753,-0.3960960834199618,-1.1308781015765497,-0.20167427396865037,-0.748028487608159,1.4685534680690855,5.8,4.2,1.5,0.9,0.4,0.8,0.453,5.2,0.489,0.7,0.8
1631131,Oscar Tshiebwe,UTA,27,16.6,-5.289049986770005,-1.7228254488865,0.4402567710396958,-1.3377116969179357,-1.2426744660987408,-0.8329667636625664,-2.016683403072541,1.4011674293322043,-1.446165876572707,1.4685534680690855,7.8,6.6,1.2,0.6,0.2,0.0,0.634,5.4,0.551,1.8,0.8
1629611,Terance Mann,BKN,63,24.3,-5.320184900216157,-1.8326139431156194,-1.013959247290905,-0.44634408051161145,-0.9602484510762999,-0.8329667636625664,-1.0201524388895507,-0.18801327919855132,-0.11398589820099635,1.088099201729944,7.2,3.2,3.0,0.7,0.2,0.9,0.457,5.8,0.788,1.3,1.1
1631200,Kris Murray,POR,57,23.4,-5.349119718515784,-2.0887870963168975,-0.8428750098402461,-1.2386708506505666,-0.39539642103141753,-0.3960960834199618,-1.3523294269505477,-0.07452329047141006,-0.4289950079038225,1.4685534680690855,5.8,3.6,1.4,0.9,0.4,0.6,0.467,4.8,0.684,1.0,0.8
1631093,Jaden Ivey,CHI,37,18.1,-5.357655142897723,-1.594738872285861,-1.313356662829558,-1.0405891581158278,-1.2426744660987408,-0.3960960834199618,-0.46652412545455607,-0.3623008482538808,-0.029474128169282268,1.088099201729944,8.5,2.5,1.8,0.6,0.4,1.4,0.445,6.9,0.809,1.3,1.1
1630538,Bones Hyland,MIN,71,16.6,-5.358132126652241,-1.594738872285861,-1.6127540783682115,-0.6444257730463502,-1.2426744660987408,-0.8329667636625664,-0.24507280008055796,-0.25902583759807474,-0.1413908260215368,1.214917290509658,8.5,1.8,2.6,0.6,0.2,1.6,0.453,6.6,0.78,1.2,1.0
203500,Steven Adams,HOU,32,22.8,-5.385149762810007,-2.0887870963168975,1.2956779582929905,-1.1891504275168818,-0.9602484510762999,0.04077459682264273,-2.016683403072541,0.19666371880406608,-1.7514958604770299,1.088099201729944,5.8,8.6,1.5,0.7,0.6,0.0,0.504,4.3,0.58,2.5,1.1
1627741,Buddy Hield,ATL,51,16.1,-5.391725420208138,-1.75942161362954,-1.3988987815548877,-1.2386708506505666,-0.6778224360538585,-0.8329667636625664,-0.355798462767557,-0.4196172484476037,-0.050264642730930335,1.3417353792893716,7.6,2.3,1.4,0.8,0.2,1.5,0.437,6.4,0.811,0.7,0.9
1629013,Landry Shamet,NYK,51,23.0,-5.398317397904539,-1.448354213313702,-1.6127540783682115,-1.2386708506505666,-1.2426744660987408,-0.8329667636625664,0.19782985066743772,-0.46675383400569287,-0.47616268810101026,1.7221896456285133,9.3,1.8,1.4,0.6,0.2,2.0,0.437,7.1,0.711,1.5,0.6
1641737,Adem Bona,PHI,71,17.4,-5.411113427058041,-2.271767920032096,-0.543477594301593,-1.6843546588537286,-1.8075264961436228,1.3513866375504566,-2.016683403072541,0.6099285900321416,-0.5171720503061431,1.4685534680690855,4.8,4.3,0.5,0.4,1.2,0.0,0.595,3.1,0.708,1.6,0.8
202685,Jonas Valanciunas,DEN,65,13.4,-5.441807545215717,-1.5581427075428214,-0.2013091194002752,-1.3377116969179357,-2.372378526188505,0.04077459682264273,-1.905957740385542,1.0413268055086222,-0.23650835884184623,1.088099201729944,8.7,5.1,1.2,0.2,0.6,0.1,0.582,6.0,0.772,2.1,1.1
1630228,Jonathan Kuminga,ATL,36,23.1,-5.44620589621583,-0.917709824539626,0.01254617741304846,-0.7929870424474044,-1.2426744660987408,-0.6145314235412641,-0.9094267762025517,-0.218790076296438,-0.836186955995088,0.07355449149223406,12.2,5.6,2.3,0.6,0.3,1.0,0.463,9.4,0.724,3.4,1.9
203114,Khris Middleton,DAL,63,22.8,-5.463357850365783,-1.2836714719700233,-0.8001039504775813,-0.5453849267789809,-0.9602484510762999,-1.0514021037838688,-0.7987011135155527,-0.8087402233517513,0.4577037215366135,0.32719066905166155,10.2,3.7,2.8,0.7,0.1,1.1,0.42,8.6,0.875,2.2,1.7
1641774,Tristan Vukcevic,WAS,49,13.7,-5.472806221039773,-1.5032484604282617,-1.0995013660162345,-1.3872321200516204,-1.525100481121182,0.259209936943945,-0.9094267762025517,0.023631044860339918,-0.1656010231947245,0.8344630241705165,9.0,3.0,1.1,0.5,0.7,1.0,0.479,6.5,0.784,2.3,1.3
1627747,Caris LeVert,DET,60,19.2,-5.485430165318526,-1.7960177783725795,-1.527211959642882,-0.5949053499126654,-0.39539642103141753,0.259209936943945,-0.9094267762025517,-0.6406282326915279,-0.5886985197996505,0.707644935390803,7.4,2.0,2.7,0.9,0.7,1.0,0.417,6.5,0.679,1.4,1.4
1630264,Anthony Gill,WAS,55,17.3,-5.494388873710639,-2.0887870963168975,-1.1422724253788994,-1.2881912737842514,-1.2426744660987408,-0.3960960834199618,-1.6845064150115443,0.9765359775135634,-0.22376864806270652,1.5953715568487994,5.8,2.9,1.3,0.6,0.4,0.3,0.628,3.9,0.739,0.8,0.7
1631323,Simone Fontecchio,MIA,70,16.7,-5.516790327278773,-1.594738872285861,-1.0995013660162345,-1.2386708506505666,-1.525100481121182,-1.0514021037838688,-0.023621474706560123,-0.7159065553846102,0.13677981982131118,1.5953715568487994,8.5,3.0,1.4,0.5,0.1,1.8,0.412,6.7,0.843,1.5,0.7
1642347,Jamal Shead,TOR,82,22.6,-5.5227956659435735,-1.9424024373447386,-1.655525137730876,0.7421460746968213,-0.39539642103141753,-0.8329667636625664,-0.9094267762025517,-1.1032339973532412,-0.13363514270580587,0.707644935390803,6.6,1.7,5.4,0.9,0.2,1.0,0.367,6.1,0.784,1.4,1.4
1642363,Nique Clifford,SAC,75,25.1,-5.563394346190665,-1.5764407899143411,-0.7573328911149168,-0.7434666193137196,-0.39539642103141753,-0.6145314235412641,-0.9094267762025517,-0.7680319533828739,-0.3795943183006692,0.5808268466110891,8.6,3.8,2.4,0.9,0.3,1.0,0.418,7.9,0.722,1.3,1.5
1631246,Vince Williams Jr.,UTA,40,20.5,-5.604007903381976,-1.7777196960010597,-0.714561831752252,0.14790099709260493,-0.9602484510762999,-0.3960960834199618,-0.46652412545455607,-1.490950434829322,-0.1461808582130779,0.20037258027194768,7.5,3.9,4.2,0.7,0.4,1.4,0.353,7.3,0.78,1.3,1.8
1631121,Bryce McGowens,NOP,42,21.0,-5.622300776992238,-1.6679312017719405,-1.484440900280217,-1.1891504275168818,-1.2426744660987408,-0.8329667636625664,-1.0201524388895507,0.04039081740164857,-0.20120121936193008,1.9758258231879404,8.1,2.1,1.5,0.6,0.2,0.9,0.481,5.6,0.779,2.3,0.4
1631243,Mouhamed Gueye,ATL,77,15.3,-5.623969843107033,-2.3449602495181754,-0.8428750098402461,-1.48627296631899,-0.6778224360538585,-0.17766074329865952,-1.4630550896375465,-0.15058619732358608,-0.4565629743039114,1.9758258231879404,4.4,3.6,0.9,0.8,0.5,0.5,0.452,3.8,0.645,0.8,0.4
1642857,Kasparas Jakučionis,MIA,53,17.8,-5.695561491427642,-2.015594766830818,-1.2705856034668934,-0.6444257730463502,-1.2426744660987408,-1.0514021037838688,-0.6879754508285539,-0.35101338539364485,0.22637467873185593,1.3417353792893716,6.2,2.6,2.6,0.6,0.1,1.2,0.429,4.5,0.879,1.2,0.9
1631159,Leonard Miller,CHI,46,15.6,-5.7062445519154466,-1.7228254488865,-0.714561831752252,-1.48627296631899,-1.8075264961436228,-0.6145314235412641,-1.2416037642635487,0.7173660723891336,-0.3048421614674893,1.4685534680690855,7.8,3.9,0.9,0.4,0.3,0.7,0.553,5.7,0.736,1.2,0.8
1641767,Ben Sheppard,IND,65,21.4,-5.721869195626805,-1.8509120254871392,-1.0995013660162345,-1.0405891581158278,-1.2426744660987408,-1.0514021037838688,-0.5772497881415548,-0.4223512055734086,-0.15937872803854342,1.7221896456285133,7.1,3.0,1.8,0.6,0.1,1.3,0.434,6.0,0.765,0.8,0.6
1631248,Baylor Scheierman,BOS,77,18.6,-5.765609621482998,-2.143681343431457,-0.8856460692029109,-1.1891504275168818,-1.525100481121182,-1.0514021037838688,-0.5772497881415548,-0.16480541163544898,0.049236357721793134,1.7221896456285133,5.5,3.5,1.5,0.5,0.1,1.3,0.453,4.3,0.903,0.4,0.6
1631245,Quenton Jackson,IND,49,18.3,-5.806830786218066,-1.484950378056742,-1.3988987815548877,-0.49586450364529616,-1.2426744660987408,-1.0514021037838688,-1.0201524388895507,-0.07538259693137002,0.12803145857187412,0.8344630241705165,9.1,2.3,2.9,0.6,0.1,0.9,0.47,6.7,0.824,2.4,1.3
1642262,Cody Williams,UTA,67,24.3,-5.835055164628116,-1.5398446251713012,-1.0995013660162345,-0.9415483118484583,-0.6778224360538585,-0.3960960834199618,-1.5737807523245453,-0.11208663065971917,-0.5824741608639818,1.088099201729944,8.8,3.0,2.0,0.8,0.4,0.4,0.468,7.6,0.706,1.8,1.1
1628975,Jevon Carter,ORL,53,16.4,-5.860672596847774,-1.9789986020877781,-1.655525137730876,-1.139630004383197,-0.6778224360538585,-0.8329667636625664,-0.355798462767557,-0.7233765877564835,-0.09192615925425665,1.5953715568487994,6.4,1.7,1.6,0.8,0.2,1.5,0.401,5.8,0.789,0.4,0.7
1642860,Will Riley,WAS,74,22.1,-5.901963861788348,-1.2653733895985033,-1.1422724253788994,-0.9415483118484583,-0.9602484510762999,-1.0514021037838688,-0.7987011135155527,-0.5266020015699359,-0.05027908918734597,0.8344630241705165,10.3,2.9,2.0,0.7,0.1,1.1,0.439,8.4,0.8,2.4,1.3
1641989,Elijah Harkless,UTA,26,21.0,-5.9864641038678394,-1.9058062726016987,-1.527211959642882,-0.49586450364529616,0.4518816240359055,-0.8329667636625664,-1.1308781015765497,-1.4485257496552564,-0.31200966762915333,1.214917290509658,6.8,2.0,2.9,1.2,0.2,0.8,0.335,6.2,0.766,2.5,1.0
1641715,Cam Whitmore,WAS,21,16.9,-5.991529454675928,-1.4666522956852222,-1.185043484741564,-1.5853138125863593,-0.9602484510762999,-0.3960960834199618,-1.1308781015765497,-0.2768185360631198,-0.3322140688162225,1.3417353792893716,9.2,2.8,0.7,0.7,0.4,0.8,0.456,8.0,0.742,1.5,0.9
1642348,Justin Edwards,PHI,64,15.3,-6.012467698298239,-2.0521909315738576,-1.7410672564562055,-1.2881912737842514,-0.6778224360538585,-0.8329667636625664,-0.9094267762025517,-0.24292977490563525,0.009937868712174011,1.7221896456285133,6.0,1.5,1.3,0.8,0.2,1.0,0.447,5.0,0.846,0.6,0.6
1630557,Corey Kispert,ATL,58,18.6,-6.017311496707554,-1.4666522956852222,-1.3988987815548877,-1.139630004383197,-2.089952511166064,-0.8329667636625664,-0.355798462767557,-0.11030208629785951,-0.09166405925928646,1.4685534680690855,9.2,2.3,1.6,0.3,0.2,1.5,0.467,6.8,0.794,1.7,0.8
1642383,Walter Clayton Jr.,MEM,69,20.4,-6.050912870350446,-1.7228254488865,-1.527211959642882,0.048860150825235454,-1.2426744660987408,-0.6145314235412641,-0.7987011135155527,-1.0251250180861742,0.50410573954377,0.32719066905166155,7.8,2.0,4.0,0.6,0.3,1.1,0.384,6.7,0.901,1.8,1.7
1641772,Nae'Qwan Tomlin,CLE,64,15.7,-6.062198204667685,-2.0887870963168975,-1.1422724253788994,-1.5357933894526747,-1.2426744660987408,-0.17766074329865952,-1.5737807523245453,0.012530387752268782,-0.1627674539577638,1.8490077344082267,5.8,2.9,0.8,0.6,0.5,0.4,0.478,4.9,0.77,1.0,0.5
1642920,Kobe Sanders,LAC,68,19.9,-6.178664727063988,-1.8143158607440992,-1.3988987815548877,-1.139630004383197,-0.9602484510762999,-1.0514021037838688,-0.6879754508285539,-0.09806521067367831,0.010590023030367332,0.9612811129502304,7.3,2.3,1.6,0.7,0.1,1.2,0.466,5.6,0.826,1.0,1.2
1628418,Thomas Bryant,CLE,60,12.2,-6.18492772471585,-2.015594766830818,-0.9284171285655756,-1.634834235720044,-2.089952511166064,-0.3960960834199618,-1.1308781015765497,0.22011773041708027,-0.05828036226214345,1.8490077344082267,6.2,3.4,0.6,0.3,0.4,0.8,0.506,4.5,0.803,1.1,0.5
1626172,Kevon Looney,NOP,21,14.6,-6.1913548325015855,-2.637729567462493,0.01254617741304846,-1.139630004383197,-1.8075264961436228,-0.17766074329865952,-1.905957740385542,-0.27953491147107445,-0.23168736995798583,1.9758258231879404,2.8,5.6,1.6,0.4,0.5,0.1,0.417,2.9,0.7,0.5,0.4
203991,Clint Capela,HOU,75,12.3,-6.210834353501525,-2.454748743747295,-0.4151644162135989,-1.5853138125863593,-1.525100481121182,0.4776452770652475,-2.016683403072541,0.2197551074864068,-0.7602316157204307,1.8490077344082267,3.8,4.6,0.7,0.5,0.8,0.0,0.52,3.0,0.577,1.0,0.5
1642883,Sion James,CHA,82,22.5,-6.216551439362851,-2.161979425802977,-0.8856460692029109,-0.9415483118484583,-1.2426744660987408,-0.8329667636625664,-0.9094267762025517,-0.7812160440562689,0.07035294944253763,1.4685534680690855,5.4,3.5,2.0,0.6,0.2,1.0,0.371,4.5,0.837,1.2,0.8
201144,Mike Conley,MIN,54,18.4,-6.245690086892419,-2.326662167146656,-1.655525137730876,-0.49586450364529616,-1.2426744660987408,-0.6145314235412641,-0.9094267762025517,-0.9305068057571734,0.20731154760162543,1.7221896456285133,4.5,1.7,2.9,0.6,0.3,1.0,0.335,4.0,0.9,0.9,0.6
1642269,Devin Carter,SAC,38,18.4,-6.260490353199478,-1.5215465427997814,-0.9711881879282404,-0.5949053499126654,-0.39539642103141753,-0.8329667636625664,-1.1308781015765497,-0.7990680808190608,-0.7221858408600001,0.707644935390803,8.9,3.3,2.7,0.9,0.2,0.8,0.414,7.7,0.713,2.5,1.4
1630311,Pat Spencer,GSW,66,18.6,-6.276004871170437,-1.8326139431156194,-1.356127722192223,-0.19874196484318798,-0.9602484510762999,-1.0514021037838688,-1.0201524388895507,-0.5418717235233864,-0.1493095479168161,0.8344630241705165,7.2,2.4,3.5,0.7,0.1,0.9,0.427,6.6,0.772,0.9,1.3
1630579,Jericho Sims,MIL,67,19.7,-6.295259154303968,-2.2351717552890564,-0.030224881949616124,-1.139630004383197,-2.089952511166064,-0.6145314235412641,-2.016683403072541,1.4242742020176642,-0.6814385786498371,1.088099201729944,5.0,5.5,1.6,0.3,0.3,0.0,0.784,2.8,0.62,1.1,1.1
1629020,Jarred Vanderbilt,LAL,65,17.3,-6.305102821173654,-2.3449602495181754,-0.45793547557626346,-1.2881912737842514,-0.6778224360538585,-0.6145314235412641,-1.5737807523245453,-0.03045031924882932,-0.6591662704158382,1.3417353792893716,4.4,4.5,1.3,0.8,0.3,0.4,0.471,3.7,0.589,0.9,0.9
1630172,Patrick Williams,CHI,72,20.5,-6.334289408208865,-1.869210107858659,-1.0995013660162345,-1.1891504275168818,-0.9602484510762999,-0.3960960834199618,-0.5772497881415548,-1.1401995591346221,-0.31755091555430975,1.214917290509658,7.0,3.0,1.5,0.7,0.4,1.3,0.372,6.6,0.72,1.0,1.0
201587,Nicolas Batum,LAC,74,17.5,-6.374361979592669,-2.4181525790042553,-1.313356662829558,-1.48627296631899,-1.2426744660987408,-0.6145314235412641,-0.6879754508285539,-0.3834692365462866,-0.07693692883324718,1.8490077344082267,4.0,2.5,0.9,0.6,0.3,1.2,0.403,3.2,0.818,0.1,0.5
1642272,Jared McCain,OKC,67,17.3,-6.419373532106821,-1.6313350370289006,-1.527211959642882,-1.2881912737842514,-1.525100481121182,-1.0514021037838688,-0.355798462767557,-0.6158995465343281,0.10701186448706367,1.4685534680690855,8.3,2.0,1.3,0.5,0.1,1.5,0.425,7.2,0.864,0.9,0.8
1631126,Caleb Love,POR,49,20.7,-6.453239657716568,-1.2470753072269833,-1.3988987815548877,-0.6939461961800348,-1.2426744660987408,-1.0514021037838688,0.08710418798043867,-1.4696941379476618,-0.27111587707534596,0.8344630241705165,10.4,2.3,2.5,0.6,0.1,1.9,0.388,10.0,0.735,1.0,1.3
1642382,Branden Carlson,OKC,42,11.6,-6.492907305180386,-2.0887870963168975,-1.0995013660162345,-1.5853138125863593,-2.372378526188505,0.04077459682264273,-1.2416037642635487,0.3677799855020514,-0.48970314532147585,1.9758258231879404,5.8,3.0,0.7,0.2,0.6,0.7,0.527,4.4,0.577,0.6,0.4
1630679,Ethan Thompson,IND,32,20.4,-6.543987378450229,-1.869210107858659,-1.4416698409175523,-1.0405891581158278,-1.2426744660987408,-0.6145314235412641,-0.6879754508285539,-0.9926340034978308,-0.12325639566088549,1.4685534680690855,7.0,2.2,1.8,0.6,0.3,1.2,0.378,6.1,0.787,1.5,0.8
1642942,Jahmai Mashack,MEM,31,21.7,-6.545449325803126,-2.015594766830818,-1.2705856034668934,-0.8425074655810889,0.4518816240359055,-0.17766074329865952,-1.3523294269505477,-0.8490199389480146,-0.9436417625943855,0.4540087578313752,6.2,2.6,2.2,1.2,0.5,0.6,0.395,6.3,0.543,1.1,1.6
1630619,Moussa Cisse,DAL,38,13.9,-6.545609880973428,-2.326662167146656,0.05531723677571342,-1.8329159282547827,-1.525100481121182,1.3513866375504566,-2.016683403072541,0.4867774473459663,-2.2062826911194886,1.4685534680690855,4.5,5.7,0.2,0.5,1.2,0.0,0.574,3.0,0.469,2.1,0.8
1630165,Killian Hayes,SAC,23,17.6,-6.545907416604859,-2.143681343431457,-1.3988987815548877,-0.19874196484318798,-0.39539642103141753,-0.8329667636625664,-1.2416037642635487,-1.7080143234157337,0.41211483264771104,0.9612811129502304,5.5,2.3,3.5,0.9,0.2,0.7,0.304,6.0,0.929,1.2,1.2
1629026,Kenrich Williams,OKC,56,15.3,-6.578293156297258,-1.9607005197162584,-0.9711881879282404,-1.2386708506505666,-1.2426744660987408,-1.0514021037838688,-1.0201524388895507,-0.03105249308522038,-0.5310055642138981,1.4685534680690855,6.5,3.3,1.4,0.6,0.1,0.9,0.473,5.3,0.635,0.9,0.8
1630623,Tyson Etienne,BKN,24,15.8,-6.598233062683755,-1.70452736651498,-1.9121514939068647,-1.0901095812495123,-1.525100481121182,-1.269837443905171,-0.023621474706560123,-0.7586015594706318,0.09034478134234741,1.5953715568487994,7.9,1.1,1.7,0.5,0.0,1.8,0.4,6.0,0.833,1.5,0.7
1642275,Tidjane Salaün,CHA,37,15.6,-6.653549400910415,-2.0521909315738576,-0.6717907723895872,-1.5853138125863593,-1.8075264961436228,-0.8329667636625664,-0.9094267762025517,0.18957608879544816,-0.5792814939961168,1.5953715568487994,6.0,4.0,0.7,0.4,0.2,1.0,0.503,4.3,0.65,1.1,0.7
1630536,Sharife Cooper,WAS,41,17.1,-6.6592508210871975,-1.6679312017719405,-1.484440900280217,-0.44634408051161145,-1.8075264961436228,-1.0514021037838688,-1.2416037642635487,0.36882609771417607,0.09034478134234741,0.5808268466110891,8.1,2.1,3.0,0.4,0.1,0.7,0.514,6.0,0.833,1.5,1.5
1631250,Pete Nance,MIL,47,15.7,-6.696210117473899,-2.161979425802977,-1.2278145441042287,-1.4367525431853052,-2.089952511166064,-0.6145314235412641,-0.7987011135155527,0.2623819824157568,-0.35105018420277806,1.7221896456285133,5.4,2.7,1.0,0.3,0.3,1.1,0.515,4.1,0.364,0.2,0.6
1630570,Trendon Watford,PHI,53,16.3,-6.782628574771638,-1.9607005197162584,-0.9711881879282404,-0.6939461961800348,-2.089952511166064,-0.3960960834199618,-1.7952320776985433,0.3236103148312905,-0.1604044264440565,0.9612811129502304,6.5,3.3,2.5,0.3,0.4,0.2,0.515,5.1,0.779,1.5,1.2
1631172,Ousmane Dieng,MIL,57,19.3,-6.8293451992850285,-1.75942161362954,-1.013959247290905,-0.7434666193137196,-1.8075264961436228,-0.6145314235412641,-0.7987011135155527,-0.6330900711629822,-0.2931116388579591,0.8344630241705165,7.6,3.2,2.4,0.4,0.3,1.1,0.422,7.0,0.711,0.8,1.3
1629006,Josh Okogie,HOU,78,17.4,-6.841116408590743,-2.326662167146656,-1.2705856034668934,-1.48627296631899,-0.6778224360538585,-0.8329667636625664,-1.1308781015765497,-0.31970034590130736,-0.645235758872149,1.8490077344082267,4.5,2.6,0.9,0.8,0.2,0.8,0.425,3.8,0.594,0.9,0.5
1641712,Rayan Rupert,MEM,64,16.8,-6.875911565247026,-2.198575590546017,-1.1422724253788994,-1.3872321200516204,-0.39539642103141753,-1.0514021037838688,-1.2416037642635487,-0.6739807514545622,-0.12718376802646184,1.3417353792893716,5.2,2.9,1.1,0.9,0.1,0.7,0.393,4.9,0.778,0.8,0.9
1631124,Julian Strawther,DEN,57,15.1,-6.897146083472397,-1.8326139431156194,-1.527211959642882,-1.3872321200516204,-1.8075264961436228,-1.0514021037838688,-0.9094267762025517,-0.08883480880198982,-0.015087521358755733,1.7221896456285133,7.2,2.0,1.1,0.4,0.1,1.0,0.467,5.6,0.814,1.2,0.6
1642864,Hugo González,BOS,74,14.6,-6.901041710766194,-2.436450661375775,-0.9711881879282404,-1.6843546588537286,-1.2426744660987408,-0.6145314235412641,-1.3523294269505477,0.0012649020393460657,-0.4497855224654706,1.8490077344082267,3.9,3.3,0.5,0.6,0.3,0.6,0.476,3.3,0.5,0.4,0.5
1642948,Ryan Nembhard,DAL,60,19.5,-6.921716584921575,-1.9424024373447386,-1.4416698409175523,0.6926256515631364,-1.8075264961436228,-1.269837443905171,-1.1308781015765497,-0.6620559513222334,-0.06761690066564711,0.707644935390803,6.6,2.2,5.3,0.4,0.0,0.8,0.415,6.5,0.806,0.5,1.4
1641738,Kobe Brown,IND,61,15.8,-6.927437054298563,-2.0887870963168975,-1.0995013660162345,-1.2881912737842514,-1.8075264961436228,-0.8329667636625664,-1.0201524388895507,-0.05286261407918151,-0.07918438469562897,1.3417353792893716,5.8,3.0,1.3,0.4,0.2,0.9,0.469,4.4,0.797,1.0,0.9
1642277,Johnny Furphy,IND,35,18.4,-6.99023664804526,-2.2168736729175365,-0.500706534938928,-1.3377116969179357,-1.2426744660987408,-0.8329667636625664,-1.2416037642635487,-0.04431570148894423,-1.041937515826144,1.4685534680690855,5.1,4.4,1.2,0.6,0.2,0.7,0.47,4.3,0.486,1.0,0.8
1642849,Nolan Traore,BKN,56,22.2,-6.995071960386572,-1.5215465427997814,-1.6127540783682115,-0.05018069544213401,-0.6778224360538585,-0.3960960834199618,-0.7987011135155527,-1.3757506240411868,-0.1285025231192644,-0.43371786362662096,8.9,1.8,3.8,0.8,0.4,1.1,0.38,8.6,0.787,1.7,2.3
1631123,Jamaree Bouyea,PHX,46,14.0,-6.995889300570039,-2.1070851786884175,-1.6127540783682115,-1.0405891581158278,-1.2426744660987408,-0.6145314235412641,-1.4630550896375465,-0.1555464394722528,-0.3550250234965772,1.5953715568487994,5.7,1.8,1.8,0.6,0.3,0.5,0.458,5.1,0.686,0.8,0.7
1630182,Josh Green,CHA,58,15.7,-7.011063597266001,-2.3632583318896954,-1.6127540783682115,-1.5357933894526747,-1.2426744660987408,-1.0514021037838688,-0.9094267762025517,-0.08498880802211993,0.06704471092334768,1.7221896456285133,4.3,1.8,0.8,0.6,0.1,1.0,0.459,3.1,0.893,0.5,0.6
1631132,Christian Koloko,ATL,27,13.2,-7.037466883353761,-2.6560276498340136,-1.0995013660162345,-1.5853138125863593,-1.525100481121182,0.6960806171865498,-2.016683403072541,-0.2505734267412862,-0.32253700679720626,1.7221896456285133,2.7,3.0,0.7,0.5,0.9,0.0,0.419,2.7,0.667,0.6,0.6
1630604,E.J. Liddell,BKN,26,13.4,-7.085107061850583,-2.1070851786884175,-1.2278145441042287,-1.48627296631899,-2.372378526188505,-0.3960960834199618,-1.2416037642635487,0.06908637864894299,-0.04513202314438886,1.7221896456285133,5.7,2.7,0.9,0.2,0.4,0.7,0.486,4.3,0.808,1.0,0.6
1627824,Guerschon Yabusele,CHI,67,15.0,-7.147823248375469,-2.1253832610599375,-0.8856460692029109,-1.48627296631899,-1.8075264961436228,-0.8329667636625664,-0.9094267762025517,-0.5840326829296891,-0.23875787848371602,1.7221896456285133,5.6,3.5,0.9,0.4,0.2,1.0,0.401,4.7,0.75,1.1,0.6
203903,Jordan Clarkson,NYK,72,17.8,-7.160735092766162,-1.5764407899143411,-1.6127540783682115,-1.2881912737842514,-1.8075264961436228,-1.0514021037838688,-0.9094267762025517,-0.31176659572111765,0.05503764186243137,1.3417353792893716,8.6,1.8,1.3,0.4,0.1,1.0,0.451,7.3,0.83,1.3,0.9
1629018,Gary Trent Jr.,MIL,65,21.2,-7.177527967460871,-1.6679312017719405,-1.9549225532695291,-1.3377116969179357,-1.525100481121182,-1.269837443905171,0.08710418798043867,-1.0818458375877,-0.14947258649636447,1.7221896456285133,8.1,1.0,1.2,0.5,0.0,1.9,0.387,7.3,0.769,0.8,0.6
1629021,Moritz Wagner,ORL,36,11.8,-7.187947463267568,-1.887508190230179,-1.013959247290905,-1.5357933894526747,-1.8075264961436228,-1.0514021037838688,-1.3523294269505477,-0.4501874603607436,0.06175111653674533,1.8490077344082267,6.9,3.2,0.8,0.4,0.1,0.6,0.426,5.4,0.819,2.0,0.5
1643018,LJ Cryer,GSW,18,16.2,-7.196123606761972,-1.6496331194004208,-1.6982961970935408,-1.4367525431853052,-2.372378526188505,-1.269837443905171,0.30855551335443676,-0.8013361224218181,0.2550013640092652,1.4685534680690855,8.2,1.6,1.0,0.2,0.0,2.1,0.402,6.5,0.895,1.1,0.8
1642866,Joan Beringer,MIN,40,7.9,-7.213221147119187,-2.436450661375775,-1.3988987815548877,-1.7833955051210981,-2.372378526188505,0.259209936943945,-2.016683403072541,0.7742824885017494,-0.3415506072197262,2.1026439119676543,3.9,2.3,0.3,0.2,0.7,0.0,0.663,2.5,0.703,0.9,0.3
1642962,Drake Powell,BKN,63,20.9,-7.215514888068406,-1.9607005197162584,-1.6127540783682115,-1.2386708506505666,-1.2426744660987408,-0.8329667636625664,-1.1308781015765497,-0.7013137295684166,0.28952633106324666,1.214917290509658,6.5,1.8,1.4,0.6,0.2,0.8,0.402,5.7,0.896,1.2,1.0
1629726,Garrison Mathews,IND,15,13.1,-7.262647162088495,-2.198575590546017,-1.9121514939068647,-1.5853138125863593,-1.8075264961436228,-0.8329667636625664,-0.7987011135155527,-0.414714146881952,0.057840254407072765,2.2294620007473682,5.2,1.1,0.7,0.4,0.2,1.1,0.404,3.5,0.826,1.5,0.2
1641711,Gradey Dick,TOR,76,14.0,-7.292853519786868,-2.0521909315738576,-1.5699830190055466,-1.5853138125863593,-1.2426744660987408,-1.0514021037838688,-1.2416037642635487,-0.4833905345220459,0.21151546641858754,1.7221896456285133,6.0,1.9,0.7,0.6,0.1,0.7,0.419,5.1,0.875,1.2,0.6
203992,Bogdan Bogdanović,LAC,23,19.7,-7.307919082991248,-1.7960177783725795,-1.2705856034668934,-0.8425074655810889,-1.8075264961436228,-1.0514021037838688,-0.46652412545455607,-0.9661405524113534,-0.06849607072751548,0.9612811129502304,7.4,2.6,2.2,0.4,0.1,1.4,0.388,6.6,0.8,1.1,1.2
203939,Dwight Powell,DAL,63,14.4,-7.31211355481778,-2.5462391556048942,-0.6290197130269226,-1.3872321200516204,-1.525100481121182,-0.6145314235412641,-2.016683403072541,0.449517391790584,-0.6381962070387385,1.5953715568487994,3.3,4.1,1.1,0.5,0.3,0.0,0.644,1.6,0.696,1.8,0.7
1642854,Asa Newell,ATL,44,11.4,-7.313169407872449,-2.198575590546017,-1.4416698409175523,-1.634834235720044,-1.8075264961436228,-0.6145314235412641,-1.2416037642635487,0.3880736833313778,-0.6115094744800055,1.8490077344082267,5.2,2.2,0.6,0.4,0.3,0.7,0.538,3.8,0.552,0.7,0.5
1629618,Jalen Pickett,DEN,50,16.1,-7.349938031037788,-2.198575590546017,-1.3988987815548877,-0.7929870424474044,-2.089952511166064,-1.0514021037838688,-0.9094267762025517,-0.4121406229315362,-0.09192615925425665,1.5953715568487994,5.2,2.3,2.3,0.3,0.1,1.0,0.422,4.6,0.789,0.4,0.7
1642502,Malevy Leons,GSW,25,11.1,-7.3523639076708776,-2.5462391556048942,-1.484440900280217,-1.48627296631899,-1.2426744660987408,-0.3960960834199618,-1.7952320776985433,-0.1504741138722871,-0.09994187878546977,1.8490077344082267,3.3,2.1,0.9,0.6,0.4,0.2,0.444,2.9,0.789,0.8,0.5
1642066,Myron Gardner,MIA,45,9.1,-7.355672882190459,-2.4913449084903347,-1.2278145441042287,-1.4367525431853052,-1.8075264961436228,-0.8329667636625664,-1.3523294269505477,0.020899285449266287,-0.2036633082910592,1.9758258231879404,3.6,2.7,1.0,0.4,0.2,0.6,0.48,2.7,0.731,0.6,0.4
1631321,Sidy Cissoko,POR,75,19.1,-7.3834478259162175,-2.2168736729175365,-1.4416698409175523,-1.1891504275168818,-0.9602484510762999,-0.6145314235412641,-1.1308781015765497,-0.5809492891615989,-0.5908819984979058,1.3417353792893716,5.1,2.2,1.5,0.7,0.3,0.8,0.398,4.5,0.659,1.2,0.9
1626156,D'Angelo Russell,WAS,26,19.0,-7.413945699575977,-1.2836714719700233,-1.3988987815548877,0.048860150825235454,-1.525100481121182,-1.0514021037838688,-0.5772497881415548,-1.0573940634866505,-0.642643651835279,0.07355449149223406,10.2,2.3,4.0,0.5,0.1,1.3,0.405,8.9,0.717,2.3,1.9
1631213,Tyrese Martin,PHI,46,16.9,-7.441693630527107,-1.9972966844592979,-1.313356662829558,-1.0901095812495123,-1.525100481121182,-1.0514021037838688,-0.6879754508285539,-0.8179398572172006,-0.30024818832730366,1.3417353792893716,6.3,2.5,1.7,0.5,0.1,1.2,0.394,6.0,0.679,0.6,0.9
1630526,Jeremiah Robinson-Earl,DAL,22,16.4,-7.46219477479117,-2.308364084775136,-0.37239335685093394,-1.5853138125863593,-1.8075264961436228,-1.269837443905171,-1.4630550896375465,-0.7886333312745901,0.28392110597396364,1.8490077344082267,4.6,4.7,0.7,0.4,0.0,0.5,0.37,4.5,0.944,0.8,0.5
203914,Gary Harris,MIL,48,13.8,-7.46668548200651,-2.6560276498340136,-1.826609375181535,-1.3872321200516204,-1.2426744660987408,-0.8329667636625664,-1.3523294269505477,-0.11866658856539491,-0.026004914850031778,1.9758258231879404,2.7,1.3,1.1,0.6,0.2,0.6,0.442,2.2,0.889,0.2,0.4
1630534,Ochai Agbaji,BKN,62,15.7,-7.480686956414489,-2.2168736729175365,-1.3988987815548877,-1.5357933894526747,-1.8075264961436228,-0.6145314235412641,-1.4630550896375465,-0.2990923748653971,0.00607653729021214,1.8490077344082267,5.1,2.3,0.8,0.4,0.3,0.5,0.436,4.5,0.837,0.7,0.5
1630639,A.J. Lawson,TOR,24,9.4,-7.50750005653437,-2.3815564142612153,-1.6127540783682115,-1.7833955051210981,-1.525100481121182,-0.8329667636625664,-1.1308781015765497,-0.2163088563647396,-0.12718376802646184,2.1026439119676543,4.2,1.8,0.3,0.5,0.2,0.8,0.436,3.3,0.778,0.8,0.3
1631107,Nikola Jović,MIA,47,17.2,-7.507561158410795,-1.8143158607440992,-0.9711881879282404,-0.8425074655810889,-1.2426744660987408,-0.3960960834199618,-0.9094267762025517,-1.2239083155371802,-0.8150889382897342,0.707644935390803,7.3,3.3,2.2,0.6,0.4,1.0,0.366,6.7,0.683,2.1,1.4
1628997,Caleb Martin,DAL,58,14.8,-7.518257597225966,-2.436450661375775,-1.313356662829558,-1.2386708506505666,-0.9602484510762999,-0.6145314235412641,-1.6845064150115443,-0.14015804092330947,-0.7257066486664493,1.5953715568487994,3.9,2.5,1.4,0.7,0.3,0.3,0.45,3.3,0.607,1.1,0.7
1641790,PJ Hall,CHA,19,11.2,-7.532306066695337,-2.326662167146656,-0.714561831752252,-1.6843546588537286,-2.372378526188505,-0.17766074329865952,-1.7952320776985433,0.1653858427474302,-0.0953953725735072,1.4685534680690855,4.5,3.9,0.5,0.2,0.5,0.2,0.508,3.1,0.793,1.5,0.8
1629234,Drew Eubanks,SAC,42,13.1,-7.538716459685609,-2.198575590546017,-1.0995013660162345,-1.6843546588537286,-1.8075264961436228,0.04077459682264273,-2.016683403072541,0.7318819781897288,-1.1001030769146376,1.5953715568487994,5.2,3.0,0.5,0.4,0.6,0.0,0.596,3.7,0.561,1.4,0.7
1628988,Aaron Holiday,HOU,57,13.7,-7.542017956466819,-2.143681343431457,-1.9549225532695291,-1.3872321200516204,-1.525100481121182,-1.0514021037838688,-0.6879754508285539,-0.4299904619795967,0.04291500115019006,1.5953715568487994,5.5,1.0,1.1,0.5,0.1,1.2,0.417,4.4,0.854,0.7,0.7
1631199,Ron Harper Jr.,BOS,29,10.9,-7.545673974789198,-2.3815564142612153,-1.655525137730876,-1.5357933894526747,-2.089952511166064,-0.6145314235412641,-0.9094267762025517,-0.3635447547918277,-0.0979874796103774,2.1026439119676543,4.2,1.7,0.8,0.3,0.3,1.0,0.418,3.8,0.75,0.1,0.3
1642877,Micah Peavy,NOP,61,15.0,-7.559794777226406,-2.3632583318896954,-1.5699830190055466,-1.4367525431853052,-0.9602484510762999,-1.0514021037838688,-1.4630550896375465,-0.6773740229997733,-0.1403651276160237,2.1026439119676543,4.3,1.9,1.0,0.7,0.1,0.5,0.385,4.5,0.759,0.5,0.3
1631207,Dalen Terry,PHI,48,11.5,-7.560740496808636,-2.4730468261188148,-1.6127540783682115,-1.2386708506505666,-1.2426744660987408,-0.6145314235412641,-1.4630550896375465,-0.1935866837572664,-0.5714288130444519,1.8490077344082267,3.7,1.8,1.4,0.6,0.3,0.5,0.439,3.2,0.533,0.6,0.5
1642869,Noah Penda,ORL,59,12.8,-7.566348083117798,-2.454748743747295,-1.013959247290905,-1.3377116969179357,-1.525100481121182,-0.6145314235412641,-1.4630550896375465,-0.40254100498498,-0.350071952725488,1.5953715568487994,3.8,3.2,1.2,0.5,0.3,0.5,0.404,3.4,0.688,0.8,0.7
1641724,Jett Howard,ORL,55,12.6,-7.583591165214273,-2.143681343431457,-1.6982961970935408,-1.5357933894526747,-2.372378526188505,-0.8329667636625664,-0.9094267762025517,-0.4424690862242269,0.2487770050735959,2.1026439119676543,5.5,1.6,0.8,0.2,0.2,1.0,0.418,4.6,0.949,0.7,0.3
1642949,Yanic Konan Niederhäuser,LAC,41,10.3,-7.584152999486512,-2.3632583318896954,-1.1422724253788994,-1.7833955051210981,-2.6548045412109462,0.259209936943945,-2.016683403072541,0.6527796318640898,-0.25791800724988045,1.7221896456285133,4.3,2.9,0.3,0.1,0.7,0.0,0.64,2.4,0.758,1.5,0.6
1642879,Ben Saraf,BKN,44,20.8,-7.585535729654831,-1.7777196960010597,-1.484440900280217,-0.29778281111055743,-0.39539642103141753,-0.8329667636625664,-1.5737807523245453,-0.919586361257073,0.12985583963922553,-0.43371786362662096,7.5,2.1,3.3,0.9,0.2,0.4,0.396,6.9,0.83,2.0,2.3
1631204,Marcus Sasser,DET,38,12.0,-7.58604546100106,-2.198575590546017,-1.9549225532695291,-0.9415483118484583,-1.525100481121182,-1.0514021037838688,-0.6879754508285539,-0.6692490716379561,-0.025825366034579883,1.4685534680690855,5.2,1.0,2.0,0.5,0.1,1.2,0.39,4.7,0.833,0.5,0.8
1643007,Taelon Peter,IND,38,13.0,-7.588246030538813,-2.326662167146656,-1.6982961970935408,-1.3872321200516204,-0.9602484510762999,-1.0514021037838688,-0.7987011135155527,-0.6660733738511491,-0.29500206086892483,1.5953715568487994,4.5,1.6,1.1,0.7,0.1,1.1,0.38,4.2,0.625,0.4,0.7
1630175,Cole Anthony,MIL,35,15.0,-7.621682056380134,-1.9241043549732189,-1.313356662829558,-0.19874196484318798,-1.2426744660987408,-0.6145314235412641,-1.3523294269505477,-0.5745077872839992,-0.47499046135185213,0.07355449149223406,6.7,2.5,3.5,0.6,0.3,0.6,0.424,6.6,0.615,0.7,1.9
1631288,Jamal Cain,ORL,40,12.1,-7.628604212404431,-2.161979425802977,-1.527211959642882,-1.5853138125863593,-2.089952511166064,-1.0514021037838688,-1.2416037642635487,0.06863584712901531,0.11121578330402576,1.8490077344082267,5.4,2.0,0.7,0.3,0.1,0.7,0.487,3.8,0.848,1.2,0.5
1630192,Zeke Nnaji,DEN,52,12.0,-7.647338391142174,-2.4730468261188148,-1.2705856034668934,-1.634834235720044,-2.089952511166064,-0.17766074329865952,-1.6845064150115443,-0.026193345814195863,-0.13956644495418552,1.8490077344082267,3.7,2.6,0.6,0.3,0.5,0.3,0.47,2.9,0.773,0.8,0.5
1642352,Keshad Johnson,MIA,32,8.7,-7.659850431070846,-2.3632583318896954,-1.5699830190055466,-1.7833955051210981,-1.525100481121182,-0.6145314235412641,-1.5737807523245453,0.07741571748077615,-0.2830424587362318,1.9758258231879404,4.3,1.9,0.3,0.5,0.3,0.4,0.49,3.3,0.724,0.9,0.4
1626204,Larry Nance Jr.,CLE,35,12.8,-7.668413748617382,-2.4730468261188148,-1.2278145441042287,-1.4367525431853052,-1.2426744660987408,-0.8329667636625664,-1.3523294269505477,-0.3281791293348727,-0.4968396947908205,1.7221896456285133,3.7,2.7,1.0,0.6,0.2,0.6,0.419,3.5,0.462,0.4,0.6
1631133,Jabari Walker,PHI,64,11.9,-7.677634624948829,-2.3632583318896954,-1.0995013660162345,-1.6843546588537286,-1.8075264961436228,-0.8329667636625664,-1.4630550896375465,-0.11296132112279876,-0.28983642081057626,1.9758258231879404,4.3,3.0,0.5,0.4,0.2,0.5,0.455,3.3,0.735,1.1,0.4
1630702,Jaden Hardy,WAS,57,15.8,-7.711072147020801,-1.4666522956852222,-1.7410672564562055,-1.4367525431853052,-2.089952511166064,-1.0514021037838688,-0.023621474706560123,-0.6543969154834631,-0.3353262482840571,1.088099201729944,9.2,1.5,1.0,0.3,0.1,1.8,0.424,7.5,0.733,1.3,1.1
203926,Doug McDermott,SAC,29,15.1,-7.748395399982747,-2.1070851786884175,-1.826609375181535,-1.5357933894526747,-2.372378526188505,-1.0514021037838688,-0.13434713739355916,-0.6995533600686019,0.0029478475864740893,1.9758258231879404,5.7,1.3,0.8,0.2,0.1,1.7,0.388,4.8,0.889,0.3,0.4
1641740,Jaylen Clark,MIN,68,13.1,-7.784796530824897,-2.4181525790042553,-1.6127540783682115,-1.634834235720044,-0.9602484510762999,-1.0514021037838688,-1.4630550896375465,-0.2344158280363685,-0.5125780771659573,2.1026439119676543,4.0,1.8,0.6,0.7,0.1,0.5,0.434,3.4,0.657,1.0,0.3
1642878,Tyrese Proctor,CLE,50,10.9,-7.817301683029486,-2.161979425802977,-1.826609375181535,-1.1891504275168818,-1.525100481121182,-1.269837443905171,-1.0201524388895507,-0.46968998088678265,0.17666442220550935,1.4685534680690855,5.4,1.3,1.5,0.5,0.0,0.9,0.413,4.5,0.889,0.9,0.8
1642278,Tyler Kolek,NYK,62,11.7,-7.840727765640912,-2.3449602495181754,-1.6982961970935408,-0.5949053499126654,-1.8075264961436228,-1.0514021037838688,-1.2416037642635487,-0.27119238635085297,-0.1725765978640089,1.3417353792893716,4.4,1.6,2.7,0.4,0.1,0.7,0.435,4.0,0.7,0.3,0.9
1629216,Gabe Vincent,ATL,53,16.6,-7.895543677397697,-2.3449602495181754,-1.9549225532695291,-1.2386708506505666,-1.525100481121182,-1.0514021037838688,-0.7987011135155527,-0.8391675838073533,0.008373523860304986,1.8490077344082267,4.4,1.0,1.4,0.5,0.1,1.1,0.352,4.1,0.87,0.4,0.5
1631110,Jeremy Sochan,NYK,44,10.6,-7.915313423458217,-2.4913449084903347,-1.356127722192223,-1.48627296631899,-1.8075264961436228,-0.8329667636625664,-1.6845064150115443,0.09808742224389565,-0.2036633082910592,1.8490077344082267,3.6,2.4,0.9,0.4,0.2,0.3,0.496,2.9,0.731,0.6,0.5
1642530,Yuki Kawamura,CHI,18,11.6,-7.918571014680184,-2.5279410732333742,-1.6127540783682115,-0.6444257730463502,-1.525100481121182,-1.269837443905171,-1.3523294269505477,-0.7097375701336983,0.2550013640092652,1.4685534680690855,3.4,1.8,2.6,0.5,0.0,0.6,0.327,2.9,0.895,1.1,0.8
1626145,Tyus Jones,DEN,67,14.6,-7.924618416361153,-2.6011334027194537,-1.9121514939068647,-0.7434666193137196,-1.2426744660987408,-1.269837443905171,-1.3523294269505477,-0.6895317808936261,-0.08931960576097082,1.9758258231879404,3.0,1.1,2.4,0.6,0.0,0.6,0.349,3.3,0.778,0.1,0.4
1630208,Nick Richards,CHI,48,14.6,-7.952224774457008,-2.0887870963168975,-0.2013091194002752,-1.7833955051210981,-2.372378526188505,0.259209936943945,-1.905957740385542,0.24773641144601113,-1.0686242483848765,0.9612811129502304,5.8,5.1,0.3,0.2,0.7,0.1,0.512,4.2,0.644,2.1,1.2
101108,Chris Paul,LAC,16,14.2,-7.966386860376546,-2.6194314850909737,-1.6127540783682115,-0.29778281111055743,-0.9602484510762999,-1.269837443905171,-1.3523294269505477,-0.8935412439757925,-0.17537921040865032,1.214917290509658,2.9,1.8,3.3,0.7,0.0,0.6,0.321,3.5,0.5,0.1,1.0
1630560,Cam Thomas,MIL,42,21.0,-8.001730817594138,-0.6798347537098676,-1.655525137730876,-0.6444257730463502,-2.372378526188505,-1.0514021037838688,-0.6879754508285539,-1.2189129099528115,0.10835125737474616,0.20037258027194768,13.5,1.7,2.6,0.2,0.1,1.2,0.41,11.0,0.811,4.0,1.8
1631103,Malaki Branham,WAS,28,9.8,-8.008422246894707,-2.308364084775136,-1.6982961970935408,-1.5357933894526747,-1.8075264961436228,-1.0514021037838688,-1.4630550896375465,-0.01505312984096038,0.022060509424415304,1.8490077344082267,4.6,1.6,0.8,0.4,0.1,0.5,0.473,3.3,0.824,1.2,0.5
1642853,Rasheer Fleming,PHX,55,12.2,-8.011160337204547,-2.3632583318896954,-1.3988987815548877,-1.7833955051210981,-1.8075264961436228,-0.3960960834199618,-1.1308781015765497,-0.4569783988806285,-0.5231363730263296,1.8490077344082267,4.3,2.3,0.3,0.4,0.4,0.8,0.405,3.9,0.559,0.6,0.5
1630811,Keaton Wallace,ATL,53,10.1,-8.044547794227583,-2.5096429908618543,-1.9121514939068647,-1.0405891581158278,-1.525100481121182,-1.0514021037838688,-1.2416037642635487,-0.40984181332253944,-0.2032237232601249,1.8490077344082267,3.5,1.1,1.8,0.5,0.1,0.7,0.398,3.2,0.667,0.3,0.5
1642863,Khaman Maluach,PHX,46,8.9,-8.127105220683232,-2.6011334027194537,-1.1422724253788994,-1.8824363513884674,-2.6548045412109462,0.259209936943945,-1.905957740385542,0.22041002647635036,-0.2691284574284463,1.8490077344082267,3.0,2.9,0.1,0.1,0.7,0.1,0.533,2.3,0.71,0.7,0.5
1642880,Kam Jones,IND,37,16.7,-8.153540662812446,-2.3449602495181754,-1.6982961970935408,-0.347303234244242,-1.525100481121182,-1.269837443905171,-1.3523294269505477,-0.5637829393949896,-0.26684798109425706,1.214917290509658,4.4,1.6,3.2,0.5,0.0,0.6,0.402,4.6,0.5,0.2,1.0
1642265,Rob Dillingham,CHI,65,14.9,-8.1977144174747,-1.9972966844592979,-1.527211959642882,-0.8425074655810889,-0.9602484510762999,-1.0514021037838688,-1.3523294269505477,-0.8386357368423651,-0.20890943574943813,0.5808268466110891,6.3,2.0,2.2,0.7,0.1,0.6,0.396,6.3,0.745,0.8,1.5
1642862,Liam McNeeley,CHA,31,11.9,-8.201654366342396,-2.3632583318896954,-1.356127722192223,-1.5357933894526747,-2.372378526188505,-1.0514021037838688,-1.1308781015765497,-0.38646032629565996,0.018818311848839624,1.9758258231879404,4.3,2.4,0.8,0.2,0.1,0.8,0.4,3.1,0.821,1.3,0.4
1628371,Jonathan Isaac,ORL,52,10.0,-8.212935745738765,-2.674325732205533,-1.313356662829558,-1.7338750819874134,-1.8075264961436228,0.04077459682264273,-1.905957740385542,-0.18198494769044665,-0.7393275932869453,2.1026439119676543,2.6,2.5,0.4,0.4,0.6,0.1,0.422,2.1,0.603,1.1,0.3
1630574,Ariel Hukporti,NYK,54,9.2,-8.29460467978595,-2.747518061691613,-1.1422724253788994,-1.6843546588537286,-2.372378526188505,-0.17766074329865952,-2.016683403072541,0.22186491362850666,-0.09779142055902175,1.7221896456285133,2.2,2.9,0.5,0.2,0.5,0.0,0.563,1.5,0.788,0.6,0.6
1642868,Carter Bryant,SAS,71,11.5,-8.30963780087684,-2.3815564142612153,-1.313356662829558,-1.5853138125863593,-2.372378526188505,-0.6145314235412641,-1.2416037642635487,-0.41466579715786256,-0.23523913445675457,1.8490077344082267,4.2,2.5,0.7,0.2,0.3,0.7,0.408,3.7,0.714,0.6,0.5
1627827,Dorian Finney-Smith,HOU,37,16.8,-8.330449857690578,-2.5462391556048942,-1.313356662829558,-1.4367525431853052,-1.8075264961436228,-0.8329667636625664,-1.2416037642635487,-0.848189202779563,-0.026004914850031778,1.7221896456285133,3.3,2.5,1.0,0.4,0.2,0.7,0.333,3.6,0.889,0.2,0.6
1641733,Nick Smith Jr.,LAL,30,12.5,-8.388185739661669,-2.015594766830818,-2.040464671994859,-1.4367525431853052,-2.089952511166064,-1.0514021037838688,-0.7987011135155527,-0.3700807584028756,-0.18060882763112568,1.5953715568487994,6.2,0.8,1.0,0.3,0.1,1.1,0.435,5.4,0.733,0.5,0.7
1630544,Tre Mann,CHA,53,12.6,-8.41290413674481,-2.143681343431457,-1.655525137730876,-1.139630004383197,-1.525100481121182,-1.0514021037838688,-1.0201524388895507,-1.0959134095831,0.0035834916687638454,1.214917290509658,5.5,1.7,1.6,0.5,0.1,0.9,0.36,5.7,0.852,0.5,1.0
1641871,Duop Reath,POR,32,8.1,-8.44134756008154,-2.6194314850909737,-1.8693804345441998,-1.7833955051210981,-2.372378526188505,-0.6145314235412641,-1.2416037642635487,-0.1094120118316615,-0.060676410247658075,2.2294620007473682,2.9,1.2,0.3,0.2,0.3,0.7,0.446,2.3,0.833,0.2,0.2
1630592,Jalen Wilson,BKN,54,15.9,-8.527901616939277,-1.9789986020877781,-1.484440900280217,-1.48627296631899,-1.8075264961436228,-1.269837443905171,-0.9094267762025517,-0.6767344880129491,-0.5100355008367984,1.5953715568487994,6.4,2.1,0.9,0.4,0.0,1.0,0.396,5.1,0.719,1.8,0.7
1631218,Trayce Jackson-Davis,TOR,53,9.4,-8.581286033709173,-2.5279410732333742,-1.2278145441042287,-1.5853138125863593,-2.089952511166064,-0.17766074329865952,-2.016683403072541,0.37205234293980377,-1.303798112375692,1.9758258231879404,3.4,2.7,0.7,0.3,0.5,0.0,0.573,2.3,0.514,1.4,0.4
203482,Kelly Olynyk,SAS,42,8.6,-8.59811563504477,-2.564537237976414,-1.6127540783682115,-1.3377116969179357,-1.8075264961436228,-1.0514021037838688,-1.6845064150115443,0.0573945362781375,-0.3192617887498236,1.7221896456285133,3.2,1.8,1.2,0.4,0.1,0.3,0.49,2.3,0.711,0.9,0.6
1642859,Jase Richardson,ORL,54,10.9,-8.61218234045489,-2.3449602495181754,-1.8693804345441998,-1.3872321200516204,-1.8075264961436228,-1.269837443905171,-1.4630550896375465,-0.01665306616538638,-0.30254517489739663,1.8490077344082267,4.4,1.2,1.1,0.4,0.0,0.5,0.473,3.5,0.717,0.9,0.5
1630545,Terrence Shannon Jr,MIN,43,12.5,-8.63679655779788,-2.1253832610599375,-1.9121514939068647,-1.48627296631899,-2.089952511166064,-1.269837443905171,-1.2416037642635487,-0.17229522343990486,-0.061489539365911824,1.7221896456285133,5.6,1.1,0.9,0.3,0.0,0.7,0.45,4.0,0.8,1.6,0.6
1641763,Julian Phillips,MIN,48,8.9,-8.654238970780675,-2.6194314850909737,-1.9549225532695291,-1.8329159282547827,-1.525100481121182,-1.0514021037838688,-1.5737807523245453,-0.22293057085031046,-0.1032170968328527,2.2294620007473682,2.9,1.0,0.2,0.5,0.1,0.4,0.421,2.5,0.783,0.5,0.2
203486,Mason Plumlee,SAS,20,8.6,-8.658735154480263,-2.857306555920732,-1.2278145441042287,-1.4367525431853052,-1.525100481121182,-1.269837443905171,-2.016683403072541,0.3668855156063897,-0.41431534440600615,1.7221896456285133,1.6,2.7,1.0,0.5,0.0,0.0,0.786,0.7,0.643,0.7,0.6
1642261,Dalton Knecht,LAL,54,10.2,-8.659586886422204,-2.3815564142612153,-1.7838383158188702,-1.7338750819874134,-2.372378526188505,-0.8329667636625664,-1.2416037642635487,-0.12049508722188162,-0.16869875620614344,1.9758258231879404,4.2,1.4,0.4,0.2,0.2,0.7,0.455,3.5,0.727,0.4,0.4
1641722,Jordan Hawkins,NOP,51,13.6,-8.66279448985624,-2.2168736729175365,-1.655525137730876,-1.5357933894526747,-2.089952511166064,-0.8329667636625664,-1.0201524388895507,-0.910485624554535,0.0035834916687638454,1.5953715568487994,5.1,1.7,0.8,0.3,0.2,0.9,0.366,5.0,0.852,0.5,0.7
1628396,Tony Bradley,ATL,41,11.0,-8.717565532526248,-2.4181525790042553,-1.185043484741564,-1.6843546588537286,-2.6548045412109462,-0.8329667636625664,-2.016683403072541,0.34186892881938286,-0.24325485398796767,1.9758258231879404,4.0,2.8,0.5,0.1,0.2,0.0,0.547,2.9,0.744,1.0,0.4
1642355,Bronny James,LAL,42,8.9,-8.78418340899145,-2.6194314850909737,-2.168777850082853,-1.3377116969179357,-1.525100481121182,-1.0514021037838688,-1.4630550896375465,-0.2950771500512129,-0.04581719793438966,1.7221896456285133,2.9,0.5,1.2,0.5,0.1,0.5,0.409,2.7,0.857,0.2,0.6
1631102,TyTy Washington Jr.,LAC,16,5.5,-8.797431464189104,-2.9122008030352915,-2.2115489094455176,-1.3872321200516204,-1.8075264961436228,-0.8329667636625664,-1.7952320776985433,0.0037241448237315842,-0.08391043972304353,2.2294620007473682,1.3,0.4,1.1,0.4,0.2,0.2,0.474,1.2,0.0,0.0,0.2
1629162,Jordan McLaughlin,SAS,44,6.4,-8.831748813639628,-2.7841142264346526,-2.083235731357523,-1.48627296631899,-1.525100481121182,-1.269837443905171,-1.5737807523245453,-0.1662339262108297,-0.04581719793438966,2.1026439119676543,2.0,0.7,0.9,0.5,0.0,0.4,0.418,1.8,0.857,0.2,0.3
1630587,Isaiah Livers,PHX,36,9.6,-8.845352714736872,-2.820710391177692,-1.655525137730876,-1.634834235720044,-1.8075264961436228,-0.8329667636625664,-1.6845064150115443,-0.38578562787313436,-0.12614155938504512,2.1026439119676543,1.8,1.7,0.6,0.4,0.2,0.3,0.344,1.8,0.75,0.3,0.3
1642354,KJ Simpson,DEN,20,12.9,-8.88429139185829,-2.308364084775136,-1.5699830190055466,-0.8425074655810889,-0.6778224360538585,-1.269837443905171,-1.3523294269505477,-1.1000385201338518,-0.5978720196236059,0.8344630241705165,4.6,1.9,2.2,0.8,0.0,0.6,0.343,5.0,0.611,0.9,1.3
1629599,Amir Coffey,PHX,46,10.7,-8.88932088627275,-2.564537237976414,-1.8693804345441998,-1.634834235720044,-2.372378526188505,-1.0514021037838688,-1.5737807523245453,0.04903662715479671,-0.10150622363733885,2.2294620007473682,3.2,1.2,0.6,0.2,0.1,0.4,0.487,2.5,0.786,0.6,0.2
1642885,Mohamed Diawara,NYK,69,9.2,-8.895614275231388,-2.4913449084903347,-1.7838383158188702,-1.5357933894526747,-2.372378526188505,-1.0514021037838688,-1.2416037642635487,-0.2689375310364835,-0.12614155938504512,1.9758258231879404,3.6,1.4,0.8,0.2,0.1,0.7,0.423,3.1,0.75,0.3,0.4
1641747,DaRon Holmes II,DEN,25,8.4,-8.91469067666506,-2.4730468261188148,-1.7838383158188702,-1.634834235720044,-2.9372305562333874,-0.8329667636625664,-1.1308781015765497,0.13060261169428403,-0.10150622363733885,1.8490077344082267,3.7,1.4,0.6,0.0,0.2,0.8,0.508,2.4,0.786,0.6,0.5
1628467,Maxi Kleber,LAL,43,10.7,-8.921589515206293,-2.7841142264346526,-1.527211959642882,-1.634834235720044,-1.8075264961436228,-0.6145314235412641,-1.905957740385542,-0.061097451177566375,-0.5621418053486591,1.9758258231879404,2.0,2.0,0.6,0.4,0.3,0.1,0.452,1.7,0.538,0.6,0.4
1642449,Tolu Smith,DET,15,9.2,-8.92946108406874,-2.4730468261188148,-0.9711881879282404,-1.48627296631899,-2.6548045412109462,-0.3960960834199618,-2.016683403072541,0.09895551956278062,-0.8793323299702526,1.8490077344082267,3.7,3.3,0.9,0.1,0.4,0.0,0.5,2.4,0.667,2.0,0.5
204060,Joe Ingles,MIN,27,5.7,-9.043340224087546,-2.875604638292252,-2.083235731357523,-1.2881912737842514,-2.089952511166064,-1.0514021037838688,-1.6845064150115443,0.20114046371183475,-0.020595748812104492,1.8490077344082267,1.5,0.7,1.3,0.3,0.1,0.3,0.593,1.0,1.0,0.1,0.5
1631166,Drew Timme,LAL,27,8.7,-9.15729007597792,-2.5279410732333742,-1.8693804345441998,-1.48627296631899,-2.372378526188505,-1.269837443905171,-1.5737807523245453,0.3996028948120626,-0.3063095086834244,1.8490077344082267,3.4,1.2,0.9,0.2,0.0,0.4,0.576,2.4,0.556,0.3,0.5
1630256,Jae'Sean Tate,HOU,46,8.8,-9.165057066305849,-2.637729567462493,-1.6982961970935408,-1.6843546588537286,-2.372378526188505,-1.0514021037838688,-1.7952320776985433,0.1543379307929116,-0.18264577798573614,2.1026439119676543,2.8,1.6,0.5,0.2,0.1,0.2,0.514,2.4,0.636,0.2,0.3
1642367,Jonathan Mogbo,TOR,40,6.2,-9.18596041003035,-2.875604638292252,-1.655525137730876,-1.634834235720044,-2.089952511166064,-0.8329667636625664,-2.016683403072541,0.2164936988250766,-0.27271324239902217,1.9758258231879404,1.5,1.7,0.6,0.3,0.2,0.0,0.591,1.1,0.643,0.4,0.4
1631104,Blake Wesley,POR,31,11.6,-9.23652720746814,-2.271767920032096,-1.826609375181535,-0.9415483118484583,-1.525100481121182,-0.8329667636625664,-1.6845064150115443,-0.15910893505177842,-1.2098362960686369,1.214917290509658,4.8,1.3,2.0,0.5,0.2,0.3,0.452,4.0,0.553,1.5,1.0
1626192,Pat Connaughton,CHA,42,7.1,-9.26891272240155,-2.674325732205533,-1.7410672564562055,-1.7338750819874134,-2.089952511166064,-1.269837443905171,-1.4630550896375465,-0.09036441825501293,-0.3090791007562586,2.1026439119676543,2.6,1.5,0.4,0.3,0.0,0.5,0.447,2.0,0.65,0.5,0.3
1642419,Jamison Battle,TOR,61,8.5,-9.271902615224437,-2.582835320347934,-1.7410672564562055,-1.7338750819874134,-2.6548045412109462,-1.269837443905171,-1.3523294269505477,0.13851438472715988,-0.17831184106103287,2.1026439119676543,3.1,1.5,0.4,0.1,0.0,0.6,0.51,2.4,0.643,0.2,0.3
1642964,Brooks Barnhizer,OKC,40,8.7,-9.286550739386279,-2.839008473549212,-1.527211959642882,-1.634834235720044,-2.089952511166064,-1.0514021037838688,-1.7952320776985433,-0.2789766919293104,-0.1725765978640089,2.1026439119676543,1.7,2.0,0.6,0.3,0.1,0.2,0.38,1.8,0.7,0.3,0.3
1631216,Caleb Houstan,ATL,18,4.2,-9.324357531738197,-2.7292199793200926,-2.1260067907201883,-1.8329159282547827,-2.6548045412109462,-1.0514021037838688,-1.3523294269505477,0.15014029565602463,0.042718942098834554,2.2294620007473682,2.3,0.6,0.2,0.1,0.1,0.6,0.538,1.4,1.0,0.2,0.2
1631120,JD Davison,HOU,28,7.8,-9.341450076804348,-2.692623814577053,-1.8693804345441998,-1.2881912737842514,-2.372378526188505,-0.8329667636625664,-1.6845064150115443,-0.37857712355429185,-0.3254696374495888,2.1026439119676543,2.5,1.2,1.3,0.2,0.2,0.3,0.375,2.3,0.684,0.7,0.3
1642873,Amari Williams,BOS,22,6.6,-9.3821920884853,-2.8939027206637715,-1.6127540783682115,-1.6843546588537286,-2.6548045412109462,-0.17766074329865952,-2.016683403072541,0.044199457031085625,-0.23523913445675457,1.8490077344082267,1.4,1.8,0.5,0.1,0.5,0.0,0.5,0.9,0.714,0.6,0.5
1641755,Kevin McCullar Jr.,NYK,21,7.4,-9.408686485266266,-2.710921896948573,-1.826609375181535,-1.4367525431853052,-1.8075264961436228,-1.269837443905171,-1.5737807523245453,-0.17668625747315117,-0.3287613657328754,1.7221896456285133,2.4,1.3,1.0,0.4,0.0,0.4,0.426,2.2,0.4,0.2,0.6
1642484,RayJ Dennis,ATL,17,12.1,-9.457657851887756,-2.3449602495181754,-1.7410672564562055,-0.9910687349821431,-2.372378526188505,-0.8329667636625664,-1.1308781015765497,-1.3201088824727565,0.06085337245948585,1.214917290509658,4.4,1.5,1.9,0.2,0.2,0.8,0.313,4.9,0.889,0.5,1.0
1630214,Xavier Tillman,CHA,30,6.1,-9.466928088238506,-2.875604638292252,-1.7838383158188702,-1.7338750819874134,-2.089952511166064,-0.8329667636625664,-1.905957740385542,-0.094606007686527,-0.2527709412069232,2.1026439119676543,1.5,1.4,0.4,0.3,0.2,0.1,0.435,1.5,0.25,0.1,0.3
1642353,Cam Christie,LAC,55,8.7,-9.587664939785501,-2.637729567462493,-1.7838383158188702,-1.634834235720044,-2.089952511166064,-1.0514021037838688,-1.7952320776985433,-0.38775917570189056,-0.18274277562167004,1.9758258231879404,2.8,1.4,0.6,0.3,0.1,0.2,0.381,2.5,0.76,0.9,0.4
1642950,Lachlan Olbrich,CHI,37,9.3,-9.589188527101701,-2.710921896948573,-1.0995013660162345,-1.3872321200516204,-2.089952511166064,-0.8329667636625664,-1.905957740385542,-0.022760515403820115,-1.515721436655219,1.9758258231879404,2.4,3.0,1.1,0.3,0.2,0.1,0.468,2.1,0.375,1.1,0.4
1630322,Lindy Waters III,SAS,40,7.1,-9.618175507121709,-2.710921896948573,-2.083235731357523,-1.6843546588537286,-2.372378526188505,-1.269837443905171,-1.2416037642635487,-0.361623952116624,-0.12368153423540398,2.2294620007473682,2.4,0.7,0.5,0.2,0.0,0.7,0.375,2.2,0.667,0.1,0.2
1642918,Alijah Martin,TOR,23,6.3,-9.70608221650956,-2.747518061691613,-1.9976936126321938,-1.6843546588537286,-2.089952511166064,-0.8329667636625664,-1.7952320776985433,-0.5610665639870359,-0.09994187878546977,2.1026439119676543,2.2,0.9,0.5,0.3,0.2,0.2,0.32,2.2,0.789,0.8,0.3
1642959,Chris Youngblood,POR,34,5.4,-9.73216375569914,-2.7658161440631326,-2.040464671994859,-1.7338750819874134,-2.6548045412109462,-1.0514021037838688,-1.4630550896375465,-0.39218976860030114,0.013163556051846126,2.3562800895270817,2.1,0.8,0.4,0.1,0.1,0.5,0.349,1.9,0.9,0.3,0.1
1641748,Andre Jackson Jr.,MIL,48,8.5,-9.818985342892862,-2.710921896948573,-1.7410672564562055,-1.48627296631899,-1.8075264961436228,-1.0514021037838688,-1.6845064150115443,-0.6061570771302341,-0.4533207767283357,1.7221896456285133,2.4,1.5,0.9,0.4,0.1,0.3,0.328,2.5,0.625,0.7,0.6
201145,Jeff Green,HOU,30,5.8,-9.857481133436409,-2.747518061691613,-2.040464671994859,-1.7833955051210981,-2.6548045412109462,-1.0514021037838688,-1.5737807523245453,-0.40511452893539623,0.042718942098834554,2.3562800895270817,2.2,0.8,0.3,0.1,0.1,0.4,0.368,2.3,1.0,0.2,0.1
1642404,Chaz Lanier,DET,34,7.7,-9.864023266360388,-2.710921896948573,-2.083235731357523,-1.6843546588537286,-2.372378526188505,-1.269837443905171,-1.3523294269505477,-0.6865692614357604,-0.060676410247658075,2.3562800895270817,2.4,0.7,0.5,0.2,0.0,0.6,0.315,2.6,0.833,0.2,0.1
203648,Thanasis Antetokounmpo,MIL,34,4.4,-9.902252411125032,-2.8939027206637715,-1.9976936126321938,-1.7338750819874134,-1.8075264961436228,-0.8329667636625664,-2.016683403072541,-0.00178772372250527,-0.7204605212080704,2.1026439119676543,1.4,0.9,0.4,0.4,0.2,0.0,0.469,0.9,0.567,0.9,0.3
1641723,Kobe Bufkin,LAL,16,7.5,-10.044738551494582,-2.6194314850909737,-2.040464671994859,-1.634834235720044,-2.6548045412109462,-0.8329667636625664,-1.6845064150115443,-0.8974290013355585,0.21705465056425605,2.1026439119676543,2.9,0.8,0.6,0.1,0.2,0.3,0.3,3.1,0.917,0.8,0.3
1642876,Adou Thiero,LAL,25,6.0,-10.072072779771215,-2.802412308806172,-1.9121514939068647,-1.7338750819874134,-2.089952511166064,-1.0514021037838688,-2.016683403072541,0.08679776166892803,-0.5282194619051602,1.9758258231879404,1.9,1.1,0.4,0.3,0.1,0.0,0.516,1.2,0.636,0.9,0.4
1628502,Nigel Hayes-Davis,PHX,27,7.2,-10.099184719246711,-2.9122008030352915,-1.8693804345441998,-1.7833955051210981,-2.089952511166064,-1.0514021037838688,-1.905957740385542,-0.414160322769651,-0.17537921040865032,2.1026439119676543,1.3,1.2,0.3,0.3,0.1,0.1,0.326,1.7,0.5,0.1,0.3
202687,Bismack Biyombo,SAS,25,5.7,-10.138481114777147,-2.9853931325213714,-1.9549225532695291,-1.8329159282547827,-2.372378526188505,-1.0514021037838688,-2.016683403072541,0.13214540743569467,-0.15957478708989906,2.1026439119676543,0.9,1.0,0.2,0.2,0.1,0.0,0.6,0.6,0.714,0.3,0.3
1642358,AJ Johnson,DAL,48,9.4,-10.157066913356283,-2.5462391556048942,-1.9121514939068647,-1.4367525431853052,-2.372378526188505,-1.0514021037838688,-1.6845064150115443,-0.9269531010365734,0.0511267797327588,1.7221896456285133,3.3,1.1,1.0,0.2,0.1,0.3,0.324,3.7,0.85,0.8,0.6
1641816,Hunter Tyson,DEN,21,7.7,-10.1578643888296,-2.747518061691613,-1.655525137730876,-1.5357933894526747,-2.6548045412109462,-1.269837443905171,-1.6845064150115443,-0.8492792692863149,0.009937868712174011,2.2294620007473682,2.2,1.7,0.8,0.1,0.0,0.3,0.269,2.5,0.846,0.6,0.2
1642359,Pacôme Dadiet,NYK,29,4.7,-10.38473325641257,-2.839008473549212,-1.9976936126321938,-1.7338750819874134,-2.6548045412109462,-1.269837443905171,-1.7952320776985433,-0.39454571879231287,-0.05601639616385812,2.3562800895270817,1.7,0.9,0.4,0.1,0.0,0.2,0.333,1.7,0.818,0.4,0.1
1630548,Johnny Juzang,MIN,21,4.2,-10.439996045348671,-2.7841142264346526,-2.040464671994859,-1.7833955051210981,-2.6548045412109462,-1.269837443905171,-1.6845064150115443,-0.15733318154884435,-0.29500206086892483,2.2294620007473682,2.0,0.8,0.3,0.1,0.0,0.3,0.421,1.8,0.625,0.4,0.2
1642905,Yang Hansen,POR,43,7.0,-10.609556493510611,-2.747518061691613,-1.7410672564562055,-1.6843546588537286,-2.6548045412109462,-0.8329667636625664,-1.905957740385542,-0.624995887807404,-0.013263140291404305,1.5953715568487994,2.2,1.5,0.5,0.1,0.2,0.1,0.31,2.3,0.824,0.8,0.7
202066,Garrett Temple,TOR,22,3.3,-10.65114128830797,-3.003691214892891,-2.2115489094455176,-1.7338750819874134,-2.372378526188505,-1.0514021037838688,-1.905957740385542,-0.23193680581940085,-0.24299481777248536,2.1026439119676543,0.8,0.4,0.4,0.2,0.1,0.1,0.267,0.7,0.667,0.4,0.3
1631451,Javonte Cooke,POR,19,4.9,-10.869596062497923,-2.9304988854068115,-1.9549225532695291,-1.7338750819874134,-2.089952511166064,-1.269837443905171,-1.7952320776985433,-0.9236894946605122,-0.020595748812104492,1.8490077344082267,1.2,1.0,0.4,0.3,0.0,0.2,0.22,2.2,1.0,0.1,0.5
