PLAYER_ID,PLAYER_NAME,TEAM_ABBREVIATION,GP,MIN,Z_TOTAL,Z_PTS,Z_REB,Z_AST,Z_STL,Z_BLK,Z_FG3M,Z_FG_PCT,Z_FT_PCT,Z_TOV,PTS,REB,AST,STL,BLK,FG3M,FG_PCT,FGA,FT_PCT,FTA,TOV
203999,Nikola Jokić,DEN,70,36.7,11.442613524540919,2.184185708305999,2.7305283877790054,3.0179514172388098,2.045225362402866,-0.05127967548672083,0.08277193196818393,2.9300000804291257,0.00870249083469196,-1.5054721789310428,29.6,12.7,10.2,1.8,0.6,2.0,0.576,19.5,0.8,6.4,3.3
1628983,Shai Gilgeous-Alexander,OKC,76,34.2,9.916990998340301,2.7403385690892046,-0.28194681318073433,1.1594463309962413,1.7683446725468819,0.7179154568140899,0.18980460261669752,1.4637010261687913,2.595744423457989,-0.4363572701688609,32.7,5.0,6.4,1.7,1.0,2.1,0.519,21.8,0.898,8.8,2.4
1641705,Victor Wembanyama,SAS,46,33.2,9.735595802352554,1.2333437205153575,2.0654364602943875,-0.1610704408076894,0.10706053341098024,6.102281382919764,1.2601313091018325,0.09063549882292171,0.42445897160802404,-1.386681633513023,24.3,11.0,3.7,1.1,3.8,3.1,0.476,18.6,0.836,4.1,3.2
203076,Anthony Davis,DAL,51,33.4,5.8541588988346716,1.3051053799712546,2.3001747876419,-0.258886497978351,0.38394122326696356,3.0255008537165224,-1.3086527864624915,1.1240510985047283,-0.5182989804930341,-0.19877617933282077,24.7,11.6,3.5,1.2,2.2,0.7,0.516,17.8,0.775,7.2,2.2
1630169,Tyrese Haliburton,IND,73,33.6,5.062455917580354,0.2107400732688189,-0.8687926315495148,2.528871131385502,0.9377026029789307,0.1410191075884818,1.1530986384533188,0.01630470944514696,0.4295451928343692,0.5139670931753006,18.6,3.5,9.2,1.4,0.7,3.0,0.473,13.8,0.851,3.0,1.6
1629029,Luka Dončić,LAL,50,35.4,5.055898620825579,1.9330199002103574,0.9699909326726638,1.7952507026055413,2.045225362402866,-0.4358772416371261,1.6882619916958863,-0.6791513566789239,-0.3989778552605809,-1.8618438151851038,28.2,8.2,7.7,1.8,0.4,3.5,0.45,20.5,0.782,7.9,3.6
1626157,Karl-Anthony Towns,NYK,72,35.0,4.635555198095654,1.2512841353793316,2.7696514423369245,-0.45451861231967405,-0.16982015644500367,0.1410191075884818,0.08277193196818393,1.3148852462297036,0.493011009780628,-0.7927289064229218,24.4,12.8,3.1,1.0,0.7,2.0,0.526,16.9,0.829,5.7,2.7
203081,Damian Lillard,MIL,58,36.1,4.5244701454420255,1.3409862096992033,-0.39931597685449033,1.5018025310935563,0.38394122326696356,-0.8204748077875315,1.5812293210473727,-0.6102961640448846,2.458117260862778,-0.9115194518409416,24.9,4.7,7.1,1.2,0.2,3.4,0.448,17.1,0.921,6.8,2.8
1630178,Tyrese Maxey,PHI,52,37.7,4.3128013585148794,1.5921520177948447,-0.9470387406653522,1.0127222452402487,2.045225362402866,-0.4358772416371261,1.2601313091018325,-1.093734331173448,1.3155780076198749,-0.4363572701688609,26.3,3.3,6.1,1.8,0.4,3.1,0.437,21.0,0.879,5.6,2.4
201939,Stephen Curry,GSW,70,32.2,4.0519785319315424,1.2692245502433062,-0.5166851405282463,0.9638142166549182,0.10706053341098024,-0.4358772416371261,2.6515560275325085,-0.6443106175682748,1.6875062010824389,-1.030309997258962,24.5,4.4,6.0,1.1,0.4,4.4,0.448,18.0,0.933,4.3,2.9
1628369,Jayson Tatum,BOS,72,36.4,3.9791243576537645,1.6818540921147167,1.1656062054622573,0.9638142166549182,0.10706053341098024,-0.24357845856192345,1.6882619916958863,-0.6131125177366683,0.25952829187255866,-1.030309997258962,26.8,8.7,6.0,1.1,0.5,3.5,0.452,20.3,0.814,6.1,2.9
202681,Kyrie Irving,DAL,50,36.1,3.9678285778101787,1.3051053799712546,-0.3601929222965718,0.27910181646028726,0.6608219131229475,-0.24357845856192345,1.0460659678048052,0.009033978168527352,1.4702470824736729,-0.19877617933282077,24.7,4.8,4.6,1.3,0.5,2.9,0.473,18.9,0.916,4.3,2.2
201142,Kevin Durant,PHX,62,36.5,3.781768205403484,1.645973262386768,0.10928373239845268,0.08346970211896444,-0.7235815361569709,1.1025130229644953,0.724967955859265,1.4320257755051065,0.6750073784224062,-1.2678910880950027,26.6,6.0,4.2,0.8,1.2,2.6,0.527,18.1,0.839,5.8,3.1
1630700,Dyson Daniels,ATL,76,33.8,3.5481956787682205,-0.5965785956100278,0.07016067784053412,0.18128575928962606,5.36779364067467,0.1410191075884818,-0.8805221038684374,0.3707724980102994,-1.1445402166601453,0.03880491150321989,14.1,5.9,4.4,3.0,0.7,1.1,0.493,12.1,0.593,1.8,2.0
1630162,Anthony Edwards,MIN,79,36.3,3.2597293424995373,1.8253774110265117,-0.00808543127530335,0.23019378787495665,0.38394122326696356,-0.05127967548672083,2.3304580155869674,-0.7646922811542634,0.7004979261734482,-1.386681633513023,27.6,5.7,4.5,1.2,0.6,4.1,0.447,20.4,0.837,6.3,3.2
201935,James Harden,LAC,79,35.3,3.2276928251212986,0.9642374975557421,0.03103762328261521,2.2843309884588483,1.2145832928349147,0.1410191075884818,1.1530986384533188,-1.4904270589213011,1.6231903689799245,-2.693377633111245,22.8,5.8,8.7,1.5,0.7,3.0,0.41,16.4,0.874,7.3,4.3
1627750,Jamal Murray,DEN,67,36.1,2.9465677124386502,0.7130716894601006,-0.71230041331784,0.9638142166549182,0.9377026029789307,-0.24357845856192345,0.4038699439137242,0.03646433210048577,0.9275094331250547,-0.07998563391480044,21.4,3.9,6.0,1.4,0.5,2.3,0.474,16.7,0.886,3.7,2.1
2544,LeBron James,LAL,70,34.9,2.8963633668202724,1.2512841353793316,0.8134987144409892,2.0397908455321945,-0.16982015644500367,-0.05127967548672083,0.18980460261669752,1.063397663161121,-0.25967840177521195,-1.980634360603124,24.4,7.8,8.2,1.0,0.6,2.1,0.513,18.1,0.782,4.7,3.7
1630552,Jalen Johnson,ATL,36,35.7,2.8447019151275668,0.2645613178607415,1.6742059147152006,0.47473393080161047,1.4914639826908986,0.7179154568140899,-0.7734894332199241,0.6075440511480539,-0.5819233084241429,-1.030309997258962,18.9,10.0,5.0,1.6,1.0,1.2,0.5,15.1,0.746,3.5,2.9
202695,Kawhi Leonard,LAC,37,31.9,2.640838774146322,0.7310121043240752,0.07016067784053412,-0.45451861231967405,1.4914639826908986,-0.24357845856192345,0.18980460261669752,0.6230136302588111,0.07588539037566275,0.15759545692124022,21.5,5.9,3.1,1.6,0.5,2.1,0.498,16.8,0.81,3.3,1.9
202696,Nikola Vučević,CHI,73,31.2,2.6351160393684765,0.19279965840484428,1.7133289692731193,-0.258886497978351,-0.7235815361569709,0.1410191075884818,-0.13129340932884304,1.193191417855498,-0.005428763464603033,0.5139670931753006,18.5,10.1,3.5,0.8,0.7,1.8,0.53,14.2,0.805,2.0,1.6
1631114,Jalen Williams,OKC,69,32.4,2.5399432054558875,0.7489525191880498,-0.16457764950697829,0.523641959386941,1.4914639826908986,0.1410191075884818,-0.13129340932884304,0.2823192077855012,-0.15280633301534305,-0.19877617933282077,21.6,5.3,5.1,1.6,0.7,1.8,0.484,16.9,0.789,4.3,2.2
1627734,Domantas Sabonis,SAC,70,34.7,2.524601062859418,0.30044214758869076,3.2000050424740296,0.9638142166549182,-1.0004622260129548,-0.4358772416371261,-1.0945874451654645,2.1963312153506296,-0.5747546491343434,-1.030309997258962,19.1,13.9,6.0,0.7,0.4,0.9,0.59,12.8,0.754,4.1,2.9
1630596,Evan Mobley,CLE,71,30.5,2.4889874261255227,0.19279965840484428,1.4003445328097701,-0.4056105837343432,-0.4467008463009873,1.871708155265306,-0.7734894332199241,1.5818540462342168,-0.97072301483658,0.03880491150321989,18.5,9.3,3.2,0.9,1.6,1.2,0.557,12.8,0.725,4.3,2.0
1630530,Trey Murphy III,NOP,53,35.0,2.4106269782022345,0.677190859732152,-0.24282375862281574,-0.258886497978351,0.10706053341098024,0.1410191075884818,1.1530986384533188,-0.4232559473261963,1.0996285860234247,0.15759545692124022,21.2,5.1,3.5,1.1,0.7,3.0,0.454,15.8,0.887,4.3,1.9
204001,Kristaps Porziņģis,BOS,42,28.8,2.351317940236034,0.37220380704458794,0.4222681688618022,-0.9435988981729817,-1.0004622260129548,1.6794093721901033,0.6179352852107514,0.2157450288853037,0.1174786728000605,0.8703387294293614,19.5,6.8,2.1,0.7,1.5,2.5,0.483,13.7,0.809,4.7,1.3
1630595,Cade Cunningham,DET,70,35.0,2.333399943029895,1.5562711880668962,0.14840678695637124,2.4799631028001716,-0.16982015644500367,0.33331789066368467,0.18980460261669752,-0.11470810743606681,0.722332814336409,-2.812168178529266,26.1,6.1,9.1,1.0,0.8,2.1,0.469,20.8,0.846,5.3,4.4
1629639,Tyler Herro,MIA,77,35.4,2.155088227247516,1.1615820610594596,-0.20370070406489685,0.7192740737282644,-0.4467008463009873,-0.8204748077875315,1.4741966503988593,-0.01558002207164708,0.9604301832908972,-0.6739383610049016,23.9,5.2,5.5,0.9,0.2,3.3,0.472,17.9,0.878,4.2,2.6
1630217,Desmond Bane,ORL,69,32.0,2.1465749486561534,0.3183825624526647,0.14840678695637124,0.6214580165576027,0.38394122326696356,-0.4358772416371261,0.5109026145622378,0.2517088181251142,0.7840094385411858,-0.4363572701688609,19.2,6.1,5.3,1.2,0.4,2.4,0.484,14.8,0.894,2.9,2.4
1628404,Josh Hart,NYK,77,37.6,2.1219543263288805,-0.6862806699298996,1.5177136964835256,0.9149061880695876,1.2145832928349147,-0.4358772416371261,-0.8805221038684374,0.7781807532858793,-0.2207639549947635,-0.07998563391480044,13.6,9.6,5.9,1.5,0.4,1.1,0.525,10.0,0.776,2.7,2.1
1630532,Franz Wagner,ORL,60,33.7,2.0245186167645985,1.2154033056513829,-0.00808543127530335,0.32800984504561825,0.6608219131229475,-0.4358772416371261,-0.2383260799773566,-0.27389609906028617,1.0940351296455626,-0.3175667247508406,24.2,5.7,4.7,1.3,0.4,1.7,0.463,19.4,0.871,5.2,2.3
1626164,Devin Booker,PHX,75,37.3,2.0235423383092486,1.4665691137470243,-0.6340543042020027,1.5018025310935563,-0.4467008463009873,-0.8204748077875315,0.5109026145622378,-0.3208983654763642,1.7967063999322779,-1.030309997258962,25.6,4.1,7.1,0.9,0.2,2.4,0.461,18.9,0.894,6.4,2.9
1628378,Donovan Mitchell,CLE,71,31.4,1.9533471015378532,1.1795224759234344,-0.4775620859703278,0.47473393080161047,0.6608219131229475,-0.8204748077875315,1.4741966503988593,-0.8022766375493667,0.3443712965130275,-0.07998563391480044,24.0,4.5,5.0,1.3,0.2,3.3,0.443,18.6,0.823,5.1,2.1
1628991,Jaren Jackson Jr.,MEM,74,29.8,1.947278281036636,0.8565950083718956,-0.047208485833222257,-0.9925069267583125,0.38394122326696356,1.6794093721901033,0.08277193196818393,0.37046118618693014,-0.3061993944411055,-0.07998563391480044,22.2,5.6,2.0,1.2,1.5,2.0,0.488,16.4,0.781,5.4,2.1
1628401,Derrick White,BOS,76,33.9,1.9214178184562083,-0.18394905373861759,-0.4775620859703278,0.37691787363094886,-0.4467008463009873,0.9102142398892927,1.6882619916958863,-0.5502013443095645,0.2092604958022967,0.3951765477572806,16.4,4.5,4.8,0.9,1.1,3.5,0.442,12.6,0.839,2.1,1.7
1628384,OG Anunoby,NYK,74,36.6,1.8886041493082315,0.10309758408497248,-0.3601929222965718,-0.8946908695876509,1.2145832928349147,0.5256166737388873,0.4038699439137242,0.07682430979926883,0.06794795280934525,0.7515481840113413,18.0,4.8,2.2,1.5,0.9,2.3,0.476,13.9,0.81,3.1,1.4
1628368,De'Aaron Fox,SAS,62,36.1,1.8237810405816162,1.0898204016035624,-0.3601929222965718,1.1105383024109103,1.2145832928349147,-0.4358772416371261,-0.024260738680329668,-0.2643123500306012,0.4050017482177994,-0.9115194518409416,23.5,4.8,6.3,1.5,0.4,1.9,0.463,18.8,0.827,5.1,2.8
202710,Jimmy Butler III,GSW,55,31.7,1.736431997704629,0.013395509765100658,-0.1254545949490594,0.6703660451429337,0.9377026029789307,-0.6281760247123288,-1.4156854571110051,0.5119916875679347,0.901953499592761,0.8703387294293614,17.5,5.4,5.4,1.4,0.3,0.6,0.504,10.9,0.842,7.1,1.3
1627826,Ivica Zubac,LAC,80,32.8,1.7102176372984783,-0.11218739428271976,2.6914053332210868,-0.650150726660997,-1.0004622260129548,0.9102142398892927,-2.0578814810020862,2.6798537567116947,-1.2645409577401385,0.5139670931753006,16.8,12.6,2.7,0.7,1.1,0.0,0.628,11.8,0.661,3.0,1.6
1630559,Austin Reaves,LAL,73,34.9,1.646943023069104,0.49778671109240835,-0.4775620859703278,0.8659981594842565,0.10706053341098024,-0.6281760247123288,0.8320006265077786,-0.2528083598474271,1.1390007332726246,-0.4363572701688609,20.2,4.5,5.8,1.1,0.3,2.7,0.46,14.2,0.877,5.0,2.4
203507,Giannis Antetokounmpo,MIL,67,34.2,1.4591668741690322,2.3277090272177934,2.4175439513156562,1.208354359581572,-0.4467008463009873,1.1025130229644953,-1.843816139705059,3.6761359657238364,-5.714681378533274,-1.2678910880950027,30.4,11.9,6.5,0.9,1.2,0.2,0.601,19.7,0.617,10.6,3.1
1629027,Trae Young,ATL,76,36.0,1.3796272058379841,1.2154033056513829,-1.0252848497811895,3.7026638174334408,0.38394122326696356,-0.8204748077875315,1.0460659678048052,-1.6223214410593434,1.6681738050927821,-3.168539814783326,24.2,3.1,11.6,1.2,0.2,2.9,0.411,18.1,0.875,7.4,4.7
1628389,Bam Adebayo,MIA,78,34.3,1.3205338378884854,0.1210379989489471,1.5177136964835256,0.13237773070429504,0.6608219131229475,0.1410191075884818,-0.9875547745169511,0.2652232426068649,-0.4501194431348248,-0.07998563391480044,18.1,9.6,4.3,1.3,0.7,1.0,0.485,14.3,0.765,4.2,2.1
1627751,Jakob Poeltl,TOR,57,29.6,1.317974359099825,-0.5248169361541303,1.5177136964835256,-0.6012426980756664,0.38394122326696356,1.1025130229644953,-2.0578814810020862,2.306523962997955,-0.9663718883024719,0.15759545692124022,14.5,9.6,2.8,1.2,1.2,0.0,0.627,10.2,0.674,2.5,1.9
1628381,John Collins,UTA,40,30.5,1.3142398929726329,0.2825017327247161,0.9699909326726638,-0.9925069267583125,-0.16982015644500367,0.7179154568140899,-0.4523914212743836,1.0618032811124671,0.5706853551312975,-0.6739383610049016,19.0,8.2,2.0,1.0,1.0,1.5,0.527,13.3,0.848,4.1,2.6
1629636,Darius Garland,CLE,75,30.7,1.2849969445915874,0.5695483705483062,-1.103530958897027,1.3061704167522337,0.38394122326696356,-1.0127735908627342,0.9390332971562917,-0.009243226265133764,0.7669992284795689,-0.5551478155868812,20.6,2.9,6.7,1.2,0.1,2.8,0.472,15.7,0.878,3.4,2.5
1628973,Jalen Brunson,NYK,65,35.4,1.2812975978945622,1.5383307732029217,-1.103530958897027,1.599618588264218,-0.4467008463009873,-1.0127735908627342,0.4038699439137242,0.41329129227860956,0.44434021188271844,-0.5551478155868812,26.0,2.9,7.3,0.9,0.1,2.3,0.488,18.5,0.821,6.9,2.5
1626167,Myles Turner,IND,72,30.2,1.2140856575764374,-0.3274723726504123,0.3048990051880462,-1.2370470696849662,-0.7235815361569709,2.6409032875661165,0.2968372732652111,0.1513762178553251,-0.2870056955631927,0.3951765477572806,15.6,6.5,1.5,0.8,2.0,2.2,0.481,11.3,0.773,3.3,1.7
1631109,Mark Williams,CHA,44,26.6,1.1723528397563876,-0.38129361724233524,1.7524520238310377,-0.7479667838316587,-1.0004622260129548,1.1025130229644953,-2.0578814810020862,1.9652447398097193,0.02578006806486952,0.5139670931753006,15.3,10.2,2.5,0.7,1.2,0.0,0.604,10.2,0.804,3.7,1.6
203954,Joel Embiid,PHI,19,30.2,1.1046691331584297,1.1436416461954857,0.9699909326726638,0.23019378787495665,-1.0004622260129548,0.5256166737388873,-0.7734894332199241,-0.6879931943538516,2.20264312519421,-1.5054721789310428,23.8,8.2,4.5,0.7,0.9,1.2,0.444,16.6,0.882,8.9,3.3
1629661,Cameron Johnson,BKN,57,31.6,0.9518267804595216,0.2466209029967675,-0.5558081950861653,-0.30779452656368184,-0.4467008463009873,-0.4358772416371261,0.9390332971562917,0.05541653039416202,1.0617603117429804,0.3951765477572806,18.8,4.3,3.4,0.9,0.4,2.8,0.475,13.1,0.893,3.9,1.7
1631096,Chet Holmgren,OKC,32,27.4,0.9040332127416557,-0.43511486183425846,0.8917448235568266,-0.9925069267583125,-1.0004622260129548,3.0255008537165224,-0.5594240919228971,0.28533922341780715,-0.5874295837603377,0.27638600233926025,15.0,8.0,2.0,0.7,2.2,1.4,0.49,10.7,0.754,4.2,1.8
1631117,Walker Kessler,UTA,58,30.0,0.898492699395307,-1.1347910415292586,2.5349131149894117,-1.1392310125143048,-1.2773429158689384,3.410098419866927,-1.9508488103535724,2.0157819956219933,-2.192844689410272,0.632757638593321,11.1,12.2,1.7,0.6,2.4,0.1,0.663,7.2,0.52,2.6,1.5
1641708,Amen Thompson,HOU,69,32.3,0.8982449808030157,-0.5965785956100278,0.9699909326726638,-0.1121624122223588,0.9377026029789307,1.294811806039698,-1.629750798408032,1.255770913265181,-1.2603443794162592,0.03880491150321989,14.1,8.2,3.8,1.4,1.3,0.4,0.557,10.1,0.684,3.6,2.0
1630163,LaMelo Ball,CHA,47,32.0,0.8672194937102837,1.3948074542911266,-0.32106986773865287,1.648526616849549,0.10706053341098024,-0.6281760247123288,2.0093600036414268,-2.10141578994221,0.6199703830954966,-1.8618438151851038,25.2,4.9,7.4,1.1,0.3,3.8,0.405,21.3,0.843,4.9,3.6
1631128,Christian Braun,DEN,79,33.9,0.7720226141333785,-0.36335320237836094,-0.20370070406489685,-0.6990587552463279,0.10706053341098024,-0.24357845856192345,-0.8805221038684374,1.6399733451464764,0.18849159401244617,1.2267103656834222,15.4,5.2,2.6,1.1,0.5,1.1,0.58,10.4,0.827,2.7,1.0
203897,Zach LaVine,SAC,74,35.2,0.6913237491307281,1.053939571875614,-0.5558081950861653,0.08346970211896444,-0.7235815361569709,-0.8204748077875315,1.367163979750346,0.9245700466764676,0.2735644395809453,-0.9115194518409416,23.3,4.3,4.2,0.8,0.2,3.2,0.511,16.5,0.825,3.9,2.8
1630567,Scottie Barnes,TOR,65,32.8,0.6912926604159991,0.33632297731663935,0.7743756598830707,0.8659981594842565,0.9377026029789307,0.7179154568140899,-0.7734894332199241,-0.63155556117904,-0.624457749821082,-0.9115194518409416,19.3,7.7,5.8,1.4,1.0,1.2,0.446,16.4,0.755,4.6,2.8
1627749,Dejounte Murray,NOP,31,32.6,0.6884531365062492,0.013395509765100658,0.3048990051880462,1.648526616849549,2.598986742114833,-0.4358772416371261,-0.2383260799773566,-1.837103323533357,0.25821463208562273,-1.624262724349063,17.5,6.5,7.4,2.0,0.4,1.7,0.393,15.9,0.823,4.0,3.4
1628386,Jarrett Allen,CLE,82,28.0,0.6402329597520491,-0.7042210847938739,1.5568367510414443,-1.0414149553436434,-0.4467008463009873,0.5256166737388873,-2.0578814810020862,2.6686814445459413,-0.8498128169810146,0.9891292748473817,13.5,9.7,1.9,0.9,0.9,0.0,0.706,7.8,0.718,3.4,1.2
1627783,Pascal Siakam,IND,78,32.7,0.6175211837653428,0.49778671109240835,0.4613912234197211,-0.30779452656368184,-0.4467008463009873,-0.24357845856192345,-0.34535875062586996,1.0314547425184646,-0.7812270952241298,0.7515481840113413,20.2,6.9,3.4,0.9,0.5,1.6,0.519,15.2,0.734,3.9,1.4
1631106,Tari Eason,HOU,57,24.9,0.5472239030607284,-0.9733273077534893,0.2657759506301276,-1.2370470696849662,1.7683446725468819,0.5256166737388873,-0.8805221038684374,0.22159594549085876,-0.25113267830453595,1.1079198202654017,12.0,6.4,1.5,1.7,0.9,1.1,0.487,9.8,0.76,1.8,1.1
1629673,Jordan Poole,WAS,68,29.4,0.5424154188311876,0.5516079556843315,-1.0644079043391084,0.23019378787495665,0.6608219131229475,-0.4358772416371261,1.6882619916958863,-0.9105986048001867,0.971514063906469,-1.1491005426769823,20.5,3.0,4.5,1.3,0.4,3.5,0.432,15.5,0.883,4.0,3.0
1630581,Josh Giddey,CHI,70,30.2,0.5078246267830773,-0.5068765212901559,0.9308678781147453,1.5507105596788875,0.38394122326696356,-0.05127967548672083,-0.4523914212743836,-0.11294497692240675,-0.2038924420448899,-1.030309997258962,14.6,8.1,7.2,1.2,0.6,1.5,0.465,11.4,0.781,3.2,2.9
201572,Brook Lopez,MIL,80,31.8,0.4980297407294151,-0.7939231591137457,-0.28194681318073433,-1.090322983928974,-1.2773429158689384,2.448604504490914,-0.2383260799773566,0.530140875924697,0.09322649211815129,1.1079198202654017,13.0,5.0,1.8,0.6,1.9,1.7,0.509,9.7,0.826,1.7,1.1
202331,Paul George,PHI,41,32.5,0.49491871595505266,-0.2198298834665662,-0.16457764950697829,0.13237773070429504,2.045225362402866,-0.24357845856192345,0.4038699439137242,-0.8533288671255299,0.06869889860006698,-0.6739383610049016,16.2,5.3,4.3,1.8,0.5,2.3,0.43,13.9,0.814,2.4,2.6
1628970,Miles Bridges,CHA,64,31.7,0.2960434530087615,0.5157271259563829,0.6961295507672332,-0.063254383637028,-1.0004622260129548,0.1410191075884818,0.2968372732652111,-1.026933214682383,0.816965853678619,-0.07998563391480044,20.3,7.5,3.9,0.7,0.7,2.2,0.431,17.0,0.87,4.0,2.1
203497,Rudy Gobert,MIN,72,33.2,0.2674536452008367,-0.9733273077534893,2.026313405736469,-1.090322983928974,-0.7235815361569709,1.4871105891149003,-2.0578814810020862,2.0502561432397037,-1.4402424588960976,0.9891292748473817,12.0,10.9,1.8,0.8,1.4,0.0,0.669,7.1,0.674,3.8,1.2
1630168,Onyeka Okongwu,ATL,74,27.9,0.22961888457005175,-0.7221614996578481,1.243852314578095,-0.8457828410023203,-0.4467008463009873,0.5256166737388873,-1.4156854571110051,1.2809115250944172,-0.37956025961656875,0.9891292748473817,13.4,8.9,2.3,0.9,0.9,0.6,0.567,9.2,0.759,2.9,1.2
1641706,Brandon Miller,CHA,27,34.2,0.219504109354696,0.6413100300042034,-0.32106986773865287,-0.2099784693930202,0.10706053341098024,0.1410191075884818,2.11639267428994,-1.8432917370689184,0.4995812901026233,-0.9115194518409416,21.0,4.9,3.6,1.1,0.7,3.9,0.403,18.2,0.861,2.9,2.8
1627832,Fred VanVleet,HOU,60,35.2,0.20034359050431094,-0.5965785956100278,-0.7905465224336773,0.7681821023135949,1.4914639826908986,-0.4358772416371261,0.8320006265077786,-1.737256602464526,0.03619820254407516,0.632757638593321,14.1,3.7,5.6,1.6,0.4,2.7,0.378,12.7,0.81,2.3,1.5
1626181,Norman Powell,LAC,60,32.6,0.1553872654357431,0.7848333489159984,-0.9861617952232709,-0.9435988981729817,0.38394122326696356,-0.8204748077875315,1.1530986384533188,0.2662851941538699,0.041078359490116026,0.27638600233926025,21.8,3.2,2.1,1.2,0.2,3.0,0.484,15.8,0.804,4.4,1.8
1629632,Coby White,CHI,74,33.1,0.11967541631360074,0.533667540820357,-0.7905465224336773,0.23019378787495665,-0.4467008463009873,-0.8204748077875315,1.0460659678048052,-0.42487651448148905,1.228704080986028,-0.4363572701688609,20.4,3.7,4.5,0.9,0.2,2.9,0.453,15.1,0.902,4.1,2.4
201942,DeMar DeRozan,SAC,77,35.9,0.11516698457904806,0.8565950083718956,-0.71230041331784,0.18128575928962606,-0.7235815361569709,-0.4358772416371261,-0.8805221038684374,0.11066419594506868,0.9673551319414908,0.7515481840113413,22.2,3.9,4.4,0.8,0.4,1.1,0.477,17.0,0.857,5.7,1.4
1629008,Michael Porter Jr.,DEN,77,33.7,-0.09357375014139191,0.1389784138129211,0.5005142779776397,-0.9435988981729817,-1.2773429158689384,-0.24357845856192345,0.6179352852107514,0.6299032227610258,-0.26793286131122757,0.7515481840113413,18.2,7.0,2.1,0.6,0.5,2.5,0.504,13.6,0.768,2.5,1.4
1630202,Payton Pritchard,BOS,80,28.4,-0.13643979984383225,-0.5606977658820789,-0.7514234678757588,-0.258886497978351,-0.4467008463009873,-0.8204748077875315,1.367163979750346,0.004870546213009531,0.10299869433409713,1.2267103656834222,14.3,3.8,3.5,0.9,0.2,3.2,0.472,10.8,0.845,1.1,1.0
1628392,Isaiah Hartenstein,OKC,57,27.9,-0.22760965526367916,-1.1168506266652845,1.9480672966206312,-0.1121624122223588,-0.7235815361569709,0.9102142398892927,-2.0578814810020862,1.3437325053764329,-0.8143241888606162,0.3951765477572806,11.2,10.7,3.8,0.8,1.1,0.0,0.581,8.4,0.675,2.1,1.7
1630170,Devin Vassell,SAS,64,31.0,-0.3124559057308488,-0.20188946860259158,-0.6731773587599214,-0.5523346694903356,0.6608219131229475,-0.24357845856192345,0.6179352852107514,-0.5904594910380865,-0.08132184162303045,0.7515481840113413,16.3,4.0,2.9,1.3,0.5,2.5,0.443,13.9,0.792,1.9,1.4
1627742,Brandon Ingram,TOR,18,33.1,-0.42770858927266664,0.8565950083718956,-0.047208485833222257,0.5725499879722721,-0.4467008463009873,-0.05127967548672083,0.5109026145622378,-0.2056955340922091,0.4825532475552111,-2.099424906021144,22.2,5.6,5.2,0.9,0.6,2.4,0.465,18.5,0.855,3.1,3.8
1630183,Jaden McDaniels,MIN,82,31.9,-0.4324873491446313,-0.9374464780255407,-0.00808543127530335,-0.9925069267583125,0.6608219131229475,0.5256166737388873,-0.7734894332199241,0.08078989872685298,0.022683159698380254,0.9891292748473817,12.2,5.7,2.0,1.3,0.9,1.2,0.477,10.2,0.813,1.6,1.2
1629028,Deandre Ayton,POR,40,30.1,-0.4636247182212935,-0.5427573510181045,1.7524520238310377,-1.1881390410996355,-0.7235815361569709,0.7179154568140899,-1.843816139705059,1.602188236267144,-0.6330629149110757,0.3951765477572806,14.4,10.2,1.6,0.8,1.0,0.2,0.566,11.7,0.667,1.5,1.7
101108,Chris Paul,SAS,82,28.0,-0.5082618698798012,-1.547420583400669,-0.829669576991596,1.648526616849549,0.6608219131229475,-0.6281760247123288,-0.2383260799773566,-0.44925775821821,0.3612725302725619,0.5139670931753006,8.8,3.6,7.4,1.3,0.3,1.7,0.427,7.1,0.924,1.1,1.6
1630591,Jalen Suggs,ORL,35,28.6,-0.555162606563169,-0.2198298834665662,-0.6731773587599214,-0.1610704408076894,1.2145832928349147,0.5256166737388873,0.2968372732652111,-1.2391285905117744,0.7313164244027313,-1.030309997258962,16.2,4.0,3.7,1.5,0.9,2.2,0.41,13.7,0.882,3.1,2.9
1629630,Ja Morant,MEM,50,30.4,-0.5630706702422787,1.0359991570116394,-0.6340543042020027,1.599618588264218,0.38394122326696356,-0.8204748077875315,-0.13129340932884304,-0.48138688406362995,0.46521412720003147,-1.980634360603124,23.2,4.1,7.3,1.2,0.2,1.8,0.454,17.8,0.824,6.4,3.7
1631105,Jalen Duren,DET,78,26.1,-0.5957880759914935,-1.009208137481438,1.791575078388957,-0.650150726660997,-1.0004622260129548,0.9102142398892927,-2.0578814810020862,2.2560972665248222,-1.23114863739437,0.3951765477572806,11.8,10.3,2.7,0.7,1.1,0.0,0.692,7.0,0.669,3.1,1.7
1628969,Mikal Bridges,NYK,82,37.0,-0.6112655715303106,0.03133592462907528,-0.9861617952232709,-0.1610704408076894,-0.4467008463009873,-0.24357845856192345,0.08277193196818393,0.5810476326862017,0.01712338690479895,0.5139670931753006,17.6,3.2,3.7,0.9,0.5,2.0,0.5,14.4,0.814,1.4,1.6
202699,Tobias Harris,DET,73,31.6,-0.6446050491913946,-0.6683402550659253,0.07016067784053412,-0.8946908695876509,-0.16982015644500367,0.33331789066368467,-0.7734894332199241,0.08430452192899601,0.384823299846513,0.9891292748473817,13.7,5.9,2.2,1.0,0.8,1.2,0.477,11.0,0.861,2.3,1.2
203078,Bradley Beal,PHX,53,32.1,-0.7189172853848259,-0.07630656455477117,-0.9470387406653522,-0.1610704408076894,0.10706053341098024,-0.24357845856192345,-0.024260738680329668,0.4746691822392157,-0.005987514686196061,0.15759545692124022,17.0,3.3,3.7,1.1,0.5,1.9,0.497,13.1,0.803,2.6,1.9
1628374,Lauri Markkanen,UTA,47,31.4,-0.72743458795195,0.2825017327247161,0.07016067784053412,-1.2370470696849662,-1.0004622260129548,-0.4358772416371261,1.0460659678048052,-1.0690359567007715,0.8647113437024716,0.7515481840113413,19.0,5.9,1.5,0.7,0.4,2.9,0.423,14.9,0.876,3.9,1.4
1627759,Jaylen Brown,BOS,63,34.3,-0.7283101618581779,0.8565950083718956,0.03103762328261521,0.23019378787495665,0.38394122326696356,-0.6281760247123288,-0.13129340932884304,-0.24674214347617865,-0.5499278661323567,-0.6739383610049016,22.2,5.8,4.5,1.2,0.3,1.8,0.463,17.7,0.764,5.1,2.6
1630578,Alperen Sengun,HOU,76,31.5,-0.7328102979689018,0.30044214758869076,1.791575078388957,0.42582590221627986,0.10706053341098024,0.33331789066368467,-1.7367834690565456,0.5164751597157011,-1.796785179891749,-0.6739383610049016,19.1,10.3,4.9,1.1,0.8,0.3,0.496,15.0,0.692,5.6,2.6
1629680,Matisse Thybulle,POR,15,20.8,-0.7762284119391485,-1.7806459766323357,-0.8687926315495148,-1.0414149553436434,3.152748121826801,-0.05127967548672083,-0.5594240919228971,0.06189879901533425,-1.034818912947614,1.3455009111014424,7.5,3.5,1.9,2.2,0.6,1.4,0.477,5.9,0.467,1.0,0.9
1629627,Zion Williamson,NOP,30,28.6,-0.7793302850992334,1.2871649651072807,0.5787603870934771,0.6214580165576027,0.38394122326696356,0.5256166737388873,-1.9508488103535724,2.32286637899666,-3.39918857682955,-1.1491005426769823,24.6,7.2,5.3,1.2,0.9,0.1,0.567,16.9,0.656,8.0,3.0
1626162,Kelly Oubre Jr.,PHI,60,34.6,-0.8026974599085241,-0.4171744469702841,0.14840678695637124,-1.090322983928974,1.2145832928349147,-0.24357845856192345,-0.7734894332199241,-0.035815290590607826,-0.475645655857458,0.8703387294293614,15.1,6.1,1.8,1.5,0.5,1.2,0.47,12.4,0.751,3.1,1.3
1631099,Keegan Murray,SAC,76,34.3,-0.8481581359335562,-0.9015656482975918,0.38314511430388365,-1.2859550982702972,-0.7235815361569709,0.5256166737388873,0.08277193196818393,-0.4350392453135137,0.042158215574400235,1.4642914565194625,12.4,6.7,1.4,0.8,0.9,2.0,0.444,10.8,0.833,0.9,0.8
1641739,Toumani Camara,POR,78,32.7,-0.8739794259621979,-1.0989102118013097,0.03103762328261521,-0.8946908695876509,1.2145832928349147,-0.05127967548672083,-0.2383260799773566,-0.1778898602984322,-0.41005182893959924,0.7515481840113413,11.3,5.8,2.2,1.5,0.6,1.7,0.458,9.2,0.722,1.6,1.4
1629014,Anfernee Simons,POR,70,32.7,-0.8951916166592027,0.33632297731663935,-1.1817770680128643,0.37691787363094886,-0.4467008463009873,-1.0127735908627342,1.2601313091018325,-1.087767036316167,0.8216498532809096,0.03880491150321989,19.3,2.7,4.8,0.9,0.1,3.1,0.426,16.1,0.902,2.8,2.0
1628370,Malik Monk,SAC,65,31.6,-0.9715587598847957,-0.04042573482682256,-0.7514234678757588,0.7681821023135949,-0.4467008463009873,-0.05127967548672083,0.18980460261669752,-0.6967855712717956,0.49342710111585797,-0.4363572701688609,17.2,3.8,5.6,0.9,0.6,2.1,0.439,14.4,0.865,2.7,2.4
1641717,Cason Wallace,OKC,68,27.6,-1.006003763038897,-1.6191822428565663,-0.9079156861074336,-0.7479667838316587,2.045225362402866,-0.24357845856192345,-0.8805221038684374,0.03618793375263637,-0.03375269506982239,1.3455009111014424,8.4,3.4,2.5,1.8,0.5,1.1,0.474,7.2,0.811,0.5,0.9
1629675,Naz Reid,MIN,80,27.5,-1.071573574688602,-0.5786381807460534,0.10928373239845268,-0.8457828410023203,-1.0004622260129548,0.5256166737388873,0.2968372732652111,-0.1644394438551313,-0.1655367464860344,0.7515481840113413,14.2,6.0,2.3,0.7,0.9,2.2,0.462,11.5,0.776,1.8,1.4
1629023,P.J. Washington,DAL,57,32.2,-1.0819758001188207,-0.4889361064261816,0.8134987144409892,-0.8457828410023203,0.10706053341098024,0.9102142398892927,-0.34535875062586996,-0.3211078463294717,-0.831578109561439,-0.07998563391480044,14.7,7.8,2.3,1.1,1.1,1.6,0.453,11.7,0.722,3.5,2.1
1631165,Keon Ellis,SAC,80,24.4,-1.1220863800943375,-1.6371226577205407,-1.1817770680128643,-1.2370470696849662,1.2145832928349147,0.33331789066368467,-0.2383260799773566,0.16270855011720284,0.11607585058414596,1.3455009111014424,8.3,2.7,1.5,1.5,0.8,1.7,0.489,5.8,0.849,1.1,0.9
1629655,Daniel Gafford,DAL,57,21.5,-1.178504825126742,-0.9195060631615661,0.4222681688618022,-1.2859550982702972,-1.8311042955809056,2.2563057214157114,-2.0578814810020862,2.3910989479839637,-1.1428600002207456,0.9891292748473817,12.3,6.8,1.4,0.4,1.8,0.0,0.702,7.1,0.689,3.4,1.2
203952,Andrew Wiggins,MIA,60,30.7,-1.1962319554711605,0.10309758408497248,-0.4775620859703278,-0.6990587552463279,-0.16982015644500367,0.33331789066368467,0.2968372732652111,-0.4931352685754294,-0.48508498500522057,0.3951765477572806,18.0,4.5,2.6,1.0,0.8,2.2,0.448,14.0,0.763,4.3,1.7
1630529,Herbert Jones,NOP,20,32.4,-1.198647853730347,-1.2783143604410534,-0.71230041331784,-0.3567025551490126,2.322106052258849,-0.24357845856192345,-0.8805221038684374,-0.4391764921623939,0.113454475172204,0.27638600233926025,10.3,3.9,3.3,1.9,0.5,1.1,0.436,8.6,0.825,2.0,1.8
1630166,Deni Avdija,POR,72,30.0,-1.226065608323598,-0.09424697941874578,0.6178834416513956,-0.063254383637028,-0.16982015644500367,-0.24357845856192345,-0.2383260799773566,0.07035949791585684,-0.3123535834278709,-0.7927289064229218,16.9,7.3,3.9,1.0,0.5,1.7,0.476,11.7,0.78,5.2,2.7
1641726,Dereck Lively II,DAL,36,23.1,-1.273333636378124,-1.5653609982646435,0.6961295507672332,-0.7968748124169894,-1.2773429158689384,1.871708155265306,-2.0578814810020862,1.794026146413262,-1.0456571015366698,1.1079198202654017,8.7,7.5,2.4,0.6,1.6,0.0,0.702,5.3,0.63,2.0,1.1
1630193,Immanuel Quickley,TOR,33,27.8,-1.3210715229235204,-0.058366149690796544,-0.8687926315495148,0.8659981594842565,-1.0004622260129548,-1.0127735908627342,0.724967955859265,-1.0084203442889752,0.7603913017986729,0.27638600233926025,17.1,3.5,5.8,0.7,0.1,2.6,0.42,13.3,0.867,3.9,1.8
203468,CJ McCollum,NOP,56,32.7,-1.332936120049173,0.659250444868178,-0.7514234678757588,0.03456167353363341,-0.7235815361569709,-0.4358772416371261,1.2601313091018325,-0.744689769138755,-0.7889029896654463,0.15759545692124022,21.1,3.8,4.1,0.8,0.4,3.1,0.444,17.9,0.717,3.1,1.9
1630560,Cam Thomas,BKN,25,31.2,-1.3604249914680202,1.1795224759234344,-0.9470387406653522,-0.1121624122223588,-1.2773429158689384,-1.0127735908627342,0.8320006265077786,-0.9166299076959176,1.4491472890029493,-0.5551478155868812,24.0,3.3,3.8,0.6,0.1,2.7,0.438,18.2,0.881,6.0,2.5
201950,Jrue Holiday,BOS,62,30.6,-1.3648839634547316,-1.1347910415292586,-0.5558081950861653,-0.063254383637028,0.10706053341098024,-0.4358772416371261,-0.2383260799773566,-0.37864234452680623,0.3456255146806473,0.9891292748473817,11.1,4.3,3.9,1.1,0.4,1.7,0.443,9.2,0.909,1.2,1.2
203110,Draymond Green,GSW,68,29.2,-1.3912219274425537,-1.5115397536727202,0.14840678695637124,0.7681821023135949,1.2145832928349147,0.7179154568140899,-0.7734894332199241,-0.5093263928468913,-0.772015625617087,-0.6739383610049016,9.0,6.1,5.6,1.5,1.0,1.2,0.424,7.5,0.687,2.2,2.6
1626171,Bobby Portis,MIL,49,25.4,-1.433317031549848,-0.6324594253379764,1.0482370417885016,-0.9435988981729817,-1.0004622260129548,-0.24357845856192345,-0.6664567625714105,-0.10448718747817658,0.12035960994969211,0.9891292748473817,13.9,8.4,2.1,0.7,0.5,1.3,0.466,12.1,0.836,1.5,1.2
1629631,De'Andre Hunter,CLE,64,27.2,-1.5924956515180073,-0.07630656455477117,-0.6731773587599214,-1.2859550982702972,-0.7235815361569709,-0.8204748077875315,0.6179352852107514,-0.032920381578908746,0.5316460809502805,0.8703387294293614,17.0,4.0,1.4,0.8,0.2,2.5,0.47,11.9,0.846,4.0,1.3
1628978,Donte DiVincenzo,MIN,62,25.9,-1.6193522179025888,-1.0271485523454125,-0.7905465224336773,-0.2099784693930202,0.38394122326696356,-0.6281760247123288,0.9390332971562917,-0.6899425300702717,-0.11050173254643486,0.5139670931753006,11.7,3.7,3.6,1.2,0.3,2.8,0.422,9.6,0.778,1.0,1.6
203944,Julius Randle,MIN,69,32.3,-1.6463539968950331,0.2286804881327929,0.5396373325355582,0.32800984504561825,-1.0004622260129548,-0.8204748077875315,-0.34535875062586996,0.25400146968412823,0.08113210397416713,-0.9115194518409416,18.7,7.1,4.7,0.7,0.2,1.6,0.485,13.6,0.806,4.9,2.8
1630583,Santi Aldama,MEM,65,25.5,-1.6804903428567588,-0.8836252334336175,0.2657759506301276,-0.5523346694903356,-0.7235815361569709,-0.4358772416371261,-0.13129340932884304,0.16719493172126249,-0.4946689554266577,1.1079198202654017,12.5,6.4,2.9,0.8,0.4,1.8,0.483,10.0,0.691,1.4,1.1
1630174,Aaron Nesmith,IND,45,24.9,-1.742851972738647,-0.9733273077534893,-0.6731773587599214,-1.3837711554409586,-0.7235815361569709,-0.4358772416371261,-0.024260738680329668,0.43947348946080134,0.5673784197098846,1.4642914565194625,12.0,4.0,1.2,0.8,0.4,1.9,0.507,8.4,0.913,1.8,0.8
1627936,Alex Caruso,OKC,54,19.3,-1.7431774634337014,-1.8524076360882331,-1.103530958897027,-0.7479667838316587,1.4914639826908986,-0.05127967548672083,-0.8805221038684374,-0.20010064964045243,0.018084359750446678,1.5830820019374827,7.1,2.9,2.5,1.6,0.6,1.1,0.446,5.8,0.824,0.9,0.7
1631094,Paolo Banchero,ORL,46,34.4,-1.7457545667924008,1.5203903583389469,0.6961295507672332,0.37691787363094886,-0.7235815361569709,-0.05127967548672083,-0.024260738680329668,-0.5971250554057275,-1.7938448011227988,-1.1491005426769823,25.9,7.5,4.8,0.8,0.6,1.9,0.452,19.8,0.727,8.4,3.0
1630224,Jalen Green,HOU,82,32.9,-1.8065477733195083,0.6413100300042034,-0.43843903141240925,-0.30779452656368184,-0.4467008463009873,-0.6281760247123288,1.0460659678048052,-1.2618572630739784,0.14419173652174982,-0.5551478155868812,21.0,4.6,3.4,0.9,0.3,2.9,0.423,17.5,0.813,4.1,2.5
1629652,Luguentz Dort,OKC,71,29.2,-1.8163800723820795,-1.3141951901690023,-0.6340543042020027,-1.1881390410996355,0.10706053341098024,-0.24357845856192345,0.5109026145622378,-0.44034609359224625,-0.19711213466797048,1.5830820019374827,10.1,4.1,1.6,1.1,0.5,2.4,0.435,8.4,0.717,0.6,0.7
1629057,Robert Williams III,POR,20,17.6,-1.8331713726946581,-2.0856330293199,0.07016067784053412,-1.4326791840262894,-1.0004622260129548,2.0640069383405084,-1.9508488103535724,0.9835563635640925,0.17322698617148072,1.3455009111014424,5.8,5.9,1.1,0.7,1.7,0.1,0.641,3.9,0.882,0.9,0.9
1629060,Rui Hachimura,LAL,59,31.7,-1.94769754905726,-0.7759827442497714,-0.28194681318073433,-1.2859550982702972,-0.7235815361569709,-0.4358772416371261,-0.2383260799773566,0.5352353338940288,-0.2055548259984945,1.4642914565194625,13.1,5.0,1.4,0.8,0.4,1.7,0.509,9.8,0.77,1.9,0.8
201143,Al Horford,BOS,60,27.6,-1.9940674842588382,-1.5115397536727202,0.18752984151429014,-0.9435988981729817,-1.2773429158689384,0.5256166737388873,-0.024260738680329668,-0.5350692621288139,0.1203061124923059,1.4642914565194625,9.0,6.2,2.1,0.6,0.9,1.9,0.423,7.7,0.895,0.6,0.8
1629684,Grant Williams,CHA,16,29.9,-1.998788736486171,-1.260373945577079,-0.24282375862281574,-0.8457828410023203,0.10706053341098024,0.33331789066368467,-0.2383260799773566,-0.35584675446985975,0.22760021674933475,0.27638600233926025,10.4,5.1,2.3,1.1,0.8,1.7,0.439,7.7,0.838,2.3,1.8
1641709,Ausar Thompson,DET,59,22.5,-2.022650041168176,-1.3141951901690023,-0.24282375862281574,-0.8457828410023203,1.7683446725468819,0.1410191075884818,-1.843816139705059,0.7283650426343112,-1.1653091184499953,0.7515481840113413,10.1,5.1,2.3,1.7,0.7,0.2,0.535,7.8,0.641,2.4,1.4
1629660,Ty Jerome,CLE,70,19.9,-2.035347084078711,-0.8836252334336175,-1.2600231771287018,-0.30779452656368184,0.10706053341098024,-1.2050723739379368,-0.34535875062586996,0.5739020080301896,0.4152257067405661,0.8703387294293614,12.5,2.5,3.4,1.1,0.0,1.6,0.516,8.8,0.872,2.1,1.3
1641764,Brandin Podziemski,GSW,64,26.8,-2.0378892690953574,-1.0271485523454125,-0.24282375862281574,-0.30779452656368184,0.10706053341098024,-0.8204748077875315,-0.13129340932884304,-0.377170159642465,-0.22737386306296994,0.9891292748473817,11.7,5.1,3.4,1.1,0.2,1.8,0.445,9.8,0.758,1.5,1.2
1627736,Malik Beasley,DET,82,27.8,-2.1300342541595167,-0.20188946860259158,-1.220900122570783,-1.1392310125143048,-0.4467008463009873,-1.0127735908627342,2.11639267428994,-0.8021457120161739,-0.6494965412653037,1.2267103656834222,16.3,2.6,1.7,0.9,0.1,3.9,0.43,13.1,0.679,1.7,1.0
203924,Jerami Grant,POR,47,32.4,-2.1951868781639106,-0.5427573510181045,-0.8687926315495148,-0.9435988981729817,-0.4467008463009873,0.7179154568140899,0.4038699439137242,-1.7561826156515632,0.4895118797900854,0.7515481840113413,14.4,3.5,2.1,0.9,1.0,2.3,0.373,12.2,0.849,3.5,1.4
203932,Aaron Gordon,DEN,51,28.4,-2.213579789810024,-0.4889361064261816,-0.3601929222965718,-0.4056105837343432,-1.554223605724922,-0.6281760247123288,-0.4523914212743836,0.8405798624053856,0.08382282794198027,0.7515481840113413,14.7,4.8,3.2,0.5,0.3,1.5,0.531,9.7,0.81,3.5,1.4
1629651,Nic Claxton,BKN,70,26.9,-2.2621091061524625,-1.2783143604410534,0.6570064962093146,-0.8946908695876509,-0.4467008463009873,1.4871105891149003,-1.9508488103535724,1.0849276397305407,-1.909728219371336,0.9891292748473817,10.3,7.4,2.2,0.9,1.4,0.1,0.563,8.1,0.513,2.2,1.2
1630245,Ayo Dosunmu,CHI,46,30.3,-2.2954320452854153,-0.9195060631615661,-0.8687926315495148,0.23019378787495665,-0.4467008463009873,-0.4358772416371261,-0.6664567625714105,0.2928776246733974,-0.11392755120648557,0.632757638593321,12.3,3.5,4.5,0.9,0.4,1.3,0.492,9.8,0.785,1.7,1.5
1627739,Kris Dunn,LAC,74,24.1,-2.337081235901806,-1.9779905401360536,-0.9079156861074336,-0.6012426980756664,1.7683446725468819,-0.4358772416371261,-0.9875547745169511,-0.2642512514484441,-0.1573040822104353,1.2267103656834222,6.4,3.4,2.8,1.7,0.4,1.0,0.439,5.9,0.682,0.3,1.0
1642276,Kel'el Ware,MIA,64,22.2,-2.370762166338263,-1.457718509080797,0.6570064962093146,-1.530495241196951,-1.2773429158689384,0.9102142398892927,-1.5227181277595185,0.8857520808130633,-0.380961100445172,1.3455009111014424,9.3,7.4,0.9,0.6,1.1,0.5,0.554,7.3,0.687,1.0,0.9
1626145,Tyus Jones,PHX,81,26.8,-2.3746779358638412,-1.296254775305028,-1.2991462316866205,0.6214580165576027,-0.4467008463009873,-1.0127735908627342,0.08277193196818393,-0.2814897799854459,0.14953751948578622,1.1079198202654017,10.2,2.4,5.3,0.9,0.1,2.0,0.448,8.4,0.895,0.7,1.1
1629656,Quentin Grimes,PHI,75,26.8,-2.382188711666183,-0.5068765212901559,-0.5558081950861653,-0.5034266409050049,-0.16982015644500367,-0.6281760247123288,0.2968372732652111,-0.0757155741950694,-0.39679832921890584,0.15759545692124022,14.6,4.3,3.0,1.0,0.3,2.2,0.467,11.0,0.757,2.9,1.9
1626220,Royce O'Neale,PHX,75,24.5,-2.4550482975742653,-1.4935993388087458,-0.39931597685449033,-0.8946908695876509,-0.4467008463009873,-0.4358772416371261,0.5109026145622378,-0.5276530580375367,-0.11361449201140857,1.3455009111014424,9.1,4.7,2.2,0.9,0.4,2.4,0.423,7.6,0.731,0.3,0.9
1641744,Zach Edey,MEM,66,21.5,-2.5701094102229236,-1.4756589239447717,1.009113987230583,-1.48158721261162,-1.554223605724922,1.294811806039698,-1.7367834690565456,1.053898288363938,-0.5500190099486448,0.8703387294293614,9.2,8.3,1.0,0.5,1.3,0.3,0.58,6.6,0.709,1.9,1.3
1630230,Naji Marshall,DAL,69,27.8,-2.5901477237702615,-0.7580423293857971,-0.3601929222965718,-0.5034266409050049,-0.16982015644500367,-0.8204748077875315,-1.0945874451654645,0.545723923830888,0.05670556120892374,0.5139670931753006,13.2,4.8,3.0,1.0,0.2,0.9,0.508,10.3,0.813,2.3,1.6
202691,Klay Thompson,DAL,72,27.3,-2.6061235910713476,-0.614519010474002,-0.9079156861074336,-0.9925069267583125,-1.0004622260129548,-0.4358772416371261,1.1530986384533188,-1.0640229635076481,0.26695255012542923,0.9891292748473817,14.0,3.4,2.0,0.7,0.4,3.0,0.412,12.2,0.905,1.0,1.2
1630631,Jose Alvarado,NOP,56,24.4,-2.6229352489760394,-1.2783143604410534,-1.2991462316866205,0.27910181646028726,0.6608219131229475,-0.6281760247123288,0.08277193196818393,-1.0731266522489602,0.00037471996818383814,0.632757638593321,10.3,2.4,4.6,1.3,0.3,2.0,0.392,9.3,0.811,1.3,1.5
203114,Khris Middleton,WAS,37,22.8,-2.6411659550679625,-0.9912677226174637,-0.7905465224336773,0.03456167353363341,-0.4467008463009873,-0.8204748077875315,-0.6664567625714105,0.049481239556106275,0.35748015496004715,0.632757638593321,11.9,3.7,4.1,0.9,0.2,1.3,0.475,9.1,0.857,2.3,1.5
1628366,Lonzo Ball,CHI,35,22.2,-2.70454027708582,-1.7627055617683614,-0.9079156861074336,-0.3567025551490126,0.6608219131229475,-0.24357845856192345,-0.024260738680329668,-1.047884209449462,-0.011444255339625703,0.9891292748473817,7.6,3.4,3.3,1.3,0.5,1.9,0.366,6.9,0.815,0.8,1.2
201144,Mike Conley,MIN,71,24.7,-2.71263153277116,-1.6550630725845152,-1.220900122570783,0.23019378787495665,0.10706053341098024,-0.8204748077875315,-0.13129340932884304,-0.6743187497759757,0.3442444877251497,1.1079198202654017,8.2,2.6,4.5,1.1,0.2,1.8,0.4,6.6,0.9,1.3,1.1
1630551,Justin Champagnie,WAS,62,21.6,-2.748036339886194,-1.547420583400669,-0.00808543127530335,-1.48158721261162,-0.16982015644500367,-0.05127967548672083,-0.7734894332199241,0.39141509041030464,-0.45326984895869965,1.3455009111014424,8.8,5.7,1.0,1.0,0.6,1.2,0.511,6.6,0.685,1.2,0.9
1630534,Ochai Agbaji,TOR,64,27.2,-2.760043683558437,-1.260373945577079,-0.7514234678757588,-1.2370470696849662,-0.4467008463009873,-0.24357845856192345,-0.34535875062586996,0.3260017845710793,-0.265854386022394,1.4642914565194625,10.4,3.8,1.5,0.9,0.5,1.6,0.498,8.3,0.708,0.8,0.8
1631101,Shaedon Sharpe,POR,72,31.3,-2.77640514904794,0.19279965840484428,-0.4775620859703278,-0.6012426980756664,-0.4467008463009873,-0.8204748077875315,0.08277193196818393,-0.45323789442726004,-0.17277277294439486,-0.07998563391480044,18.5,4.5,2.8,0.9,0.2,2.0,0.452,15.3,0.785,3.4,2.1
1629048,Goga Bitadze,ORL,70,20.4,-2.780033282875155,-1.834467221224259,0.3440220597459647,-0.9925069267583125,-1.0004622260129548,1.4871105891149003,-2.0578814810020862,0.9927473359942,-0.9453057784160297,1.2267103656834222,7.2,6.6,2.0,0.7,1.4,0.0,0.611,4.8,0.639,1.9,1.0
1629012,Collin Sexton,UTA,63,27.9,-2.815802152027733,0.17485924354086968,-1.1817770680128643,0.08346970211896444,-1.0004622260129548,-1.0127735908627342,-0.2383260799773566,0.15683144840500882,0.7575242343602151,-0.5551478155868812,18.4,2.7,4.2,0.7,0.1,1.7,0.48,13.8,0.865,4.0,2.5
1630590,Scotty Pippen Jr.,MEM,79,21.3,-2.8765830515467403,-1.3500760198969508,-0.9470387406653522,0.18128575928962606,0.6608219131229475,-0.4358772416371261,-0.8805221038684374,0.10165942871772476,-0.6020125943664527,0.3951765477572806,9.9,3.3,4.4,1.3,0.4,1.1,0.48,7.5,0.713,2.2,1.7
1642259,Alex Sarr,WAS,67,27.1,-2.893105995192478,-0.7939231591137457,0.3048990051880462,-0.7968748124169894,-1.0004622260129548,1.6794093721901033,-0.34535875062586996,-1.4067510959298792,-0.9292208762284695,0.3951765477572806,13.0,6.5,2.4,0.7,1.5,1.6,0.394,12.4,0.679,2.5,1.7
1630598,Aaron Wiggins,OKC,76,22.9,-2.913620257945853,-0.9733273077534893,-0.71230041331784,-1.090322983928974,-0.7235815361569709,-0.8204748077875315,-0.2383260799773566,0.23177322360434938,0.06743873627051726,1.3455009111014424,12.0,3.9,1.8,0.8,0.2,1.7,0.488,9.6,0.831,1.2,0.9
1627747,Caris LeVert,ATL,64,24.9,-2.9214210054170024,-0.9553868928895151,-0.9861617952232709,-0.30779452656368184,-0.4467008463009873,-0.24357845856192345,-0.2383260799773566,-0.05946917025403684,-0.6731325104936122,0.9891292748473817,12.1,3.2,3.4,0.9,0.5,1.7,0.467,9.4,0.71,2.4,1.2
1628415,Dillon Brooks,HOU,75,31.8,-2.939929675343042,-0.614519010474002,-0.7905465224336773,-1.1392310125143048,-0.7235815361569709,-0.8204748077875315,0.6179352852107514,-0.7426822442964709,0.046459807425741795,1.2267103656834222,14.0,3.7,1.7,0.8,0.2,2.5,0.429,11.9,0.818,1.6,1.0
203484,Kentavious Caldwell-Pope,MEM,77,29.6,-2.93997989103271,-1.5653609982646435,-1.3773923408024578,-1.090322983928974,0.6608219131229475,-0.4358772416371261,-0.4523914212743836,-0.3253149201293878,0.18156664536185266,1.4642914565194625,8.7,2.2,1.8,1.3,0.4,1.5,0.439,7.1,0.863,1.2,0.8
1641731,Bilal Coulibaly,WAS,59,33.0,-2.9706064482904115,-0.9195060631615661,-0.28194681318073433,-0.30779452656368184,0.6608219131229475,0.1410191075884818,-0.8805221038684374,-0.7809794174833996,-0.521712910829221,-0.07998563391480044,12.3,5.0,3.4,1.3,0.7,1.1,0.421,10.6,0.746,3.1,2.1
203084,Harrison Barnes,SAS,82,27.2,-3.027469000642464,-0.9195060631615661,-0.7514234678757588,-1.1392310125143048,-1.554223605724922,-0.8204748077875315,-0.024260738680329668,0.44674422073742026,0.03303392700902546,1.7018725473555028,12.3,3.8,1.7,0.5,0.2,1.9,0.508,8.3,0.809,2.4,0.6
1631095,Jabari Smith Jr.,HOU,57,30.1,-3.0419932985117097,-0.9374464780255407,0.5005142779776397,-1.4326791840262894,-1.8311042955809056,0.1410191075884818,-0.2383260799773566,-0.48219862236942257,0.13030815563628206,1.1079198202654017,12.2,7.0,1.1,0.4,0.7,1.7,0.438,9.9,0.825,2.2,1.1
1626156,D'Angelo Russell,BKN,58,25.5,-3.042469368763643,-0.8656848185696432,-1.1426540134549457,0.523641959386941,-0.16982015644500367,-0.4358772416371261,-0.024260738680329668,-1.307870314350379,0.22246049806560342,0.15759545692124022,12.6,2.8,5.1,1.0,0.4,1.9,0.39,11.0,0.834,2.5,1.9
1626204,Larry Nance Jr.,ATL,24,19.3,-3.06597430984919,-1.601241827992592,-0.5558081950861653,-1.1881390410996355,-0.7235815361569709,-0.24357845856192345,-0.5594240919228971,0.4333083515755853,-0.21059151254207387,1.5830820019374827,8.5,4.3,1.6,0.8,0.5,1.4,0.516,6.5,0.692,0.5,0.7
201566,Russell Westbrook,DEN,75,27.9,-3.0797056921653954,-0.7401019145218225,-0.32106986773865287,1.0127222452402487,0.9377026029789307,-0.24357845856192345,-0.6664567625714105,-0.36738565812855156,-1.3048562453491908,-1.386681633513023,13.3,4.9,6.1,1.4,0.5,1.3,0.449,11.1,0.661,3.1,3.2
202685,Jonas Valančiūnas,SAC,81,18.8,-3.0801510535184957,-1.260373945577079,0.7743756598830707,-0.9925069267583125,-1.554223605724922,-0.05127967548672083,-1.9508488103535724,0.8875093924141348,0.4344392194915848,0.632757638593321,10.4,7.7,2.0,0.5,0.6,0.1,0.55,7.7,0.879,2.0,1.5
1627824,Guerschon Yabusele,PHI,70,27.1,-3.0890877766427884,-1.152731456393233,-0.047208485833222257,-0.9435988981729817,-0.7235815361569709,-0.6281760247123288,-0.4523914212743836,0.35043248906478447,-0.4809617180118338,0.9891292748473817,11.0,5.6,2.1,0.8,0.3,1.5,0.501,8.0,0.725,2.0,1.2
1629011,Mitchell Robinson,NYK,17,17.1,-3.1025237058849005,-2.2112159333677206,0.07016067784053412,-1.5794032697822817,-0.4467008463009873,0.9102142398892927,-2.0578814810020862,0.9337872042132149,-0.4233568447303682,1.7018725473555028,5.1,5.9,0.8,0.9,1.1,0.0,0.661,3.3,0.684,1.1,0.6
1629018,Gary Trent Jr.,MIL,74,25.6,-3.219067947816935,-1.1347910415292586,-1.3382692862445393,-1.3837711554409586,-0.16982015644500367,-1.0127735908627342,0.5109026145622378,-0.5204870671874718,0.12806918797528918,1.7018725473555028,11.1,2.3,1.2,1.0,0.1,2.4,0.431,8.9,0.848,1.2,0.6
1630540,Miles McBride,NYK,64,24.9,-3.272698579881977,-1.4218376793528484,-1.2600231771287018,-0.5523346694903356,-0.16982015644500367,-0.6281760247123288,-0.13129340932884304,-0.8046071120401904,-0.006478898739228447,1.7018725473555028,9.5,2.5,2.9,1.0,0.3,1.8,0.406,8.5,0.813,1.0,0.6
1629614,Andrew Nembhard,IND,65,28.9,-3.2759866830454283,-1.3321356050329767,-0.9470387406653522,0.47473393080161047,0.38394122326696356,-0.8204748077875315,-1.201620115813978,-0.15696796009428382,-0.07160115547716082,0.3951765477572806,10.0,3.3,5.0,1.2,0.2,0.8,0.458,8.3,0.794,2.1,1.7
1631107,Nikola Jović,MIA,46,25.1,-3.2963730734700443,-1.2065527009851562,-0.71230041331784,-0.6012426980756664,-0.7235815361569709,-0.6281760247123288,-0.2383260799773566,-0.17850084611999675,0.12196849644591008,0.8703387294293614,10.7,3.9,2.8,0.8,0.3,1.7,0.456,8.2,0.828,1.9,1.3
1631097,Bennedict Mathurin,IND,72,29.9,-3.2979789383761253,-0.23777029833054017,-0.16457764950697829,-1.0414149553436434,-1.0004622260129548,-0.6281760247123288,-0.5594240919228971,-0.2383309053326388,0.4145817558646157,0.15759545692124022,16.1,5.3,1.9,0.7,0.3,1.4,0.458,11.8,0.831,4.6,1.9
1628960,Grayson Allen,PHX,64,24.1,-3.3940598875960726,-1.2244931158491306,-1.0644079043391084,-0.9435988981729817,-0.7235815361569709,-0.6281760247123288,0.4038699439137242,-0.2512547101868768,0.04845308306021887,0.9891292748473817,10.6,3.0,2.1,0.8,0.3,2.3,0.448,7.6,0.816,1.8,1.2
203471,Dennis Schröder,DET,75,28.1,-3.424917769698382,-0.7759827442497714,-1.220900122570783,0.6703660451429337,-0.4467008463009873,-0.8204748077875315,-0.2383260799773566,-1.051838160551873,0.30134348967574637,0.15759545692124022,13.1,2.6,5.4,0.9,0.2,1.7,0.406,11.0,0.838,2.9,1.9
1642270,Donovan Clingan,POR,67,19.8,-3.4588320885143706,-1.9600501252720794,0.8526217689989081,-1.4326791840262894,-1.554223605724922,1.871708155265306,-1.843816139705059,0.5089105733534739,-1.0092233516691096,1.1079198202654017,6.5,7.9,1.1,0.5,1.6,0.2,0.539,5.0,0.596,1.6,1.1
1642272,Jared McCain,PHI,23,25.7,-3.476450316697096,-0.38129361724233524,-1.2991462316866205,-0.6990587552463279,-1.0004622260129548,-1.2050723739379368,0.2968372732652111,-0.20603303102221587,0.5038115520107832,0.5139670931753006,15.3,2.4,2.6,0.7,0.0,2.2,0.46,11.9,0.875,2.4,1.6
1631110,Jeremy Sochan,SAS,54,25.3,-3.4836822572012656,-1.0809697969373355,0.3048990051880462,-0.7968748124169894,-0.7235815361569709,-0.24357845856192345,-1.5227181277595185,0.8082558029883243,-0.7430814267201994,0.5139670931753006,11.4,6.5,2.4,0.8,0.5,0.5,0.535,8.7,0.696,2.3,1.6
1631093,Jaden Ivey,DET,30,29.9,-3.4964304936659794,0.03133592462907528,-0.6340543042020027,-0.014346355051697183,-0.4467008463009873,-0.4358772416371261,0.18980460261669752,-0.24467352005173826,-0.7928182109912184,-1.1491005426769823,17.6,4.1,4.0,0.9,0.4,2.1,0.46,13.8,0.733,3.9,3.0
1630577,Julian Champagnie,SAS,82,23.6,-3.505446528138661,-1.3500760198969508,-0.71230041331784,-1.2859550982702972,-1.0004622260129548,-0.4358772416371261,0.2968372732652111,-0.6590004623924636,0.2958867490223176,1.3455009111014424,9.9,3.9,1.4,0.7,0.4,2.2,0.415,8.1,0.904,1.1,0.9
1630167,Obi Toppin,IND,79,19.6,-3.506804085771633,-1.2424335307131047,-0.6731773587599214,-1.1881390410996355,-1.2773429158689384,-0.4358772416371261,-0.5594240919228971,0.6442759368492609,-0.12018675372071348,1.3455009111014424,10.5,4.0,1.6,0.6,0.4,1.4,0.529,7.6,0.781,1.4,0.9
1641711,Gradey Dick,TOR,54,29.4,-3.5145427680386483,-0.5427573510181045,-0.829669576991596,-1.090322983928974,-0.4467008463009873,-0.8204748077875315,0.18980460261669752,-1.0809036289205907,0.4737241856991176,0.632757638593321,14.4,3.6,1.8,0.9,0.2,2.1,0.41,12.0,0.858,2.9,1.5
1627827,Dorian Finney-Smith,LAL,63,28.9,-3.567527381509472,-1.5653609982646435,-0.71230041331784,-1.2859550982702972,-0.4467008463009873,-0.4358772416371261,0.08277193196818393,-0.22479902411312888,-0.324806602675076,1.3455009111014424,8.7,3.9,1.4,0.9,0.4,2.0,0.448,6.9,0.667,0.7,0.9
1627752,Taurean Prince,MIL,80,27.1,-3.5690556480745537,-1.6550630725845152,-0.829669576991596,-1.0414149553436434,-0.16982015644500367,-0.8204748077875315,-0.13129340932884304,-0.12210976424587573,-0.02592027103096758,1.2267103656834222,8.2,3.6,1.9,1.0,0.2,1.8,0.457,6.4,0.813,0.6,1.0
1630533,Ziaire Williams,BKN,63,24.5,-3.571279430758222,-1.3321356050329767,-0.43843903141240925,-1.334863126855628,-0.16982015644500367,-0.4358772416371261,-0.34535875062586996,-0.7123831664594522,0.08967782744484247,1.1079198202654017,10.0,4.6,1.3,1.0,0.4,1.6,0.412,8.3,0.821,2.0,1.1
1629622,Max Strus,CLE,50,25.5,-3.5752185199493707,-1.4397780942168228,-0.5558081950861653,-0.4056105837343432,-1.554223605724922,-0.8204748077875315,0.4038699439137242,-0.3129380930582646,0.001825095479552681,1.1079198202654017,9.4,4.3,3.2,0.5,0.2,2.3,0.442,7.5,0.824,0.7,1.1
1641718,Keyonte George,UTA,67,31.5,-3.5764076909165037,-0.11218739428271976,-0.7514234678757588,0.7681821023135949,-1.0004622260129548,-1.0127735908627342,0.724967955859265,-1.6177943270671775,0.21781216343490353,-0.7927289064229218,16.8,3.8,5.6,0.7,0.1,2.6,0.391,13.7,0.818,4.3,2.7
1630549,Day'Ron Sharpe,BKN,50,18.1,-3.5838515287912287,-1.7088843171764383,0.3440220597459647,-1.090322983928974,-0.7235815361569709,0.33331789066368467,-1.843816139705059,0.4669067528490528,-0.23183198451185022,0.8703387294293614,7.9,6.6,1.8,0.8,0.8,0.2,0.521,6.3,0.757,1.5,1.3
1630527,Brandon Boston,NOP,42,23.6,-3.604699714805089,-1.2065527009851562,-0.9861617952232709,-0.8946908695876509,0.6608219131229475,-0.8204748077875315,-0.7734894332199241,-0.46680177966599407,-0.10647951630588959,0.9891292748473817,10.7,3.2,2.2,1.3,0.2,1.2,0.436,9.1,0.788,2.0,1.2
1628379,Luke Kennard,MEM,65,22.6,-3.6130224903149117,-1.5294801685366946,-1.1426540134549457,-0.3567025551490126,-0.7235815361569709,-1.0127735908627342,-0.2383260799773566,0.07457530008465336,0.208000333472747,1.1079198202654017,8.9,2.8,3.3,0.8,0.1,1.7,0.478,6.6,0.895,0.9,1.1
1629634,Brandon Clarke,MEM,64,18.9,-3.647627763797268,-1.6371226577205407,-0.24282375862281574,-1.48158721261162,-0.7235815361569709,-0.05127967548672083,-2.0578814810020862,1.2978358323517583,-0.453059821903775,1.7018725473555028,8.3,5.1,1.0,0.8,0.6,0.0,0.621,5.9,0.701,1.4,0.6
1628989,Kevin Huerter,CHI,69,24.3,-3.6738827500419324,-1.3500760198969508,-1.0644079043391084,-0.8457828410023203,-0.16982015644500367,-0.6281760247123288,-0.024260738680329668,-0.5910442917530124,-0.22702513889630188,1.2267103656834222,9.9,3.0,2.3,1.0,0.3,1.9,0.425,8.8,0.714,0.7,1.0
1627741,Buddy Hield,GSW,82,22.7,-3.6752984276455956,-1.1347910415292586,-0.9861617952232709,-1.1881390410996355,-0.7235815361569709,-0.6281760247123288,0.6179352852107514,-0.7597694811062279,0.019465386705944297,1.1079198202654017,11.1,3.2,1.6,0.8,0.3,2.5,0.417,9.6,0.828,0.8,1.1
203991,Clint Capela,ATL,55,21.4,-3.6819695481767782,-1.5294801685366946,1.08736009634642,-1.4326791840262894,-1.2773429158689384,0.7179154568140899,-2.0578814810020862,0.9141134607588343,-1.4494757237635565,1.3455009111014424,8.9,8.5,1.1,0.6,1.0,0.0,0.559,7.1,0.536,1.8,0.9
1628436,Luke Kornet,BOS,73,18.6,-3.711960190736076,-2.049752199591951,-0.16457764950697829,-1.1881390410996355,-1.554223605724922,0.7179154568140899,-2.0578814810020862,1.1085146018992293,-0.46326991071536616,1.9394536381915435,6.0,5.3,1.6,0.5,1.0,0.0,0.668,3.8,0.691,1.3,0.4
1628976,Wendell Carter Jr.,ORL,68,25.9,-3.723450669472362,-1.4935993388087458,0.5787603870934771,-0.9925069267583125,-0.7235815361569709,-0.05127967548672083,-1.5227181277595185,-0.11044866342287109,-0.515996608438101,1.1079198202654017,9.1,7.2,2.0,0.8,0.6,0.5,0.46,7.2,0.737,2.6,1.1
1630191,Isaiah Stewart,DET,72,19.9,-3.7267979509537517,-2.049752199591951,-0.08633154039114081,-1.1392310125143048,-1.8311042955809056,1.4871105891149003,-1.843816139705059,0.5801747957982536,-0.18934905918498693,1.3455009111014424,6.0,5.5,1.7,0.4,1.4,0.2,0.559,4.4,0.759,1.2,0.9
1642274,Yves Missi,NOP,73,26.8,-3.7713958391595974,-1.4935993388087458,0.9699909326726638,-1.2859550982702972,-1.554223605724922,1.294811806039698,-2.0578814810020862,0.7476809229646327,-1.5001397972959427,1.1079198202654017,9.1,8.2,1.4,0.5,1.3,0.0,0.547,6.7,0.623,2.8,1.1
1629628,RJ Barrett,TOR,58,32.2,-3.7977650784765973,0.659250444868178,0.2266528960722087,0.6703660451429337,-0.7235815361569709,-0.6281760247123288,-0.13129340932884304,-0.11103928305038403,-2.729634214052429,-1.030309997258962,21.1,6.3,5.4,0.8,0.3,1.8,0.468,16.9,0.63,5.4,2.9
1630198,Isaiah Joe,OKC,74,21.7,-3.801489344002889,-1.296254775305028,-1.220900122570783,-1.1881390410996355,-1.2773429158689384,-1.0127735908627342,0.724967955859265,-0.3545316802253492,0.0028217332967912204,1.8206630927735232,10.2,2.6,1.6,0.6,0.1,2.6,0.44,7.9,0.821,0.8,0.5
1642348,Justin Edwards,PHI,44,26.2,-3.809072530581387,-1.3141951901690023,-0.9079156861074336,-1.1881390410996355,-0.16982015644500367,-0.4358772416371261,-0.34535875062586996,-0.2014739130108264,-0.35421237175189063,1.1079198202654017,10.1,3.4,1.6,1.0,0.4,1.6,0.455,8.6,0.696,1.0,1.1
1642273,Kyshawn George,WAS,68,26.5,-3.8113772623559803,-1.5653609982646435,-0.5949312496440838,-0.7479667838316587,-0.16982015644500367,0.1410191075884818,-0.2383260799773566,-1.1508469582082725,-0.236692327584785,0.7515481840113413,8.7,4.2,2.5,1.0,0.7,1.7,0.372,8.0,0.753,1.4,1.4
1631119,Jaylin Williams,OKC,47,16.7,-3.813975185838912,-2.0676926144559253,-0.047208485833222257,-0.6990587552463279,-1.554223605724922,-0.05127967548672083,-0.6664567625714105,-0.20318758276750032,-0.1079497056903647,1.5830820019374827,5.9,5.6,2.6,0.5,0.6,1.3,0.439,4.7,0.767,0.6,0.7
1631212,Peyton Watson,DEN,68,24.3,-3.8321060278816237,-1.6730034874484896,-0.9079156861074336,-1.2859550982702972,-1.0004622260129548,1.4871105891149003,-1.3086527864624915,0.06365611061640576,-0.6711748998307261,1.4642914565194625,8.1,3.4,1.4,0.7,1.4,0.7,0.477,6.3,0.693,2.0,0.8
203915,Spencer Dinwiddie,DAL,79,27.0,-3.84375622477649,-1.152731456393233,-1.220900122570783,0.18128575928962606,-0.4467008463009873,-0.8204748077875315,-0.5594240919228971,-0.6893897333745703,-0.005759655145475537,0.8703387294293614,11.0,2.6,4.4,0.9,0.2,1.4,0.416,8.6,0.802,3.1,1.3
1631255,Karlo Matković,NOP,42,18.8,-3.866280047936275,-1.744765146904387,-0.28194681318073433,-1.4326791840262894,-1.554223605724922,0.7179154568140899,-1.5227181277595185,0.8507891445381006,-0.12536213737603583,1.2267103656834222,7.7,5.0,1.1,0.5,1.0,0.5,0.574,5.6,0.773,1.0,1.0
1630573,Sam Hauser,BOS,71,21.7,-3.875808496660468,-1.601241827992592,-0.9861617952232709,-1.530495241196951,-1.2773429158689384,-0.8204748077875315,0.4038699439137242,-0.18800022091717994,0.06579418480270843,2.0582441836095637,8.5,3.2,0.9,0.6,0.2,2.3,0.451,6.7,1.0,0.2,0.3
204456,T.J. McConnell,IND,79,17.9,-3.8949199113954687,-1.4935993388087458,-1.2991462316866205,0.18128575928962606,0.10706053341098024,-0.6281760247123288,-1.843816139705059,0.553364156056739,-0.2234408092514022,0.7515481840113413,9.1,2.4,4.4,1.1,0.3,0.2,0.519,7.9,0.74,1.0,1.4
1627884,Derrick Jones Jr.,LAC,77,24.3,-3.910727815200561,-1.3141951901690023,-0.9079156861074336,-1.5794032697822817,-0.16982015644500367,-0.4358772416371261,-0.9875547745169511,0.6111081351071818,-0.47257054275138577,1.3455009111014424,10.1,3.4,0.8,1.0,0.4,1.0,0.526,7.6,0.703,1.5,0.9
1629021,Moritz Wagner,ORL,30,18.8,-3.980150389026205,-0.81186357397772,-0.32106986773865287,-1.2859550982702972,-0.7235815361569709,-0.4358772416371261,-1.0945874451654645,1.0987533760356614,-0.9199360952909358,0.5139670931753006,12.9,4.9,1.4,0.8,0.4,0.9,0.562,8.3,0.718,3.7,1.6
1628449,Chris Boucher,TOR,50,17.2,-3.9924842205678344,-1.3321356050329767,-0.4775620859703278,-1.6283112983676125,-1.554223605724922,-0.24357845856192345,-0.5594240919228971,0.2299635417900011,-0.12908516413267856,1.7018725473555028,10.0,4.5,0.7,0.5,0.5,1.4,0.492,7.4,0.782,1.7,0.6
1629640,Keldon Johnson,SAS,77,23.9,-4.033541244849946,-0.847744403705669,-0.3601929222965718,-1.1881390410996355,-1.2773429158689384,-0.6281760247123288,-0.8805221038684374,0.15264765025543828,-0.23078184923722514,1.2267103656834222,12.7,4.8,1.6,0.6,0.3,1.1,0.482,10.0,0.773,2.5,1.0
1631108,Max Christie,DAL,78,27.3,-4.105274411684764,-1.403897264488874,-0.9470387406653522,-1.0414149553436434,-0.7235815361569709,-0.4358772416371261,-0.4523914212743836,-0.48342932238143116,0.27443624999761596,1.1079198202654017,9.6,3.3,1.9,0.8,0.4,1.5,0.427,7.6,0.855,1.9,1.1
203992,Bogdan Bogdanović,LAC,54,25.0,-4.10637628525627,-1.1886122861211816,-1.103530958897027,-0.650150726660997,-0.7235815361569709,-0.8204748077875315,-0.024260738680329668,-0.5859440148710944,0.23863059990752034,0.7515481840113413,10.8,2.9,2.7,0.8,0.2,1.9,0.427,9.1,0.879,1.2,1.4
203903,Jordan Clarkson,UTA,37,26.0,-4.116397002660213,-0.2198298834665662,-0.9861617952232709,-0.1610704408076894,-0.7235815361569709,-0.8204748077875315,0.4038699439137242,-1.2405949564835295,-0.05098680189753845,-0.3175667247508406,16.2,3.2,3.7,0.8,0.2,2.3,0.408,13.3,0.797,3.9,2.3
1630200,Tre Jones,CHI,46,19.7,-4.146785322041177,-1.834467221224259,-1.2600231771287018,0.08346970211896444,-0.7235815361569709,-0.8204748077875315,-1.629750798408032,0.520263271809403,0.05348778821648778,1.4642914565194625,7.2,2.5,4.2,0.8,0.2,0.4,0.538,5.2,0.821,1.5,0.8
1642267,Bub Carrington,WAS,82,30.0,-4.193033382118386,-1.3680164347609252,-0.5949312496440838,0.18128575928962606,-1.0004622260129548,-0.6281760247123288,-0.2383260799773566,-0.9301326943524945,-0.00945097970514831,0.3951765477572806,9.8,4.2,4.4,0.7,0.3,1.7,0.401,9.1,0.812,1.0,1.7
1630541,Moses Moody,GSW,74,22.3,-4.214729820837524,-1.3680164347609252,-1.220900122570783,-1.334863126855628,-0.7235815361569709,-0.4358772416371261,-0.2383260799773566,-0.4230551948419675,-0.05319208597425113,1.5830820019374827,9.8,2.6,1.3,0.8,0.4,1.7,0.433,7.7,0.797,1.8,0.7
1626158,Richaun Holmes,WAS,31,17.2,-4.215573771785634,-1.79858639149631,-0.00808543127530335,-1.2859550982702972,-2.107984985436889,0.1410191075884818,-2.0578814810020862,1.1686152405471353,0.15020326562215192,1.5830820019374827,7.4,5.7,1.4,0.3,0.7,0.0,0.647,4.5,0.833,1.9,0.7
1628998,Cody Martin,PHX,53,22.1,-4.2555150602046075,-1.9062288806801562,-0.5949312496440838,-0.9925069267583125,0.10706053341098024,-0.05127967548672083,-1.201620115813978,-0.4607792051391427,-0.38193990577661546,1.2267103656834222,6.8,4.2,2.0,1.1,0.6,0.8,0.418,6.1,0.705,1.2,1.0
1629312,Haywood Highsmith,MIA,74,24.6,-4.2629070503067155,-1.9600501252720794,-0.9079156861074336,-1.2370470696849662,-0.4467008463009873,-0.24357845856192345,-0.7734894332199241,-0.08722829274712238,-0.189979140349762,1.5830820019374827,6.5,3.4,1.5,0.9,0.5,1.2,0.458,5.3,0.721,0.6,0.7
1630249,Vít Krejčí,ATL,57,20.2,-4.2880372033783285,-1.834467221224259,-1.1817770680128643,-0.6990587552463279,-1.2773429158689384,-0.24357845856192345,-0.34535875062586996,0.20676644676459816,-0.2587213917041855,1.3455009111014424,7.2,2.7,2.6,0.6,0.5,1.6,0.497,5.1,0.711,0.8,0.9
1630188,Jalen Smith,CHI,64,15.0,-4.3714728082500685,-1.6550630725845152,-0.047208485833222257,-1.48158721261162,-2.107984985436889,0.1410191075884818,-0.8805221038684374,-0.038317423002728286,-0.0036811798566419355,1.7018725473555028,8.2,5.6,1.0,0.3,0.7,1.1,0.466,6.4,0.809,1.4,0.6
203994,Jusuf Nurkić,CHA,51,20.8,-4.376798558288744,-1.5294801685366946,0.8134987144409892,-0.8457828410023203,-0.7235815361569709,0.1410191075884818,-1.4156854571110051,0.06629207801801303,-1.0406739124504767,0.15759545692124022,8.9,7.8,2.3,0.8,0.7,0.6,0.477,6.9,0.664,2.5,1.9
1631243,Mouhamed Gueye,ATL,33,16.1,-4.378515332830952,-2.049752199591951,-0.5949312496440838,-1.5794032697822817,-0.7235815361569709,0.7179154568140899,-1.4156854571110051,-0.36479333257134144,-0.18894683756093245,1.8206630927735232,6.0,4.2,0.8,0.8,1.0,0.6,0.421,5.2,0.762,1.3,0.5
1629022,Lonnie Walker IV,PHI,20,23.8,-4.380417482493858,-0.9015656482975918,-0.9861617952232709,-0.7479667838316587,-1.554223605724922,-0.6281760247123288,0.4038699439137242,-0.7963995358371734,-0.04013276220999779,0.8703387294293614,12.4,3.2,2.5,0.5,0.3,2.3,0.42,10.6,0.8,1.5,1.3
1627763,Malcolm Brogdon,WAS,24,23.5,-4.40785692519116,-0.847744403705669,-0.7514234678757588,0.03456167353363341,-1.554223605724922,-0.8204748077875315,-1.3086527864624915,-0.5601691415699471,0.8863025212262265,0.5139670931753006,12.7,3.8,4.1,0.5,0.2,0.7,0.433,10.0,0.88,3.8,1.6
1630208,Nick Richards,PHX,57,22.0,-4.410309691167511,-1.457718509080797,0.9699909326726638,-1.530495241196951,-2.384865675292873,0.7179154568140899,-2.0578814810020862,1.0743954079492846,-0.49319876604218255,0.7515481840113413,9.3,8.2,0.9,0.2,1.0,0.0,0.591,6.1,0.744,2.8,1.4
1642258,Zaccharie Risacher,ATL,75,24.6,-4.449361423650461,-0.8656848185696432,-0.829669576991596,-1.3837711554409586,-1.0004622260129548,-0.24357845856192345,-0.34535875062586996,-0.20578572723729682,-0.5641799850575993,0.9891292748473817,12.6,3.6,1.2,0.7,0.5,1.6,0.458,10.4,0.711,2.0,1.2
1629130,Duncan Robinson,MIA,74,24.1,-4.456065823705171,-1.152731456393233,-1.3382692862445393,-0.7968748124169894,-1.554223605724922,-1.0127735908627342,0.724967955859265,-0.4481841688460323,0.13289386607663314,0.9891292748473817,11.0,2.3,2.4,0.5,0.1,2.6,0.437,9.0,0.887,0.7,1.2
203482,Kelly Olynyk,NOP,44,20.2,-4.476540835575308,-1.5653609982646435,-0.39931597685449033,-0.5523346694903356,-0.7235815361569709,-0.4358772416371261,-1.201620115813978,0.26687581378138364,-0.26050265889642704,0.3951765477572806,8.7,4.7,2.9,0.8,0.4,0.8,0.5,6.1,0.769,2.5,1.7
1629638,Nickeil Alexander-Walker,MIN,82,25.3,-4.51943518326587,-1.4397780942168228,-0.9861617952232709,-0.650150726660997,-1.2773429158689384,-0.4358772416371261,-0.2383260799773566,-0.3565799374557372,-0.12434766707300174,0.9891292748473817,9.4,3.2,2.7,0.6,0.4,1.7,0.438,7.5,0.78,1.4,1.2
1630558,Davion Mitchell,MIA,74,27.4,-4.520406234630159,-1.7088843171764383,-1.3382692862445393,0.42582590221627986,-0.16982015644500367,-0.8204748077875315,-0.8805221038684374,-0.019696902726473297,-0.40374111035529536,0.3951765477572806,7.9,2.3,4.9,1.0,0.2,1.1,0.468,6.4,0.69,1.1,1.7
1628371,Jonathan Isaac,ORL,71,15.4,-4.521424571400281,-2.1573946887757973,-0.5166851405282463,-1.6772193269529432,-0.4467008463009873,0.9102142398892927,-1.5227181277595185,-0.3653926805677333,-0.5661910931778713,1.8206630927735232,5.4,4.4,0.6,0.9,1.1,0.5,0.414,4.6,0.682,1.5,0.5
1630553,Keon Johnson,BKN,79,24.4,-4.5744284306217455,-1.2244931158491306,-0.7514234678757588,-0.8946908695876509,-0.16982015644500367,-0.4358772416371261,-0.34535875062586996,-1.1878872462765542,-0.1976352209179725,0.632757638593321,10.6,3.8,2.2,1.0,0.4,1.6,0.389,9.9,0.77,1.8,1.5
1629637,Jaxson Hayes,LAL,56,19.5,-4.603537719879119,-1.9062288806801562,-0.3601929222965718,-1.48158721261162,-1.2773429158689384,0.5256166737388873,-2.0578814810020862,1.4791851525610156,-0.9893975902391112,1.4642914565194625,6.8,4.8,1.0,0.6,0.9,0.0,0.722,4.0,0.622,1.8,0.8
1630703,Scoot Henderson,POR,66,26.7,-4.640946873378106,-0.847744403705669,-1.0644079043391084,0.523641959386941,-0.16982015644500367,-0.8204748077875315,-0.34535875062586996,-0.7958234634911266,-0.3282304399478164,-0.7927289064229218,12.7,3.0,5.1,1.0,0.2,1.6,0.419,10.4,0.767,3.1,2.7
1629645,Kevin Porter Jr.,MIL,75,19.8,-4.646577296765036,-1.2783143604410534,-0.7905465224336773,-0.30779452656368184,0.10706053341098024,-0.8204748077875315,-1.3086527864624915,-0.28017179628464217,-0.244069032542199,0.27638600233926025,10.3,3.7,3.4,1.1,0.2,0.7,0.449,8.7,0.769,2.3,1.8
1642271,Kyle Filipowski,UTA,72,21.1,-4.651830338254737,-1.403897264488874,0.14840678695637124,-1.0414149553436434,-1.0004622260129548,-0.6281760247123288,-0.8805221038684374,0.3294611281036524,-0.9267738628998621,0.7515481840113413,9.6,6.1,1.9,0.7,0.3,1.1,0.502,7.2,0.65,2.0,1.4
1630557,Corey Kispert,WAS,61,26.3,-4.690503913707065,-1.0450889672093868,-1.0644079043391084,-1.1392310125143048,-1.8311042955809056,-0.8204748077875315,0.08277193196818393,-0.2749173182191866,0.17523809429175316,1.2267103656834222,11.6,3.0,1.7,0.4,0.2,2.0,0.451,9.3,0.852,1.4,1.0
1630692,Jordan Goodwin,LAL,29,18.7,-4.729977238697781,-2.1215138590478486,-0.71230041331784,-1.2859550982702972,-0.16982015644500367,-0.4358772416371261,-1.0945874451654645,-0.22572714067064834,-0.029696795244996764,1.3455009111014424,5.6,3.9,1.4,1.0,0.4,0.9,0.438,5.0,0.818,0.4,0.9
1641710,Anthony Black,ORL,78,24.2,-4.737126869510183,-1.4397780942168228,-1.103530958897027,-0.45451861231967405,0.10706053341098024,-0.05127967548672083,-1.201620115813978,-0.5499016703113683,-0.3199442782148309,0.27638600233926025,9.4,2.9,3.1,1.1,0.6,0.8,0.423,7.9,0.761,2.5,1.8
1641729,Brice Sensabaugh,UTA,71,20.2,-4.757350003759027,-1.1706718712572073,-1.0644079043391084,-1.2370470696849662,-1.2773429158689384,-1.0127735908627342,0.2968372732652111,-0.14707289924123018,0.22237133563662637,0.632757638593321,10.9,3.0,1.5,0.6,0.1,2.2,0.459,8.4,0.89,1.0,1.5
203501,Tim Hardaway Jr.,DET,77,28.0,-4.7681426930104065,-1.152731456393233,-1.2991462316866205,-1.1881390410996355,-1.554223605724922,-1.0127735908627342,0.2968372732652111,-0.8342748378615925,0.27443624999761596,1.7018725473555028,11.0,2.4,1.6,0.5,0.1,2.2,0.406,8.8,0.855,1.9,0.6
1629006,Josh Okogie,CHA,40,15.6,-4.77670376129944,-1.8524076360882331,-1.1426540134549457,-1.5794032697822817,0.38394122326696356,-0.24357845856192345,-1.201620115813978,-0.20287918040042485,-0.40239376698407825,1.4642914565194625,7.1,2.8,0.8,1.2,0.5,0.8,0.443,5.3,0.741,2.1,0.8
1641824,Matas Buzelis,CHI,80,18.9,-4.810446379837782,-1.5833014131286178,-0.8687926315495148,-1.48158721261162,-1.8311042955809056,0.5256166737388873,-0.7734894332199241,-0.16457327884461664,0.02128430025708722,1.3455009111014424,8.6,3.5,1.0,0.4,0.9,1.2,0.454,6.9,0.815,1.4,0.9
1630241,Sam Merrill,CLE,71,19.7,-4.884566977010005,-1.834467221224259,-1.3773923408024578,-1.2370470696849662,-1.0004622260129548,-0.8204748077875315,-0.024260738680329668,-0.5573760635285082,0.14625039793747852,1.8206630927735232,7.2,2.2,1.5,0.7,0.2,1.9,0.406,6.0,0.966,0.4,0.5
1629599,Amir Coffey,LAC,72,24.3,-4.888813097519131,-1.3859568496248997,-1.3773923408024578,-1.4326791840262894,-1.2773429158689384,-1.0127735908627342,-0.5594240919228971,0.005199314774137653,0.4496840134594449,1.7018725473555028,9.7,2.2,1.1,0.6,0.1,1.4,0.471,7.1,0.891,1.8,0.6
1630173,Precious Achiuwa,NYK,57,20.5,-4.942494706941424,-1.942109710408105,-0.047208485833222257,-1.48158721261162,-0.7235815361569709,0.1410191075884818,-1.843816139705059,0.26831890410279347,-0.7778210904371847,1.4642914565194625,6.6,5.6,1.0,0.8,0.7,0.2,0.502,5.7,0.594,1.2,0.8
1627777,Georges Niang,ATL,79,21.5,-4.952984044396975,-1.3500760198969508,-0.9079156861074336,-1.2859550982702972,-1.8311042955809056,-0.8204748077875315,0.18980460261669752,-0.11130404357306158,-0.06266906148091525,1.2267103656834222,9.9,3.4,1.4,0.4,0.2,2.1,0.461,7.8,0.793,0.7,1.0
1627732,Ben Simmons,LAC,51,22.0,-4.9721436798740735,-2.2291563482316947,-0.39931597685449033,0.7681821023135949,-1.0004622260129548,-0.24357845856192345,-2.0578814810020862,0.3305434458447101,-0.17927964887244932,0.03880491150321989,5.0,4.7,5.6,0.7,0.5,0.0,0.52,4.4,0.727,0.6,2.0
1642377,Jaylen Wells,MEM,79,25.9,-4.994239753085601,-1.260373945577079,-0.9079156861074336,-1.1392310125143048,-1.2773429158689384,-1.0127735908627342,-0.2383260799773566,-0.5767937748290909,0.07301634154989399,1.3455009111014424,10.4,3.4,1.7,0.6,0.1,1.7,0.425,8.6,0.822,1.7,0.9
1627780,Gary Payton II,GSW,62,15.0,-5.005348306724253,-1.9600501252720794,-1.0644079043391084,-1.334863126855628,-0.7235815361569709,-0.6281760247123288,-1.5227181277595185,0.734387617161162,-0.20781162614528315,1.7018725473555028,6.5,3.0,1.3,0.8,0.3,0.5,0.574,4.8,0.711,0.6,0.6
1630175,Cole Anthony,MEM,67,18.4,-5.023207719210908,-1.4397780942168228,-1.0644079043391084,-0.5523346694903356,-1.0004622260129548,-0.24357845856192345,-0.8805221038684374,-0.5529507805066051,0.07806887919195832,0.632757638593321,9.4,3.0,2.9,0.7,0.5,1.1,0.424,8.1,0.823,1.7,1.5
1642264,Stephon Castle,SAS,81,26.7,-5.034035253653328,-0.4889361064261816,-0.7905465224336773,0.03456167353363341,-0.4467008463009873,-0.6281760247123288,-0.7734894332199241,-0.7800600292947596,-0.9619117854662819,-0.19877617933282077,14.7,3.7,4.1,0.9,0.3,1.2,0.428,12.2,0.724,4.2,2.2
203935,Marcus Smart,WAS,34,20.0,-5.037135664690143,-1.5115397536727202,-1.4165153953603766,-0.4056105837343432,0.10706053341098024,-0.6281760247123288,-0.5594240919228971,-0.859331075458328,-0.2775663664154302,0.5139670931753006,9.0,2.1,3.2,1.1,0.3,1.4,0.393,7.6,0.761,2.1,1.6
1628380,Zach Collins,CHI,64,15.3,-5.048029803823221,-1.9779905401360536,-0.4775620859703278,-1.1392310125143048,-1.554223605724922,-0.24357845856192345,-1.5227181277595185,0.26174353288024105,0.2600295828621457,1.3455009111014424,6.4,4.5,1.7,0.5,0.5,0.5,0.507,4.7,0.885,1.2,0.9
1642024,Alex Reese,PHI,15,14.4,-5.061238573555242,-2.2112159333677206,-1.0252848497811895,-1.8239434127089356,-1.0004622260129548,0.1410191075884818,-0.9875547745169511,0.07274234261995992,-0.16599246556747546,1.9394536381915435,5.1,3.1,0.3,0.7,0.7,1.0,0.481,3.6,0.75,0.8,0.4
1642367,Jonathan Mogbo,TOR,63,20.4,-5.067090951261324,-2.0138713698640025,-0.32106986773865287,-0.8457828410023203,-0.4467008463009873,-0.24357845856192345,-1.7367834690565456,-0.26236592377047324,-0.30485799523181994,1.1079198202654017,6.2,4.9,2.3,0.9,0.5,0.3,0.438,5.7,0.732,1.3,1.1
1641787,Tosan Evbuomwan,BKN,28,23.7,-5.092060451424748,-1.4218376793528484,-0.5558081950861653,-0.9925069267583125,-0.4467008463009873,-0.4358772416371261,-1.0945874451654645,-0.5039322608793638,-0.3923580402558211,0.7515481840113413,9.5,4.3,2.0,0.9,0.4,0.9,0.427,7.9,0.753,2.6,1.4
1630182,Josh Green,CHA,68,27.8,-5.104770950474179,-1.79858639149631,-1.2600231771287018,-1.1881390410996355,0.10706053341098024,-0.8204748077875315,-0.5594240919228971,-0.3787296282156011,-0.43316471191790484,1.2267103656834222,7.4,2.5,1.6,1.1,0.2,1.4,0.428,6.2,0.681,1.1,1.0
203083,Andre Drummond,PHI,40,18.8,-5.135846773078652,-1.8165268063602844,0.8134987144409892,-1.530495241196951,-0.16982015644500367,-0.24357845856192345,-1.9508488103535724,0.25930540850656875,-1.2489296071198153,0.7515481840113413,7.3,7.8,0.9,1.0,0.5,0.1,0.5,5.9,0.622,2.3,1.4
1630172,Patrick Williams,CHI,63,25.0,-5.145403046258386,-1.5115397536727202,-0.7514234678757588,-0.9925069267583125,-0.7235815361569709,-0.24357845856192345,-0.4523914212743836,-0.8822983234365712,-0.33963134253308624,0.7515481840113413,9.0,3.8,2.0,0.8,0.5,1.5,0.397,8.2,0.723,1.3,1.4
1629731,Dean Wade,CLE,59,21.2,-5.154754149106887,-2.1573946887757973,-0.5949312496440838,-1.334863126855628,-1.0004622260129548,-0.6281760247123288,-0.5594240919228971,-0.3720844300420124,-0.4468719493327288,1.9394536381915435,5.4,4.2,1.3,0.7,0.3,1.4,0.413,4.6,0.533,0.5,0.4
1630548,Johnny Juzang,UTA,64,19.8,-5.164062053378343,-1.5294801685366946,-1.103530958897027,-1.4326791840262894,-1.2773429158689384,-1.0127735908627342,-0.13129340932884304,-0.44823072014672294,0.06939634693340353,1.7018725473555028,8.9,2.9,1.1,0.6,0.1,1.8,0.429,7.4,0.849,0.8,0.6
203937,Kyle Anderson,MIA,61,16.4,-5.1914615619128375,-2.0676926144559253,-0.9079156861074336,-0.7968748124169894,-1.0004622260129548,-0.24357845856192345,-1.629750798408032,-0.00024427795037349186,-0.24681523535470923,1.7018725473555028,5.9,3.4,2.4,0.7,0.5,0.4,0.469,5.0,0.738,1.1,0.6
1642366,Quinten Post,GSW,42,16.3,-5.206235134105909,-1.6730034874484896,-0.8687926315495148,-1.334863126855628,-1.8311042955809056,-0.4358772416371261,-0.2383260799773566,-0.20022575626105857,-0.08833397131529143,1.4642914565194625,8.1,3.5,1.3,0.4,0.4,1.7,0.449,6.5,0.778,0.6,0.8
1629750,Javonte Green,CLE,68,18.5,-5.209597558939285,-2.2112159333677206,-0.9861617952232709,-1.5794032697822817,-0.16982015644500367,-0.24357845856192345,-1.3086527864624915,-0.23884296964023544,-0.2925852822298802,1.8206630927735232,5.1,3.2,0.8,1.0,0.5,0.7,0.429,4.2,0.724,1.1,0.5
1630643,Jay Huff,MEM,64,11.7,-5.210460427418312,-1.8882884658161818,-1.4556384499182953,-1.6772193269529432,-2.107984985436889,0.5256166737388873,-0.6664567625714105,0.32240860604902116,-0.08356080928402361,1.8206630927735232,6.9,2.0,0.6,0.3,0.9,1.3,0.515,4.8,0.786,0.9,0.5
1628418,Thomas Bryant,IND,66,14.6,-5.25253497651509,-1.9600501252720794,-0.7514234678757588,-1.5794032697822817,-1.8311042955809056,-0.05127967548672083,-1.3086527864624915,0.2784787254785252,0.1302368256931004,1.8206630927735232,6.5,3.8,0.8,0.4,0.6,0.7,0.508,4.9,0.859,1.0,0.5
1631260,AJ Green,MIL,73,22.7,-5.268109331362913,-1.79858639149631,-1.2991462316866205,-1.2370470696849662,-1.554223605724922,-1.0127735908627342,0.18980460261669752,-0.3435368448934792,-0.03326329240410099,1.8206630927735232,7.4,2.4,1.5,0.5,0.1,2.1,0.429,5.8,0.815,0.4,0.5
1631222,Jake LaRavia,SAC,66,20.4,-5.3075924084897474,-1.8882884658161818,-0.71230041331784,-0.7968748124169894,-0.4467008463009873,-0.6281760247123288,-1.0945874451654645,0.04354594871805053,-0.654549078907368,0.8703387294293614,6.9,3.9,2.4,0.9,0.3,0.9,0.475,5.1,0.678,1.7,1.3
1626179,Terry Rozier,MIA,64,25.9,-5.316702092423519,-1.2244931158491306,-0.7905465224336773,-0.6990587552463279,-1.2773429158689384,-0.8204748077875315,-0.5594240919228971,-1.1590836289742221,0.2245924708118238,0.9891292748473817,10.6,3.7,2.6,0.6,0.2,1.4,0.391,9.9,0.852,1.7,1.2
1631170,Jaime Jaquez Jr.,MIA,66,20.7,-5.328185847834127,-1.5833014131286178,-0.5166851405282463,-0.7479667838316587,-0.4467008463009873,-0.8204748077875315,-1.4156854571110051,-0.09619814649894969,-0.33393089124045133,0.632757638593321,8.6,4.4,2.5,0.9,0.2,0.6,0.461,7.0,0.754,2.2,1.5
1630215,Jared Butler,PHI,60,17.4,-5.329040390026367,-1.5115397536727202,-1.5338845590341328,-0.1610704408076894,-1.0004622260129548,-0.8204748077875315,-0.9875547745169511,-0.2512547101868768,0.06686215256312865,0.8703387294293614,9.0,1.8,3.7,0.7,0.2,1.0,0.448,7.6,0.824,1.5,1.3
201587,Nicolas Batum,LAC,78,17.5,-5.342967690091933,-2.4085604968714383,-1.1426540134549457,-1.4326791840262894,-1.0004622260129548,-0.24357845856192345,-0.8805221038684374,-0.1307886723683863,-0.043176173119100006,1.9394536381915435,4.0,2.8,1.1,0.7,0.5,1.1,0.437,3.1,0.81,0.3,0.4
1629611,Terance Mann,ATL,67,21.1,-5.366427530398882,-1.744765146904387,-1.0644079043391084,-1.090322983928974,-1.0004622260129548,-0.8204748077875315,-1.0945874451654645,0.23458375838354706,-0.3690727765814916,1.5830820019374827,7.7,3.0,1.8,0.7,0.2,0.9,0.496,6.2,0.691,1.0,0.7
1631221,Collin Gillespie,PHX,33,14.0,-5.400434837893696,-2.0676926144559253,-1.2991462316866205,-0.7968748124169894,-1.2773429158689384,-0.8204748077875315,-0.7734894332199241,-0.2711204777566062,0.08504336252531808,1.8206630927735232,5.9,2.4,2.4,0.6,0.2,1.2,0.43,4.8,0.864,0.7,0.5
1641774,Tristan Vukcevic,WAS,35,14.6,-5.436028672498288,-1.4397780942168228,-0.7905465224336773,-1.4326791840262894,-2.107984985436889,0.1410191075884818,-0.8805221038684374,0.25700693803496844,-0.1716731029870043,0.9891292748473817,9.4,3.7,1.1,0.3,0.7,1.1,0.496,6.9,0.776,1.9,1.2
1628971,Bruce Brown,NOP,41,22.5,-5.438669665318018,-1.6371226577205407,-0.6731773587599214,-0.9925069267583125,-0.7235815361569709,-0.8204748077875315,-1.3086527864624915,-0.542057776144996,0.032193818789324875,1.2267103656834222,8.3,4.0,2.0,0.8,0.2,0.7,0.421,7.5,0.815,1.6,1.0
1631213,Tyrese Martin,BKN,60,21.9,-5.496731912757629,-1.5653609982646435,-0.7905465224336773,-0.9925069267583125,-1.2773429158689384,-0.8204748077875315,-0.2383260799773566,-0.7353824184569194,-0.06592051805763197,0.9891292748473817,8.7,3.7,2.0,0.6,0.2,1.7,0.406,7.8,0.793,1.0,1.2
1641730,Noah Clowney,BKN,46,22.7,-5.5085389344539335,-1.4935993388087458,-0.71230041331784,-1.530495241196951,-1.554223605724922,-0.24357845856192345,-0.024260738680329668,-1.3306484476695666,0.1538569438229232,1.2267103656834222,9.1,3.9,0.9,0.5,0.5,1.9,0.358,8.1,0.838,1.7,1.0
1630228,Jonathan Kuminga,GSW,47,24.3,-5.51121702243604,-0.38129361724233524,-0.43843903141240925,-0.8946908695876509,-0.7235815361569709,-0.4358772416371261,-0.9875547745169511,-0.31571371436194406,-1.9668238761139734,0.632757638593321,15.3,4.6,2.2,0.8,0.4,1.0,0.454,12.1,0.668,5.0,1.5
1626168,Trey Lyles,SAC,69,19.6,-5.547231694147347,-1.9600501252720794,-0.43843903141240925,-1.3837711554409586,-1.2773429158689384,-0.6281760247123288,-0.7734894332199241,-0.38806316400407387,-0.3997723915721366,1.7018725473555028,6.5,4.6,1.2,0.6,0.3,1.2,0.42,5.4,0.7,1.2,0.6
1642266,Ja'Kobe Walter,TOR,52,21.2,-5.570100685452065,-1.5833014131286178,-1.0252848497811895,-1.1881390410996355,-0.7235815361569709,-0.8204748077875315,-0.6664567625714105,-0.7266598684900112,-0.06291277212012077,1.2267103656834222,8.6,3.1,1.6,0.8,0.2,1.3,0.405,7.6,0.795,1.6,1.0
1630314,Brandon Williams,DAL,33,14.8,-5.570376870167992,-1.6371226577205407,-1.5338845590341328,-0.8457828410023203,-1.0004622260129548,-0.8204748077875315,-1.3086527864624915,0.42586596237766977,0.1610077706269271,0.9891292748473817,8.3,1.8,2.3,0.7,0.2,0.7,0.521,5.7,0.833,2.0,1.2
1631157,Ryan Rollins,MIL,56,14.6,-5.571108008399506,-2.0138713698640025,-1.494761504476214,-1.0414149553436434,-0.7235815361569709,-0.6281760247123288,-1.0945874451654645,0.1268931431483438,-0.04710922693066775,1.3455009111014424,6.2,1.9,1.9,0.8,0.3,0.9,0.487,4.8,0.8,0.8,0.9
1629726,Garrison Mathews,ATL,47,17.6,-5.575976049110977,-1.7806459766323357,-1.494761504476214,-1.334863126855628,-1.2773429158689384,-0.6281760247123288,-0.13129340932884304,-0.5799388970820015,0.06796380390782965,1.5830820019374827,7.5,1.9,1.3,0.6,0.3,1.8,0.397,5.5,0.821,1.7,0.7
1641737,Adem Bona,PHI,58,15.6,-5.644801422569698,-2.0856330293199,-0.5949312496440838,-1.726127355538274,-1.8311042955809056,1.1025130229644953,-2.0578814810020862,1.135412525329538,-0.6949693800438826,1.1079198202654017,5.8,4.2,0.5,0.4,1.2,0.0,0.703,3.3,0.67,1.7,1.1
1628997,Caleb Martin,DAL,45,27.1,-5.646127562295017,-1.7088843171764383,-0.71230041331784,-0.9435988981729817,-0.16982015644500367,-0.24357845856192345,-1.201620115813978,-0.45843127391055877,-1.1970232037436745,0.9891292748473817,7.9,3.9,2.1,1.0,0.5,0.8,0.424,6.8,0.622,2.2,1.2
1630194,Paul Reed,DET,45,9.7,-5.651975387137099,-2.390620082007464,-1.1817770680128643,-1.48158721261162,-0.4467008463009873,-0.05127967548672083,-1.843816139705059,0.18969084778001397,-0.1477577581478998,1.7018725473555028,4.1,2.7,1.0,0.9,0.6,0.2,0.507,3.2,0.762,0.9,0.6
200768,Kyle Lowry,PHI,35,18.8,-5.70320275243426,-2.426500911735413,-1.494761504476214,-0.650150726660997,-0.4467008463009873,-0.6281760247123288,-1.201620115813978,-0.5592002926243226,0.002035122534477636,1.7018725473555028,3.9,1.9,2.7,0.9,0.3,0.8,0.35,3.3,0.818,0.9,0.6
202692,Alec Burks,MIA,49,17.6,-5.709124198013076,-1.8165268063602844,-1.2600231771287018,-1.4326791840262894,-1.2773429158689384,-1.0127735908627342,-0.13129340932884304,-0.36391176731451247,-0.11644589447827525,1.7018725473555028,7.3,2.5,1.1,0.6,0.1,1.8,0.424,5.5,0.776,1.0,0.6
203957,Dante Exum,DAL,20,18.6,-5.742783783773927,-1.5653609982646435,-1.5730076135920512,-0.6012426980756664,-1.2773429158689384,-0.8204748077875315,-0.7734894332199241,0.0751601007995795,-0.3149452380301531,1.1079198202654017,8.7,1.7,2.8,0.6,0.2,1.2,0.478,6.7,0.742,1.6,1.1
1629626,Bol Bol,PHX,36,12.5,-5.744758337800301,-1.9062288806801562,-1.103530958897027,-1.6772193269529432,-2.107984985436889,0.1410191075884818,-1.0945874451654645,0.4145016260965679,-0.11260002170837449,1.7018725473555028,6.8,2.9,0.6,0.3,0.7,0.9,0.525,5.1,0.769,0.7,0.6
1642346,Ryan Dunn,PHX,74,19.1,-5.766858297640047,-1.8882884658161818,-0.829669576991596,-1.5794032697822817,-1.2773429158689384,-0.24357845856192345,-0.8805221038684374,-0.37348678797531804,-0.5152298115488932,1.8206630927735232,6.9,3.6,0.8,0.6,0.5,1.1,0.43,6.4,0.487,0.5,0.5
1641715,Cam Whitmore,HOU,51,16.2,-5.769985341653781,-1.4397780942168228,-1.0644079043391084,-1.48158721261162,-1.2773429158689384,-0.6281760247123288,-0.6664567625714105,-0.3085622707933447,-0.24917506764164982,1.3455009111014424,9.4,3.0,1.0,0.6,0.3,1.3,0.444,7.9,0.75,1.4,0.9
1641722,Jordan Hawkins,NOP,56,23.6,-5.779920915013685,-1.1886122861211816,-1.1426540134549457,-1.3837711554409586,-1.554223605724922,-0.4358772416371261,0.08277193196818393,-1.4327179933463756,0.04845308306021887,1.2267103656834222,10.8,2.8,1.2,0.5,0.4,2.0,0.372,9.9,0.816,1.8,1.0
1630526,Jeremiah Robinson-Earl,NOP,66,18.8,-5.790303935568365,-1.995930955000028,-0.3601929222965718,-1.334863126855628,-1.2773429158689384,-1.0127735908627342,-1.201620115813978,-0.11035847027778288,0.03848670488783354,1.4642914565194625,6.3,4.8,1.3,0.6,0.1,0.8,0.455,5.3,0.836,0.8,0.8
1629020,Jarred Vanderbilt,LAL,36,16.1,-5.801592491140882,-2.390620082007464,-0.24282375862281574,-1.4326791840262894,-0.16982015644500367,-0.6281760247123288,-1.7367834690565456,0.10532243419081984,-0.7703037069807169,1.4642914565194625,4.1,5.1,1.1,1.0,0.3,0.3,0.488,3.4,0.556,1.0,0.8
1629610,DaQuan Jeffries,CHA,47,22.8,-5.80698460866415,-1.9241692955441307,-1.103530958897027,-1.4326791840262894,-1.2773429158689384,-0.24357845856192345,-0.7734894332199241,-0.5861738619182538,-0.04910250256514488,1.5830820019374827,6.7,2.9,1.1,0.6,0.5,1.2,0.405,6.2,0.8,0.6,0.7
1626172,Kevon Looney,GSW,76,15.0,-5.811577638555081,-2.3188584225515667,0.14840678695637124,-1.1881390410996355,-1.2773429158689384,-0.24357845856192345,-2.0578814810020862,0.25138586847657435,-0.946233067677397,1.8206630927735232,4.5,6.1,1.6,0.6,0.5,0.0,0.514,3.7,0.566,1.3,0.5
1629026,Kenrich Williams,OKC,69,16.4,-5.818907447702766,-1.995930955000028,-0.8687926315495148,-1.2859550982702972,-1.2773429158689384,-1.0127735908627342,-0.9875547745169511,0.1028988570986133,-0.19532888608841836,1.7018725473555028,6.3,3.5,1.4,0.6,0.1,1.0,0.483,5.1,0.718,0.6,0.6
1631217,Moussa Diabaté,CHA,71,17.5,-5.822177141083873,-2.1035734441838745,0.18752984151429014,-1.5794032697822817,-1.2773429158689384,-0.05127967548672083,-2.0578814810020862,0.7282515738388776,-1.013978681214582,1.3455009111014424,5.7,6.2,0.8,0.6,0.6,0.0,0.596,3.9,0.595,1.6,0.9
1641767,Ben Sheppard,IND,63,19.5,-5.856863266349167,-2.1753351036397715,-1.1426540134549457,-1.334863126855628,-1.2773429158689384,-0.8204748077875315,-0.8805221038684374,-0.33862568267061677,0.05471030418713672,2.0582441836095637,5.3,2.8,1.3,0.6,0.2,1.1,0.418,4.6,0.889,0.4,0.3
1630811,Keaton Wallace,ATL,31,16.2,-5.859542968827393,-2.1573946887757973,-1.6121306681499699,-0.6990587552463279,-0.4467008463009873,-0.6281760247123288,-1.0945874451654645,-0.5160850598159128,0.18667069907399314,1.1079198202654017,5.4,1.6,2.6,0.9,0.3,0.9,0.401,5.2,1.0,0.4,1.1
202687,Bismack Biyombo,SAS,28,18.8,-5.866323804275677,-2.2112159333677206,-0.047208485833222257,-1.4326791840262894,-1.2773429158689384,0.33331789066368467,-2.0578814810020862,0.7160376763201716,-1.1160617368446974,1.2267103656834222,5.1,5.6,1.1,0.6,0.8,0.0,0.588,4.1,0.4,0.9,1.0
1631124,Julian Strawther,DEN,65,21.3,-5.907168136137571,-1.5115397536727202,-1.3773923408024578,-1.334863126855628,-1.2773429158689384,-0.8204748077875315,-0.5594240919228971,-0.4220427040519461,0.0504106937231051,1.3455009111014424,9.0,2.2,1.3,0.6,0.2,1.4,0.432,7.5,0.822,1.4,0.9
203486,Mason Plumlee,PHX,74,17.6,-5.937290745637255,-2.3188584225515667,0.14840678695637124,-1.090322983928974,-1.8311042955809056,-0.05127967548672083,-2.0578814810020862,0.605583077606462,-0.8061252081692978,1.4642914565194625,4.5,6.1,1.8,0.4,0.6,0.0,0.619,2.7,0.648,1.7,0.8
1630171,Isaac Okoro,CLE,55,19.1,-5.9479653147546445,-2.031811784727977,-1.2991462316866205,-1.3837711554409586,-1.2773429158689384,-0.6281760247123288,-0.9875547745169511,-0.035160662924644356,-0.24445540306776856,1.9394536381915435,6.1,2.4,1.2,0.6,0.3,1.0,0.464,4.9,0.717,0.8,0.4
1630288,Jeff Dowtin Jr.,PHI,41,15.1,-5.9588509070000795,-1.8703480509522075,-1.6512537227078887,-1.0414149553436434,-1.2773429158689384,-0.6281760247123288,-1.3086527864624915,0.14204559152314616,-0.2631616806672703,1.9394536381915435,7.0,1.5,1.9,0.6,0.3,0.7,0.487,5.6,0.733,1.1,0.4
201569,Eric Gordon,PHI,39,19.7,-5.967481054663928,-1.9062288806801562,-1.7686228863816449,-1.1392310125143048,-1.0004622260129548,-0.6281760247123288,-0.5594240919228971,-0.3269704007601985,-0.22144753361692504,1.5830820019374827,6.8,1.2,1.7,0.7,0.3,1.4,0.426,5.2,0.75,1.2,0.7
1630592,Jalen Wilson,BKN,79,25.7,-5.972067210709663,-1.4218376793528484,-0.9079156861074336,-1.090322983928974,-1.554223605724922,-1.0127735908627342,-0.4523914212743836,-0.8375043343470053,0.0781917252052162,1.2267103656834222,9.5,3.4,1.8,0.5,0.1,1.5,0.397,7.8,0.818,2.1,1.0
1630556,Kessler Edwards,DAL,40,15.2,-5.980455281869659,-2.37267966714349,-1.103530958897027,-1.4326791840262894,-1.554223605724922,-0.24357845856192345,-1.4156854571110051,0.1448910397778617,0.057577371625594426,1.9394536381915435,4.2,2.9,1.1,0.5,0.5,0.6,0.496,3.4,0.923,0.3,0.4
1630539,Kai Jones,DAL,40,11.7,-5.982309766934566,-2.2291563482316947,-1.0252848497811895,-1.6772193269529432,-1.8311042955809056,-0.05127967548672083,-2.0578814810020862,1.3086531908497456,-0.23970007352229622,1.8206630927735232,5.0,3.1,0.6,0.4,0.6,0.0,0.798,2.7,0.719,0.8,0.5
1628964,Mo Bamba,NOP,32,12.9,-6.010636020603534,-2.3547392522795154,-0.4775620859703278,-1.6772193269529432,-2.107984985436889,0.7179154568140899,-1.5227181277595185,-0.014835201260594693,-0.27536504511333854,1.7018725473555028,4.3,4.5,0.6,0.3,1.0,0.5,0.464,3.5,0.704,0.8,0.6
1631218,Trayce Jackson-Davis,GSW,62,15.6,-6.052096125803198,-1.942109710408105,-0.28194681318073433,-1.1392310125143048,-1.8311042955809056,-0.05127967548672083,-2.0578814810020862,0.7631941439197872,-1.0948192834876112,1.5830820019374827,6.6,5.0,1.7,0.4,0.6,0.0,0.576,4.9,0.578,1.6,0.7
1626166,Cameron Payne,NYK,72,15.1,-6.052931331505436,-1.8882884658161818,-1.6903767772658076,-0.6012426980756664,-1.554223605724922,-0.8204748077875315,-0.6664567625714105,-0.6222511199534978,0.20730090375210047,1.5830820019374827,6.9,1.4,2.8,0.5,0.2,1.3,0.401,6.2,0.907,0.8,0.7
1628464,Daniel Theis,NOP,38,16.3,-6.058268266395846,-2.3547392522795154,-0.5558081950861653,-1.1881390410996355,-1.554223605724922,-0.24357845856192345,-1.843816139705059,0.031131298715116374,0.06782312540877637,1.5830820019374827,4.3,4.3,1.6,0.5,0.5,0.2,0.473,3.4,0.838,1.0,0.7
1641716,Jarace Walker,IND,75,15.8,-6.063344327892612,-2.031811784727977,-1.0252848497811895,-1.2370470696849662,-1.0004622260129548,-0.6281760247123288,-0.9875547745169511,0.02215271659440949,-0.40187068073407595,1.2267103656834222,6.1,3.1,1.5,0.7,0.3,1.0,0.472,4.8,0.667,0.9,1.0
1630572,Sandro Mamukelashvili,SAS,61,11.2,-6.104987986298792,-1.995930955000028,-1.0252848497811895,-1.5794032697822817,-1.8311042955809056,-0.6281760247123288,-0.9875547745169511,0.2234812731688302,-0.220468728285482,1.9394536381915435,6.3,3.1,0.8,0.4,0.3,1.0,0.502,4.6,0.741,1.0,0.4
1628398,Kyle Kuzma,MIL,65,29.8,-6.117448949419089,-0.47099569156220705,-0.00808543127530335,-0.8457828410023203,-1.2773429158689384,-0.6281760247123288,-0.4523914212743836,-0.6822790221940757,-1.5536194221967108,-0.19877617933282077,14.8,5.7,2.3,0.6,0.3,1.5,0.436,13.0,0.634,3.1,2.2
1642419,Jamison Battle,TOR,59,17.7,-6.126588121401388,-1.8524076360882331,-1.1817770680128643,-1.530495241196951,-2.107984985436889,-0.8204748077875315,-0.13129340932884304,-0.3500802120968069,0.027262145773208454,1.8206630927735232,7.1,2.7,0.9,0.3,0.2,1.8,0.429,5.9,0.889,0.3,0.5
1642261,Dalton Knecht,LAL,78,19.2,-6.127549537685573,-1.4935993388087458,-1.1426540134549457,-1.5794032697822817,-2.107984985436889,-1.0127735908627342,-0.34535875062586996,-0.09808638363321365,-0.1683522978544161,1.8206630927735232,9.1,2.8,0.8,0.3,0.1,1.6,0.461,7.1,0.762,1.1,0.5
1630231,KJ Martin,UTA,43,21.2,-6.140995894312429,-1.9779905401360536,-1.103530958897027,-1.4326791840262894,-1.8311042955809056,-0.24357845856192345,-1.7367834690565456,0.5694185358824232,-0.08662007129161081,1.7018725473555028,6.4,2.9,1.1,0.4,0.5,0.3,0.552,4.7,0.787,1.1,0.6
1631245,Quenton Jackson,IND,28,13.6,-6.206725538175083,-2.0856330293199,-1.6121306681499699,-1.0414149553436434,-0.7235815361569709,-0.8204748077875315,-1.5227181277595185,0.042507272821390774,-0.1451522338344431,1.7018725473555028,5.8,1.6,1.9,0.8,0.2,0.5,0.475,4.4,0.775,1.4,0.6
1629674,Neemias Queta,BOS,62,13.9,-6.232717029206302,-2.2291563482316947,-0.7514234678757588,-1.6283112983676125,-2.107984985436889,0.1410191075884818,-2.0578814810020862,0.8809805724922729,-0.1818316757285195,1.7018725473555028,5.0,3.8,0.7,0.3,0.7,0.0,0.65,3.3,0.754,1.0,0.6
1630570,Trendon Watford,BKN,44,20.7,-6.246943179485591,-1.296254775305028,-0.829669576991596,-0.6990587552463279,-1.2773429158689384,-0.6281760247123288,-1.3086527864624915,-0.021977916460315258,-0.34340588535980493,0.15759545692124022,10.2,3.6,2.6,0.6,0.3,0.7,0.469,8.0,0.762,2.8,1.9
1630243,Trevelin Queen,ORL,31,13.9,-6.2567088075445785,-2.2470967630956693,-1.5730076135920512,-1.3837711554409586,-0.16982015644500367,-0.6281760247123288,-1.3086527864624915,-0.5997464755258678,0.07048016579230912,1.5830820019374827,4.9,1.7,1.2,1.0,0.3,0.7,0.381,4.7,0.857,0.7,0.7
1642349,Ajay Mitchell,OKC,36,16.6,-6.2767618147595465,-1.9600501252720794,-1.494761504476214,-1.090322983928974,-1.0004622260129548,-1.0127735908627342,-1.4156854571110051,0.19192821966945747,0.041074396715494635,1.4642914565194625,6.5,1.9,1.8,0.7,0.1,0.6,0.495,5.1,0.829,1.0,0.8
1629216,Gabe Vincent,LAL,72,21.2,-6.2818956020356875,-1.9779905401360536,-1.7294998318237262,-1.2859550982702972,-1.0004622260129548,-0.8204748077875315,-0.4523914212743836,-0.5882221191486419,-0.12877210493760155,1.7018725473555028,6.4,1.3,1.4,0.7,0.2,1.5,0.4,5.8,0.714,0.3,0.6
1629723,John Konchar,MEM,46,12.1,-6.305642003495267,-2.6956071346950283,-0.9470387406653522,-1.530495241196951,-1.0004622260129548,-0.6281760247123288,-1.5227181277595185,-0.030880852717398717,-0.008507839345296326,2.0582441836095637,2.4,3.3,0.9,0.7,0.3,0.5,0.451,2.0,0.875,0.2,0.3
203901,Elfrid Payton,NOP,24,21.3,-6.371080870680029,-2.4982625711913102,-0.9470387406653522,1.403986473922895,-0.16982015644500367,-0.24357845856192345,-2.0578814810020862,-1.047063742774789,-0.2562743783755777,-0.5551478155868812,3.5,3.3,6.9,1.0,0.5,0.0,0.328,5.1,0.571,0.3,2.5
1642347,Jamal Shead,TOR,75,19.6,-6.398190421664326,-1.8524076360882331,-1.6512537227078887,0.08346970211896444,-0.7235815361569709,-1.0127735908627342,-0.9875547745169511,-0.6363474356938815,-0.13170852093193072,0.5139670931753006,7.1,1.5,4.2,0.8,0.1,1.0,0.405,6.7,0.768,0.9,1.6
1629646,Charles Bassey,SAS,36,10.4,-6.446705547329497,-2.336798837415541,-0.5949312496440838,-1.726127355538274,-1.8311042955809056,0.33331789066368467,-2.0578814810020862,0.5497389735154558,-0.4847917396832493,1.7018725473555028,4.4,4.2,0.5,0.4,0.8,0.0,0.581,3.3,0.636,0.9,0.6
1631115,Orlando Robinson,TOR,44,17.5,-6.44774823062227,-1.8882884658161818,-0.28194681318073433,-1.090322983928974,-1.8311042955809056,-0.4358772416371261,-1.629750798408032,-0.22133677112426264,-0.17704068121145616,1.1079198202654017,6.9,5.0,1.8,0.4,0.4,0.4,0.444,5.9,0.771,1.6,1.1
1630538,Bones Hyland,MIN,24,9.9,-6.451255721744416,-2.0138713698640025,-1.8468689954974822,-1.334863126855628,-0.7235815361569709,-0.8204748077875315,-0.6664567625714105,-0.5056197455293988,0.2337702568345856,1.2267103656834222,6.2,1.0,1.3,0.8,0.2,1.3,0.398,4.9,0.885,1.1,1.0
1631204,Marcus Sasser,DET,57,14.2,-6.46685956902931,-1.942109710408105,-1.7686228863816449,-0.8457828410023203,-1.2773429158689384,-1.0127735908627342,-0.9875547745169511,-0.04708070535774072,0.06890694426768197,1.3455009111014424,6.6,1.2,2.3,0.6,0.1,1.0,0.463,5.2,0.843,0.9,0.9
1642268,Isaiah Collier,UTA,71,25.9,-6.473573406983213,-1.5653609982646435,-0.9470387406653522,1.1105383024109103,-0.4467008463009873,-0.8204748077875315,-1.4156854571110051,-0.553832345763434,-0.8047085162422091,-1.030309997258962,8.7,3.3,6.3,0.9,0.2,0.6,0.422,7.8,0.682,2.2,2.9
1641783,Tristan da Silva,ORL,74,22.0,-6.487297527458592,-1.834467221224259,-0.9470387406653522,-1.2370470696849662,-1.8311042955809056,-0.8204748077875315,-0.8805221038684374,-0.5500878755141309,0.14915313034752717,1.4642914565194625,7.2,3.3,1.5,0.4,0.2,1.1,0.412,6.5,0.873,0.9,0.8
1641740,Jaylen Clark,MIN,40,13.0,-6.529950486958533,-2.390620082007464,-1.7294998318237262,-1.6283112983676125,-0.4467008463009873,-1.0127735908627342,-1.4156854571110051,0.0055164455100934024,-0.08891055502267997,2.177034729027584,4.1,1.3,0.7,0.9,0.1,0.6,0.467,3.0,0.784,0.9,0.2
1630639,A.J. Lawson,TOR,26,18.7,-6.5560586974324675,-1.4935993388087458,-0.9470387406653522,-1.3837711554409586,-1.554223605724922,-0.8204748077875315,-0.6664567625714105,-0.5266434767038085,-0.8657233570852398,1.7018725473555028,9.1,3.3,1.2,0.5,0.2,1.3,0.421,7.3,0.683,2.4,0.6
1629004,Svi Mykhailiuk,UTA,38,20.0,-6.557286915556391,-1.547420583400669,-1.2991462316866205,-0.9925069267583125,-1.554223605724922,-0.8204748077875315,-0.13129340932884304,-0.9176569457674036,-0.046112589113429185,0.7515481840113413,8.8,2.4,2.0,0.5,0.2,1.8,0.391,7.9,0.8,0.9,1.4
201567,Kevin Love,MIA,23,10.9,-6.566700293203748,-2.1753351036397715,-0.6340543042020027,-1.48158721261162,-1.0004622260129548,-0.8204748077875315,-0.9875547745169511,-0.8148920400365284,-0.35421237175189063,1.7018725473555028,5.3,4.1,1.0,0.7,0.2,1.0,0.357,5.0,0.696,1.0,0.6
1642354,KJ Simpson,CHA,36,23.4,-6.579359243736612,-1.7268247320404124,-1.0644079043391084,-0.45451861231967405,-0.4467008463009873,-0.8204748077875315,-1.0945874451654645,-1.5279008559772638,0.04208886701852858,0.5139670931753006,7.8,3.0,3.1,0.9,0.2,0.9,0.346,8.4,0.82,1.4,1.6
1642345,Oso Ighodaro,PHX,61,17.1,-6.687802785324763,-2.37267966714349,-0.829669576991596,-1.3837711554409586,-1.554223605724922,-0.24357845856192345,-2.0578814810020862,0.6223240891173324,-0.5701954769326214,1.7018725473555028,4.2,3.6,1.2,0.5,0.5,0.0,0.604,3.1,0.58,0.8,0.6
1630695,Micah Potter,UTA,38,18.6,-6.706299945609035,-2.3547392522795154,-0.5558081950861653,-1.5794032697822817,-1.8311042955809056,-0.4358772416371261,-1.201620115813978,-0.23624191571414602,0.024202883765621196,1.4642914565194625,4.3,4.3,0.8,0.4,0.4,0.8,0.422,3.6,0.85,0.5,0.8
1630625,Dalano Banton,POR,67,16.7,-6.744910499291072,-1.6371226577205407,-1.4556384499182953,-0.7968748124169894,-1.2773429158689384,-0.24357845856192345,-0.8805221038684374,-0.881442943286381,-0.4427268870789258,0.8703387294293614,8.3,2.0,2.4,0.6,0.5,1.1,0.391,7.6,0.728,1.9,1.3
203552,Seth Curry,CHA,68,15.6,-6.762111786211035,-1.9600501252720794,-1.5730076135920512,-1.530495241196951,-1.8311042955809056,-1.0127735908627342,-0.7734894332199241,0.06521848864583545,0.03292693209425222,1.8206630927735232,6.5,1.7,0.9,0.4,0.1,1.2,0.478,5.0,0.846,0.6,0.5
1629629,Cam Reddish,LAL,33,17.9,-6.860370914384235,-2.5520838157832335,-1.4556384499182953,-1.6283112983676125,-0.16982015644500367,-0.6281760247123288,-1.629750798408032,-0.24906679905441637,-0.48697720988685594,1.9394536381915435,3.2,2.0,0.7,1.0,0.3,0.4,0.404,2.8,0.615,0.8,0.4
1631246,Vince Williams Jr.,MEM,27,18.5,-6.91175472614237,-1.942109710408105,-0.829669576991596,-0.9925069267583125,-1.8311042955809056,-0.6281760247123288,-0.9875547745169511,-0.6222511199534978,-0.06751157206805457,0.9891292748473817,6.6,3.6,2.0,0.4,0.3,1.0,0.401,6.2,0.792,0.9,1.2
1641733,Nick Smith Jr.,CHA,60,22.8,-7.007925474884103,-1.3500760198969508,-1.4165153953603766,-0.7968748124169894,-2.107984985436889,-1.0127735908627342,-0.2383260799773566,-1.1107982923328585,0.2738755173887128,0.7515481840113413,9.9,2.1,2.4,0.3,0.1,1.7,0.391,9.5,0.935,0.8,1.4
1628470,Torrey Craig,BOS,26,12.1,-7.007974447945049,-2.37267966714349,-1.1426540134549457,-1.6283112983676125,-2.107984985436889,-0.24357845856192345,-1.0945874451654645,-0.22868023880821056,-0.2477425246160761,2.0582441836095637,4.2,2.8,0.7,0.3,0.5,0.9,0.422,3.5,0.667,0.5,0.3
1631133,Jabari Walker,POR,60,12.5,-7.0229512698288605,-2.193275518503746,-0.8687926315495148,-1.6772193269529432,-1.2773429158689384,-1.0127735908627342,-1.5227181277595185,0.2627356574762104,-0.4354373631631788,1.7018725473555028,5.2,3.5,0.6,0.6,0.1,0.5,0.515,3.8,0.69,1.2,0.6
1641810,Antonio Reeves,NOP,44,15.0,-7.024169553803267,-1.8882884658161818,-1.6903767772658076,-1.530495241196951,-1.554223605724922,-1.0127735908627342,-0.7734894332199241,-0.11049521472356162,-0.04710922693066775,1.5830820019374827,6.9,1.4,0.9,0.5,0.1,1.2,0.456,5.6,0.8,0.8,0.7
1626153,Delon Wright,NYK,40,15.9,-7.073925379402457,-2.5700242306472076,-1.5730076135920512,-1.0414149553436434,-0.4467008463009873,-0.6281760247123288,-1.5227181277595185,-0.5880039099266545,-0.40575221847556775,1.7018725473555028,3.1,1.7,1.9,0.9,0.3,0.5,0.344,3.3,0.6,0.6,0.6
1641878,Damion Baugh,CHA,15,24.7,-7.109666802017671,-1.8165268063602844,-0.9470387406653522,-0.1610704408076894,-0.16982015644500367,-1.0127735908627342,-1.201620115813978,-1.8748447905682906,0.15401347342046195,-0.07998563391480044,7.3,3.3,3.7,1.0,0.1,0.8,0.323,8.7,0.867,1.0,2.1
1630322,Lindy Waters III,DET,52,15.0,-7.1474798946209726,-2.2470967630956693,-1.4165153953603766,-1.48158721261162,-1.554223605724922,-0.8204748077875315,-0.7734894332199241,-0.6970648790759386,-0.09648143593653397,1.9394536381915435,4.9,2.1,1.0,0.5,0.2,1.2,0.369,4.8,0.727,0.2,0.4
1641763,Julian Phillips,CHI,79,14.2,-7.171763908295672,-2.300918007687592,-1.4165153953603766,-1.726127355538274,-1.554223605724922,-0.6281760247123288,-1.4156854571110051,-0.11055340384942484,-0.07780884192131274,2.0582441836095637,4.6,2.1,0.5,0.5,0.3,0.6,0.446,3.6,0.789,1.0,0.3
1631323,Simone Fontecchio,DET,75,16.5,-7.181581671969342,-2.0676926144559253,-1.103530958897027,-1.530495241196951,-1.8311042955809056,-0.8204748077875315,-0.9875547745169511,-0.48757820705548366,0.06376722558395058,1.5830820019374827,5.9,2.9,0.9,0.4,0.2,1.0,0.402,5.0,0.833,1.1,0.7
1641842,Ronald Holland II,DET,81,15.6,-7.232501945411611,-1.9779905401360536,-1.1817770680128643,-1.48158721261162,-1.2773429158689384,-0.8204748077875315,-1.629750798408032,0.03612683517048018,-0.24520634885849107,1.3455009111014424,6.4,2.7,1.0,0.6,0.2,0.4,0.474,5.1,0.754,1.5,0.9
1642263,Reed Sheppard,HOU,52,12.6,-7.241625550044082,-2.336798837415541,-1.6512537227078887,-1.2859550982702972,-1.0004622260129548,-0.6281760247123288,-1.0945874451654645,-0.7869728974473185,-0.04050130024977193,1.5830820019374827,4.4,1.5,1.4,0.7,0.3,0.9,0.351,4.6,0.813,0.3,0.7
1641732,Colby Jones,WAS,39,13.2,-7.249303716971426,-2.4085604968714383,-1.3773923408024578,-1.4326791840262894,-1.0004622260129548,-0.6281760247123288,-1.629750798408032,-0.0455357840660701,-0.4286194094273577,1.7018725473555028,4.0,2.2,1.1,0.7,0.3,0.4,0.457,3.3,0.657,0.9,0.6
1641720,Jalen Hood-Schifino,PHI,15,21.0,-7.266820728126571,-1.8524076360882331,-1.5338845590341328,-0.7479667838316587,-2.107984985436889,-0.24357845856192345,-1.0945874451654645,-0.8715827959088452,0.1960426610531945,0.9891292748473817,7.1,1.8,2.5,0.3,0.5,0.9,0.378,6.5,0.857,1.4,1.2
1642285,Cam Spencer,MEM,25,10.1,-7.306757085666497,-2.37267966714349,-1.7686228863816449,-1.2859550982702972,-1.8311042955809056,-1.2050723739379368,-1.201620115813978,-0.24716110518239362,0.4284237276165626,2.177034729027584,4.2,1.2,1.4,0.4,0.0,0.8,0.415,3.3,1.0,0.8,0.2
1626192,Pat Connaughton,MIL,41,14.7,-7.327299400580841,-2.1753351036397715,-1.1817770680128643,-1.1392310125143048,-2.384865675292873,-0.6281760247123288,-1.4156854571110051,0.004826904368612923,-0.10892851102180776,1.7018725473555028,5.3,2.7,1.7,0.2,0.3,0.6,0.469,4.3,0.774,0.8,0.6
1641741,Ricky Council IV,PHI,73,17.1,-7.341224249663879,-1.8165268063602844,-1.103530958897027,-1.334863126855628,-1.8311042955809056,-0.8204748077875315,-1.201620115813978,-0.8069986851131721,-0.009187455192836773,1.5830820019374827,7.3,2.9,1.3,0.4,0.2,0.8,0.382,6.3,0.804,2.1,0.7
1642382,Branden Carlson,OKC,32,7.7,-7.355506901813474,-2.444441326599387,-1.5730076135920512,-1.7750353841236048,-2.384865675292873,0.1410191075884818,-1.3086527864624915,-0.0992239810438409,-0.08833397131529143,2.177034729027584,3.8,1.7,0.4,0.2,0.7,0.7,0.443,3.0,0.778,0.6,0.2
1628988,Aaron Holiday,HOU,62,12.8,-7.387010221420873,-2.139454273911823,-1.7294998318237262,-1.334863126855628,-2.107984985436889,-0.8204748077875315,-0.7734894332199241,-0.19534368860112786,0.012227378860273355,1.7018725473555028,5.5,1.3,1.3,0.3,0.2,1.2,0.437,4.3,0.829,0.7,0.6
1631111,Wendell Moore Jr.,CHA,36,13.9,-7.444399829117123,-2.37267966714349,-1.220900122570783,-1.3837711554409586,-1.2773429158689384,-1.0127735908627342,-1.629750798408032,0.0055309927915592,-0.017004028133207002,1.4642914565194625,4.2,2.6,1.2,0.6,0.1,0.4,0.468,3.5,0.818,0.6,0.8
1629013,Landry Shamet,NYK,50,15.2,-7.451746401658222,-2.1035734441838745,-1.7686228863816449,-1.726127355538274,-1.554223605724922,-1.2050723739379368,-0.7734894332199241,-0.050880455276613966,-0.20921048558657615,1.9394536381915435,5.7,1.2,0.5,0.5,0.0,1.2,0.461,4.6,0.667,0.4,0.4
1630658,Colin Castleton,TOR,26,16.6,-7.460816958395508,-2.282977592823618,-0.39931597685449033,-1.4326791840262894,-2.107984985436889,-0.4358772416371261,-1.9508488103535724,0.008449177453603218,-0.20508325581856848,1.3455009111014424,4.7,4.7,1.1,0.3,0.4,0.1,0.469,3.8,0.763,1.5,0.9
1631223,David Roddy,HOU,33,12.4,-7.469735372182397,-2.300918007687592,-1.2600231771287018,-1.4326791840262894,-1.8311042955809056,-0.6281760247123288,-1.4156854571110051,-0.06341439298756807,-0.12081683488548853,1.5830820019374827,4.6,2.5,1.1,0.4,0.3,0.6,0.456,3.8,0.769,0.8,0.7
1629234,Drew Eubanks,LAC,61,12.2,-7.4781718510610204,-2.300918007687592,-0.7905465224336773,-1.530495241196951,-2.384865675292873,-0.05127967548672083,-2.0578814810020862,0.5900320337194958,-0.535299283618097,1.5830820019374827,4.6,3.7,0.9,0.2,0.6,0.0,0.593,3.2,0.662,1.2,0.7
1631230,Dominick Barlow,ATL,35,10.7,-7.480885333872357,-2.37267966714349,-1.2991462316866205,-1.726127355538274,-2.107984985436889,-0.24357845856192345,-1.843816139705059,0.3014139694375439,-0.4847917396832493,2.295825274445604,4.2,2.4,0.5,0.3,0.5,0.2,0.531,3.2,0.636,0.9,0.1
1629003,Shake Milton,LAL,57,14.7,-7.488505113456847,-2.139454273911823,-1.5338845590341328,-1.090322983928974,-1.8311042955809056,-1.0127735908627342,-1.3086527864624915,-0.10136243141931714,-0.0540321941939512,1.5830820019374827,5.5,1.8,1.8,0.4,0.1,0.7,0.453,4.5,0.797,1.0,0.7
1629618,Jalen Pickett,DEN,49,13.6,-7.494841129604268,-2.390620082007464,-1.6903767772658076,-0.8946908695876509,-1.8311042955809056,-1.0127735908627342,-1.201620115813978,-0.21150862776595167,-0.08280986349330108,1.8206630927735232,4.1,1.4,2.2,0.4,0.1,0.8,0.428,3.7,0.75,0.2,0.5
1628420,Monte Morris,PHX,45,12.7,-7.522333027940077,-2.193275518503746,-1.6512537227078887,-1.1881390410996355,-1.8311042955809056,-1.0127735908627342,-1.3086527864624915,-0.26415232993447635,0.10635516443827639,1.8206630927735232,5.2,1.5,1.6,0.4,0.1,0.7,0.426,4.3,0.857,0.9,0.5
1631216,Caleb Houstan,ORL,58,13.6,-7.542041214203909,-2.390620082007464,-1.7294998318237262,-1.6772193269529432,-1.8311042955809056,-1.0127735908627342,-0.8805221038684374,-0.2183574878800617,0.021020775744776052,2.177034729027584,4.1,1.3,0.6,0.4,0.1,1.1,0.421,3.3,0.882,0.3,0.2
1630192,Zeke Nnaji,DEN,57,10.7,-7.5623774333688925,-2.5520838157832335,-1.6121306681499699,-1.7750353841236048,-1.8311042955809056,0.1410191075884818,-1.7367834690565456,0.11606123736889139,-0.48935487465959215,2.177034729027584,3.2,1.6,0.4,0.4,0.7,0.3,0.496,2.5,0.614,0.8,0.2
1641871,Duop Reath,POR,46,10.2,-7.616469700470752,-2.37267966714349,-1.4556384499182953,-1.6772193269529432,-2.107984985436889,-0.6281760247123288,-1.3086527864624915,-0.23624191571414602,0.11187927226026687,2.0582441836095637,4.2,2.0,0.6,0.3,0.3,0.7,0.422,3.6,0.909,0.5,0.3
1642275,Tidjane Salaün,CHA,60,20.7,-7.618014110607312,-2.0676926144559253,-0.39931597685449033,-1.3837711554409586,-1.554223605724922,-0.8204748077875315,-0.9875547745169511,-1.1788417466611043,-0.45284979484885,1.2267103656834222,5.9,4.7,1.2,0.5,0.2,1.0,0.33,5.8,0.713,1.6,1.0
202709,Cory Joseph,ORL,50,12.2,-7.62600217609748,-2.4982625711913102,-1.6512537227078887,-1.2859550982702972,-1.554223605724922,-1.0127735908627342,-1.201620115813978,-0.2841170190181732,-0.0772500906997197,1.9394536381915435,3.5,1.5,1.4,0.5,0.1,0.8,0.403,3.1,0.778,0.4,0.4
201145,Jeff Green,HOU,32,12.4,-7.628640990274095,-2.1573946887757973,-1.5338845590341328,-1.6772193269529432,-2.384865675292873,-1.0127735908627342,-1.0945874451654645,0.2019280209490652,-0.02808790874877852,2.0582441836095637,5.4,1.8,0.6,0.2,0.1,0.9,0.504,3.8,0.808,0.8,0.3
1641796,Pelle Larsson,MIA,55,14.2,-7.644317102194653,-2.300918007687592,-1.5730076135920512,-1.3837711554409586,-1.2773429158689384,-1.0127735908627342,-1.4156854571110051,-0.1576836863424021,-0.4625883134805148,1.9394536381915435,4.6,1.7,1.2,0.6,0.1,0.6,0.438,3.7,0.672,1.1,0.4
1629659,Talen Horton-Tucker,CHI,58,12.5,-7.650245125082895,-1.9600501252720794,-1.5730076135920512,-1.2859550982702972,-1.8311042955809056,-0.8204748077875315,-1.3086527864624915,-0.08752796674531835,-0.36655443330970194,1.5830820019374827,6.5,1.7,1.4,0.4,0.2,0.7,0.457,5.0,0.735,1.7,0.7
1630611,Gui Santos,GSW,56,13.6,-7.651896011554684,-2.390620082007464,-1.0252848497811895,-1.2859550982702972,-1.8311042955809056,-0.8204748077875315,-1.4156854571110051,-0.038410525604109395,-0.3086523519316447,1.4642914565194625,4.1,3.1,1.4,0.4,0.2,0.6,0.458,3.2,0.69,0.8,0.8
1631207,Dalen Terry,CHI,73,13.5,-7.654892904749568,-2.3188584225515667,-1.5730076135920512,-1.334863126855628,-1.2773429158689384,-0.8204748077875315,-1.5227181277595185,-0.10385874491885255,-0.2868511473529648,1.5830820019374827,4.5,1.7,1.3,0.6,0.2,0.5,0.448,3.7,0.71,0.9,0.7
1629111,Jock Landale,HOU,42,11.9,-7.658709949705415,-2.2650371779596434,-0.9470387406653522,-1.530495241196951,-2.107984985436889,-0.8204748077875315,-1.7367834690565456,0.3450674516601891,-0.4166260720362143,1.8206630927735232,4.8,3.3,0.9,0.3,0.2,0.3,0.533,3.6,0.675,1.0,0.5
201599,DeAndre Jordan,DEN,56,12.3,-7.66584266965199,-2.4623817414633615,-0.24282375862281574,-1.530495241196951,-2.107984985436889,-0.24357845856192345,-2.0578814810020862,0.676131573803123,-1.2799105791085672,1.5830820019374827,3.7,5.1,0.9,0.3,0.5,0.0,0.65,2.5,0.422,1.1,0.7
1641798,Jaylen Martin,WAS,16,14.9,-7.673016170078621,-2.2470967630956693,-1.1426540134549457,-1.4326791840262894,-1.2773429158689384,-1.2050723739379368,-1.629750798408032,-0.3319339331963377,0.1292223553900665,1.4642914565194625,4.9,2.8,1.1,0.6,0.0,0.4,0.419,4.6,0.9,0.6,0.8
1642358,AJ Johnson,WAS,29,22.0,-7.673702724193107,-1.7627055617683614,-1.4556384499182953,-0.6990587552463279,-1.8311042955809056,-1.0127735908627342,-1.201620115813978,-0.9089460336256681,0.2090148037757809,0.9891292748473817,7.6,2.0,2.6,0.4,0.1,0.8,0.385,7.3,0.865,1.3,1.2
1631288,Jamal Cain,NOP,37,13.6,-7.674991687715799,-2.1753351036397715,-1.3382692862445393,-1.6772193269529432,-1.2773429158689384,-0.8204748077875315,-1.3086527864624915,-0.23913100581325872,-0.5404390023018282,1.7018725473555028,5.3,2.3,0.6,0.6,0.2,0.7,0.43,4.3,0.68,1.4,0.6
1631172,Ousmane Dieng,OKC,37,10.9,-7.72686052542538,-2.444441326599387,-1.3773923408024578,-1.5794032697822817,-1.554223605724922,-0.8204748077875315,-1.4156854571110051,-0.17165780491847282,-0.18424500547284667,1.8206630927735232,3.8,2.2,0.8,0.5,0.2,0.6,0.432,3.4,0.688,0.4,0.5
202704,Reggie Jackson,PHI,31,12.4,-7.766973970381491,-2.336798837415541,-1.6903767772658076,-1.2370470696849662,-1.554223605724922,-1.0127735908627342,-1.201620115813978,-0.4830889159951303,-0.07170815039193384,1.8206630927735232,4.4,1.4,1.5,0.5,0.1,0.8,0.391,4.3,0.778,0.3,0.5
1630702,Jaden Hardy,DAL,57,15.9,-7.818183949951507,-1.5653609982646435,-1.6121306681499699,-1.2859550982702972,-1.554223605724922,-1.0127735908627342,-0.6664567625714105,-0.3779702601230851,-0.49486114999578723,0.7515481840113413,8.7,1.6,1.4,0.5,0.1,1.3,0.435,7.3,0.698,1.5,1.4
1631248,Baylor Scheierman,BOS,31,12.4,-7.839031796623908,-2.480322156327336,-1.4165153953603766,-1.4326791840262894,-1.554223605724922,-1.0127735908627342,-1.201620115813978,-0.5698139891817879,-0.11053739751802587,1.9394536381915435,3.6,2.1,1.1,0.5,0.1,0.8,0.355,3.5,0.75,0.4,0.4
1641736,Reece Beekman,BKN,36,13.0,-7.881548583991544,-2.6597263049670796,-1.8077459409395633,-1.090322983928974,-0.4467008463009873,-1.0127735908627342,-1.843816139705059,-0.6054693760545229,-0.11686594858812528,1.7018725473555028,2.6,1.1,1.8,0.9,0.1,0.2,0.327,3.0,0.762,0.6,0.6
1628467,Maxi Kleber,LAL,34,18.7,-7.907038311331846,-2.587964645511182,-1.1426540134549457,-1.334863126855628,-2.107984985436889,-0.24357845856192345,-1.629750798408032,-0.32645833645260114,-0.11686594858812528,1.5830820019374827,3.0,2.8,1.3,0.3,0.5,0.4,0.385,2.8,0.762,0.6,0.7
1628975,Jevon Carter,CHI,36,8.9,-7.962892913901534,-2.3547392522795154,-1.8077459409395633,-1.4326791840262894,-1.8311042955809056,-1.0127735908627342,-0.9875547745169511,-0.5424476432882794,-0.052092416016860585,2.0582441836095637,4.3,1.1,1.1,0.4,0.1,1.0,0.377,4.1,0.8,0.3,0.3
1641727,Dariq Whitehead,BKN,20,12.3,-7.995962127817196,-2.1035734441838745,-1.6512537227078887,-1.6772193269529432,-2.107984985436889,-1.0127735908627342,-0.2383260799773566,-0.4387051602429007,-0.23041727397207204,1.4642914565194625,5.7,1.5,0.6,0.3,0.1,1.7,0.406,4.8,0.6,0.3,0.8
203500,Steven Adams,HOU,58,13.7,-8.004298063887445,-2.426500911735413,-0.047208485833222257,-1.4326791840262894,-1.8311042955809056,-0.24357845856192345,-2.0578814810020862,0.3355913525133513,-1.646437510762398,1.3455009111014424,3.9,5.6,1.1,0.4,0.5,0.0,0.545,2.9,0.462,1.6,0.9
203914,Gary Harris,ORL,48,14.8,-8.019429613319264,-2.587964645511182,-1.7294998318237262,-1.6772193269529432,-1.554223605724922,-0.6281760247123288,-1.201620115813978,-0.33460481407346265,-0.245574886898265,1.9394536381915435,3.0,1.3,0.6,0.5,0.3,0.8,0.383,2.8,0.583,0.3,0.4
1630256,Jae'Sean Tate,HOU,52,11.3,-8.045849492919661,-2.480322156327336,-1.3382692862445393,-1.530495241196951,-1.554223605724922,-1.0127735908627342,-1.7367834690565456,0.03198667886530692,-0.36442246056348154,1.9394536381915435,3.6,2.3,0.9,0.5,0.1,0.3,0.473,2.8,0.681,0.9,0.4
1641713,GG Jackson,MEM,29,15.8,-8.06725398166043,-1.834467221224259,-0.9861617952232709,-1.48158721261162,-1.8311042955809056,-0.8204748077875315,-0.8805221038684374,-0.9876584641809499,-0.35319790144885654,1.1079198202654017,7.2,3.2,1.0,0.4,0.2,1.1,0.372,6.9,0.725,1.4,1.1
1628981,Bruno Fernando,TOR,17,8.6,-8.083196007526386,-2.5162029860552844,-1.0644079043391084,-1.4326791840262894,-2.384865675292873,-0.24357845856192345,-2.0578814810020862,0.276529389762105,-0.12440116453038827,1.4642914565194625,3.4,3.0,1.1,0.2,0.5,0.0,0.531,2.9,0.75,0.5,0.8
1641748,Andre Jackson Jr.,MIL,67,14.6,-8.099726042430898,-2.5162029860552844,-1.1817770680128643,-1.3837711554409586,-1.554223605724922,-0.8204748077875315,-1.629750798408032,0.04871896200729791,-0.40774549411004485,1.3455009111014424,3.4,2.7,1.2,0.5,0.2,0.4,0.477,2.9,0.5,0.4,0.9
1641721,Maxwell Lewis,BKN,28,11.7,-8.155993696258296,-2.390620082007464,-1.4556384499182953,-1.6283112983676125,-2.107984985436889,-0.6281760247123288,-1.3086527864624915,-0.2872941452903095,-0.1699790168364297,1.8206630927735232,4.1,2.0,0.7,0.3,0.3,0.7,0.417,3.9,0.7,0.4,0.5
1630550,JT Thor,WAS,20,12.5,-8.206253839403175,-2.480322156327336,-1.2991462316866205,-1.8239434127089356,-1.8311042955809056,-0.24357845856192345,-1.7367834690565456,-0.1821434853990389,-0.4298954228553927,1.8206630927735232,3.6,2.4,0.3,0.4,0.5,0.3,0.424,3.0,0.682,1.1,0.5
203939,Dwight Powell,DAL,55,10.0,-8.212358126208345,-2.7494283792869516,-1.4165153953603766,-1.48158721261162,-2.107984985436889,-0.4358772416371261,-2.0578814810020862,0.3800536635854963,-0.4013812780683544,2.0582441836095637,2.1,2.1,1.0,0.3,0.4,0.0,0.689,1.1,0.651,0.8,0.3
1641854,Craig Porter Jr.,CLE,51,10.1,-8.26104446763567,-2.4623817414633615,-1.7294998318237262,-1.2859550982702972,-2.107984985436889,-0.6281760247123288,-1.629750798408032,0.19316764805034603,-0.19354563750886625,1.5830820019374827,3.7,1.3,1.4,0.3,0.3,0.4,0.514,2.7,0.719,0.6,0.7
1630579,Jericho Sims,MIL,53,11.9,-8.27222364309474,-2.8032496238788744,-0.7905465224336773,-1.6772193269529432,-2.384865675292873,-0.4358772416371261,-2.0578814810020862,0.3385997303204838,-0.1630560495731462,1.7018725473555028,1.8,3.7,0.6,0.2,0.4,0.0,0.634,1.3,0.615,0.2,0.6
1628963,Marvin Bagley III,MEM,31,8.6,-8.294144340440845,-2.336798837415541,-1.1817770680128643,-1.7750353841236048,-2.107984985436889,-0.6281760247123288,-1.9508488103535724,0.258650780840607,-0.5116276494181979,1.9394536381915435,4.4,2.7,0.4,0.3,0.3,0.1,0.519,3.4,0.657,1.1,0.4
1631132,Christian Koloko,LAL,37,9.2,-8.322707042956345,-2.6956071346950283,-1.2600231771287018,-1.7750353841236048,-2.384865675292873,-0.4358772416371261,-2.0578814810020862,0.38167423074078916,-0.15333536342727663,2.0582441836095637,2.4,2.5,0.4,0.2,0.4,0.0,0.606,1.8,0.714,0.4,0.3
1631209,Isaiah Wong,CHA,20,13.3,-8.37147188126527,-2.049752199591951,-1.6121306681499699,-1.2859550982702972,-1.2773429158689384,-1.2050723739379368,-1.3086527864624915,-0.6115123167754264,-0.36655443330970194,1.3455009111014424,6.0,1.6,1.4,0.6,0.0,0.7,0.39,5.3,0.735,1.7,0.9
1630205,Lamar Stevens,MEM,17,9.1,-8.408172371467751,-2.336798837415541,-1.3773923408024578,-1.726127355538274,-2.107984985436889,-0.8204748077875315,-1.5227181277595185,-0.03926881521059305,-0.17927964887244932,1.7018725473555028,4.4,2.2,0.5,0.3,0.2,0.5,0.46,3.7,0.727,0.6,0.6
201988,Patty Mills,LAC,29,11.1,-8.434229595275063,-2.444441326599387,-1.9251151046133197,-1.530495241196951,-1.8311042955809056,-1.0127735908627342,-1.0945874451654645,-0.43918522053127285,0.1416000819194688,1.7018725473555028,3.8,0.8,0.9,0.4,0.1,0.9,0.375,3.3,0.929,0.5,0.6
1631169,Josh Minott,MIN,46,6.0,-8.436018649838134,-2.6597263049670796,-1.8468689954974822,-1.7750353841236048,-2.107984985436889,-0.6281760247123288,-1.7367834690565456,0.07967848642286511,0.06184329850534517,2.177034729027584,2.6,1.0,0.4,0.3,0.3,0.3,0.489,2.0,0.895,0.4,0.2
1642262,Cody Williams,UTA,50,21.2,-8.478103350569912,-2.300918007687592,-1.3382692862445393,-1.3837711554409586,-1.554223605724922,-0.6281760247123288,-1.3086527864624915,-1.0841593105126408,-0.22543408488587932,1.3455009111014424,4.6,2.3,1.2,0.5,0.3,0.7,0.323,5.1,0.725,0.8,0.9
1631200,Kris Murray,POR,69,15.1,-8.526714936739655,-2.37267966714349,-1.220900122570783,-1.48158721261162,-1.554223605724922,-0.8204748077875315,-1.629750798408032,-0.2839453610968768,-0.8650259087519041,1.7018725473555028,4.2,2.6,1.0,0.5,0.2,0.4,0.419,4.0,0.456,0.8,0.6
1630545,Terrence Shannon Jr.,MIN,32,10.6,-8.55836298100126,-2.3547392522795154,-1.6512537227078887,-1.48158721261162,-2.384865675292873,-0.8204748077875315,-1.7367834690565456,0.07797936394765663,-0.027301297986464974,1.8206630927735232,4.3,1.5,1.0,0.2,0.2,0.3,0.482,3.6,0.81,0.7,0.5
1642269,Devin Carter,SAC,36,11.0,-8.567768791104427,-2.444441326599387,-1.4165153953603766,-1.4326791840262894,-1.2773429158689384,-1.0127735908627342,-1.5227181277595185,-0.49344076148621085,-0.7885205819144974,1.8206630927735232,3.8,2.1,1.1,0.6,0.1,0.5,0.37,3.5,0.591,1.2,0.5
1630531,Jaden Springer,UTA,43,8.5,-8.581821856200648,-2.6776667198310538,-1.7294998318237262,-1.5794032697822817,-1.2773429158689384,-1.0127735908627342,-1.7367834690565456,-0.22362942268327618,-0.28417627448363664,1.9394536381915435,2.5,1.3,0.8,0.6,0.1,0.3,0.389,2.1,0.711,0.9,0.4
1641757,Jordan Miller,LAC,37,11.4,-8.585724595932529,-2.390620082007464,-1.6121306681499699,-1.530495241196951,-1.554223605724922,-1.0127735908627342,-1.843816139705059,-0.17863468110948216,-0.046112589113429185,1.5830820019374827,4.1,1.6,0.9,0.5,0.1,0.2,0.433,3.6,0.8,0.9,0.7
201959,Taj Gibson,CHA,37,11.1,-8.604354776878624,-2.6059050603751563,-0.9861617952232709,-1.6772193269529432,-2.384865675292873,-0.24357845856192345,-2.0578814810020862,0.11548225556655158,-0.3473072369744026,1.5830820019374827,2.9,3.2,0.6,0.2,0.5,0.0,0.495,2.6,0.6,0.5,0.7
1642352,Keshad Johnson,MIA,16,6.1,-8.661851643248415,-2.6417858901031055,-1.5338845590341328,-1.8239434127089356,-2.107984985436889,-0.6281760247123288,-1.843816139705059,0.5434341817281678,-0.6839389968856975,2.0582441836095637,2.7,1.8,0.3,0.3,0.3,0.2,0.692,1.6,0.444,0.6,0.3
1642277,Johnny Furphy,IND,50,7.6,-8.665974358607698,-2.7494283792869516,-1.6903767772658076,-1.7750353841236048,-1.8311042955809056,-0.8204748077875315,-1.7367834690565456,-0.21010917928893916,-0.029696795244996764,2.177034729027584,2.1,1.4,0.4,0.4,0.2,0.3,0.38,1.8,0.818,0.4,0.2
202066,Garrett Temple,TOR,28,8.1,-8.666856899057947,-2.7853092090149,-1.8468689954974822,-1.4326791840262894,-1.2773429158689384,-1.0127735908627342,-1.843816139705059,-0.49551811327953044,0.08799761100544287,1.9394536381915435,1.9,1.0,1.1,0.6,0.1,0.2,0.3,2.1,0.917,0.4,0.4
203995,Vasilije Micic,PHX,41,19.1,-8.68395769815449,-1.942109710408105,-1.3773923408024578,-0.45451861231967405,-1.8311042955809056,-1.2050723739379368,-0.8805221038684374,-1.191908114873708,0.041074396715494635,0.15759545692124022,6.6,2.2,3.1,0.4,0.0,1.1,0.348,6.7,0.829,1.0,1.9
1641765,Olivier-Maxence Prosper,DAL,52,11.2,-8.698330095344689,-2.426500911735413,-1.2991462316866205,-1.5794032697822817,-1.554223605724922,-1.0127735908627342,-1.843816139705059,-0.3095689426707792,-0.731141586786442,2.0582441836095637,3.9,2.4,0.8,0.5,0.1,0.2,0.402,3.3,0.645,1.5,0.3
1631104,Blake Wesley,SAS,58,11.8,-8.712295668584202,-2.4623817414633615,-1.8077459409395633,-0.9925069267583125,-1.2773429158689384,-1.0127735908627342,-1.7367834690565456,-0.1454785171925756,-0.6227834775436132,1.3455009111014424,3.7,1.1,2.0,0.6,0.1,0.3,0.435,3.2,0.623,1.1,0.9
203967,Dario Saric,DEN,16,13.1,-8.715520848889332,-2.4982625711913102,-1.0252848497811895,-1.2859550982702972,-1.8311042955809056,-1.0127735908627342,-1.629750798408032,-0.5504631953759487,-0.22742736052035642,1.3455009111014424,3.5,3.1,1.4,0.4,0.1,0.4,0.362,3.6,0.7,0.6,0.9
1642281,Jaylon Tyson,CLE,47,9.6,-8.745834306578693,-2.480322156327336,-1.4556384499182953,-1.530495241196951,-2.107984985436889,-1.0127735908627342,-1.629750798408032,-0.16875416753789432,-0.061987464246064224,1.7018725473555028,3.6,2.0,0.9,0.3,0.1,0.4,0.43,3.2,0.792,0.5,0.6
1628365,Markelle Fultz,SAC,21,8.8,-8.895066574918735,-2.6059050603751563,-1.8468689954974822,-1.334863126855628,-1.554223605724922,-1.0127735908627342,-1.843816139705059,-0.2246157283666593,-0.05508232946857628,1.5830820019374827,2.9,1.0,1.3,0.5,0.1,0.2,0.418,3.2,1.0,0.0,0.7
203458,Alex Len,LAL,46,8.3,-8.918878483664585,-2.839130453606823,-1.4165153953603766,-1.5794032697822817,-2.384865675292873,-0.24357845856192345,-2.0578814810020862,0.10526424506495681,-0.4422216333147191,1.9394536381915435,1.6,2.1,0.8,0.2,0.5,0.0,0.508,1.4,0.471,0.4,0.4
1631103,Malaki Branham,SAS,47,9.1,-8.99947980751669,-2.2291563482316947,-1.8077459409395633,-1.5794032697822817,-2.384865675292873,-1.2050723739379368,-1.3086527864624915,-0.05700777023001911,-0.01065764457731213,1.5830820019374827,5.0,1.1,0.8,0.2,0.0,0.7,0.458,4.0,0.818,0.7,0.7
1642265,Rob Dillingham,MIN,49,10.5,-9.069687787687297,-2.3188584225515667,-1.8468689954974822,-0.9925069267583125,-1.8311042955809056,-1.2050723739379368,-1.5227181277595185,-0.1703223644799102,-0.2901561013870678,1.1079198202654017,4.5,1.0,2.0,0.4,0.0,0.5,0.441,4.3,0.533,0.3,1.1
1641724,Jett Howard,ORL,60,11.7,-9.092556250092928,-2.3188584225515667,-1.7686228863816449,-1.6283112983676125,-2.384865675292873,-0.8204748077875315,-1.0945874451654645,-0.6039739155198364,-0.17473434638190202,1.7018725473555028,4.5,1.2,0.7,0.2,0.2,0.9,0.374,4.4,0.696,0.4,0.6
1641809,Drew Peterson,BOS,25,7.4,-9.110410621953662,-2.731487964422977,-1.6121306681499699,-1.726127355538274,-2.384865675292873,-1.0127735908627342,-1.5227181277595185,-0.10130133283716054,-0.0772500906997197,2.0582441836095637,2.2,1.6,0.5,0.2,0.1,0.5,0.415,1.6,0.778,0.4,0.3
1631098,Johnny Davis,WAS,34,7.1,-9.112609870645336,-2.6956071346950283,-1.8077459409395633,-1.8239434127089356,-1.8311042955809056,-0.8204748077875315,-1.843816139705059,-0.17809061278266022,-0.28886225547323735,2.177034729027584,2.4,1.1,0.3,0.4,0.2,0.2,0.41,2.3,0.6,0.4,0.2
1630311,Pat Spencer,GSW,39,6.4,-9.156013751316248,-2.6776667198310538,-1.7686228863816449,-1.3837711554409586,-1.8311042955809056,-1.0127735908627342,-1.9508488103535724,-0.2211418375526202,-0.1307475480862832,1.8206630927735232,2.5,1.2,1.2,0.4,0.1,0.1,0.406,2.6,0.733,0.4,0.5
1641794,Dillon Jones,OKC,54,10.2,-9.156421614876768,-2.6776667198310538,-1.3773923408024578,-1.4326791840262894,-2.107984985436889,-1.0127735908627342,-1.7367834690565456,-0.2948994640406421,-0.3369049535936819,1.8206630927735232,2.5,2.2,1.1,0.3,0.1,0.3,0.383,2.5,0.607,0.5,0.5
1641890,Tyler Smith,MIL,23,5.3,-9.167593647079611,-2.6059050603751563,-1.8077459409395633,-1.8728514412942663,-2.661746365148857,-0.8204748077875315,-1.4156854571110051,0.055244872472866746,-0.09667363050566347,2.0582441836095637,2.9,1.1,0.2,0.1,0.2,0.6,0.48,2.2,0.75,0.3,0.3
1629162,Jordan McLaughlin,SAS,46,6.8,-9.185192222364732,-2.7494283792869516,-1.9642381591712383,-1.4326791840262894,-2.107984985436889,-1.2050723739379368,-1.629750798408032,-0.06406029228465056,-0.09022223342230605,2.0582441836095637,2.1,0.7,1.1,0.3,0.0,0.4,0.431,1.6,0.773,0.5,0.3
1642403,Isaac Jones,SAC,40,7.6,-9.231845855562135,-2.5162029860552844,-1.6903767772658076,-1.8239434127089356,-2.661746365148857,-0.6281760247123288,-1.9508488103535724,0.5767620035663712,-0.47676712107526475,1.9394536381915435,3.4,1.4,0.3,0.1,0.3,0.1,0.651,2.1,0.639,0.9,0.4
203926,Doug McDermott,SAC,42,8.1,-9.241056137315041,-2.4982625711913102,-2.0424842682870756,-1.8728514412942663,-2.661746365148857,-1.2050723739379368,-0.9875547745169511,-0.15538230641450868,-0.11352731096974156,2.295825274445604,3.5,0.5,0.2,0.1,0.0,1.0,0.427,2.8,0.6,0.1,0.1
1642278,Tyler Kolek,NYK,41,7.2,-9.26746580520711,-2.7673687941509257,-1.9642381591712383,-1.1392310125143048,-2.107984985436889,-1.0127735908627342,-1.7367834690565456,-0.3858345204835091,-0.09270491172250472,1.9394536381915435,2.0,0.7,1.7,0.3,0.1,0.3,0.329,2.0,0.765,0.4,0.4
1630568,Luka Garza,MIN,39,5.6,-9.321269314854817,-2.4982625711913102,-1.6903767772658076,-1.8239434127089356,-2.384865675292873,-1.0127735908627342,-1.7367834690565456,0.11854009413066782,-0.35104809621684063,2.0582441836095637,3.5,1.4,0.3,0.2,0.1,0.3,0.495,2.7,0.686,0.9,0.3
1641738,Kobe Brown,LAC,40,6.8,-9.36794462032561,-2.7853092090149,-1.6121306681499699,-1.6772193269529432,-2.384865675292873,-1.0127735908627342,-1.843816139705059,-0.0058653475087674005,-0.10420884644792645,2.0582441836095637,1.9,1.6,0.6,0.2,0.1,0.2,0.458,1.8,0.714,0.2,0.3
1641816,Hunter Tyson,DEN,51,7.8,-9.382124914411941,-2.6597263049670796,-1.6512537227078887,-1.7750353841236048,-2.384865675292873,-1.0127735908627342,-1.5227181277595185,-0.3095951277774177,-0.12440116453038827,2.0582441836095637,2.6,1.5,0.4,0.2,0.1,0.5,0.375,2.4,0.75,0.5,0.3
202693,Markieff Morris,LAL,15,11.0,-9.404678799258647,-2.4623817414633615,-1.6512537227078887,-1.2859550982702972,-2.661746365148857,-0.8204748077875315,-1.4156854571110051,-1.1535614809297952,-0.011864309449475608,2.0582441836095637,3.7,1.5,1.4,0.1,0.2,0.6,0.3,4.7,0.833,0.4,0.3
1631466,Nate Williams,HOU,20,7.3,-9.428738918807506,-2.534143400919259,-1.9642381591712383,-1.726127355538274,-1.8311042955809056,-0.8204748077875315,-1.7367834690565456,-0.1398079868771973,-0.25914144581403536,1.5830820019374827,3.3,0.7,0.5,0.4,0.2,0.3,0.435,3.1,0.625,0.4,0.7
1642461,Spencer Jones,DEN,20,6.2,-9.500786376775604,-2.892951698198746,-1.8859920500554008,-1.8239434127089356,-2.107984985436889,-0.6281760247123288,-1.9508488103535724,-0.3349277637220039,0.06579418480270843,2.0582441836095637,1.3,0.9,0.3,0.3,0.3,0.1,0.324,1.7,1.0,0.2,0.3
1642505,Alex Ducas,OKC,21,6.0,-9.507620537412743,-2.821190038742849,-1.7686228863816449,-1.8728514412942663,-2.384865675292873,-1.2050723739379368,-1.5227181277595185,-0.114690650698305,0.005355927667066078,2.177034729027584,1.7,1.2,0.2,0.2,0.0,0.5,0.4,1.4,1.0,0.1,0.2
1641712,Rayan Rupert,POR,52,8.8,-9.530386584065756,-2.587964645511182,-1.7294998318237262,-1.726127355538274,-2.107984985436889,-1.0127735908627342,-1.7367834690565456,-0.2231755475015427,-0.1079497056903647,1.7018725473555028,3.0,1.3,0.5,0.3,0.1,0.3,0.408,2.7,0.767,0.6,0.6
1631116,Patrick Baldwin Jr.,LAC,24,4.4,-9.565147238417683,-2.731487964422977,-1.8468689954974822,-1.921759469879597,-2.661746365148857,-1.0127735908627342,-1.5227181277595185,0.18658645791520728,-0.2314139117893106,2.177034729027584,2.2,1.0,0.1,0.1,0.1,0.5,0.543,1.5,0.5,0.2,0.2
1641775,Jordan Walsh,BOS,52,7.8,-9.636612650538458,-2.839130453606823,-1.7294998318237262,-1.7750353841236048,-2.384865675292873,-0.8204748077875315,-1.7367834690565456,-0.2269898447018816,-0.18207736775503547,2.0582441836095637,1.6,1.3,0.4,0.2,0.2,0.3,0.361,1.6,0.583,0.2,0.3
1627814,Damion Lee,PHX,25,5.8,-9.639863647922382,-2.534143400919259,-1.9251151046133197,-1.7750353841236048,-2.384865675292873,-1.2050723739379368,-1.629750798408032,-0.43963036734412714,0.31429581852522714,1.9394536381915435,3.3,0.8,0.4,0.2,0.0,0.4,0.365,3.0,0.952,0.8,0.4
1641998,Trey Jemison III,LAL,38,10.3,-9.647066531197225,-2.6776667198310538,-1.1426540134549457,-1.7750353841236048,-2.384865675292873,-0.4358772416371261,-2.0578814810020862,0.2571524108496273,-1.1321109740606665,1.7018725473555028,2.5,2.8,0.4,0.2,0.4,0.0,0.554,1.9,0.394,0.9,0.6
1641790,PJ Hall,DEN,19,3.5,-9.717448374410331,-2.821190038742849,-1.7686228863816449,-1.8728514412942663,-2.93862705500484,-0.8204748077875315,-1.9508488103535724,0.2421512542020693,-0.08280986349330108,2.295825274445604,1.7,1.2,0.2,0.0,0.2,0.1,0.583,1.3,0.75,0.2,0.1
1630574,Ariel Hukporti,NYK,25,8.7,-9.761475478771352,-2.7853092090149,-1.4556384499182953,-1.7750353841236048,-2.93862705500484,-0.05127967548672083,-2.0578814810020862,0.3903851428825248,-0.5523808236228955,1.4642914565194625,1.9,2.0,0.4,0.0,0.6,0.0,0.677,1.2,0.462,0.5,0.8
1630537,Chris Duarte,CHI,17,4.4,-9.836367750537022,-2.7494283792869516,-1.7686228863816449,-1.726127355538274,-2.93862705500484,-1.2050723739379368,-1.629750798408032,0.00983698810544327,-0.12440116453038827,2.295825274445604,2.1,1.2,0.5,0.0,0.0,0.4,0.462,1.5,0.75,0.5,0.1
1630264,Anthony Gill,WAS,51,7.8,-9.87591322940265,-2.6776667198310538,-1.7294998318237262,-1.8239434127089356,-2.384865675292873,-1.2050723739379368,-1.843816139705059,0.07312348139436475,-0.46120728652501725,2.177034729027584,2.5,1.3,0.3,0.2,0.0,0.2,0.489,1.7,0.66,1.0,0.2
1642355,Bronny James,LAL,27,6.7,-9.914448527931558,-2.7135475495590025,-1.9642381591712383,-1.5794032697822817,-2.107984985436889,-1.0127735908627342,-1.7367834690565456,-0.5494768896925656,-0.0709037071438248,1.8206630927735232,2.3,0.7,0.8,0.3,0.1,0.3,0.313,2.5,0.786,0.5,0.5
1630214,Xavier Tillman,BOS,33,7.0,-9.947879995835116,-2.9467729427906693,-1.7294998318237262,-1.8728514412942663,-2.107984985436889,-0.8204748077875315,-1.843816139705059,-0.49698738870757864,-0.06894609648093869,1.9394536381915435,1.0,1.3,0.2,0.3,0.2,0.2,0.245,1.6,0.75,0.1,0.4
1642359,Pacôme Dadiet,NYK,18,6.2,-9.957469701262106,-2.821190038742849,-1.8468689954974822,-1.8239434127089356,-2.384865675292873,-1.0127735908627342,-1.7367834690565456,-0.33740080157119406,-0.17067844655707615,2.177034729027584,1.7,1.0,0.3,0.2,0.1,0.3,0.323,1.7,0.667,0.3,0.2
1642530,Yuki Kawamura,MEM,22,4.2,-10.097826623976736,-2.839130453606823,-2.0424842682870756,-1.530495241196951,-2.661746365148857,-1.2050723739379368,-1.7367834690565456,-0.18189909107041285,-0.0772500906997197,2.177034729027584,1.6,0.5,0.9,0.1,0.0,0.3,0.367,1.4,0.778,0.4,0.2
1631210,Jacob Toppin,ATL,17,4.4,-10.104596778652981,-2.8750112833347723,-1.8859920500554008,-1.7750353841236048,-2.661746365148857,-1.2050723739379368,-1.7367834690565456,-0.08690825255487404,-0.05508232946857628,2.177034729027584,1.4,0.9,0.4,0.1,0.0,0.3,0.409,1.3,0.0,0.0,0.2
1631120,JD Davison,BOS,16,5.8,-10.13413957651144,-2.7494283792869516,-1.9251151046133197,-1.5794032697822817,-2.107984985436889,-1.0127735908627342,-1.7367834690565456,-0.3336068705649072,-0.15333536342727663,1.4642914565194625,2.1,0.8,0.8,0.3,0.1,0.3,0.353,2.1,0.714,0.4,0.8
1630699,MarJon Beauchamp,NYK,35,4.5,-10.196445588248999,-2.7135475495590025,-1.7294998318237262,-1.8239434127089356,-2.661746365148857,-1.2050723739379368,-1.7367834690565456,-0.1270412926627899,-0.13826493154275066,1.9394536381915435,2.3,1.3,0.3,0.1,0.0,0.3,0.415,1.9,0.75,0.6,0.4
1631303,Justin Minaya,POR,19,5.3,-10.200256614510538,-2.964713357654644,-2.0424842682870756,-1.7750353841236048,-2.107984985436889,-1.0127735908627342,-1.9508488103535724,-0.11280823247662738,-0.2918521689249529,2.0582441836095637,0.9,0.5,0.4,0.3,0.1,0.1,0.381,1.1,0.0,0.1,0.3
1641745,Adam Flagler,OKC,37,5.5,-10.239600748501335,-2.8032496238788744,-1.9642381591712383,-1.8239434127089356,-2.384865675292873,-1.0127735908627342,-1.629750798408032,-0.7733566419953067,-0.14324812062894343,2.295825274445604,1.8,0.7,0.3,0.2,0.1,0.4,0.26,2.6,0.5,0.1,0.1
202684,Tristan Thompson,CLE,40,8.2,-10.270774508996602,-2.821190038742849,-0.9079156861074336,-1.6772193269529432,-2.661746365148857,-0.6281760247123288,-2.0578814810020862,-0.060854071449582915,-1.395245153072066,1.9394536381915435,1.7,3.4,0.6,0.1,0.3,0.0,0.437,1.8,0.233,0.8,0.4
1641753,Chris Livingston,MIL,21,5.0,-10.307073543849114,-2.8750112833347723,-1.5730076135920512,-1.8728514412942663,-2.384865675292873,-1.2050723739379368,-2.0578814810020862,-0.23063539343721703,-0.16599246556747546,2.0582441836095637,1.4,1.7,0.2,0.2,0.0,0.0,0.333,1.3,0.75,0.8,0.3
1642402,Enrique Freeman,IND,22,8.2,-10.313235312045446,-2.7494283792869516,-1.6903767772658076,-1.7750353841236048,-2.661746365148857,-1.0127735908627342,-2.0578814810020862,-0.06783967600947169,-0.356397841955497,2.0582441836095637,2.1,1.4,0.4,0.1,0.1,0.0,0.432,1.7,0.684,0.9,0.3
1631102,TyTy Washington Jr.,PHX,16,7.4,-10.323500573442212,-2.731487964422977,-1.9251151046133197,-1.48158721261162,-2.384865675292873,-1.2050723739379368,-1.7367834690565456,-0.6278780084244784,-0.40774549411004485,2.177034729027584,2.2,0.8,1.0,0.2,0.0,0.3,0.311,2.8,0.5,0.4,0.2
1630649,Stanley Umude,MIL,22,3.9,-10.431187209277088,-3.0005941873825925,-1.9251151046133197,-1.8728514412942663,-2.661746365148857,-0.6281760247123288,-1.9508488103535724,-0.45626663842844345,-0.2314139117893106,2.295825274445604,0.7,0.8,0.2,0.1,0.3,0.1,0.192,1.2,0.5,0.2,0.1
1630346,Matt Ryan,NOP,19,3.6,-10.548178500072838,-2.8570708684707977,-2.0816073228449943,-1.8728514412942663,-2.661746365148857,-1.2050723739379368,-1.7367834690565456,-0.3154373160140927,0.005355927667066078,2.177034729027584,1.5,0.4,0.2,0.1,0.0,0.3,0.323,1.6,1.0,0.1,0.2
1641789,Jazian Gortman,DAL,16,3.5,-10.55849579975081,-2.8570708684707977,-2.1207303774029134,-1.7750353841236048,-2.661746365148857,-1.0127735908627342,-1.7367834690565456,-0.1330202253452435,-0.31957970294967775,2.0582441836095637,1.5,0.3,0.4,0.1,0.1,0.3,0.391,1.4,0.5,0.3,0.3
1642384,Isaiah Crawford,SAC,15,3.0,-10.561429355946519,-2.964713357654644,-2.0424842682870756,-1.921759469879597,-2.661746365148857,-1.0127735908627342,-1.9508488103535724,0.01665093474403537,-0.31957970294967775,2.295825274445604,0.9,0.5,0.1,0.1,0.1,0.1,0.455,0.7,0.5,0.3,0.1
204060,Joe Ingles,MIN,19,6.0,-10.650655405067054,-2.982653772518618,-2.003361213729157,-1.3837711554409586,-2.661746365148857,-1.2050723739379368,-1.843816139705059,-0.33581514789141914,-0.05508232946857628,1.8206630927735232,0.8,0.6,1.2,0.1,0.0,0.2,0.261,1.2,0.0,0.0,0.5
1641725,Trey Alexander,DEN,24,4.9,-10.73724503459651,-2.892951698198746,-2.0424842682870756,-1.726127355538274,-2.661746365148857,-1.2050723739379368,-1.9508488103535724,-0.3522390286663347,-0.08280986349330108,2.177034729027584,1.3,0.5,0.5,0.1,0.0,0.1,0.317,1.7,0.75,0.2,0.2
1631321,Sidy Cissoko,POR,22,5.2,-10.983018331962446,-2.8570708684707977,-1.8468689954974822,-1.6283112983676125,-2.661746365148857,-1.2050723739379368,-1.9508488103535724,-0.04748221032619726,-0.6062805026335135,1.8206630927735232,1.5,1.0,0.7,0.1,0.0,0.1,0.433,1.4,0.333,0.4,0.5
